user_id,watch_ratio,weekly_minutes,login_days_7d,sessions_7d,assignment_submit_rate,quiz_avg,forum_posts_30d,device_main,signup_channel,paid,signup_date,last_active_date,completed
U180325,0.6442216086075401,128.67828097545203,3,7,0.061760718963853434,100.0,0,mobile,ad,0,2025-08-26,2025-09-13,0
U796559,0.4182103636005199,155.62268599474663,0,16,0.48912241330405115,51.141686150605835,0,mobile,sns,1,2025-03-25,2025-09-20,0
U689113,0.5728484529558512,48.7481869745643,5,15,0.17316830270916297,78.82202453648044,1,pc,sns,True,2025-08-27,2025-10-23,0
U494990,0.44506089232258156,230.45443127508548,5,11,0.6341809234645952,97.64804599078026,0,pc,search,Y,2025-06-25,2025-12-13,1
U489713,0.7892551378540293,146.199603504588,5,11,0.10969013608589542,55.55574005481784,0,mobile,search,0,2025-01-09,2025-02-26,0
U872737,0.8983248771131277,132.28832412284294,1,7,0.3846860055592772,86.01540128584281,0,pc,search,1,2025-11-30,2026-01-17,1
U177350,35%,150.23563429510767,5,9,0.6862717283702326,87.88604142393278,0,pc,sns,0,2025-10-17,2025-10-21,0
U727630,0.6627096786892087,72.35923914298439,5,10,0.5018318189569202,51.32415383127591,0,mobile,search,False,2025-08-13,2025-10-31,1
U281322,0.4486552248170736,112.44959952688552,6,9,0.31381183572574234,81.97306400185468,0,mobile,search,True,2025-09-02,2026-02-20,1
U184759,0.18370268279092639,154.3939218938517,4,9,0.1241236026266161,68.20157738374418,0,mobile,ad,0,2025-07-30,2026-01-07,0
U573830,0.3853472961366048,147.0873557743302,5,8,0.3804544172321775,71.15375884886205,2,mobile,ad,False,2025-05-05,2025-06-29,0
U978059,0.4183409293087446,20.489351544405373,3,1,0.5060020695242824,67.4506338469242,1,pc,search,0,2025-12-06,2026-02-17,0
U762176,0.8719764982618792,45.83486458885322,5,11,0.9866437850422595,90.37764728008484,1,mobile,sns,1,2025-07-21,2025-11-19,1
U785024,0.4925651317508567,138.6986365242306,5,13,0.7289401804076684,70.43030571440802,3,mobile,sns,0,2025-05-04,2025-10-23,1
U745728,82%,314.88823336835793,6,16,0.3666190817597397,65.51361051489116,1,mobile,referral,N,2025-09-07,2025-12-25,1
U172782,0.3965437556568894,322.07062225348363,6,7,0.7788221604819949,65.75074281320906,1,pc,search,1,2025-02-27,2025-04-04,0
U561903,0.710835130616558,218.77038979948324,0,8,0.40293303512595513,67.22614061755274,1,mobile,search,0,2025-04-27,2025-06-30,1
U215302,0.5399443303670753,57.09239056148688,6,16,0.5258400053407208,56.88650272097249,1,mobile,sns,0,2025-02-17,2025-06-28,0
U855772,0.8278628161532319,119.12988277022468,6,12,0.8538874630667752,65.39012319402732,1,mobile,search,Y,2025-01-31,2025-02-04,1
U505346,0.5062452694968722,60.44152664683771,4,8,0.20528221353553694,73.64737474584787,1,pc,search,Y,2025-10-27,2026-02-12,0
U550316,0.7328656880340144,60.24381509037334,4,12,0.3212359103938948,77.66133987975516,0,MOBILE,sns,1,2025-06-09,2025-10-26,1
U433717,0.7621952627015147,54.988079994957964,5,13,0.5422707425252008,88.85654680979928,2,mobile,ad,False,2025-11-08,2026-01-09,1
U264294,0.5746807442388705,4439.9183564495515,3,12,0.7278001435544015,75.37370459358459,2,pc,ad,0,2025-08-21,2025-11-26,1
U934087,0.6863066902004485,169.75240964710432,3,9,0.5128323443886128,65.35742378564385,0,MOBILE,search,Y,2025-03-27,2025-08-03,1
U803409,0.6551202625097705,77.69524734023759,6,7,0.732803274738558,57.845440086590585,1,pc,search,0,2025-03-18,2025-07-03,1
U679477,0.5228032931212173,82.47596099250644,6,7,0.8322561290704411,76.12281633129243,0,mobile,ad,1,2025-06-16,2025-06-20,1
U462172,0.8844358043253113,197.91991862335055,1,18,0.8492639710836751,70.35680906939027,1,pc,ad,0,2025-02-04,2025-05-20,1
U840484,0.8763360088092784,231.70885913608754,6,5,0.5601432651920012,70.81955858380155,0,mobile,ad,Y,2025-08-01,2025-09-11,1
U590885,0.3131711601251849,87.87761786956611,2,13,0.5287707432322591,75.67541324007337,2,mobile,sns,0,2025-06-17,2025-10-28,0
U499072,25%,101.85383702048192,1,11,0.7718177488586444,79.27144713742622,1,mobile,sns,1,2025-02-20,2025-04-08,0
U505413,0.31483918803090033,179.96344641046224,7,9,0.2859030487394752,,2,pc,referral,0,2025-07-10,2026-01-03,0
U304514,51%,62.08035352628628,1,11,0.3632482079163768,69.61274655457419,1,pc,sns,True,2025-11-05,2025-11-26,0
U182922,0.48839297241233204,30.906267290318915,1,15,,60.78065474339195,1, mobile,ad,0,2025-11-27,2026-05-07,1
U599125,0.2325082451304253,345.25685812352583,2,6,0.6051288759541347,63.4210132357355,0,mobile,ad,N,2025-06-02,2025-06-08,0
U899099,0.7306384255392161,194.34722295112678,3,7,0.3159485440629389,83.87563755175601,1,mobile,search,0,2025-01-27,2025-05-30,0
U157435,0.5165384236730257,135.96945082634602,1,8,0.6964156970204918,66.0697926624459,0,mobile,search,0,2025-11-11,2026-01-13,1
U872461,0.9801740278117163,102.83600043530502,1,6,0.41039168486345484,53.15540090587554,1, mobile,sns,,2025-07-20,2025-08-24,1
U844867,0.9745245771478587,196.43598750795869,3,9,0.2952237010769817,88.23404554117126,2,pc,ad,N,2025-10-04,2025-11-12,1
U349083,0.7136104126637588,154.23258150580642,1,9,0.18775280008428127,58.80670110876853,1,mobile,referral,True,2025-01-17,2025-01-23,0
U668497,0.4941711327715083,36.87930839062233,1,10,0.7295333005919817,72.49345945329831,0,pc,search,True,2025-04-18,2025-05-12,0
U248706,0.5862985474538471,48.18996095152881,7,12,0.3296169243300435,미응시,4,mobile,search,Y,2025-04-14,2025-06-23,0
U782278,0.2290545433267762,184.54267378602887,4,9,0.4281824280801614,72.0450572575289,1,pc,sns,N,2025-09-18,2025-10-16,0
U730469,0.7289719908185625,80.64810801394951,0,10,0.10574685597688568,37.306069460038515,2,mobile,search,0,2025-09-05,2026-02-27,0
U419073,0.5508456058819756,205.20809113951813,0,13,0.42837800980656676,77.46683195249418,5,mobile,sns,False,2025-09-27,2026-02-23,1
U161127,0.47005774263710093,114.25352112290452,6,12,0.19750461442146963,90.57048550175577,2,pc,sns,0,2025-05-25,2025-08-18,0
U973627,0.8310743667613862,188.99776049262542,2,12,0.5911382584323513,,0,mobile,sns,Y,2025-04-24,2025-05-11,1
U501118,0.5604586279535423,26.967315422774437,1,10,0.3045073306615498,42.26408425206345,3,pc,sns,,2025-03-10,2025-09-04,0
U903808,21%,64.459433006928,5,7,0.5021342058097858,100.0,0,pc,search,N,2025-04-03,2025-08-12,0
U710126,52%,69.63887744797015,6,10,0.05717257195366262,53.438078272919675,1,TABLET,search,N,2025-03-01,2025-04-03,0
U800544,0.4547068840866493,133.9956985428819,3,7,0.6783474680430676,56.90212756497637,1,pc,sns,False,2025-10-27,2025-11-05,0
U783908,0.31410577127981265,150.3179757527854,5,14,0.34822500471366746,82.94628630952208,2,MOBILE,search,0,2025-09-04,2025-12-25,0
U275174,38%,257.11550596265204,3,4,0.20701739842937697,78.33978031249244,1,mobile,search,0,2025-09-04,2025-09-11,0
U427515,0.8115684496986268,184.58391405904763,0,5,0.9648362720135493,73.12469147335732,2,pc,search,0,2025-11-19,2026-03-10,1
U520048,0.17039280008961244,70.80188491236599,6,14,0.3872082972852331,,1,mobile,ad,0,2025-09-27,2025-12-16,0
U548011,85%,95.40303176457685,7,6,0.321264361138855,90.63199419521743,0,mobile,search,0,2025-04-27,2025-10-03,1
U139423,0.832175680266512,109.0823188070215,7,17,,71.44943809745703,2,mobile,referral,1,2025-04-24,2025-07-02,1
U591912,0.4893075568647035,68.88033384735047,0,8,0.5135032410210164,50.07856186525626,2,pc,search,1,2025-02-16,2025-05-08,1
U238860,36%,108.12399530047063,4,12,0.6387124451457263,89.25219929969849,0,mobile,ad,False,2025-09-20,2025-12-27,0
U769037,0.2606025713850711,215.9837435405417,4,12,0.4531126205798702,75.06998990154045,1,MOBILE,ad,False,2025-11-15,2026-05-11,1
U714743,0.9375400121866854,19.291712721024293,0,11,0.7707464636784213,87.61009390203156,4,tablet,search,0,2025-09-18,2026-01-23,1
U930274,0.2966616065809781,138.68342979469685,7,3,0.5129281482966341,80.01568072838154,1,pc,search,1,2025-06-21,2025-10-20,0
U770285,0.2327557095201102,37.97851554150577,0,5,0.6978560283574611,100.0,1,mobile,sns,N,2025-05-02,2025-06-27,0
U429978,0.5700846871318475,132.41995214338584,2,10,0.21074052498662393,67.66041619490882,1,mobile,ad,1,2025-06-09,2025-09-04,0
U970757,0.9054849859434096,153.55142781098903,7,10,,72.22530537849707,0,pc,ad,0,2025-04-09,2025-05-14,1
U469764,0.8438194696594662,143.66135627644212,4,5,0.5424314750929843,82.07762901543708,1,mobile,ad,1,2025-03-02,2025-05-11,1
U393242,28%,224.81328702539176,5,12,0.23287626265523967,67.74690799870609,2,mobile,ad,N,2025-06-07,2025-11-02,0
U914981,0.45493893667632407,161.79459987722254,3,8,0.44348765392273376,83.23692792362408,3,pc,sns,0,2025-03-28,2025-04-15,0
U433413,0.13267012114828258,118.90587389431862,6,12,,30.73621707617255,1,mobile,referral,0,2025-09-27,2025-10-26,0
U168708,0.24813175214920327,241.03031994857434,0,7,0.6013371997727449,,3,MOBILE,sns,0,2025-11-26,2026-03-12,0
U522599,0.5955891894392803,6024.826741350261,5,7,0.1269507663452817,70.5581054386696,0,mobile,sns,0,2025-03-12,2025-08-03,0
U816111,0.5717147725216369,139.2036577920822,0,5,0.5680517886991523,70.05098701116607,3,mobile,ad,1,2025-01-03,2025-06-28,0
U270524,0.10746103354461663,34.18151594947028,1,8,0.16286906193931117,59.72302272088176,2,mobile,referral,1,2025-11-15,2026-03-01,0
U516646,0.5708252797558172,122.82521787608721,4,7,0.28894119028366433,84.68571973964819,1,mobile,search,1,2025-04-17,2025-08-13,1
U216929,0.2965017280099688,132.0338924351789,3,9,0.5263997289231832,64.93777246719289,2, tablet,sns,Y,2025-04-03,2025-05-25,0
U717829,0.2557531775300672,235.6788975770566,1,19,0.8190812807316383,74.8038416010078,0,pc,search,False,2025-11-08,2026-01-21,1
U528133,0.521896349267363,132.23835028373128,6,11,0.4567562588699783,71.47970904399904,2,mobile,search,Y,2025-11-02,2025-12-28,1
U397176,0.45893501606686016,52.678608471962136,2,5,0.22562249728338368,79.00509890995316,2,mobile,ad,1,2025-07-31,2025-08-19,0
U304218,91%,141.30999081965498,6,7,0.638720496862595,92.03345118465441,3,mobile,ad,N,2025-02-26,2025-05-04,1
U608049,0.5152018784000111,130.69201909247067,0,11,0.5668066094994525,74.73145397298714,2, mobile,search,True,2025-09-14,2025-10-23,0
U702831,0.3025795917005369,186.93570008732016,1,12,0.1888079477153244,83.7795583693409,2,mobile,search,1,2025-09-27,2026-01-11,0
U946274,0.7382600268475656,137.4731789778017,2,13,0.3396119477379539,74.02818240575422,2,mobile,referral,True,2025-06-11,2025-10-25,1
U493436,0.5077338933838987,63.43425692843863,4,3,,64.91588528502915,1,mobile,ad,1,2025-07-24,2026-01-17,1
U244619,0.6950300370431521,65.42814293842528,3,11,0.6180125182978929,70.01819448816082,2, mobile,search,False,2025-07-15,2025-12-21,1
U849409,0.40111073496356653,168.99311855847176,1,7,0.13493245935597264,68.03040666008063,2,mobile,search,Y,2025-08-29,2025-10-25,0
U666787,0.6918689540043252,136.40509202592884,4,8,0.734875892409692,79.95426984687349,1,pc,ad,0,2025-07-07,2025-12-23,1
U730237,0.15093673803208596,116.34033001562484,7,7,0.15066646525581892,73.49312859176858,0, tablet,search,1,2025-12-21,2026-06-09,0
U187503,0.6455895181072181,131.32305932782447,1,6,0.7081346586736454,60.88029584413198,1, pc,search,1,2025-01-13,2025-04-14,0
U381129,0.44928600724344486,61.37557825045984,2,11,0.6827708563187369,68.89252830241516,2,tablet,search,,2025-01-20,2025-02-26,0
U791058,0.2141166308057761,285.93286612628015,3,11,0.7271257898784751,50.63716621293479,2,mobile,ad,,2025-02-25,2025-07-15,0
U849032,0.534439878834839,89.75799626620284,5,11,0.08617726501860351,69.41555535889415,1,mobile,ad,1,2025-02-24,2025-03-16,0
U491694,0.16937860314106137,106.20630218140244,1,12,0.4432474721687939,72.01828215065949,2,pc,search,N,2025-07-01,2025-09-04,0
U824287,0.45991992137067744,169.9109131469356,1,11,0.13333932447552957,97.31827480540315,1,mobile,sns,N,2025-01-29,2025-05-05,0
U857521,0.6237798820510797,47.35515523223065,1,5,0.6427274148318177,90.87832885182266,1,mobile,sns,0,2025-03-11,2025-08-14,0
U448730,0.7733622043205385,119.99139888652273,4,12,0.24645701188659136,57.52295563295063,0,pc,ad,1,2025-07-09,2026-01-01,1
U908277,0.6597529447829675,402.27249469765246,0,8,0.517099452911873,74.82477187064491,0,pc,sns,N,2025-11-24,2026-04-21,1
U359495,0.3576444304512508,59.91472207467857,5,14,0.7554752589243613,75.07034439770914,2,PC,referral,,2025-10-20,2026-01-15,1
U315601,0.4492955785829129,133.79631537924217,3,10,0.18768911311659392,미응시,2,mobile,ad,1,2025-03-20,2025-04-04,0
U714245,0.15001222803277656,157.9800245959658,2,12,0.4960710821942605,69.66636065166297,0,pc,ad,0,2025-01-20,2025-06-13,0
U673085,0.466759624862709,165.41038699575847,6,7,0.6467673510219795,67.04470359390925,1,mobile,ad,Y,2025-09-26,2026-02-28,1
U225777,0.5398744539434805,5611.117525820194,6,9,0.48283617294074355,98.21791881636628,2,MOBILE,ad,0,2025-10-11,2026-01-04,1
U849462,0.8369334584229808,49.12017320635747,6,5,0.32550085345216506,66.17342045192478,1, pc,sns,N,2025-12-05,2026-03-15,1
U279917,0.5125497562904752,188.3064918951699,7,11,0.08482592391338632,76.77312001038976,2, mobile,sns,1,2025-06-07,2025-11-07,1
U824408,0.3149389314046124,36.1731304568123,1,7,0.33904187888851045,36.59357812779166,1,pc,search,N,2025-01-22,2025-02-14,0
U106626,0.6229847842519197,105.12913467751028,6,6,0.07658069900668422,83.52995736759799,4,pc,search,1,2025-12-09,2026-05-05,1
U817157,0.44999471838338717,98.59970762564106,1,8,0.5818600908669014,88.5795673015341,2,pc,sns,0,2025-04-15,2025-07-16,0
U808231,69%,52.067240423787936,2,11,0.772868245542613,57.271579592591294,3,MOBILE,ad,1,2025-05-20,2025-09-21,1
U802327,0.45348373437986444,81.2454070308038,4,10,0.37540448574212576,64.83358549876213,0,mobile,ad,0,2025-05-31,2025-07-04,0
U698365,0.5274087981361616,162.19544787399383,5,10,0.562249185324466,78.32104928176932,1,pc,ad,Y,2025-12-25,2026-04-15,1
U152472,45%,105.11035818464514,4,7,0.22258147284375998,72.27244972177425,0,mobile,sns,0,2025-05-12,2025-06-29,0
U734648,0.5308636442853902,41.15825403967346,4,6,0.27040476206749403,78.52917426726913,1,MOBILE,sns,Y,2025-07-22,2025-10-23,0
U349409,0.4834213553491272,175.52685226826978,3,2,0.2626380724722114,미응시,2,mobile,sns,0,2025-07-03,2025-10-06,0
U802655,0.6532277579018615,292.37657712380417,4,13,0.35634449168742327,98.0857154187213,0,mobile,sns,,2025-12-27,2026-06-18,1
U600081,0.17835962508303124,45.572806629714876,3,4,0.2637185325177374,62.623638150053864,0,tablet,ad,N,2025-12-13,2026-04-13,0
U513023,0.476623422529907,110.53643267348266,3,6,0.37370035075543956,100.0,1,mobile,search,N,2025-08-19,2025-11-27,0
U555045,0.5171186516476722,113.04188234678253,4,11,,,2,pc,sns,Y,2025-02-08,2025-04-21,0
U611866,0.8954430424534598,44.73086884078727,4,10,0.6957322271222913,83.64961402338051,1,MOBILE,referral,0,2025-05-07,2025-07-07,1
U133536,0.7414390989725406,227.97587887872658,2,5,0.2994652292854781,57.4333131189978,0,mobile,search,1,2025-08-31,2025-12-27,1
U225817,0.4348269263400732,114.5286816567296,1,8,0.8617025003315875,84.73555337172962,1,mobile,ad,1,2025-10-20,2026-03-28,1
U320932,0.881776097976473,191.99398779390887,2,16,0.11645862817309306,80.45513802952861,0,pc,referral,0,2025-10-01,2026-01-12,1
U203076,0.5725261722475072,138.7403066638882,3,11,0.6807667884948427,42.32545436257903,1,mobile,search,1,2025-06-27,2025-10-24,1
U495651,72%,223.17574023797113,1,9,0.26007223772791266,52.335595698902864,4,mobile,search,0,2025-09-02,2025-10-31,1
U701561,0.7627958378606979,2658.563968003162,1,12,0.360065329151258,77.00679096981696,0, mobile,ad,Y,2025-04-23,2025-08-02,0
U688985,0.8998475812287743,5707.01429883184,7,12,0.5241744637727598,70.13380389667867,2,mobile,ad,0,2025-08-20,2025-12-01,1
U523986,0.5651164837657479,155.0873040648287,2,8,0.816641831562968,64.76930506628837,2,mobile,search,N,2025-06-24,2025-10-25,1
U869571,0.8489684242922821,67.14445228489356,5,15,0.17847583811767573,87.10528872237647,0,mobile,search,1,2025-09-06,2025-11-02,1
U608711,0.3262831758127305,163.95440737038922,1,2,,59.62708996212945,1,mobile,ad,1,2025-11-14,2026-01-16,0
U171277,0.7839541102625697,59.83770290914336,7,10,0.4476933173589164,65.62662679777517,4,pc,ad,1,2025-10-26,2025-12-30,1
U788498,0.6290667658635665,108.20194248692125,1,12,,62.94158296776262,1,MOBILE,search,,2025-09-24,2025-12-09,1
U617139,0.6008919280556658,95.48253460758319,3,18,,79.1423696103162,0,PC,search,0,2025-10-07,2025-11-28,0
U671245,0.41018272883971896,131.8559428819392,6,8,0.04808616744999361,47.927585202505874,1,pc,search,0,2025-03-05,2025-04-09,0
U608835,85%,243.81405081185076,1,5,0.7405663409201574,65.03259407409433,0,pc,ad,0,2025-03-09,2025-06-07,1
U598220,0.6605742934271538,79.46886594043423,4,6,0.5011981802082173,47.881286910722395,3,pc,sns,Y,2025-11-02,2026-04-05,1
U393242,0.6044957448304648,185.03801049843233,6,12,0.6753697362442684,미응시,1,mobile,referral,0,2025-07-16,2025-07-21,1
U603285,0.5126375689782903,227.33631211318868,0,11,0.8275337980521328,82.12268613660528,0,mobile,search,Y,2025-06-07,2025-10-05,1
U815420,0.10336262475004598,181.82183994424105,0,9,0.3691727863341765,82.37255093345955,2,mobile,sns,N,2025-08-31,2026-01-25,0
U373554,0.7844322165188912,131.28114679288598,6,9,0.6286659214858417,61.81362334125542,0,mobile,sns,0,2025-01-31,2025-06-29,1
U642553,0.2727301875321174,127.36145532679322,2,11,0.37094698150118555,미응시,1,PC,ad,1,2025-03-02,2025-08-03,0
U127736,82%,76.31610555751483,7,5,0.39023358326580004,69.40771208857086,0,MOBILE,referral,N,2025-02-23,2025-04-21,0
U412748,0.7760892429244771,36.669468669111644,7,14,0.8439354683050954,91.05518962309772,0,mobile,search,0,2025-07-26,2025-08-13,1
U493045,0.6321667817953306,117.04310299175475,7,8,,,1,mobile,search,0,2025-01-25,2025-07-24,0
U984463,0.2586206733232951,238.52965652267238,7,11,0.5587250410088473,30.3773369280349,3,pc,search,1,2025-01-17,2025-05-23,0
U293125,0.22633767996421025,257.3290287107567,6,7,0.3821513291576368,84.52553412195363,1,mobile,ad,0,2025-09-04,2025-11-07,0
U348893,0.5793714768798818,42.53373317925873,3,11,0.22081929991841084,65.57261121065275,1,mobile,sns,0,2025-09-25,2026-02-26,0
U467675,58%,252.91476711098056,7,9,0.752178529209448,68.16120066990793,1,mobile,sns,0,2025-04-04,2025-06-07,1
U993398,0.148365020344285,159.2845509717874,2,14,0.7664451636387979,76.70292861136701,1,pc,ad,1,2025-09-09,2026-01-22,0
U868061,0.5371143756191226,148.92163198985895,4,9,0.36660891666530676,52.054089216953685,2,PC,search,False,2025-02-05,2025-07-28,0
U131223,0.17919475570464055,237.5270691131949,0,8,0.3955058238499629,73.04515004830108,1,mobile,referral,True,2025-05-30,2025-10-15,0
U310545,0.3697889602252123,200.02380570651016,7,13,0.6198481286072699,79.48295792839724,1,pc,sns,N,2025-05-14,2025-09-09,0
U839506,0.5817643300585142,59.14947249571488,4,7,0.6485885850004421,77.09689865248296,2,mobile,sns,1,2025-05-07,2025-06-10,0
U152472,0.16716824730789348,70.68061005849242,7,13,0.39932357191424567,63.614962485532104,3,mobile,ad,1,2025-11-12,2026-04-29,1
U870102,0.2853233091934114,33.26906962379172,2,8,0.5849642560390284,85.88704748929743,1,MOBILE,search,1,2025-01-29,2025-04-16,0
U353245,0.4263647986066675,145.04576640420447,2,11,0.26619786964956205,58.03505671055678,1,mobile,ad,N,2025-08-17,2025-12-07,0
U925886,0.6143940093142294,64.0476389534624,4,10,0.4685258222820256,63.24269714670332,3, pc,sns,0,2025-04-10,2025-07-29,0
U364234,49%,85.03119421172009,6,13,0.4860336116837413,70.09597990261997,0,mobile,sns,0,2025-06-26,2025-08-09,0
U490884,0.24560305418706935,221.63739663609874,4,11,0.24139057236383263,76.13655702980589,3,pc,referral,0,2025-03-15,2025-07-02,0
U695724,0.5249444856994165,156.44146015789215,6,11,0.26663642822082206,67.45639354301612,0,mobile,ad,N,2025-09-24,2025-12-03,0
U213652,0.6140470301114193,158.86351334791388,1,12,0.3479839587642779,89.20021658602231,2,mobile,referral,0,2025-01-23,2025-03-27,0
U910558,33%,349.21478185729916,6,10,0.7137749181737651,76.13400699041613,1,mobile,referral,N,2025-01-28,2025-07-02,0
U554513,54%,9.512573487136546,5,17,0.6992095431978347,73.05921149179815,0,PC,sns,0,2025-04-30,2025-09-07,0
U805507,0.9153024989347356,66.46870569631481,7,10,0.697454542840263,75.6419062277244,0,mobile,sns,N,2025-11-18,2026-02-14,1
U996495,27%,95.14940573415332,0,15,0.6848753437572527,82.2606830334638,2,mobile,search,0,2025-01-09,2025-01-12,0
U697881,71%,69.44875685322934,3,8,0.3170458901031017,75.37084850397424,2,MOBILE,search,1,2025-03-06,2025-07-12,0
U468267,0.9456740489947185,191.08544051177654,0,16,0.8336204478425024,46.66676433591286,0,mobile,ad,0,2025-06-29,2025-11-09,1
U465747,0.30893916399601645,102.24799982224759,3,11,0.04278495771788063,87.25312409640419,0,mobile,ad,1,2025-01-08,2025-02-07,0
U476162,0.2912015685268649,54.80288952179103,6,13,0.6546926328396808,73.67545291306537,0,pc,ad,0,2025-07-14,2025-11-28,0
U832617,77%,137.70447830055247,5,8,0.46447305967369146,81.58793930110446,2,mobile,sns,1,2025-05-12,2025-07-23,1
U389093,0.3156751355405905,151.52199435540055,6,12,0.15931202047249374,66.31679063553577,1,mobile,search,0,2025-08-24,2026-01-03,0
U250275,0.2963795282424399,58.009514567569134,5,9,0.36333525323403804,46.42596835478328,0,pc,ad,0,2025-01-22,2025-06-22,0
U400861,0.3756718038098878,105.3787953345719,7,14,0.4858377538549943,40.09526532175929,1,pc,ad,Y,2025-03-06,2025-07-10,0
U120440,82%,153.6216228647495,7,14,0.16643144753025615,58.77885094899122,0,PC,sns,0,2025-03-02,2025-08-19,1
U195528,0.2947625011484985,228.7399817030509,4,11,0.39617301828633705,79.24211931600571,1, mobile,referral,0,2025-09-26,2025-10-09,0
U181042,0.1847410654595871,74.32007013749083,7,13,0.22373203620579402,90.17047336949989,1,TABLET,search,False,2025-09-26,2025-11-23,0
U794396,0.45167291927074904,163.5863152831559,0,10,0.5896074585857228,76.22759715386285,1,mobile,sns,1,2025-02-12,2025-02-22,0
U750122,87%,81.71128899645694,5,8,0.5981657314679824,57.268816268761704,2,mobile,referral,1,2025-05-28,2025-06-28,1
U727093,0.6179223512414548,122.8717070049955,4,7,0.10770604337351378,미응시,1,mobile,sns,0,2025-09-14,2025-11-20,0
U515689,56%,61.64366931899487,7,8,,91.05096338111647,1,mobile,sns,1,2025-01-03,2025-01-07,0
U745351,0.8915137787698397,160.70879483966834,4,8,0.5503345815285058,53.6490678124183,3,mobile,search,0,2025-02-06,2025-04-18,1
U245144,0.40606752619590664,207.10979928434026,1,9,0.0535297072567553,100.0,1, tablet,referral,0,2025-08-23,2025-09-15,0
U910558,0.6482156985816516,108.25311780148488,5,6,0.5673889721986912,98.26452536154481,2, mobile,search,0,2025-07-25,2025-08-14,1
U550939,30%,99.88907738279379,7,13,0.7227503057423822,100.0,1,mobile,sns,0,2025-09-15,2026-02-13,1
U944245,0.5849282331235407,94.0991158288011,0,14,0.7821608611856025,77.32982082478222,0,MOBILE,search,1,2025-06-19,2025-10-31,1
U237080,0.8165107277882045,50.517842984303584,0,7,0.5406849481262104,67.21865255362107,1,mobile,ad,1,2025-11-25,2026-02-15,1
U547596,0.5226891514086401,179.2480056571544,5,12,0.19303111344312202,76.9888477261215,1,pc,sns,1,2025-02-15,2025-05-28,0
U726687,0.5638671551899462,225.44364289173072,4,11,0.5115890138916905,84.7201893147272,1,tablet,sns,True,2025-02-26,2025-04-19,1
U824408,0.3206324092678695,71.57143414234973,4,11,0.5219029429677383,62.88913731893553,0,pc,sns,0,2025-08-20,2025-11-15,0
U501540,0.2863338441727009,132.900071422817,0,9,0.5962600842485112,56.58315467043374,1,tablet,referral,1,2025-11-09,2026-03-29,0
U249592,0.28018235399931957,158.17972984402607,4,8,0.8159033029543669,68.02488908357071,1,mobile,sns,0,2025-01-09,2025-04-13,0
U442918,0.8780346235328328,80.80609358363597,4,7,0.4548755727203215,61.187691114546865,1,mobile,search,Y,2025-09-15,2026-02-05,1
U314889,0.41214761305970143,256.73092129301114,6,12,0.546290317141351,89.37241070110504,2,mobile,referral,0,2025-12-21,2026-03-18,0
U371360,48%,134.36348473682014,3,16,0.4344942256263378,63.36998680778959,1,pc,ad,,2025-07-25,2025-09-28,0
U715329,0.6969163283033988,42.49375015638879,2,19,0.43190274928393296,73.3389805323628,1,mobile,ad,1,2025-10-30,2026-04-09,0
U667253,0.4119235433034951,213.40131977243203,0,17,0.54976453883458,,0,mobile,search,N,2025-04-06,2025-09-16,0
U646476,0.41661066848594763,110.8983146311366,4,7,0.26091623323234886,89.91779234484176,2,mobile,search,N,2025-10-21,2025-12-01,0
U425630,0.46446038924305466,89.81392671655748,5,9,0.6860719830578658,74.9198299459661,2,mobile,sns,0,2025-06-16,2025-09-07,0
U963722,0.5336443154785532,171.51500724113305,2,13,0.5270567331443401,77.38014731258552,1,pc,sns,0,2025-04-19,2025-09-05,0
U178884,68%,82.56646302532452,5,13,0.4880940717186029,,2,pc,ad,1,2025-03-14,2025-04-30,0
U408331,0.2853649394094987,247.67877330319084,7,9,0.20635046202670992,86.32279305693466,2,MOBILE,sns,False,2025-11-07,2026-03-22,1
U206205,0.9179912050526935,217.64248997737508,1,15,0.16798982001261034,89.68932539216173,0,mobile,search,0,2025-09-19,2026-02-28,1
U405049,0.6124658430355697,266.8050206400515,4,10,0.6694790587152226,45.81505698613232,0, mobile,referral,0,2025-10-15,2025-11-26,1
U965706,38%,338.3857779454317,5,11,0.8219213210202806,96.68124148749871,2,mobile,search,0,2025-09-14,2025-10-11,1
U429636,0.8972767556556441,4581.778956288884,0,10,0.5397158044664383,미응시,0,mobile,search,0,2025-04-04,2025-09-21,1
U917721,0.7751709452423795,117.22919552882452,1,9,0.903759631580468,80.32483243389383,1, mobile,sns,,2025-03-11,2025-09-07,1
U545558,84%,80.47516310997086,3,17,0.6912578654805966,73.08586414742243,0,MOBILE,search,1,2025-08-24,2026-01-26,1
U729735,0.9756146350581979,165.6638917630359,1,9,0.19363087281431873,71.15473815445193,1,pc,ad,1,2025-04-02,2025-07-21,1
U511675,0.7657206766042742,333.18577611422387,2,10,0.47347024101229385,69.1087483041239,2, pc,ad,N,2025-08-24,2025-09-08,1
U339282,0.5874370786435702,50.781846397845236,1,9,0.3285135446916206,58.10411335167022,1,mobile,ad,N,2025-11-25,2026-05-09,1
U787805,0.7202837018625337,141.09710662667013,7,13,0.5326692454148981,79.33359214907169,2,pc,search,N,2025-09-30,2025-11-04,1
U972257,0.7937155166577557,42.0395728957157,4,7,0.45581483676680423,67.99537463742043,2,pc,sns,N,2025-06-21,2025-07-23,0
U337172,0.1196186764692372,40.76201634346519,2,11,0.6719264772558631,53.668087501458515,2,MOBILE,search,0,2025-11-27,2026-04-05,0
U800875,0.1319415760985327,229.65748936768486,6,8,0.6441685933502926,57.5099343617135,2,mobile,sns,N,2025-07-20,2025-09-28,0
U335025,0.26870037991343204,209.04323609063923,0,9,0.2715222945206308,53.90575230832063,2,mobile,ad,True,2025-06-21,2025-11-25,0
U745200,0.6824244155765482,77.79181361303635,4,12,0.45276846452286856,미응시,0,mobile,ad,N,2025-12-15,2026-05-22,1
U810105,0.4105473451811077,57.23821049786458,5,17,0.5293059734937384,78.79139031805303,2, mobile,sns,1,2025-05-02,2025-09-24,0
U504424,0.15413120506669803,272.68016515777487,6,7,0.4930287838786617,62.04434729161568,2,mobile,sns,1,2025-03-17,2025-08-15,0
U763226,0.40338858486429596,60.177424480135286,1,10,0.6768463088718798,85.65618179431272,1,PC,sns,True,2025-02-20,2025-05-29,0
U345017,56%,47.762342743207576,4,5,0.1977439331541779,70.33099728815692,5,pc,sns,0,2025-08-17,2026-01-21,0
U171328,0.7021374340522393,61.54031531325955,6,5,0.23772170214673444,67.94833109422082,1,mobile,referral,1,2025-07-05,2025-12-17,1
U186751,0.3283548309735064,149.7618657481135,6,8,0.24687133129304464,72.23471602414497,1,pc,referral,False,2025-10-09,2025-11-28,1
U502320,0.6004442509083403,364.792610362412,1,11,0.6859182513082516,91.53216904458851,3,tablet,sns,0,2025-02-23,2025-05-10,0
U912341,0.5723840939903695,81.28091985357172,7,7,0.691744884106496,52.80125831280769,2,mobile,search,0,2025-04-27,2025-08-16,1
U214819,91%,228.00872408229566,2,14,0.264081508496373,95.18913759986802,0,mobile,ad,0,2025-02-13,2025-07-18,0
U510198,56%,126.53301497932539,3,11,0.42548645035718263,85.44224152494489,0,pc,sns,0,2025-04-23,2025-07-02,0
U733628,0.7622512738220599,26.872435266796096,1,7,0.11963149466331342,71.69680906947642,2,pc,search,Y,2025-12-16,2026-02-01,1
U229507,0.7630168107015605,82.92597962031657,1,9,0.1457669697214299,88.56235958678158,0,pc,ad,1,2025-11-23,2026-01-20,1
U749454,0.16593244493354492,210.3698312709057,2,11,0.26148047305011685,,0,MOBILE,ad,0,2025-06-30,2025-11-21,0
U375360,0.32213792584909257,203.96538168360317,1,5,0.6813611861503215,75.99949725457765,2,pc,referral,0,2025-02-06,2025-05-11,0
U827793,0.7915712564551948,75.29394990564157,5,10,0.5733571383268614,64.42019689441574,0,mobile,ad,N,2025-12-29,2026-02-13,1
U621297,0.5679688668650734,178.7094344716413,4,15,0.2527555088225928,85.5306522943941,0,MOBILE,sns,1,2025-02-27,2025-07-06,0
U592215,0.5290703607296532,109.45817790893805,3,13,0.2942391644535994,62.098421526700655,3,mobile,referral,N,2025-02-06,2025-06-05,0
U259095,0.2896892356783048,146.3943297814662,4,6,0.1785514422473608,71.28085095397563,1,pc,sns,False,2025-05-30,2025-08-31,0
U516884,0.8407046085472737,235.29179077970647,4,5,,81.50794345655274,1,mobile,ad,False,2025-12-09,2026-03-31,1
U870951,0.6778660160288008,77.31247456801442,1,11,0.33803605612707766,86.67465498083455,2,mobile,sns,1,2025-10-18,2025-11-28,1
U117571,0.2748036951008248,92.480871616387,2,8,0.5046808583655827,60.50382941523565,1,pc,sns,0,2025-05-11,2025-06-13,0
U782666,22%,237.76635596849263,7,11,0.39125864261942517,82.54393529168512,1, mobile,ad,0,2025-06-15,2025-11-08,0
U543485,0.808056260756155,343.39186093244774,0,7,0.05677318067033105,58.252208864233495,1,pc,sns,N,2025-01-23,2025-05-26,0
U747515,21%,195.62407011925524,7,7,0.18522364672776603,41.89536844147499,2,mobile,ad,1,2025-04-09,2025-10-02,0
U696967,0.6391022150572423,141.06593083575495,7,12,0.7108746667793411,61.52710893876898,1,MOBILE,sns,0,2025-09-01,2026-02-17,1
U488883,0.6898102493992572,194.59257550512595,2,11,0.46294060613957677,83.68523966506845,0,mobile,referral,1,2025-06-02,2025-08-06,0
U377800,83%,82.629261576158,2,7,0.3859024883363633,71.82896369431013,1,tablet,search,1,2025-12-23,2026-03-16,1
U664577,0.687404283111737,122.17215448220273,1,6,0.524975284803461,64.5100283954133,3,pc,referral,0,2025-06-12,2025-11-12,1
U226201,0.48976911995451705,40.42295050684881,4,14,0.3046570698874779,,1,mobile,search,Y,2025-11-05,2025-11-05,0
U625687,0.728198280167118,83.83966253266226,1,7,0.6681523481738401,72.31359542223457,0,pc,sns,True,2025-09-22,2026-02-25,1
U185225,0.5989784783164912,151.7607212656613,6,12,0.48984462458817174,80.70657968410056,0,pc,sns,,2025-07-04,2025-08-03,0
U684861,0.6752724002532655,132.9186245955856,3,8,0.31712055753862417,미응시,1,mobile,ad,1,2025-11-13,2025-12-30,1
U665870,0.7250756837613449,20.240166196313897,7,9,0.8642400263102701,미응시,0,MOBILE,referral,N,2025-11-13,2026-02-08,1
U175999,0.09117247543709915,101.54755162771562,6,5,0.424767035724737,73.73988180158133,1,pc,referral,N,2025-04-27,2025-09-01,0
U781738,0.5632557215738686,131.30994335107326,3,9,0.6942950749070592,,0,mobile,search,N,2025-04-12,2025-06-15,0
U474226,0.68276456800583,134.3624172468658,4,6,,52.6928461027151,2,pc,sns,1,2025-09-15,2026-03-03,1
U808197,0.5643916968424366,47.04191238366595,0,6,0.20329628291693005,66.89408213424655,1,mobile,ad,1,2025-01-10,2025-05-31,0
U137452,0.5524753060692643,180.68476696142326,0,11,0.3055624105342272,,0,pc,ad,0,2025-09-13,2026-01-24,0
U261510,0.5540684621611848,316.2488496161889,4,2,0.8158788423680332,72.16864435077741,2,tablet,ad,True,2025-06-08,2025-10-25,1
U544591,0.34792280717394974,193.31491222593527,3,12,0.3424803292019772,64.21112126119456,3,mobile,search,1,2025-10-07,2025-10-12,0
U269402,0.6204354279335759,122.2252805243485,3,3,0.4761566221269709,63.63731569846026,2,mobile,ad,1,2025-02-17,2025-07-15,0
U396874,0.453030678338452,276.39086102774877,0,10,0.2944273793447741,66.46753149929023,2,pc,ad,0,2025-07-29,2025-11-15,0
U694538,0.11408531322791089,82.78195663931034,6,8,0.5706274437380078,76.1793046588824,3,pc,referral,N,2025-07-15,2025-08-17,0
U230071,0.7495181995910425,167.28511176351245,3,9,0.29508015816740063,89.42469409510645,1,mobile,search,0,2025-01-06,2025-05-26,0
U709931,0.7209730157065753,114.3961768477938,3,6,,40.91444358978232,1,mobile,sns,N,2025-07-10,2025-07-29,0
U193062,0.5753272732911265,278.11852860573197,3,11,0.5241779172673511,80.72202969822555,2,pc,ad,0,2025-08-27,2025-12-16,1
U257666,0.49106701691872184,63.26678834735253,3,9,0.5663849991648844,70.44387674329128,2,MOBILE,ad,N,2025-05-28,2025-09-08,0
U628879,0.6151058312615764,63.16042641921502,5,11,0.663966678374153,79.3601119353837,0,MOBILE,sns,0,2025-08-11,2025-08-16,0
U814134,0.5559303254565764,240.8741663157818,6,10,0.4789499266307124,미응시,2,mobile,search,1,2025-04-29,2025-07-05,1
U253533,0.30306683503183374,160.29120745405174,4,14,0.3629654189732779,61.428234938567954,0,tablet,search,False,2025-08-11,2025-09-01,0
U369993,0.4569318614081149,252.02270307027078,1,12,0.14630850715278743,85.22026549056146,0,mobile,referral,0,2025-03-30,2025-09-17,0
U932607,0.28274039420185054,67.45349695520561,6,7,0.675765040661096,54.443399899409,1,pc,search,,2025-04-13,2025-09-05,1
U990714,0.4745691847518101,75.97028719646171,2,9,0.6886414038324898,73.78638925874158,1,mobile,search,0,2025-01-26,2025-07-25,0
U622954,0.41719632257834477,144.2457774414314,0,10,0.8630407586016399,68.60476522929623,3,PC,sns,1,2025-02-05,2025-05-04,0
U502333,0.8595400108004563,41.71268945147938,0,9,0.570805204467283,72.64791255210343,2,mobile,ad,,2025-02-18,2025-04-18,0
U412182,0.4894793953992222,138.31454158143293,6,12,,58.153520012107,0,pc,sns,0,2025-03-10,2025-08-30,0
U651206,0.15474594775554848,91.55889702083219,3,10,0.7739751373066183,78.11636838470282,0,pc,search,0,2025-09-19,2025-11-13,0
U631823,0.617087831692749,113.9821808568457,0,13,0.35270615568768265,94.20802171720693,2,PC,ad,0,2025-03-20,2025-06-03,0
U365277,0.7641064017188748,180.05607437276538,6,10,0.3092571342702168,,4,mobile,search,0,2025-05-10,2025-06-03,0
U120523,0.7520890748384151,185.4539892675155,2,14,0.5642301270580015,74.65503730328513,0,mobile,search,1,2025-03-05,2025-07-31,1
U236348,0.37161645308032953,307.3286826073095,7,9,0.2597492300931343,83.98222369510619,1,mobile,sns,0,2025-06-04,2025-06-25,0
U962702,0.5617239446410275,220.25521064449364,7,14,0.5758198429173151,,1,mobile,referral,0,2025-03-31,2025-04-06,0
U476339,0.17342898450964842,27.52767226702282,0,9,0.35695531767734295,91.0455009017932,0, pc,sns,N,2025-04-30,2025-09-27,0
U534072,0.11240345004368622,66.86354370025066,5,11,0.7278583621627928,65.984363220138,3,tablet,search,0,2025-01-26,2025-06-27,1
U520396,0.6378442348118292,70.75317931855236,4,7,0.6024485202034879,70.37187415521687,1,pc,referral,0,2025-07-03,2025-12-04,1
U804460,0.4656555082286848,207.49041632673925,1,11,0.15980816962097055,58.095841250028,1, mobile,sns,N,2025-04-09,2025-09-11,0
U158460,0.9106427300220837,282.6543241834469,2,10,0.6545575037050536,73.77226499897705,1,MOBILE,ad,N,2025-08-26,2025-09-20,1
U174456,0.3686664581187437,51.69664028076241,3,15,0.3620745571500717,72.04232123698559,1,mobile,ad,True,2025-12-30,2026-03-05,0
U348262,53%,210.52167166127174,1,15,,미응시,1,mobile,ad,1,2025-06-26,2025-11-11,1
U537992,0.5891367879953535,122.36969617924943,5,9,0.3639472053097075,63.093115434087885,2,pc,ad,1,2025-07-06,2025-08-31,0
U704010,0.3651758676832411,111.96713414811597,2,9,0.5897034858331666,62.45206125629196,0,MOBILE,search,0,2025-10-30,2026-03-19,0
U541635,0.5361123142745429,81.93275124388417,7,7,0.38973046243377013,78.47488965059974,2,mobile,search,0,2025-05-06,2025-10-17,0
U497050,0.3998688382468683,102.44102684651442,6,9,0.40530059360886883,91.5606668610439,1,pc,referral,1,2025-02-21,2025-08-13,0
U944042,0.7712113356245273,138.71962312637754,5,11,0.3885112953543459,80.80614346683377,1,mobile,search,1,2025-09-20,2026-02-07,1
U244916,0.5415271387125019,88.23303895971051,0,14,0.7694623783265244,97.86377148055603,3,MOBILE,ad,1,2025-08-25,2026-01-16,1
U614554,0.3381558987082933,155.63531188170128,0,15,0.3774697293042437,79.77430459710735,0,mobile,referral,0,2025-06-20,2025-10-06,0
U588019,0.41297431248473093,112.27219028966981,1,8,0.24528565143483097,79.27009998196115,1, mobile,search,0,2025-05-21,2025-06-04,0
U526139,0.3053645307460197,104.67152317512458,3,10,0.6284181546902803,,2,mobile,ad,0,2025-01-11,2025-03-30,0
U826836,32%,172.94671482626015,6,12,0.318797955005751,92.83439058090829,1,mobile,ad,1,2025-07-22,2026-01-10,0
U340277,0.5155240116265104,146.66777688764947,1,6,0.7340004050747191,89.32598092564061,1,pc,sns,1,2025-07-19,2025-12-31,1
U958394,0.4860906554799746,21.17418449927272,5,12,0.5892359307495773,미응시,0,mobile,search,1,2025-07-07,2025-08-19,0
U398411,0.3230267696068485,159.58276531290562,0,7,0.5647814553920334,83.20814642654099,1, mobile,sns,True,2025-04-21,2025-09-03,0
U590503,0.7308495312528236,141.82194334541438,2,4,0.5997398284726098,75.71499108117911,4,pc,sns,1,2025-02-25,2025-04-21,0
U568604,0.5579279345572739,228.2858974174194,4,11,0.7642220871656682,69.28350977755501,0,mobile,sns,0,2025-07-27,2025-10-10,1
U864799,0.45078656664022926,4141.218174084024,6,9,0.5205130901170291,47.17899182359611,2,mobile,sns,,2025-08-14,2025-12-09,1
U495019,0.45428243167564547,98.85410415195562,6,7,0.35820153946019795,50.437747256356104,1,mobile,sns,True,2025-03-05,2025-06-02,0
U356102,0.35304772176886795,79.89985699353352,4,21,0.7409073050467372,66.89745891841662,5,mobile,sns,1,2025-02-13,2025-06-02,0
U119450,0.7909451393729283,36.321377463772514,0,13,0.5931271425381132,51.495718881913575,1,mobile,ad,,2025-06-25,2025-07-12,0
U427310,0.9227618075468071,121.30604739018776,2,12,0.533225193990018,67.1874045374452,4,tablet,search,0,2025-01-18,2025-03-12,0
U843661,0.743186863443754,71.29532745240721,6,13,,82.00077753866739,1,mobile,search,1,2025-03-12,2025-08-05,0
U108924,0.9338932822066425,247.92546342334836,0,7,0.5992287185159779,63.86661147161381,1,mobile,search,True,2025-08-20,2025-12-10,1
U906543,0.4832163328822475,124.51075107629664,5,7,0.4167472177723904,73.16847643851732,1,mobile,search,1,2025-04-19,2025-09-18,0
U588543,73%,58.30773798275789,5,5,0.05261539871736879,57.020672584093056,0,mobile,sns,1,2025-06-17,2025-12-08,0
U226224,0.0872916833524833,29.045658213382996,6,9,0.021673505877422915,76.18274198959165,0,pc,search,1,2025-09-08,2025-11-11,0
U371961,0.6513007326052274,37.90006372421616,1,12,0.30019006586812785,미응시,1,pc,search,N,2025-03-06,2025-04-22,0
U598631,0.5410688316146923,151.87044046011343,1,7,0.05855817308990238,52.07892040180201,0,tablet,search,1,2025-03-24,2025-05-19,0
U384122,0.13902786509526124,264.0743476967233,1,10,0.4617954230137349,61.473591847628164,0,MOBILE,referral,1,2025-04-19,2025-07-31,0
U197718,0.47159127626908537,170.60032655636732,3,9,,,0,mobile,search,1,2025-06-01,2025-07-16,0
U954158,0.9069912978726944,113.77397176420449,4,6,0.34080311847896216,79.12900715544993,0,pc,sns,0,2025-07-23,2025-10-01,1
U705015,0.3210711389282033,347.2089838756894,0,9,0.40861273583387664,74.29609184767453,2,mobile,search,1,2025-01-27,2025-02-27,0
U206986,0.773282189079913,192.28341166601268,4,8,0.2018892405453828,71.30403488070188,1,mobile,search,1,2025-06-22,2025-08-30,1
U353110,31%,146.0132762409133,1,8,0.3745646032383438,70.20405846602154,2,mobile,sns,0,2025-09-08,2026-02-26,0
U319485,0.799042054965896,97.15026655191562,4,13,0.3554453476324501,76.51969609605628,0, mobile,referral,Y,2025-11-06,2026-01-21,1
U693479,0.6079066608703395,271.8095969586356,2,11,0.6586802205934843,76.79992088815968,1,pc,sns,1,2025-07-16,2025-11-30,1
U757265,0.3579157619554308,103.11010987885757,7,11,0.7797401898189278,65.0619150866104,0,pc,referral,True,2025-08-16,2025-11-01,1
U754294,87%,71.12620791268549,2,11,0.7096642223047538,63.101644745814184,2,pc,search,N,2025-10-24,2026-01-10,1
U944884,0.2830441725873364,116.77307939188952,6,11,,71.17406726948384,1,mobile,referral,N,2025-09-22,2026-01-19,0
U791781,0.5409678666177468,131.3091758665299,1,12,0.6809810823934747,69.34371142800376,1,pc,sns,1,2025-07-14,2025-08-02,0
U388611,0.7222473583771764,201.91043092811094,0,12,0.7133836755681368,100.0,2,pc,sns,1,2025-07-26,2025-09-28,1
U196966,0.17842973256473274,70.01280297351285,1,13,,66.62547458680487,3,pc,sns,0,2025-12-28,2026-01-22,0
U653177,0.11301194491469012,78.8605248210217,3,18,0.35521683073104343,미응시,1,mobile,sns,1,2025-10-03,2025-11-08,0
U924409,0.5866302310827748,81.63937845585839,7,10,0.6282669382516247,78.52297083596409,1,tablet,search,0,2025-03-29,2025-08-04,1
U977638,0.49547100036488395,112.99955531342744,1,13,,91.60734006859869,2,mobile,search,0,2025-06-15,2025-07-16,1
U307192,0.3648576017795479,59.17479509842494,6,8,0.651215917390464,60.64341571555411,0,mobile,search,1,2025-09-28,2025-11-03,0
U312809,0.4496387631304069,246.22046796716032,5,14,0.5357052001747435,미응시,3,pc,sns,0,2025-07-10,2025-10-21,1
U133671,0.13564034442526618,38.214103761872664,2,8,,69.93646195950822,0,pc,search,0,2025-06-07,2025-08-08,0
U227135,0.2905256535253148,276.2680654526783,2,6,0.8497287190477781,100.0,1,pc,sns,True,2025-08-10,2025-09-01,0
U599366,0.34809450395250957,190.44954517271293,7,9,0.6827948743167609,77.07643106916609,0,mobile,search,0,2025-05-17,2025-11-06,1
U592122,0.5175685281249259,67.12757378958034,5,15,0.18561153875373193,54.79499218908785,2,pc,search,N,2025-09-04,2026-02-18,0
U433829,0.47469238033499667,107.38961900872465,1,14,0.26884301228436647,69.2397785829996,1,mobile,ad,,2025-09-24,2026-01-07,1
U378959,0.582984400903741,74.52708060792642,7,7,0.5473121225959697,90.70777100259555,1,pc,ad,1,2025-11-23,2026-02-26,1
U846809,0.6708013365169041,192.3571311900227,3,13,0.23989535808273002,73.14157616175717,1,mobile,sns,1,2025-12-14,2026-05-09,1
U514030,0.8302881543800276,260.0442481180279,0,9,,71.16524429364054,1,mobile,search,0,2025-09-16,2026-03-11,1
U236385,0.28355076952700803,524.0010257791565,6,4,0.5133589712346435,82.06596029414757,2,pc,ad,0,2025-10-03,2025-10-21,1
U966889,0.5958248086073866,164.26319047042037,6,9,0.17452403087267285,67.17003233065424,2,pc,search,N,2025-10-09,2025-10-26,0
U385424,0.7612061362081511,39.025351685921954,3,6,0.4515748911145354,69.04973553903889,3,mobile,search,1,2025-05-01,2025-06-29,0
U282464,0.8943540819857648,63.63515892586453,5,8,0.291893639637696,58.774556860958306,1,mobile,ad,1,2025-11-30,2026-01-24,1
U957608,0.1805523403423028,159.47036065626412,1,14,0.3607851488937012,,0,mobile,search,0,2025-07-05,2025-12-14,0
U671347,0.4358452917568035,110.29005344975286,6,8,0.49750760546928946,54.88344209053456,1,mobile,sns,True,2025-11-12,2026-02-11,1
U361825,0.6794270013854763,188.9153505773413,2,14,0.7358402762237769,74.37253323668884,1,mobile,sns,1,2025-03-21,2025-08-14,1
U659673,73%,147.57444659830375,2,10,0.18192197265233645,78.71838367314706,0,pc,referral,0,2025-04-23,2025-08-21,0
U563550,94%,67.80556111035976,4,8,0.6479626340458023,71.80888432114153,2,mobile,ad,N,2025-08-14,2025-12-22,1
U914978,0.7169345614538525,99.56412165688981,2,10,0.5214810664431375,54.445920863142476,1,mobile,search,1,2025-07-30,2026-01-19,1
U330368,0.5378491539549698,194.21786813369528,4,10,0.4671734971930355,58.01730361204413,0,pc,ad,1,2025-05-27,2025-09-10,0
U992243,0.7620978471465597,152.58497052649287,5,13,,,3,mobile,search,N,2025-03-22,2025-08-09,1
U942438,0.16270073653759834,190.1477289186624,3,10,0.5149472703615777,61.08168967965384,2,mobile,ad,0,2025-03-25,2025-05-12,0
U262631,0.8028171872110896,49.06685639384486,6,5,0.19335694284113486,42.991758885161495,0,mobile,ad,1,2025-09-22,2025-11-08,1
U248146,71%,71.04813226612931,3,13,0.33594294966909677,77.41769651904738,0,mobile,search,Y,2025-01-08,2025-04-23,0
U579840,0.26939675116914735,236.08855163574063,7,10,0.6163677667686895,59.78506468061907,2,mobile,search,0,2025-02-13,2025-07-26,0
U140419,0.5113083382163693,50.496036372423546,2,10,0.530855150792422,80.83706982998352,0, PC,search,False,2025-12-03,2025-12-12,0
U368917,0.9011729680311815,183.61782675551495,5,16,0.5728552069132127,69.17730182486001,0,mobile,sns,0,2025-12-23,2026-03-23,1
U491586,0.5041575605791329,46.35428187707434,4,7,0.9263752556084727,미응시,3,pc,sns,1,2025-01-29,2025-03-06,0
U972435,0.4990131958617711,130.07350681079305,7,9,0.3247699961984533,72.73133456223904,0,pc,search,1,2025-02-21,2025-07-31,0
U993137,0.7184301494026477,90.51269658330969,1,9,0.5868128497330873,56.06109337915466,1, pc,ad,N,2025-04-30,2025-08-01,0
U236385,0.4741374502615425,67.15738987556578,1,11,0.26886669856585976,60.44365677363344,0,tablet,search,1,2025-08-02,2025-08-09,0
U902508,0.45238929097307623,136.43232652440238,6,15,0.8509435502572532,68.36106331743471,2,pc,ad,N,2025-03-11,2025-03-11,0
U181835,0.9349411684859172,229.50099936020686,7,7,0.3722838419001063,55.979199053212014,3,PC,ad,Y,2025-12-24,2026-04-18,1
U773746,0.30517890984399343,77.6814096659558,5,8,0.4259197470351144,81.993447232463,0,mobile,search,0,2025-06-29,2025-08-10,0
U861077,0.7543066574989489,24.3798830519425,3,11,0.1041980751816029,67.69669427316674,1,mobile,ad,0,2025-07-15,2025-07-22,0
U901712,0.6256543576703361,112.27086301079946,3,5,0.5498258359026297,51.7078875768873,0,pc,ad,False,2025-03-12,2025-04-08,0
U301075,0.39258724810701845,66.69509330045717,5,12,0.16998896797120694,64.1735942969536,0,pc,sns,,2025-04-23,2025-05-20,1
U904101,0.44826139749670424,196.55295324224278,5,9,0.8421964411474518,,1,pc,sns,True,2025-09-25,2025-11-26,1
U204382,0.6267575192836723,90.34092668985443,2,10,0.39004752527649295,65.75473365083359,3, pc,ad,False,2025-08-19,2025-12-26,1
U566972,0.7096331559400911,79.6011380357144,0,12,0.22444949808285936,77.59742240953965,1,pc,search,,2025-03-23,2025-08-25,0
U522590,0.6476061255487419,96.82076904824883,0,8,0.46231932224722233,80.03650889317693,0,pc,referral,1,2025-06-10,2025-09-14,1
U384335,0.4779661288585144,229.4334405779469,2,12,0.314312007290873,100.0,2,pc,ad,0,2025-03-09,2025-08-27,0
U119902,47%,157.1247657472133,5,11,0.027647112216668903,88.10901881905016,1,mobile,sns,N,2025-05-29,2025-10-19,0
U794810,0.6354290443559668,60.112162305083906,3,11,0.43336412702884075,49.09081517891327,1,mobile,ad,N,2025-03-20,2025-04-18,0
U402024,0.18367232865157826,49.01018406211788,4,13,0.20945996241106907,66.95674521001855,0,mobile,referral,Y,2025-12-23,2026-05-05,0
U695494,0.6126473680090372,274.05434965780114,3,7,0.4406983132277637,68.26702190572847,1,mobile,ad,1,2025-04-19,2025-05-30,0
U469197,0.21233811863203592,78.3430671416826,2,18,0.7757913736896284,80.05099291394495,1,mobile,search,1,2025-06-22,2025-12-13,0
U436291,0.35262376052486655,233.38940150651646,5,12,0.7563917054969914,58.929795010176036,0,mobile,referral,Y,2025-08-22,2026-01-22,1
U897665,0.864566102030221,109.44642979488083,5,14,0.739717342142582,64.56246970122326,1,pc,sns,N,2025-01-15,2025-01-26,0
U185019,0.3558408990028444,71.8038259781426,7,9,0.4532263805275588,54.578233737269485,3, mobile,ad,False,2025-03-18,2025-04-18,0
U762954,0.4962338556492913,75.56359361665235,6,11,0.44719699007009717,63.56827987111888,4,PC,sns,True,2025-12-26,2026-03-15,1
U772109,0.3182517198587309,112.70585362849465,3,7,0.15690641166613345,64.0904823384709,0,mobile,referral,N,2025-09-11,2026-01-23,0
U441991,0.3835684149787974,23.44109093517386,5,12,0.5371946243885586,67.61791862001051,3,pc,search,1,2025-03-30,2025-07-07,0
U336214,0.8929457697147036,73.40463778497016,2,11,0.7290363063374872,55.3888216831234,1,mobile,ad,0,2025-06-06,2025-06-21,1
U104776,0.5374643416795131,331.0469613856247,6,10,0.5388375823051195,85.74836035161249,0,mobile,ad,0,2025-11-09,2026-03-02,1
U943130,0.32855689447088027,387.0133681332651,4,7,,78.61099407966739,1,pc,referral,1,2025-03-13,2025-07-08,1
U952957,0.633278633469368,78.55149299750427,6,9,,미응시,0,mobile,ad,0,2025-04-19,2025-10-04,0
U316873,0.7720468627073694,178.00483185630455,2,14,0.7245537566217203,72.363621148344,2,mobile,search,1,2025-03-29,2025-05-16,1
U738913,0.25292541025692794,154.57148543750512,0,7,0.321881273427086,50.08643168360432,0,pc,ad,Y,2025-08-31,2025-09-06,0
U210482,0.5727716171005544,54.04266162424442,1,9,0.36712007294316046,,0,pc,ad,1,2025-07-11,2025-11-23,0
U160878,0.8400759243562664,179.7771929525443,4,11,0.3064133217029652,94.59751722419279,2,mobile,search,,2025-07-02,2025-11-06,1
U848000,0.5588398041712583,95.415536051899,7,12,,71.21967788556036,4,pc,search,0,2025-05-18,2025-08-20,0
U902719,0.19824549126959504,126.82737646239204,5,11,0.7754512652783117,미응시,2,mobile,ad,0,2025-04-30,2025-09-02,0
U237955,0.31238919166766244,200.94390261731976,6,11,0.1375062742339422,62.70022941366193,1,mobile,ad,1,2025-07-06,2025-08-07,0
U772064,0.6804990721164659,99.55549972289951,3,7,0.19851652011623916,65.64761084813873,2,mobile,ad,N,2025-10-18,2025-11-09,0
U261341,0.12937699624556462,98.85189550033473,7,5,0.8537987763663111,70.50441869705561,0,MOBILE,ad,N,2025-10-23,2026-01-03,0
U430487,0.9261069942767078,168.38353045013997,7,8,0.7220060595694521,91.1865750636886,1,mobile,ad,False,2025-10-13,2026-03-23,1
U639443,0.8112973026544088,237.38047179577106,1,12,0.3191281393605488,85.3784253443269,0,pc,sns,True,2025-01-17,2025-04-20,0
U747933,70%,162.81214438509707,6,4,0.5473868276889969,85.59406305227733,3,MOBILE,ad,1,2025-06-28,2025-10-21,1
U887104,0.36953616322832755,101.92881066491854,0,11,0.37053187809030524,74.38809578941988,3,tablet,search,0,2025-05-24,2025-11-20,0
U140306,53%,223.00861191817327,4,10,0.6758505599221016,55.84943586481597,2,mobile,search,0,2025-12-07,2026-01-30,1
U276791,0.622173373600018,150.83068258576915,3,8,0.27682831281934334,61.2192060651572,0,mobile,sns,0,2025-06-01,2025-08-26,0
U352457,0.44130787562540386,266.70691407265804,2,9,0.21498207408182496,72.85009768413403,0,mobile,sns,N,2025-03-31,2025-08-02,0
U379290,0.843914443268549,307.56331018509326,7,12,0.3587108417116227,55.184598644182714,2,mobile,referral,N,2025-04-02,2025-04-29,1
U998224,0.43841747595505526,3229.2283070115127,5,8,0.7790388557178317,미응시,0,mobile,ad,1,2025-03-12,2025-05-23,0
U799663,0.5995338918678285,255.92509082021985,1,9,0.13462119604976247,83.27172929974488,3,pc,ad,1,2025-06-10,2025-09-18,0
U388375,0.4662803363688967,260.32545219869024,1,10,,79.63483548741655,2,pc,ad,1,2025-04-07,2025-05-31,0
U974642,0.37177470528996426,116.57646190552953,0,8,0.3833915436951291,미응시,3,mobile,ad,1,2025-07-26,2025-09-03,1
U549375,0.7493155237313486,260.2822077436207,2,7,0.2786385890194393,미응시,3, mobile,referral,1,2025-03-26,2025-06-13,0
U550666,62%,130.44661658409572,0,11,0.7700568447273888,90.66698115339534,2,mobile,search,Y,2025-08-01,2026-01-07,1
U490328,0.32654018932589585,189.94502730492655,2,14,0.20040396986953837,50.0566053795518,1,mobile,sns,Y,2025-08-13,2025-10-27,0
U229507,0.6017383602461405,122.59081204416984,6,7,0.6051327974485681,69.86151100615848,0,pc,referral,Y,2025-09-01,2026-01-29,1
U940934,0.9046317919612051,43.05815589825458,6,12,0.8016182152013783,80.65960961300503,2,mobile,sns,1,2025-11-18,2026-03-20,1
U112542,0.40750018500724167,358.13019537856997,6,8,0.5484542990242283,77.02036536378752,2,PC,search,0,2025-01-28,2025-02-20,1
U256850,0.6913833338703984,185.53751320408702,3,13,0.9244567741066748,54.110291421356536,2,tablet,sns,0,2025-01-20,2025-07-04,1
U306690,0.5065115285929287,195.20549815303667,5,11,0.19014503421050777,56.623441279348256,0,mobile,search,Y,2025-06-17,2025-10-01,0
U351367,0.7322636326265682,138.27318866545343,7,10,0.23541094198272763,76.01900271369495,1,pc,ad,True,2025-07-07,2025-10-17,1
U218639,0.623629985007817,259.209063196621,0,9,,,0, pc,search,1,2025-10-03,2026-02-06,1
U116165,57%,114.92731349133301,7,6,0.7172704082299108,56.49914617542041,2,mobile,referral,0,2025-03-24,2025-03-31,0
U709892,0.41015346481946774,119.73487111906891,5,10,0.8232987515268302,77.49629694550967,1,pc,sns,True,2025-06-15,2025-07-30,1
U972377,0.503031142444846,60.637079509814036,3,9,0.8473602491143514,50.7861712842831,3,mobile,search,1,2025-08-11,2026-01-01,1
U209649,0.9590955251939214,147.018588923254,3,15,0.5820721508150553,80.74144960225306,0,pc,sns,1,2025-08-27,2025-12-18,1
U366881,0.2258728187379145,251.66179974595835,3,9,0.7401480105153374,59.62621449526158,3,pc,search,0,2025-07-17,2025-09-25,0
U555696,0.8172381625287704,115.82166770632804,1,8,0.12236850518379758,73.12718841085487,3,pc,sns,False,2025-08-03,2025-10-25,0
U934751,0.5939643253927823,54.88108746826794,1,8,0.23011992972358114,70.77643230786292,0,pc,search,0,2025-03-01,2025-06-21,0
U724835,0.5990781722630761,221.8237342209137,2,6,0.13425069561440287,88.24920259075776,2,pc,ad,1,2025-06-19,2025-09-14,0
U789568,0.3636975317008915,169.3300491857326,0,14,0.48072100134221374,75.38982040180473,1, mobile,search,False,2025-07-17,2025-10-07,0
U623004,0.3362651053195441,334.149143530128,4,9,0.5182020641196599,63.61257403503278,2,tablet,sns,1,2025-01-29,2025-05-08,0
U475331,0.444944667811329,75.65643942127836,3,12,0.18857136832348778,77.03429787761844,0, pc,referral,0,2025-12-19,2026-02-07,0
U279797,0.35255637476550683,185.94482401437236,2,10,0.5831187200909116,100.0,1,pc,ad,1,2025-08-19,2025-11-30,0
U877882,0.38343814145067406,53.177821794570484,1,9,0.37703770787836255,82.36172089801569,1,pc,ad,0,2025-09-19,2026-01-22,0
U823711,0.7645074911306301,124.72816740028848,7,12,0.43986952494267006,71.17166180772827,1,MOBILE,ad,1,2025-07-14,2025-11-19,1
U122591,0.2458858247325806,139.69193948049863,5,8,0.5654107201903315,60.329418401268335,0,mobile,sns,Y,2025-12-05,2026-03-27,1
U743865,0.8403099993633688,39.528991317932054,3,11,0.46040907459903657,63.36911899149198,2, pc,search,True,2025-01-03,2025-03-25,0
U175949,0.34930558211535123,241.11816778731244,5,5,0.43895177992144957,81.51990090289323,1,pc,search,True,2025-12-15,2026-04-12,1
U765084,0.18849543179142225,203.88299035289998,2,15,0.12101465481811238,59.598763987496575,1,pc,ad,0,2025-03-17,2025-07-25,0
U843357,0.1835788283018,169.32244259753472,1,10,0.16334462215422696,72.03764265510789,1,mobile,ad,0,2025-11-18,2026-01-13,0
U217951,0.21293540454518275,55.735495196133265,5,8,0.10496994973646158,92.12666477275175,1,mobile,referral,,2025-01-23,2025-04-20,0
U490451,0.22384258324740827,80.68306216182657,6,7,0.24417265790391035,74.10549350233116,1,MOBILE,search,Y,2025-04-24,2025-08-24,0
U211378,63%,217.78313679362466,5,13,0.7177140927856243,56.89215492183596,0,mobile,ad,1,2025-07-27,2025-11-23,1
U610553,0.9752032031187455,123.96634419084374,4,4,0.2897086875132572,100.0,0,pc,ad,0,2025-08-28,2025-11-25,1
U934805,0.4660409972805748,108.95951919125513,0,12,0.3642205137728351,96.67427617124274,0,mobile,ad,1,2025-01-06,2025-02-22,1
U172782,56%,255.7712295980026,5,8,0.5379433776381622,79.01647181730729,2,mobile,ad,0,2025-05-11,2025-10-22,1
U457819,0.6097770957547867,136.59538065561694,4,7,0.42143877010333214,89.86057575874722,2,mobile,ad,0,2025-11-03,2026-02-09,1
U975807,0.36553254746815883,59.21126565598786,3,9,0.30061658140509734,68.26228446411972,1,pc,sns,0,2025-03-08,2025-06-13,0
U370853,0.5375831777367641,216.21534383430827,1,6,0.5213895445787865,82.14236268731631,2,mobile,ad,Y,2025-12-11,2026-03-05,0
U218994,0.48368165486272824,53.87195283212045,7,15,0.5084340869264591,66.07044272746947,4,mobile,search,0,2025-09-16,2026-01-31,1
U539725,0.6043712255627615,124.6240959149866,3,14,0.6414044679078365,53.02418958063063,2,MOBILE,search,1,2025-12-22,2026-02-14,1
U557534,52%,148.41193706437318,2,11,0.30897168093619964,100.0,0,mobile,search,1,2025-11-25,2026-05-13,1
U696577,0.8803738803283397,190.1243788325667,5,9,0.4293845325055746,52.308467067273746,0,mobile,search,1,2025-03-24,2025-04-04,1
U382363,0.3677025802899192,45.227943205084195,3,7,0.3780756824433793,76.1658138348107,0,pc,sns,0,2025-12-09,2025-12-11,0
U960059,0.601208901051168,20.152943986826866,4,10,0.2508804259123528,76.00227359249439,2,mobile,ad,1,2025-06-30,2025-09-30,0
U568919,0.4394107685766742,20.8747874422562,5,9,0.06786361450874816,79.22407817865326,1,mobile,sns,1,2025-04-05,2025-09-07,0
U357801,0.6655563049095563,274.3538658428776,2,15,0.2227918331228889,70.74442027331413,2,mobile,ad,0,2025-11-21,2025-11-22,1
U964255,0.7521598639195276,39.635250168531684,1,6,0.6153330243955055,70.8905021948065,2,mobile,ad,False,2025-06-21,2025-10-21,1
U932326,0.9762522847890666,5911.021755059048,1,11,0.14959721019844505,73.93776426746457,2,mobile,ad,0,2025-09-08,2025-11-17,1
U549247,0.08670758248911985,229.83924058518303,7,15,0.5179358549645928,78.718158738771,1,pc,sns,0,2025-08-11,2025-08-14,0
U122373,0.3040930442860625,66.68961190583896,4,5,0.40017392820717723,71.97457093997677,2,mobile,search,N,2025-04-19,2025-06-25,0
U637241,0.1315456293742436,26.799763915333855,3,9,0.7416968320244781,71.04294395845146,3,mobile,sns,Y,2025-12-24,2026-04-20,1
U599677,0.45677377339325226,130.55745235936558,2,7,0.32193508523027886,53.50446079884875,1,pc,ad,0,2025-10-31,2026-02-22,0
U233387,0.07277469513619655,89.18071592314351,5,6,0.29444203213814346,100.0,2,pc,search,1,2025-07-12,2025-12-12,0
U670576,27%,258.2281617548442,7,9,0.19166408195788445,79.49978809023312,3,mobile,ad,0,2025-07-28,2026-01-22,0
U856713,0.642191745580336,147.50296144472105,6,6,0.4946482437190854,74.92469465825818,2,mobile,ad,True,2025-01-26,2025-02-04,0
U195307,0.26412608422974243,125.51673348861408,4,13,0.5365223916614141,63.25745787924546,0,pc,search,1,2025-09-23,2026-02-25,1
U750989,0.4670541164749994,109.33674888067077,3,4,0.40625821926689937,57.949401300102174,2,mobile,ad,False,2025-11-28,2025-11-29,0
U226305,0.15904242002916888,189.8244512648084,6,9,0.5019049548690832,84.0398102726655,1,tablet,search,N,2025-12-19,2026-06-13,1
U773942,83%,118.43410974597427,6,9,0.5747725035019627,69.76192660881648,2,pc,search,0,2025-07-23,2025-12-10,1
U477202,0.32420062970075925,351.0185638739137,3,7,0.4034720883903637,,2, mobile,sns,0,2025-12-30,2026-06-20,1
U105859,0.37156280985889445,38.520851325219525,7,10,0.43985416937129773,53.0698981281839,3,mobile,sns,1,2025-10-18,2025-10-30,0
U969607,0.5900675459601973,102.01876066393791,6,7,0.5791799056884993,93.65596781567285,0,tablet,ad,1,2025-07-03,2025-07-16,0
U249373,0.14433697649861713,174.01695999801254,6,7,0.4800331086906173,84.61928409573213,2,mobile,ad,1,2025-10-19,2026-04-15,1
U636437,0.10472363535035878,160.65007278864002,0,9,0.9232107178000254,70.865122301295,1,mobile,search,Y,2025-02-27,2025-04-19,0
U263321,46%,350.4535570643955,1,14,0.7926707562087114,미응시,2,mobile,ad,0,2025-09-03,2025-11-11,1
U939719,0.43653397407826344,76.58680415060829,2,8,0.4854722185022702,82.37406103348742,2,MOBILE,search,N,2025-08-14,2025-10-06,0
U764492,0.49186346940971676,12.101532919590664,6,8,0.11770997816598018,,1,pc,search,0,2025-06-29,2025-07-27,0
U823924,0.7448968708487655,219.56925357377048,0,9,0.5186177320199651,95.48957647943088,0,pc,search,Y,2025-08-23,2025-09-04,1
U488871,0.9594187035602435,143.3034954287967,0,5,0.6384849236571905,78.76565397316153,1, mobile,search,False,2025-11-07,2025-12-01,1
U520642,0.7514218530447924,220.70063972835678,0,10,0.19340819868189604,미응시,0,mobile,ad,0,2025-07-28,2025-12-28,0
U670870,0.8135392603193505,3722.9758464378633,1,9,0.5675918986064515,56.64771680669614,1,PC,search,,2025-05-18,2025-05-22,0
U806286,0.9240378807534373,17.639106831188656,7,11,0.39531500704113565,85.81936837937667,0,mobile,ad,0,2025-06-03,2025-11-12,1
U862280,73%,161.9805746266631,5,10,0.9476495573683937,74.95622876117807,3,pc,ad,0,2025-07-26,2025-09-03,1
U116053,0.8318518085884957,76.20751983120284,5,6,0.28578013147641607,78.75641264104931,1,pc,sns,0,2025-07-31,2025-11-17,1
U697204,0.36599854602226195,102.07224660698407,2,10,0.8004338803046182,72.37330376378792,2,mobile,ad,N,2025-04-25,2025-06-10,0
U198229,0.19850010066707918,115.93253745755538,5,12,0.3423277831554918,57.96158835153528,2,tablet,ad,0,2025-07-14,2025-12-22,0
U359138,0.7370601266956993,53.83675885534924,6,7,0.47461654400022285,79.12064905899364,0,mobile,sns,N,2025-04-15,2025-04-22,0
U846484,0.72442213500826,74.43858482710415,4,10,0.36148196009778355,69.23450805189361,1,mobile,search,0,2025-12-10,2026-04-18,1
U325461,75%,197.5143649058948,6,10,0.22898664419141404,71.69632422909605,0,mobile,ad,1,2025-07-14,2025-12-30,1
U817134,0.6945530792067778,197.33026884349454,4,8,0.23571082067662016,100.0,0, mobile,sns,0,2025-11-01,2026-01-19,1
U516706,0.9372008980800617,35.05872793052562,2,9,0.37671227840214994,84.16696792870593,2,mobile,sns,1,2025-05-19,2025-08-08,1
U309376,0.2961333715198863,144.2732403381214,5,15,0.5378551845490306,84.97470873661095,1,mobile,referral,Y,2025-05-24,2025-06-20,0
U400819,0.4778414494789871,210.27790400036847,7,12,0.7066138482052928,100.0,0,pc,sns,1,2025-04-16,2025-09-22,1
U577692,0.7196405348443102,135.386868185441,6,11,0.3467426193126845,77.38403421052166,3,pc,sns,Y,2025-07-27,2026-01-16,1
U788631,0.7586294569905708,149.39536501965512,3,8,0.7099386972008582,,1,mobile,ad,False,2025-08-13,2025-11-10,1
U645413,0.0773342119316401,37.198758829833494,4,11,0.8245402329030088,62.49109710852262,2, pc,search,0,2025-07-26,2025-11-28,0
U939900,0.7407787941096989,252.52894127313468,7,11,0.5365934559314974,65.66427398481716,0,pc,ad,N,2025-11-01,2026-03-18,1
U880964,0.48929374461234265,57.410326362883026,5,6,0.45920505045931653,43.34054726832505,2,mobile,search,N,2025-07-05,2025-09-07,0
U778017,0.6920554684483503,98.66502741818066,4,10,0.5772616263672955,83.06592674329205,0,tablet,referral,Y,2025-10-26,2025-10-26,1
U642795,0.5290179597240187,211.41869835490263,2,11,0.16594151710793445,54.263106037654396,1,mobile,ad,1,2025-01-22,2025-02-14,0
U360869,0.7144765821422088,304.1842963911931,7,9,0.19750838977734106,84.63830374738056,1,mobile,sns,0,2025-05-12,2025-10-21,1
U471313,33%,104.02656327363499,7,17,0.3570210820882154,,0,mobile,search,0,2025-09-17,2026-02-08,0
U207004,0.4882982821482449,400.78674266352846,0,7,0.2858923278094189,73.79282200670112,1, mobile,ad,1,2025-05-20,2025-06-06,0
U436765,0.6059617100971677,138.36893828663244,0,8,0.5819124465764034,,1,mobile,sns,0,2025-09-24,2026-02-16,1
U933824,0.3715172787345255,128.84944293353337,0,8,0.42297671579813495,미응시,1,mobile,search,0,2025-08-04,2026-01-10,0
U483293,0.5483637215138327,63.51258152937595,3,7,0.8795663616533822,88.93219303911,1,mobile,search,1,2025-06-26,2025-10-02,1
U202355,0.6606056789237755,100.06905924527237,1,5,0.15862165691520497,미응시,1,pc,search,1,2025-07-23,2025-10-12,0
U686737,0.22421661144054014,145.85848384732836,7,12,0.45841398366413727,59.41394293021385,2,pc,ad,N,2025-11-25,2026-05-24,1
U966352,0.33677988498026173,175.39113232974026,7,7,0.3362661411425644,84.93444747464855,0, pc,ad,0,2025-09-05,2026-02-09,0
U880740,66%,170.52124242161642,1,13,0.7066826937787863,58.355950400186344,0,pc,sns,1,2025-12-25,2026-03-04,1
U346668,0.6782335094616448,93.21940357942104,6,18,,50.23194192434574,0,pc,sns,0,2025-02-04,2025-05-01,1
U508506,14%,272.93153205173957,1,9,0.22577698299409277,78.97689815882819,1,mobile,sns,1,2025-10-23,2026-04-11,0
U577914,0.4607204724184053,131.51796876801413,6,12,0.08455107001952179,89.05885890524517,2,mobile,sns,Y,2025-11-21,2026-05-06,1
U323055,0.1786135725834711,126.22303900120203,2,15,0.3543576203080318,66.32880765088574,0,MOBILE,sns,1,2025-12-04,2026-03-28,0
U341822,0.632632365590673,60.41549633834933,0,10,0.4896768607932209,77.66324763528665,0,mobile,ad,1,2025-07-16,2025-11-10,0
U312995,0.15330627834692234,186.11200663929068,3,8,0.21959707079197882,66.1805666356722,0,mobile,sns,Y,2025-06-27,2025-11-07,0
U995122,0.4245305154951041,121.73594520745182,6,9,0.3462849825941269,82.10790688160145,1,MOBILE,sns,False,2025-08-01,2025-09-22,0
U771412,28%,104.93310733769547,7,9,0.33461573859695093,87.33041560977101,0,MOBILE,search,0,2025-11-29,2026-05-13,1
U856769,0.2704935253718234,47.32765719530745,0,13,0.7070976801917763,68.31988699725169,0,mobile,search,Y,2025-11-12,2026-01-04,0
U834911,0.4949556195021392,48.83147546679556,6,7,0.1397452899454616,57.61355579188459,1,pc,sns,N,2025-12-07,2026-05-06,1
U963228,0.49065703036305525,155.26280712161832,2,13,0.25993768210881923,51.601571563438455,2,mobile,referral,1,2025-12-19,2026-05-16,1
U194750,0.16787207878350197,296.2316496539848,3,9,0.4872307208566816,84.95963805444347,1,mobile,referral,False,2025-08-15,2025-10-06,1
U893468,0.6217716706323386,110.20159067364476,0,12,,56.08806911609042,1,mobile,search,False,2025-04-05,2025-08-29,1
U159902,0.45845822006258236,109.72339257095635,7,10,,77.20833937683314,1,mobile,sns,N,2025-02-24,2025-07-30,0
U527878,0.312080151098826,187.48240805274747,6,14,0.38535722041563636,82.88369895819523,0,pc,search,1,2025-11-23,2026-02-20,1
U634989,0.7876526819409396,247.2512569400273,5,13,0.35075169352701613,64.9817737002924,2,MOBILE,sns,0,2025-02-25,2025-06-02,1
U422074,0.40221705528780155,87.58041039983209,5,8,0.14165977591276538,69.67304809748062,3, mobile,sns,N,2025-01-26,2025-04-28,1
U231555,0.6998304311551564,61.10497476403378,6,8,0.4406317442516657,85.98660826509482,2,TABLET,referral,0,2025-06-21,2025-06-29,0
U273071,0.3841721699684404,119.67651393879773,1,15,0.3124236943333888,60.68528697731337,0,mobile,referral,0,2025-09-28,2026-01-03,0
U842196,0.1620603294376014,4462.089448925001,1,18,0.21007824362639557,59.26403752952264,1, mobile,search,1,2025-09-25,2026-01-24,0
U386851,0.5962388304981412,20.982033131508025,0,8,0.29106819026179165,68.71852290307301,0,pc,referral,1,2025-04-03,2025-07-13,0
U379300,0.4154050925815337,95.73581766578924,3,16,0.22250965167865477,89.89077726906922,2,MOBILE,sns,1,2025-07-02,2025-09-30,0
U931024,0.35592765693020256,112.12651775601284,3,11,0.22399694769053027,,0,mobile,ad,Y,2025-11-22,2026-02-20,0
U229484,0.27576514728020135,102.87336381888876,0,14,0.2774995604492198,70.61703771382973,3,mobile,ad,N,2025-10-19,2026-01-24,0
U923739,0.7238813541092105,43.96022717532921,5,5,0.3323259241381564,62.0302972073728,1,mobile,sns,True,2025-11-30,2026-05-17,1
U928872,0.3325048790969787,95.97219721226212,0,8,,86.89760462287418,3,mobile,ad,1,2025-10-08,2025-12-21,0
U638703,0.6091926557132106,113.29792488178626,6,15,0.6525676803430127,48.629861856753344,2, mobile,ad,1,2025-02-03,2025-03-15,0
U248978,0.7108618990187299,68.218592057519,5,13,0.46582160187258365,75.46655195807327,1,mobile,search,0,2025-03-16,2025-03-27,0
U240274,60%,146.52670579180923,6,15,0.15257296720949118,71.38520970025112,3,mobile,ad,0,2025-03-03,2025-08-07,0
U356247,0.9710507665855649,203.9545181135911,0,13,0.21057993553632884,90.11358980934133,1,mobile,search,0,2025-02-18,2025-03-22,0
U619673,0.4823893318162657,208.28585537858737,6,10,0.21572914132691268,91.53025955493726,0,mobile,sns,N,2025-11-09,2026-01-23,1
U238251,0.26740300674903966,79.6978729994837,4,15,0.9865565455443461,58.80460018873816,1,mobile,ad,0,2025-09-14,2026-01-28,1
U510091,0.7175613640024388,167.15833314108613,6,12,0.35901105695126634,74.34749249664965,1,MOBILE,sns,1,2025-11-29,2025-12-31,1
U203940,0.602759800800139,158.86308276694297,5,5,0.4484751198924673,64.01153920861843,3, pc,ad,0,2025-04-27,2025-06-08,0
U586255,20%,334.09083379014675,5,8,0.06833751329853585,67.89341661130564,1,pc,sns,0,2025-12-23,2026-04-16,0
U119033,0.5444895259856063,167.66883015470188,0,10,0.3244733897790682,80.64342884381165,1,MOBILE,search,1,2025-12-06,2026-03-29,1
U738131,0.5328884237530062,173.71839855774834,5,9,0.8083292870596116,67.31148229071295,4,pc,sns,1,2025-02-08,2025-03-24,1
U149855,63%,228.05468538221638,3,9,0.2654245854390267,74.71495639139235,0,mobile,sns,N,2025-11-13,2026-02-19,1
U275339,0.6002814654003716,52.234399754737964,6,20,,85.40181031391668,1,mobile,sns,0,2025-02-10,2025-06-17,1
U257177,0.30180386372952883,129.39916324577277,5,16,,93.21226413314297,3,mobile,search,Y,2025-06-14,2025-07-24,0
U847893,0.30409811261927205,306.8942361552169,0,18,0.43975423747275527,,0,mobile,search,1,2025-03-07,2025-05-26,0
U148043,0.7257821086123095,310.5280540510387,7,13,0.5497669650168547,73.64871569856194,0,pc,ad,True,2025-07-31,2025-09-19,1
U486333,0.16277799893969588,95.95335603205157,0,14,0.30076489268223267,56.49793776725414,1,mobile,search,0,2025-01-07,2025-06-26,0
U632028,0.9821786397105096,302.12938894829773,2,16,0.3993415361629042,94.20117835755008,3, MOBILE,search,1,2025-11-05,2026-01-13,1
U564395,0.3837854932606597,105.22558134521783,1,7,0.6765852223363308,78.93981494959408,4,pc,search,1,2025-06-23,2025-11-24,0
U712642,0.2856725730502448,149.71954365850493,7,10,0.7787450206115514,미응시,0,mobile,ad,N,2025-11-14,2026-04-22,1
U822790,0.771498808218294,38.70727412565488,1,11,0.7802610188111979,73.19068911075372,1,pc,search,False,2025-06-07,2025-07-07,0
U454267,0.6895797979444133,265.74764087912274,6,11,0.353725661393861,77.04914862977355,1,mobile,search,1,2025-07-22,2026-01-08,1
U845395,0.4908078438809809,101.93086287654724,1,8,,82.80506685833026,1,tablet,search,1,2025-09-26,2025-10-04,0
U386191,0.5586862081915525,45.04491857552213,5,7,0.2819298903987275,84.5377074218283,0,mobile,sns,0,2025-12-20,2026-02-28,0
U985979,0.5209164506096005,115.05506586184961,0,7,0.8065050605902453,94.55122654129248,4,pc,search,Y,2025-05-17,2025-06-14,0
U554073,0.2718775414492433,16.174607491135486,3,12,0.2635596420862692,75.39763911917663,2, mobile,search,1,2025-07-09,2025-07-17,0
U762411,0.9164063805767375,182.69455332518027,4,15,0.5980278742882702,96.55881706971564,2,tablet,search,0,2025-04-29,2025-08-06,1
U887503,0.7771283857012923,237.9006108521326,5,9,0.3264067300177391,86.80812591275586,1,TABLET,sns,0,2025-01-15,2025-05-03,0
U813385,0.7188651300693458,62.4439775400877,6,13,0.2812392683580095,71.15816066362736,2,pc,sns,False,2025-11-14,2026-02-27,1
U866017,0.7867296603124789,60.836858127178125,6,13,0.15440648868586818,48.65676780179344,2,mobile,search,1,2025-07-24,2025-10-07,1
U582861,0.43475028078474626,174.96123736565738,4,10,0.6548242569688254,73.19787170015776,3,mobile,ad,,2025-05-16,2025-10-05,0
U139127,0.11797374521229684,187.6131757886299,2,10,0.1574621199999375,93.81868926846451,0,pc,sns,Y,2025-10-10,2026-01-07,0
U543774,0.17319359319181638,82.18591048743099,2,6,0.6436993862437889,61.14631617814905,1,pc,sns,0,2025-10-26,2026-01-30,0
U263348,0.5531231172624902,68.45527953805039,7,10,0.6876835985043793,73.15447706447573,0,pc,ad,1,2025-12-25,2026-03-14,1
U900204,0.17280327607081786,213.921011955287,4,7,0.5297889270447135,미응시,3,pc,search,Y,2025-06-09,2025-07-16,0
U313070,0.6593646985657905,41.72334414836876,7,11,0.8290642166296192,85.1897722856368,3,mobile,search,1,2025-02-08,2025-06-06,1
U305262,0.24163956397270706,92.53229467742206,3,17,0.7551471415272099,66.57063833103383,1,mobile,sns,1,2025-06-26,2025-11-23,0
U324448,0.5561939970667943,67.25208531852874,3,9,0.09311577309482216,59.82862752162595,0,mobile,ad,0,2025-06-10,2025-08-04,0
U678308,0.462604090878074,173.3856612933767,6,8,0.4979289775660485,미응시,0,pc,sns,0,2025-03-17,2025-06-08,0
U614108,32%,70.95525511445675,5,12,0.7109266915013904,61.592581733473565,3,mobile,sns,N,2025-08-02,2026-01-10,1
U801095,0.6139215458352576,230.52821493021543,1,13,0.3607628442724508,46.30292507001046,1,mobile,sns,1,2025-05-31,2025-07-07,0
U474635,0.8358456651530799,90.25762859618403,4,2,0.39144361005117556,97.7652069419901,0, pc,referral,N,2025-11-17,2026-02-01,1
U354050,0.9037018198438243,155.38893944220922,1,12,0.523824809357786,84.97842926992574,0,MOBILE,search,0,2025-01-18,2025-03-07,0
U144328,0.30632344245754406,71.87660919627805,6,8,0.40706566901789604,98.36742899584063,1,mobile,sns,0,2025-09-18,2025-11-18,0
U106368,54%,138.12558484733796,0,8,0.3056471815213599,84.2361785422175,1,mobile,sns,1,2025-08-08,2025-10-30,0
U436252,0.5112376066699438,78.14252697856952,6,14,0.15354937747501546,81.52510890369433,3,mobile,sns,N,2025-03-26,2025-09-09,0
U933234,0.7778682409908794,58.44235033637598,7,10,0.8759640214099745,77.173498867885,1,mobile,search,0,2025-05-09,2025-05-11,1
U942438,0.23447830906093473,186.98039149219068,0,8,0.3984197989584868,,1,pc,ad,1,2025-11-09,2026-01-12,0
U904191,0.703084774359513,70.50978012239717,5,10,0.5392091820312178,79.16949214667135,3,pc,referral,0,2025-05-13,2025-10-16,1
U191504,35%,71.38558125067638,0,14,,64.25474521876258,0,pc,ad,True,2025-08-30,2025-09-14,0
U183988,0.5547151884211757,130.88322183227288,2,14,0.6111443508057186,57.03079158529094,1,tablet,referral,1,2025-07-06,2025-10-05,1
U850111,0.5756741623009218,144.88106648335275,2,15,0.42619202958288294,67.34883856310496,0,mobile,ad,1,2025-11-22,2025-12-20,1
U196067,0.43887189153093276,56.913928859852504,4,12,0.7033741165203398,90.0808920789195,0,mobile,search,False,2025-08-29,2025-12-08,0
U146765,0.4528523391759063,165.22075750842077,7,7,0.5170720219714185,54.74630638304649,0,mobile,referral,0,2025-10-31,2026-03-09,1
U463683,0.32355561105125,74.5117368019934,3,11,0.07428241075272839,54.968766888798605,0,pc,sns,1,2025-11-25,2026-03-19,0
U932356,73%,46.89734282330343,3,3,0.22961223346482554,80.27832827797951,1,mobile,search,0,2025-02-17,2025-05-29,0
U720444,0.23102881101124803,100.87088034608901,0,10,0.49315758686287625,66.18889813788667,1,pc,search,1,2025-10-31,2026-03-14,0
U189201,0.12086666599912299,99.8798087038363,7,12,0.3887996555441133,미응시,1,mobile,search,1,2025-12-16,2026-03-22,0
U853417,0.7469224804922698,157.2078609028912,2,8,0.6661285113537829,85.85800404631223,1,pc,ad,0,2025-01-14,2025-05-04,0
U859216,0.7000989764604921,341.22440786651987,3,10,0.6698470107240104,78.46145477961029,4,mobile,search,1,2025-06-15,2025-06-29,1
U820626,0.35423840614383106,129.48605467052568,0,15,0.5077936832731388,63.14856189850173,1,PC,search,N,2025-04-03,2025-04-06,0
U912386,0.482660330975522,170.1301650829411,2,5,0.3345604458178972,89.96107331940047,0,mobile,ad,0,2025-12-24,2026-01-22,0
U315889,0.5547392219334785,37.87199120768111,4,8,0.13086569067026368,,0,mobile,search,N,2025-05-09,2025-08-14,0
U981612,0.3892584451532167,236.8037923429624,7,12,0.23366156692432763,72.37558995865409,1,pc,referral,1,2025-03-10,2025-05-20,0
U388626,0.6699644320842001,111.48499805849974,2,13,0.3206416941400717,71.69784060542196,0,mobile,sns,1,2025-02-04,2025-04-11,0
U821822,0.40167895918365026,49.83361183177553,4,10,0.4155868159267597,77.23589555267785,3,pc,search,0,2025-10-16,2026-01-05,0
U621427,0.33187548563144464,231.6155960433046,7,13,0.44208993788903655,67.63222819638374,0, pc,referral,Y,2025-01-22,2025-07-20,0
U801529,0.5319160865883024,114.52165025012395,2,7,0.21836676567690375,49.16313427391916,1,pc,search,0,2025-04-21,2025-06-28,0
U665036,0.3309063578119078,210.05723466146137,2,11,0.4440361452748796,82.50220844766343,0,mobile,search,False,2025-07-21,2025-10-09,0
U678234,3%,362.38044300564496,0,15,0.1360925939340897,81.67040227819645,1, mobile,search,Y,2025-01-17,2025-04-17,0
U654655,0.6426146989438415,41.08276277125437,7,11,0.1957608600121685,39.785076480245856,2, mobile,sns,True,2025-03-05,2025-07-23,0
U801095,0.6940567959911625,72.43895634375988,0,4,0.40394908399721746,79.14946599720155,0,pc,ad,1,2025-12-28,2026-05-09,1
U765137,0.6226632166413807,188.72050591308007,1,8,0.2649386463899206,미응시,0,mobile,ad,1,2025-06-16,2025-12-10,0
U221096,0.32483840633065614,119.39134654691033,1,7,0.1434949363891046,56.213063055570444,0,tablet,referral,0,2025-04-21,2025-08-14,0
U843448,0.4658695100452715,17.66360723466793,5,9,0.7934333098085353,70.97392192753004,2,tablet,sns,0,2025-11-13,2026-05-04,1
U582460,0.2072470054039661,93.8541070349584,2,15,0.5683090128226748,69.45224760212318,0,mobile,sns,False,2025-01-30,2025-05-20,0
U537992,0.4303344278541781,103.760339747796,5,8,,미응시,3,pc,sns,1,2025-04-07,2025-07-13,0
U562800,0.4051963408746477,114.61182134583238,4,7,,87.69325861819746,1,mobile,sns,0,2025-11-10,2026-02-18,1
U970284,71%,70.64526276751597,0,11,0.5719607091990495,미응시,2,mobile,ad,0,2025-10-02,2025-12-27,1
U871814,0.07803756745773228,271.5162509530261,2,6,0.46069565772372184,76.78965932701936,0,mobile,sns,1,2025-06-07,2025-07-13,0
U850327,81%,37.908480001008364,0,17,0.8402494242950463,100.0,1,pc,ad,0,2025-12-23,2026-02-27,1
U516518,0.5760072368032443,150.46186928428781,0,7,0.20720698513888294,미응시,1,pc,ad,True,2025-07-29,2025-11-15,0
U805723,43%,82.79757922064694,3,6,0.3501044910363342,71.84384702876935,1,mobile,referral,1,2025-09-29,2026-01-16,0
U446580,0.6918184090467292,78.86208212041097,2,8,0.7178259487820908,79.18910224882667,2,mobile,ad,,2025-12-25,2026-01-22,1
U717548,71%,250.96942373336933,0,11,0.27134620598955844,63.459236303930396,0,mobile,ad,N,2025-07-03,2025-11-25,0
U675606,0.42559534795931697,100.25621046452103,3,12,0.7695049641693363,96.68484318989843,1,mobile,search,Y,2025-06-24,2025-10-31,1
U324818,0.7718010624304467,150.9754547820743,3,5,0.4112272009876663,65.38264379603069,1,mobile,sns,1,2025-08-30,2025-12-03,1
U339816,0.49431574675962947,196.21913493891813,7,4,0.3936418446332691,52.553508192261276,0,pc,referral,False,2025-01-25,2025-04-16,0
U155019,0.48339748803167776,122.81271733791702,5,14,0.2788772634709045,64.65025145517195,0,pc,ad,1,2025-06-06,2025-09-14,0
U225791,0.8959629068534212,252.98445139826367,3,9,0.36262446296343204,81.14228120660638,0,mobile,search,0,2025-09-09,2025-12-23,1
U490256,0.8500192624630133,46.13430432360433,3,3,0.23056716764129484,60.82556223944045,0,pc,sns,Y,2025-05-18,2025-08-03,0
U530089,89%,156.53758891077928,0,14,0.6328634918939192,76.23079144413944,1,pc,sns,1,2025-09-16,2026-02-19,1
U248608,0.2745160916514178,343.3196187315938,3,12,0.6866859065970576,79.87570616198333,2,mobile,ad,0,2025-05-27,2025-06-24,0
U475200,0.7105247504026473,148.68036005712014,4,6,0.33154338736253386,55.07492341088485,3,pc,search,1,2025-03-12,2025-05-18,0
U643759,0.6623001747901525,31.382135201133124,0,12,0.8085466049382621,64.10816895368086,1,mobile,search,N,2025-02-23,2025-05-05,0
U309312,0.4548635392360514,159.86642885934324,7,9,0.5828986968629049,76.88559203353294,1,mobile,ad,1,2025-07-18,2025-08-05,1
U404412,0.37422531375433205,277.88598511071484,4,11,0.058895592126841464,81.8337702400492,1,mobile,sns,1,2025-03-12,2025-03-28,0
U430760,0.2143985984102115,94.64595448546638,6,11,0.3935583784650513,64.45702372325306,0,PC,ad,1,2025-05-15,2025-10-23,0
U554547,0.5598462819011102,93.89675947348435,2,5,0.7706344290889973,74.1248123434724,0,mobile,sns,0,2025-07-09,2025-11-26,1
U429752,0.6283695327983245,184.2477000833724,6,10,0.3120954463718214,68.02489250355933,1,mobile,sns,,2025-01-19,2025-03-26,0
U763249,0.5383764630826755,164.8617415307941,2,13,0.09089408384835364,82.18990239120832,0,MOBILE,sns,0,2025-06-03,2025-07-21,0
U394745,0.5084348447788918,125.61675125808841,7,10,0.7276462994330699,79.27179010831851,2,mobile,sns,0,2025-04-24,2025-07-06,1
U490506,0.38566085694627994,74.13122238478586,4,18,0.41388137826769744,66.77123778726059,3,mobile,ad,0,2025-04-25,2025-08-30,0
U441517,35%,88.02066567524972,5,13,0.4426675251846772,78.69821391674621,3,mobile,ad,Y,2025-11-28,2026-01-20,1
U264624,0.38447111311512344,59.82298741841817,1,9,0.13589073341796418,66.22362279490221,0,PC,search,N,2025-12-03,2025-12-15,0
U717168,0.4310212919097308,28.654073957334415,7,10,0.5823789794566355,,0,mobile,sns,1,2025-04-20,2025-07-05,0
U311901,0.5578404740335016,236.91537304744563,1,11,0.31801798310875806,78.59812363482423,3,MOBILE,sns,False,2025-11-17,2026-03-05,1
U367188,0.7603863815350003,190.16884011146882,0,15,0.3654057937716423,미응시,3,pc,search,0,2025-03-23,2025-06-25,0
U813475,0.42977011732347276,179.10997123554438,3,7,0.9032844070978613,67.29232861054246,1,pc,sns,1,2025-05-07,2025-06-07,0
U953971,0.7646684423746171,3552.1229787058955,6,12,0.3171079887848286,70.02224118251111,0,mobile,ad,0,2025-12-09,2026-05-10,1
U703758,0.8591483528080043,105.88181894756801,7,16,0.4831472746729276,62.93875759451026,0,MOBILE,ad,1,2025-02-06,2025-05-31,1
U924712,0.30580458614685574,96.98266685963033,6,8,0.5476056583136971,57.54046823095128,0,MOBILE,ad,1,2025-05-20,2025-09-27,0
U868770,0.21322090622349346,50.201915461905884,4,12,,65.60955308970613,0,mobile,referral,Y,2025-10-21,2026-04-12,1
U532818,0.5648524104164663,199.62556340055824,7,10,0.1789866873257886,미응시,0,pc,search,Y,2025-12-09,2026-03-11,1
U793260,0.42533682169845194,459.4064625804275,3,13,0.36714645870105905,,2,mobile,search,,2025-12-12,2026-03-26,1
U395524,72%,155.75594221086877,3,10,0.09268130897491951,76.13951782562262,0, mobile,sns,1,2025-11-17,2026-04-04,0
U514446,0.6823702671197153,216.5811826737859,1,8,,67.85929167258125,4, mobile,ad,0,2025-12-18,2026-05-07,1
U581890,0.7140422723312528,4803.080132260334,6,10,0.38712909447592025,,1,mobile,ad,0,2025-06-21,2025-11-21,1
U964442,0.5847481781576559,288.3669663711113,2,12,0.49846716013079523,59.16437285353165,1,mobile,ad,Y,2025-04-28,2025-09-02,1
U863703,68%,67.63696574009451,1,9,0.47196730575031637,64.2035735865179,0,pc,ad,N,2025-05-21,2025-05-31,0
U540327,0.24654856931913663,38.428473861804434,2,9,0.4124186511849531,53.86820717214814,1,mobile,search,False,2025-02-13,2025-04-17,0
U182922,0.5214149515216159,137.24328131429212,4,11,0.6921735044715888,,1,mobile,search,Y,2025-02-20,2025-06-07,0
U282120,0.5318933680510523,112.14194858953732,2,8,0.3039624618738076,97.72012080850863,1,PC,sns,N,2025-12-21,2026-03-11,0
U823951,0.5261847191135274,436.8647949200958,2,8,0.11456866870885635,44.897921451001025,3,mobile,sns,0,2025-03-11,2025-03-18,0
U597733,17%,60.484976809394034,2,8,0.2621739389102329,76.04969092990855,1,mobile,referral,1,2025-08-13,2025-09-30,0
U579449,39%,340.3871155112445,4,11,0.4461265778535606,75.81768737498437,0,mobile,ad,N,2025-03-26,2025-05-20,0
U789654,0.5047895124890223,112.85394022788378,5,10,0.26569893985830717,74.92332305426186,0,mobile,search,0,2025-08-30,2025-09-05,0
U669625,0.46232648599761433,55.475003692397905,5,9,0.4209096639212779,63.70157950301788,2,mobile,ad,1,2025-06-21,2025-11-05,0
U165220,0.36976492372037145,304.3479218126981,1,12,0.33235130351809294,86.31519542257966,0,mobile,ad,True,2025-02-08,2025-04-17,0
U359339,0.42423796232860816,68.37524527581957,2,12,0.7412210744126275,77.74668222209985,5,PC,search,1,2025-05-16,2025-10-06,1
U259046,0.30089769491398927,217.36060742971017,5,14,0.42522330791769847,미응시,2,pc,search,N,2025-09-23,2026-02-27,1
U761403,0.5790656421054008,139.70242158646425,1,6,0.5543082832582099,61.67483228822073,2,mobile,sns,0,2025-10-19,2026-03-27,1
U131632,0.6728491307838949,339.6815861491617,0,6,0.7351195555826368,52.63544073478898,2,mobile,sns,Y,2025-04-16,2025-09-27,1
U282163,63%,245.0621647676146,2,4,0.1753531578329613,78.08867741414828,1,pc,ad,0,2025-04-18,2025-07-17,0
U637699,0.15372785320882643,110.9873507125518,5,9,0.4049696072883548,58.518787838544455,5,mobile,referral,1,2025-09-23,2025-11-05,0
U725317,0.8637135789728405,305.2586265299027,5,12,0.4617258622386935,86.76439448167422,1, MOBILE,ad,Y,2025-06-04,2025-06-19,1
U552973,0.8591013534143493,167.55861140525568,1,12,0.43538983521461144,42.22730159872434,1,pc,referral,False,2025-01-26,2025-05-18,0
U874646,0.6965754396259531,127.74177470869044,5,6,0.538419225345157,,1,mobile,sns,1,2025-02-14,2025-03-08,0
U927045,0.6301321329290253,137.84195163603536,1,11,0.1220213962786601,63.37709413285707,1,pc,ad,Y,2025-05-17,2025-06-29,0
U218892,0.72449141935024,222.39919000622953,5,6,0.27774299462268,67.34672701434972,0,mobile,search,1,2025-04-09,2025-05-23,0
U957259,0.26940753486767394,107.39765033549847,4,8,0.5648519105753571,75.65538700748488,1,pc,ad,1,2025-02-13,2025-04-03,0
U652941,0.7516046965257951,88.52311140527026,1,9,0.17998646583199646,77.54730030401954,1,mobile,sns,N,2025-10-13,2025-12-19,0
U672596,0.6893644526641192,75.23338726958954,2,9,0.6807794460631545,80.95632643240575,1,mobile,ad,True,2025-06-17,2025-08-15,1
U185586,0.7291655707953609,154.4578587508931,6,10,0.6764380958786788,82.56980910005484,5,MOBILE,sns,,2025-09-15,2025-12-19,1
U659684,0.406607736845761,78.91184460925035,3,8,0.34200331076948465,69.5986415905953,1,tablet,search,1,2025-01-01,2025-06-23,0
U753143,0.6690592345429905,224.33866565159875,5,16,0.46037740775987784,100.0,2, mobile,referral,0,2025-05-27,2025-09-20,1
U622711,0.23467196680749344,105.72481176687606,5,6,0.37301474098403437,91.41926467539784,1,mobile,ad,1,2025-06-24,2025-10-24,0
U233131,0.7844184866000298,175.4644817342707,0,11,,67.63216498074094,2,pc,sns,0,2025-07-30,2025-08-28,0
U570904,0.10091059901701452,253.2182943326782,7,7,0.1660082836549978,미응시,1,mobile,sns,0,2025-12-19,2026-01-08,0
U942344,0.5732505253041286,293.29069288427144,2,10,0.5031697175073264,67.33733090219647,2,mobile,ad,0,2025-06-16,2025-07-20,0
U751074,0.8416678161494916,144.86772473972806,6,8,0.8020801801928021,77.08618059404809,1,mobile,ad,0,2025-06-28,2025-11-28,1
U223666,31%,25.50837393236809,3,8,0.45613824912302814,58.392870378000104,2,pc,search,,2025-11-22,2025-12-23,0
U963943,0.8369807974875932,26.874716285286333,4,8,0.42122074845647783,60.94647554706468,0,MOBILE,sns,0,2025-05-26,2025-11-20,1
U962991,57%,220.81305648714718,2,13,0.47673075107638746,41.656872564198736,1,mobile,sns,False,2025-05-24,2025-10-07,0
U252455,0.6211436752828486,65.08707313127186,6,15,0.49402480746510213,66.41875819717553,0,pc,ad,0,2025-02-28,2025-07-28,0
U820794,0.801979739750571,102.58227655316708,0,12,0.7168838799274859,86.90662857563603,1,mobile,sns,N,2025-09-20,2025-11-13,1
U466044,0.13467625163968913,240.1918915310727,7,9,0.4177258799850772,69.87058571790747,2, mobile,referral,0,2025-01-08,2025-02-05,0
U634313,0.6034223627494363,89.29539579878616,1,12,0.4181151429533129,,1,mobile,sns,N,2025-03-21,2025-04-20,0
U500667,0.427768407233312,50.327867536048394,7,5,0.6417138236575567,75.89422801397716,3,mobile,ad,0,2025-06-02,2025-11-04,1
U804360,0.7028322627796607,104.75996471623688,0,7,0.2312392663845545,57.96867594086822,2,MOBILE,ad,0,2025-06-08,2025-08-25,0
U996992,15%,196.20551889577877,0,12,0.3392689028239059,72.35400697701932,1,mobile,referral,1,2025-01-15,2025-03-30,0
U815602,0.4398034827770815,88.12955439835925,0,14,0.31444030458270406,미응시,2,pc,sns,0,2025-07-12,2025-08-25,0
U938233,0.5099500031527464,180.35961533440593,4,8,0.7719457715327119,76.29188433256773,1,pc,sns,1,2025-12-20,2026-02-22,1
U951423,0.27669330121126023,51.518342291925336,2,6,0.4680734589051012,85.69430623766392,3,MOBILE,referral,N,2025-02-08,2025-04-15,0
U181094,0.5119729950712776,73.69456742295313,4,13,0.3769814736604746,89.69784668776121,1,mobile,ad,0,2025-06-29,2025-11-11,0
U328044,0.4883166587116547,105.7459461507416,6,7,0.3332740524105733,81.2762566629293,2,mobile,sns,N,2025-08-02,2025-12-29,0
U749670,0.5936113763092135,258.7889169085913,0,16,0.324943614384909,62.01286166147918,3,pc,sns,0,2025-04-28,2025-07-21,0
U631067,0.7219294395227505,95.64224535158793,4,12,0.18456582792904533,67.18210490931637,1,pc,sns,1,2025-07-29,2025-09-27,0
U145131,0.6102147367615818,86.67532544807409,5,5,0.47824680329909336,99.0408439415329,3,pc,sns,1,2025-05-05,2025-07-25,1
U185544,0.7784174974391557,86.91285384819464,3,10,0.456477757394221,76.39835918659897,2,tablet,search,1,2025-02-27,2025-03-30,0
U568492,0.7078830838240457,180.24437697380006,7,6,,74.53339225681356,0,pc,ad,0,2025-11-02,2025-11-14,1
U654548,60%,207.55685588497525,5,6,0.7466056824065999,59.96056923476463,0,tablet,referral,N,2025-12-30,2026-02-10,1
U250947,0.5913218083895411,252.1358082781679,0,5,0.30067613503588303,70.71954382138549,1,pc,sns,1,2025-05-21,2025-05-25,1
U254162,0.6017347074686549,370.76912413295645,4,7,0.5532102711980319,82.02923020613902,0,mobile,search,0,2025-02-03,2025-02-09,0
U216406,0.38792701328535184,155.082968146969,3,7,0.410468230225358,72.20783994695054,3,mobile,referral,0,2025-03-01,2025-04-13,0
U608454,0.1250580388067617,79.63700382480765,1,7,0.556370536429332,64.72870471209093,3,mobile,search,False,2025-11-22,2026-05-04,0
U107068,0.6948454367526904,115.340629603889,7,11,0.10700617283598934,67.97659371873613,3,mobile,search,True,2025-11-17,2025-12-20,1
U615186,0.7410063749402562,67.45407602688557,1,15,,88.68555445222536,0,mobile,referral,Y,2025-06-28,2025-11-01,1
U528335,0.751367183987712,138.23468909682242,0,5,0.6633007749095093,81.34893137729932,1,mobile,sns,0,2025-11-14,2025-12-10,1
U519386,0.01861431096339487,75.39445956526507,1,10,0.2669266431727938,79.4765631760713,0,pc,sns,0,2025-03-23,2025-06-14,0
U711347,0.33157213715630335,251.25934419494772,6,14,0.19982396660823898,78.17234994528128,1,mobile,sns,True,2025-05-26,2025-09-12,0
U570368,0.4781714545584245,147.87885290038383,4,7,0.3781209844273627,55.43758057070687,3,mobile,search,0,2025-02-11,2025-05-23,0
U754973,0.47730653741889656,298.063796978888,6,7,0.4594109604944484,75.81288721448973,0,pc,ad,False,2025-07-18,2025-12-09,1
U787530,0.7959961922523554,203.2143430361536,3,11,0.3812476977903461,86.95210468122173,0,mobile,sns,0,2025-09-12,2025-10-27,1
U928105,0.4153987236508634,192.43926966919244,0,10,0.09797378773908844,68.34709842291657,1,mobile,search,0,2025-12-17,2026-04-30,0
U819319,0.2969068882945468,50.03711104292627,3,9,0.3442719195342318,85.68399287305154,1,mobile,search,False,2025-10-02,2025-12-14,0
U565935,79%,180.05267869024627,1,12,0.3721866671377789,미응시,1,mobile,search,1,2025-08-31,2025-11-19,1
U542937,0.8359907813866005,366.22777484099146,4,18,0.4410821055731259,83.58741979579388,1,pc,ad,1,2025-09-03,2025-10-30,1
U312137,0.4730222305235309,97.51051774953285,2,8,0.5119953351792413,72.71311081179914,1,mobile,ad,Y,2025-08-17,2026-02-13,1
U639633,0.7875289227359383,229.32434141530095,7,10,0.6022483614560121,84.4121978570449,0,pc,search,N,2025-06-02,2025-10-29,1
U225221,0.11996742547084582,39.861571267549344,3,11,0.8288211946670792,51.494457412111046,0, mobile,sns,0,2025-07-02,2025-09-23,0
U938111,0.7368203762171933,60.69328015260592,2,8,0.4960775466019957,72.4640400824273,3,pc,search,1,2025-03-04,2025-07-16,0
U860538,0.7090498108848065,120.45559083439936,7,6,,,1, mobile,ad,False,2025-01-08,2025-06-22,1
U207760,0.8789265406383812,87.61541108333263,4,9,0.2710536379924743,미응시,2,mobile,search,0,2025-10-15,2025-12-05,1
U807359,0.09228017131575732,74.63112294866274,1,9,0.19587572710979742,87.33873118405651,0,mobile,sns,0,2025-06-30,2025-08-28,0
U205393,0.2853968858771117,87.90528488527669,3,14,0.7730301854923898,69.80061644725396,1, MOBILE,ad,N,2025-11-14,2026-03-31,1
U749101,0.5511938686960719,168.4721614736409,2,10,0.22955656802246915,미응시,0,tablet,search,False,2025-02-14,2025-04-06,0
U178938,0.6281984392019209,230.9438817846051,5,9,0.5502287740759125,49.05295001172696,1,pc,sns,N,2025-05-23,2025-06-09,0
U539373,0.8206682756572321,176.9717012773246,4,11,0.043785425644567354,68.17846899477942,2,mobile,search,1,2025-04-04,2025-07-20,0
U692076,39%,183.03909155901374,5,9,,79.23624925547946,1,pc,search,0,2025-11-03,2025-12-09,1
U755929,0.2071639733510188,123.72681217532795,7,8,0.1144427650501579,82.65411919248754,2,MOBILE,sns,1,2025-05-18,2025-09-01,0
U476747,0.35576073300018457,59.49162044057988,5,16,0.6544511229898463,52.41140185681571,3,PC,ad,1,2025-08-20,2025-09-08,0
U929460,0.5589383974934485,117.71496972330024,2,7,0.5238855907875104,88.45455176857286,0,mobile,ad,0,2025-01-31,2025-04-27,0
U796888,0.07125092653998596,140.39418994343814,1,12,0.6176411168943886,58.35810850418402,3,mobile,ad,Y,2025-07-11,2025-08-23,0
U287438,70%,236.90389761515024,4,11,0.4576747658011548,70.30392602187473,0,mobile,sns,Y,2025-06-10,2025-09-13,1
U704107,0.46604221190968886,325.0684918309644,3,7,0.6203207829997911,64.03657065679444,4,mobile,referral,0,2025-08-11,2025-09-20,1
U757480,0.19690793094822664,160.18407976994405,2,7,0.3321678398306634,77.84149837365342,2,pc,sns,1,2025-08-02,2025-09-16,0
U400273,0.5091506194815834,222.96530337644333,6,11,0.6029346217713971,73.31704604558583,1,mobile,referral,1,2025-02-09,2025-07-22,1
U764407,0.11368409413790309,21.305963491947512,7,4,0.8163018642369354,81.49155977517775,0,mobile,sns,1,2025-01-19,2025-07-15,0
U908528,0.7969379361981126,104.60466346348734,3,13,0.5933464185143972,97.81326460334138,1,pc,search,0,2025-02-15,2025-04-15,0
U835402,78%,123.36509279360148,5,6,0.2877195757112354,77.56993462209445,2,mobile,ad,0,2025-03-21,2025-07-15,0
U786278,0.5356153311229952,174.29659722022984,7,10,0.6811669385613198,63.926485059120544,2,mobile,sns,0,2025-09-22,2025-11-25,1
U671047,0.6314178521695387,329.4965376826803,0,5,0.24961051076259366,78.45496638577778,3, pc,sns,N,2025-04-08,2025-05-08,0
U343481,0.32918183126624306,154.4870876052896,2,12,0.21158450793264444,99.23194945432327,0,mobile,search,N,2025-12-20,2026-01-07,0
U815699,0.5807469113576812,35.874118546403665,5,12,0.436604888808994,81.18876369360541,1,pc,search,Y,2025-02-01,2025-07-12,0
U427772,0.5333961216014529,184.31531221400655,3,9,0.43585135723012874,85.23971052683986,0,mobile,search,N,2025-07-04,2025-07-15,0
U578976,0.6042939930847049,99.71365713276069,6,10,0.5235769491846232,49.68992970142493,1,mobile,search,0,2025-09-18,2025-12-16,1
U382995,0.3970164404091939,173.86092441105583,3,10,,77.41630038540326,2,mobile,sns,False,2025-01-20,2025-02-28,0
U381715,0.7299087800989394,193.26024001832383,0,9,0.7278001020701804,68.24775150104085,3,mobile,sns,0,2025-07-07,2025-11-21,1
U241850,0.5090984547790208,33.903700787258366,3,11,0.4319619605271368,62.47825193098616,0,mobile,sns,1,2025-01-25,2025-02-18,0
U965166,0.6784303312207272,119.32939979424815,3,3,0.6216211283219611,71.68755741837501,0,mobile,search,1,2025-10-15,2026-01-27,1
U233004,0.6658972371276819,122.12384606577974,6,18,0.8087122435729647,73.52087573816009,3,pc,sns,0,2025-06-20,2025-08-21,1
U177632,0.8702941676062239,153.34747841020794,1,11,,63.25851337211239,2,mobile,search,N,2025-11-11,2026-02-13,1
U942513,55%,78.56135920196598,1,20,0.5406169311047387,74.6384926429222,0, pc,search,False,2025-08-28,2025-09-30,0
U599511,0.4475656114024611,64.27564369610596,1,8,0.4691548697130779,69.57118063081559,2,mobile,sns,Y,2025-04-26,2025-05-17,0
U494113,0.6347178550780109,326.4034336375173,4,6,0.734779720792258,,2,pc,referral,,2025-02-26,2025-03-30,0
U763741,0.552853070732334,144.08921556804242,7,5,0.41604180294731646,75.18604777148802,0,mobile,referral,0,2025-02-27,2025-06-11,0
U444987,0.8533431489943567,69.0166896771884,4,9,0.5374138370263184,77.26292702389016,1,pc,ad,0,2025-01-13,2025-05-10,0
U215129,0.2321544232520582,89.24138366061092,6,9,0.6317774212115236,85.71143156161328,0,mobile,search,0,2025-04-20,2025-09-30,0
U756716,0.7095964577740823,335.0473627783864,6,12,0.3725577783939969,,3,mobile,sns,0,2025-09-23,2026-03-12,1
U258399,0.5002782989115381,263.317028801343,4,11,0.12248332802810705,71.91481850347219,2,mobile,sns,,2025-05-10,2025-09-23,0
U597693,0.13016582448053068,82.91483718298139,4,12,0.4375231263848667,42.7830506997704,1,pc,search,False,2025-02-23,2025-02-25,0
U954158,0.559556290131328,60.12700334200334,1,11,0.5636180944459626,79.19219191313015,3,pc,ad,0,2025-01-30,2025-06-06,0
U942525,0.5825905240099067,63.29255833154747,7,9,0.4389778841455946,미응시,1,pc,search,N,2025-06-09,2025-10-14,0
U424704,0.48486516648179084,247.3069182388717,6,6,0.8972096042015562,70.7926704541959,0,mobile,ad,N,2025-03-18,2025-07-23,1
U802270,0.08718901608633454,95.45504028994071,6,13,0.5417196432244062,77.1946577936369,1,mobile,search,1,2025-09-25,2026-01-22,0
U651407,0.23189629746010718,43.47837916910677,7,8,0.5798704797941634,90.66240633307697,1,mobile,sns,1,2025-05-03,2025-09-04,0
U531432,0.6715656900649127,91.07742239965272,2,7,0.63085229272722,,2,PC,ad,1,2025-02-15,2025-05-31,0
U225935,0.6541856670079186,152.35828788843634,1,12,0.12860517291627202,59.10294398380019,1,MOBILE,sns,1,2025-04-10,2025-07-31,0
U438723,0.8825953988820915,117.9990279242319,6,10,0.14082266903129737,53.5779197309255,1,pc,sns,Y,2025-06-11,2025-10-14,1
U686725,51%,265.9345725123117,3,13,0.7897518059971163,76.56004036861555,1,pc,search,1,2025-01-14,2025-01-21,0
U745983,0.4225662573797685,153.50195075443344,7,10,0.5141791387713213,75.39398855653052,1,mobile,search,0,2025-02-10,2025-05-13,0
U104401,0.6781634715435045,166.30792598647517,5,7,0.4585451424683766,55.17373770906259,1,pc,referral,1,2025-12-16,2026-01-08,1
U745983,0.41392203203194017,215.1681517475238,2,18,,71.76755797297884,3,mobile,search,Y,2025-05-07,2025-10-21,0
U861702,0.7833222761217843,208.58217653723375,2,12,0.3314515103634876,80.36557324045458,2,mobile,sns,1,2025-09-30,2026-03-28,1
U956074,0.6089129742672214,90.78088206989595,4,9,0.7946990168741388,54.777875889495036,1,mobile,search,0,2025-11-29,2025-12-27,1
U481422,0.3866213530881936,60.88537361284627,3,11,0.7843356116174452,미응시,0,mobile,search,Y,2025-02-11,2025-07-22,0
U206630,0.2483061269404046,146.15339631248727,2,4,,62.981760904928464,1,mobile,referral,0,2025-09-07,2025-12-01,0
U343870,73%,134.12740063999263,1,9,0.5226512178334254,69.02835651395216,1,pc,ad,1,2025-10-31,2026-03-01,1
U865479,0.12891531951680305,154.1971826495135,5,10,0.744374214932331,81.71560108085652,0,pc,ad,,2025-01-09,2025-05-07,0
U890140,0.10398906639065404,162.04163787397832,0,14,0.4411296762366419,67.4292705699464,0,mobile,referral,0,2025-04-24,2025-05-15,0
U673365,0.7385901491562319,312.289509673736,0,11,0.2625468574081453,72.77443556434307,3,tablet,search,N,2025-02-18,2025-08-01,0
U807359,0.4430369394465086,107.06658189244182,0,14,0.5338849421630335,100.0,1,pc,ad,Y,2025-01-12,2025-05-07,0
U209729,0.44636704714008735,165.92280949633465,5,14,0.31700277639971164,58.61165604249753,1,mobile,referral,1,2025-04-17,2025-07-14,0
U530354,0.2999061683078628,60.69972060242427,0,10,,62.85809243778197,1,mobile,ad,False,2025-03-08,2025-06-27,0
U629431,0.45509762261651887,74.54598195475546,3,9,0.7490016766092353,미응시,2,pc,search,False,2025-11-22,2026-05-17,1
U129140,0.8710587153719037,129.0024492022337,0,5,0.589076443531325,85.83260467585865,1,mobile,sns,0,2025-03-28,2025-07-23,0
U717486,0.2831520899035906,67.33805049840014,4,10,0.5836145954085331,77.80721223104393,2,mobile,sns,N,2025-09-29,2026-01-25,0
U590058,0.927533289574363,186.4191018636587,0,14,,97.32554596271468,2,pc,search,,2025-01-19,2025-06-26,1
U111072,0.7012211908959747,170.2118260128775,0,7,0.8796478521183977,76.44438308820784,0,pc,ad,,2025-08-13,2025-12-17,0
U186109,0.44149367553857416,83.67791310573254,3,8,0.09854288359409914,44.3345484308627,2,pc,sns,1,2025-09-10,2025-10-05,0
U508885,0.39300077095416547,112.01613203230488,5,7,,73.35793962426303,0,pc,sns,0,2025-02-25,2025-07-23,0
U750326,0.38077042958462737,248.7691453839006,0,14,0.42350351223280946,64.00622926263486,0,mobile,ad,1,2025-06-06,2025-11-15,0
U352457,0.7863364810520379,145.10774707843083,3,12,0.5395132426648891,91.37336448397852,0,pc,search,0,2025-12-05,2026-04-16,1
U488171,0.4018789011121556,416.64165240363263,6,17,0.4495432417113659,85.50473689901038,0,pc,search,Y,2025-08-12,2025-09-08,1
U365822,0.4578851488864905,112.07990411815798,5,4,0.5987297544485852,,1,mobile,ad,0,2025-10-22,2026-01-24,1
U971478,0.4168769903719036,120.3825117869202,6,12,0.1450698621103682,90.90445289022558,1,mobile,sns,1,2025-06-04,2025-06-13,0
U512692,0.6780637330033463,129.00750676783485,2,9,0.5277510832286474,85.15114876318245,2,mobile,referral,0,2025-03-29,2025-08-15,0
U383850,0.6235398558827525,39.351716530736454,7,13,0.6090284073800315,67.45753019258842,1,pc,search,N,2025-06-21,2025-12-11,1
U498082,0.284951407449681,116.91887437495836,1,8,0.48351093386621663,70.90181347887983,0,pc,referral,0,2025-05-28,2025-06-03,0
U110882,0.4541514050700175,114.39328963250539,4,14,0.22991421740395004,91.49047857591128,1,pc,sns,1,2025-12-24,2026-01-12,0
U688985,0.44949011352578383,196.45803609073224,3,13,0.41203214405291805,44.39883317915066,2,mobile,sns,1,2025-06-05,2025-11-20,1
U563998,59%,254.5992562459037,0,11,,78.23557207055573,1,pc,referral,1,2025-08-17,2026-01-08,1
U926596,71%,106.05679326295659,7,11,0.47223553189417844,87.30773489175047,4,mobile,search,1,2025-08-02,2025-12-28,0
U764402,0.22456947316739861,25.36785812508193,5,10,0.29762789598220835,70.75801757003151,0,pc,referral,False,2025-05-16,2025-06-22,0
U803163,0.5981120422871213,141.31308989885662,1,9,0.17653394945466833,81.07073738398506,0,MOBILE,ad,1,2025-05-17,2025-09-09,0
U590410,0.6988429890437257,66.78229318023993,0,3,0.49064135228839917,73.44416351180953,1,pc,search,Y,2025-11-04,2026-04-03,1
U199529,0.46032044887127194,148.94062745096068,5,12,,61.02345022403315,3, mobile,search,0,2025-03-18,2025-03-30,0
U451833,0.28394243591892093,146.61145249192862,4,13,0.18458681217567235,60.67357975620046,0,mobile,ad,False,2025-06-01,2025-07-22,0
U997330,0.46011017792178727,79.50804937284188,0,9,0.7370650329999949,81.96700974330756,1,mobile,sns,0,2025-08-31,2025-10-23,0
U139753,68%,142.03301459033403,7,13,0.5332411732876926,63.10010584246589,3,pc,search,0,2025-01-21,2025-04-29,0
U891279,0.5934226149524631,44.58846481274422,5,9,0.8134212433745398,50.65586686245937,1,MOBILE,search,N,2025-09-04,2025-10-19,1
U716045,0.5198709497564465,154.51037058160037,3,5,0.17633152029528196,73.71358168410099,3,pc,search,1,2025-10-31,2025-12-31,0
U355517,0.36911071766412723,207.30322391674707,1,12,0.4439861121062043,64.81686010644081,1,mobile,ad,1,2025-06-11,2025-07-27,0
U800189,0.8349196575933746,174.72828358836793,2,8,0.6782207925799758,55.212486246644055,1,mobile,ad,0,2025-08-01,2025-08-12,1
U853206,0.4460726018766295,92.1232687975263,3,8,0.7059171909095965,73.00446406295042,1,MOBILE,ad,1,2025-06-27,2025-10-26,1
U138897,0.3997455456341674,3186.367592353275,0,16,0.6078270091039328,,1,mobile,referral,1,2025-08-31,2025-12-24,1
U195777,0.8306339827747045,185.29688206399578,2,9,0.4065676564925825,72.28210089867986,1,mobile,sns,Y,2025-01-19,2025-06-26,1
U699173,0.34980878840039753,190.2407488748201,1,4,0.8451244185832022,57.072628015079516,2,MOBILE,search,1,2025-08-13,2025-11-25,1
U999193,0.3227945473659949,272.2547423641076,0,4,0.5304643815362775,78.74524987364973,1,mobile,sns,True,2025-06-16,2025-10-17,0
U121569,0.3281752791460241,163.3265847822482,1,12,0.6964872489202406,,2,mobile,sns,False,2025-01-13,2025-03-19,0
U699115,0.04409477215586145,62.1481985189349,2,11,0.7635225473946275,100.0,1,mobile,ad,True,2025-10-19,2025-12-28,0
U222871,0.6549551747320751,69.66808743618486,3,10,0.5199753512221489,92.18581642371957,3,mobile,ad,False,2025-02-25,2025-05-10,0
U685111,57%,163.40645914044043,2,15,0.7010649269479806,57.92498253721832,0,pc,search,0,2025-08-04,2026-01-26,1
U660982,0.2791703544801676,34.73862031227355,5,10,0.4828815503005447,84.01315833332434,2,mobile,ad,0,2025-11-06,2026-01-30,0
U181396,0.6886303059760237,115.78585210731157,4,11,0.6812435072042502,75.59133488920637,0,mobile,sns,Y,2025-12-02,2026-05-07,1
U712654,32%,102.49628953680558,1,8,0.09706397592307552,55.870611747830075,0,mobile,ad,Y,2025-08-17,2025-10-14,0
U907329,0.7582386882084321,182.1547411785327,7,9,0.8987589147821853,75.97313296550759,1, mobile,search,0,2025-09-18,2026-01-20,1
U877098,0.2762600818382229,54.24798002798109,5,9,0.16938562654640343,98.86147377069928,1,mobile,search,,2025-08-01,2025-09-19,0
U126099,68%,184.27782022784413,3,14,0.41700947274179717,88.7420989500684,3,mobile,sns,N,2025-10-11,2025-12-21,1
U321324,0.2071521833114522,111.52517752834319,0,16,0.9038579708894665,57.811702712687065,0,mobile,referral,1,2025-12-22,2026-05-26,1
U316745,0.5620093667366378,157.03768813773252,7,12,0.2815952181156636,72.19204103638914,0,pc,search,0,2025-06-16,2025-10-17,0
U507962,0.5652428907557717,57.697946518208155,5,11,0.7998222740751243,78.88344202429585,0,pc,ad,1,2025-05-31,2025-08-27,1
U228719,0.23875860491367107,188.49514161588255,3,12,0.37314733323725024,47.78134957705195,2,MOBILE,sns,1,2025-03-05,2025-05-17,0
U868911,37%,228.55388963149665,1,5,0.2830924330638746,48.2638713083458,1,mobile,ad,0,2025-12-23,2026-05-16,0
U799090,0.5382323470832425,616.9613538484098,0,8,0.5090935051140684,74.16478981752125,2,mobile,ad,,2025-11-29,2025-12-27,1
U827513,0.5423054093895603,150.92669953139801,2,11,0.4846503775931124,74.34745069907626,0,mobile,sns,True,2025-09-15,2026-02-15,1
U278383,0.6299637003119296,223.89542624367775,1,10,0.44069332861448324,46.25653493152147,1,tablet,ad,0,2025-08-28,2025-12-18,1
U113115,0.3366772698152133,67.18857792582413,1,14,0.36153299826172025,77.43162935990676,1,mobile,ad,,2025-03-16,2025-05-14,0
U919573,0.5292993333306817,263.9059693542589,3,9,0.6470278562665178,미응시,2,mobile,search,1,2025-11-28,2026-04-03,1
U360017,0.5418140792096077,47.00895678404994,0,14,0.453485337177743,68.94377663603683,0,pc,search,0,2025-01-22,2025-07-20,0
U690641,0.6208014389010484,323.8093480154484,2,8,0.29775321637884944,72.83736500667649,1,pc,referral,0,2025-08-13,2025-10-15,0
U918491,0.7090637443398545,142.0553774181902,6,11,0.6888920371887547,79.99976403357945,1, mobile,ad,1,2025-04-03,2025-06-13,1
U132546,27%,50.31904253494032,6,12,0.8294037887234755,78.14640986811678,1,PC,search,1,2025-06-15,2025-11-30,1
U104926,0.678604464264731,104.3007358824892,0,8,0.7560162399162393,48.63928496968697,2,pc,sns,1,2025-02-04,2025-04-07,0
U104886,0.9215653405666834,222.5267261471972,5,8,0.32096472210247606,미응시,0,pc,sns,1,2025-02-19,2025-07-23,1
U240693,0.0625523235462513,117.14528445563373,7,9,0.62074479366647,미응시,0,MOBILE,search,Y,2025-05-18,2025-10-27,0
U146492,0.297788178774403,116.17280530056087,4,7,0.35127673405885407,59.9484212889934,0,pc,sns,N,2025-05-25,2025-09-07,0
U837981,0.33241642520710124,210.7906439689038,3,10,0.11648802768711954,92.53755897167987,0,mobile,sns,0,2025-11-17,2025-12-01,0
U645332,0.3535697752605038,123.23817262169102,3,5,0.18976634747457513,,1,mobile,search,0,2025-08-06,2025-08-16,0
U982041,0.888366481033932,254.48134589595233,1,10,0.23868350397055393,미응시,4,mobile,ad,0,2025-01-12,2025-03-03,0
U821332,0.2626248186498403,90.27851971182358,3,10,0.49263692074508664,68.99929939087693,1,mobile,sns,1,2025-12-05,2025-12-08,0
U966868,0.661199787484568,36.8844320866479,7,16,0.772852561617215,87.82548991870459,0, mobile,ad,True,2025-08-11,2025-12-27,1
U314697,0.3699758176394292,127.68625657711172,4,14,0.2649087211636451,62.95264852056312,2,mobile,search,0,2025-10-29,2026-02-21,0
U359019,0.43351841857278767,137.053135605394,3,7,0.6581074730537899,83.9221739608196,1,MOBILE,search,1,2025-12-03,2026-02-23,1
U864467,0.5079327639824252,88.0472850104316,0,11,0.0895748635229989,91.36451566784916,1,pc,ad,0,2025-07-06,2025-11-30,0
U320394,0.66733458260936,154.43230211614332,7,8,0.732259499148178,89.02597350505192,2,mobile,ad,0,2025-03-07,2025-03-31,1
U151508,51%,41.64732265016883,1,11,0.36857513505212053,74.52565802417361,3,mobile,search,1,2025-06-13,2025-09-11,0
U702216,0.5074530663399578,157.08180716977316,5,11,0.32095162235113744,89.51434996241406,1,pc,sns,0,2025-09-07,2025-11-07,0
U820866,0.6385724649214769,60.033388241631286,2,11,0.41824161350014494,64.68866776780565,3,mobile,sns,1,2025-01-13,2025-01-17,0
U971375,0.6949351901736511,50.19832885729322,2,7,0.5332531699919402,100.0,0,pc,search,0,2025-12-11,2026-03-07,1
U935014,0.7639129389210524,134.7574555648142,1,5,0.49629882588753993,75.37189358008354,0,mobile,search,0,2025-05-08,2025-06-03,0
U208207,0.7002675819908778,47.35885857201554,3,9,,88.05511826953854,0,mobile,referral,1,2025-08-29,2025-09-06,0
U794896,0.4517837383443257,27.915756740341248,5,8,0.4959114146511541,66.93187597378841,0,mobile,sns,True,2025-12-24,2026-01-31,1
U861514,0.6534975130394396,169.4874024457473,3,9,0.2593010356638214,78.99180346552089,1,mobile,sns,True,2025-11-11,2025-12-16,1
U728308,0.6189002959279365,64.82148344786098,0,13,0.12135678366351615,79.60848872925925,2,pc,ad,Y,2025-09-27,2026-01-18,0
U837818,0.6614785311523065,179.79079599916892,2,10,0.46422499673900885,58.996328560289754,1,mobile,ad,1,2025-04-19,2025-09-09,1
U854181,37%,108.84048009903495,1,5,0.47680480714582796,58.58179282123539,0,mobile,search,Y,2025-07-11,2025-10-06,0
U501894,0.790161876997892,134.68208791235642,3,10,0.14752296951386787,69.13696421008441,1,mobile,sns,0,2025-07-02,2025-10-26,0
U136136,0.522130351399684,224.53939001896785,7,12,0.37555140610169163,87.47465561384388,1,pc,referral,N,2025-11-10,2025-11-28,1
U510574,0.7804163034132726,164.09161191075682,7,13,0.09784767479388105,46.360012986169735,1,mobile,ad,True,2025-01-15,2025-06-06,0
U281603,0.3014005140448319,182.04088156499466,7,12,0.7703236822643598,66.92011092430225,2,pc,sns,Y,2025-01-09,2025-04-09,0
U202356,0.6103054735642081,178.20566439282496,0,11,0.1968993439383477,90.33821672012655,1,pc,sns,N,2025-02-13,2025-05-01,0
U212431,0.7880339655745824,82.79750022571025,3,12,0.40683805913487914,54.75018849187241,1,mobile,sns,N,2025-12-15,2026-05-21,1
U727635,0.8244273551004585,159.78558836596198,0,4,0.4137186658516641,89.5546092855805,0,pc,search,False,2025-07-16,2025-09-10,0
U554077,0.4817036766020992,70.52370182959028,3,8,0.8084903186368304,56.21089832805259,2,pc,ad,False,2025-09-12,2025-11-30,1
U585854,0.7552767339233768,159.99497502038662,4,12,0.06355021698014603,59.16841740281839,1,mobile,referral,0,2025-02-04,2025-07-21,0
U770668,0.7570191200104244,105.66110673105186,6,11,0.8774513405046291,69.93889510973622,1,mobile,ad,1,2025-01-05,2025-02-01,1
U593440,0.8801027344194984,119.36030394122383,2,12,0.7031495859962439,98.22842695733311,1,MOBILE,ad,1,2025-08-25,2025-11-27,1
U667010,0.5509312590361815,303.21297315910755,0,10,0.476360839727793,63.03989925022758,2,pc,ad,1,2025-09-14,2025-12-27,1
U177421,0.3637963782908284,173.87708395238138,3,12,0.5254788957422474,47.73852096292879,0,mobile,search,1,2025-06-05,2025-10-09,0
U866017,0.3454068684354459,86.93665194028918,3,12,0.44612090812257627,52.37289533529225,2,mobile,ad,0,2025-01-31,2025-07-18,0
U503902,0.494691087437147,41.45843599227467,4,13,0.17821130241100458,85.04727466381514,3,pc,search,1,2025-06-28,2025-08-29,0
U239691,0.5655529593029837,137.2675188902713,0,10,0.5266390968489287,53.03363600870806,0,MOBILE,referral,Y,2025-08-21,2025-09-10,0
U831994,70%,45.51233973457973,4,10,0.561121982254965,88.63150405673633,2,mobile,search,1,2025-03-19,2025-05-30,0
U761158,0.7233266291716041,325.12670495635155,3,7,0.6529365213205389,,1,pc,referral,0,2025-04-20,2025-05-18,1
U147723,55%,121.4494569698493,5,11,0.8283332578222564,71.5482028273908,2,pc,referral,1,2025-09-29,2026-02-07,1
U273737,0.7547158383394802,211.86479826551917,7,11,0.19934786526571624,76.1622594434324,2,mobile,sns,0,2025-03-19,2025-06-29,0
U114174,0.0687517674138448,52.49910167016825,1,6,,60.787115297445204,1,mobile,search,0,2025-02-06,2025-06-23,0
U343682,0.6837912513615354,171.2971277758053,6,6,0.5859305278264506,73.93020690093269,2, pc,sns,0,2025-08-17,2025-10-17,1
U189982,0.816925155042959,237.24764161691374,1,4,0.14189704723810703,55.29697804568124,2,mobile,search,N,2025-01-09,2025-06-30,0
U738913,0.1658297434575557,179.48487740254149,7,9,0.2275124633042473,90.88447301515691,1,tablet,ad,1,2025-06-07,2025-11-16,0
U570297,0.2877303951951866,202.77798537035977,3,8,,57.617866781250626,0,mobile,referral,0,2025-07-27,2026-01-08,0
U982183,54%,162.28706569360372,5,15,0.18124785350940928,78.14432888893175,1,pc,search,0,2025-01-24,2025-06-02,0
U774480,0.7637859116166765,99.73455014731616,6,10,0.3412958945644234,57.51349576835143,3,pc,referral,1,2025-08-26,2025-09-28,1
U650388,0.9417264480773443,72.43761522222766,4,7,0.1365670025343369,64.53513578912028,3,mobile,search,Y,2025-10-27,2025-11-22,1
U558381,0.6519929858705201,80.21363629803918,3,10,0.7473578608182007,66.76635152176266,1,mobile,search,False,2025-12-21,2026-06-12,1
U149050,0.5754589360577199,329.4966677900473,6,8,0.062448371963726976,100.0,1,tablet,sns,False,2025-04-07,2025-09-11,0
U163181,0.8094025232595249,145.91724440000857,3,5,0.32894592797912164,71.79775478570696,1,pc,sns,,2025-04-30,2025-10-06,1
U654677,0.621320457446406,249.96863233343052,5,15,0.16731654310898278,60.49858284143713,1, mobile,search,1,2025-08-14,2025-12-08,1
U103941,0.48007491200301183,90.24812737059146,4,9,0.33849014582507203,65.77622143516572,2,mobile,sns,Y,2025-08-07,2026-01-09,1
U138115,32%,195.89713344695392,3,18,0.47074190780722747,50.934584274974625,3,mobile,search,0,2025-08-10,2025-11-07,0
U297221,0.7876215655977318,69.05241095429622,0,10,0.4602141817932258,69.72099709962919,1, mobile,ad,1,2025-04-25,2025-05-24,0
U895730,0.8688777890338203,110.65569963172054,2,9,0.5924318604303714,97.91521330172415,3,MOBILE,sns,1,2025-01-21,2025-03-08,0
U513036,54%,96.86231927890627,7,12,0.8033931533679134,76.70455343372036,4,MOBILE,ad,1,2025-01-10,2025-06-13,1
U738619,85%,308.4292522713528,4,7,0.07229998794139611,84.64761329617596,1,mobile,search,N,2025-12-30,2026-04-26,1
U470405,0.9561813511791607,76.9830148575576,5,10,0.5588896264723131,59.26078904272854,0, pc,ad,1,2025-05-28,2025-11-24,1
U255814,0.8528009419164341,183.53448586483742,2,7,0.7677285248981287,69.1532096306161,2,TABLET,ad,0,2025-06-12,2025-11-21,1
U434040,0.22837977898273887,164.7571597136853,5,7,0.24968292863608982,74.85463689358637,2,tablet,referral,0,2025-08-16,2025-12-31,0
U182548,0.8441483566105131,55.930430908388814,3,9,0.29752193528903126,,0, pc,ad,,2025-03-16,2025-03-22,0
U501894,0.21296754896478093,251.47780004283996,1,9,0.3277202061678186,77.60009431423519,1,mobile,sns,0,2025-05-20,2025-06-22,0
U265179,0.24674293655695453,268.13760395758834,1,9,0.41417774536223567,80.61599781264273,0,mobile,sns,0,2025-06-08,2025-08-14,0
U438738,0.7630953283968198,146.28438713035703,3,15,0.19512226746337438,79.59987271171155,1,mobile,ad,0,2025-02-04,2025-02-10,0
U982023,0.36910265668574943,132.1094007591378,4,6,0.4625148850561886,69.88483411726315,1,mobile,referral,0,2025-08-08,2026-01-24,1
U632766,0.3575935051669997,36.360123110038494,2,10,0.37131111766329555,87.27275820913584,2,pc,ad,0,2025-03-12,2025-04-22,0
U512704,0.7670624539518843,50.27597698302509,1,12,0.681869592463089,68.3933558607413,1,pc,search,1,2025-01-02,2025-03-12,0
U588710,0.18556442180326282,108.82153776235673,2,9,0.42673400537427847,67.1165089711181,0,pc,sns,1,2025-08-15,2025-12-15,0
U805672,83%,70.53877842950526,2,10,0.8355197488621274,92.18154609940643,0,mobile,sns,1,2025-04-20,2025-04-26,1
U329033,0.7452950274520812,212.0083986578263,5,10,0.24724675757699013,56.50247180419193,1,mobile,search,0,2025-09-19,2026-01-12,1
U672766,0.9241325840861515,48.872170520225666,3,10,0.7932242022086526,,0,pc,sns,0,2025-07-15,2025-08-02,1
U885421,0.8278218449194595,45.73041969928377,3,10,0.13239045063576815,59.850571572666695,0,mobile,referral,1,2025-01-11,2025-06-23,0
U615171,0.7271292918793911,174.1398228804852,1,5,0.3178341999819236,77.42138697349256,2,mobile,search,1,2025-09-10,2026-01-13,0
U501885,0.6060061110457168,158.20848561919533,4,9,0.5080382812005143,89.97027420251263,1,pc,sns,0,2025-01-15,2025-03-16,0
U230617,0.3396406833358096,140.11810692471695,7,11,0.2369710526154673,,0,pc,search,1,2025-04-25,2025-08-29,0
U323460,0.5284966386180665,196.33051487932016,5,10,0.519770227031717,97.40772528406589,1,mobile,search,Y,2025-09-07,2025-11-02,1
U951421,0.9213937450282176,85.4557544991431,3,10,,72.38076295986838,1,mobile,search,1,2025-05-28,2025-06-17,0
U587133,0.722949512443332,99.64575846041416,2,8,0.15495946385787365,70.38258633922534,2,pc,ad,1,2025-05-21,2025-05-22,0
U371208,85%,155.3334997081609,2,7,0.431007523186847,60.100866028526184,1,PC,sns,0,2025-03-22,2025-04-30,0
U476531,0.678305374592414,145.77151111042951,0,11,0.12190230603686378,99.31897236089887,0,mobile,ad,1,2025-06-11,2025-10-17,0
U620214,0.5077790600105877,5665.503880374118,0,16,0.39192158822832096,69.89595570773419,0, pc,ad,1,2025-04-17,2025-07-28,0
U583791,0.5254308091994044,231.7417595126902,6,11,0.3087428912713683,53.352167633316036,1,MOBILE,search,1,2025-12-11,2026-01-29,1
U729797,0.5273047809213668,57.07171736217866,6,7,0.7932615111361596,100.0,2,PC,ad,Y,2025-09-08,2026-01-10,1
U331743,0.45756949481215986,104.75150045684718,7,6,0.4242979295374258,77.51138131393286,1,mobile,search,1,2025-11-27,2026-02-05,1
U684309,76%,59.9433994458226,5,9,0.7232401981636013,83.18362630845992,1,pc,search,True,2025-05-03,2025-05-31,1
U498409,7%,408.3286290366682,7,14,0.19624472533591272,95.54184309177012,1, pc,ad,False,2025-12-12,2026-04-13,1
U946534,0.6692825306261224,134.2514956080311,3,7,0.8028240057817965,,2, mobile,ad,0,2025-04-12,2025-07-03,1
U242130,57%,67.59928188521619,2,13,0.5035422011191207,85.64845099862238,1,mobile,ad,True,2025-04-23,2025-08-21,0
U233594,0.8862846254185839,97.35340975363707,1,11,0.2582359467508084,72.76055101259277,1,pc,search,Y,2025-04-19,2025-07-29,0
U357801,0.5246358176005502,154.01339654848704,1,9,0.33283382397174627,미응시,1,mobile,search,0,2025-08-03,2025-08-21,0
U557516,0.7182449872128672,211.14037991928012,5,10,0.4796964432691358,71.52179059620723,0,pc,sns,0,2025-08-12,2025-08-20,1
U721786,0.6076636708063446,72.10974291678417,0,13,0.5685279739552525,71.71705879822511,0,MOBILE,sns,1,2025-01-24,2025-02-11,0
U463630,0.6006849474110585,275.9128878321963,7,13,0.1948613860372263,73.67603459147526,0,mobile,search,N,2025-07-24,2025-09-02,0
U922343,0.5938121456333049,131.18299460374138,6,7,0.8090401980592511,66.44458795535344,2, pc,ad,0,2025-12-13,2026-01-22,1
U526751,0.3416833238574025,175.07764511170186,3,11,0.21029784591451267,79.06128969470286,1,mobile,search,1,2025-05-29,2025-11-11,1
U216402,0.23794054727741537,92.68846925080423,5,9,0.10210157986152735,79.02583245301149,4,pc,search,False,2025-09-12,2026-01-31,0
U207295,0.5960805116063285,246.70751325492768,1,9,0.2456907534295626,83.46483239852427,2,mobile,search,0,2025-08-19,2026-01-25,0
U976064,0.48155288631335685,160.79163969275078,3,4,0.8902540530467065,80.95449121049661,1,mobile,referral,True,2025-12-23,2026-03-18,1
U220685,0.5267736007723731,88.39466730409634,0,14,0.3611720846124949,100.0,2,mobile,ad,1,2025-08-22,2025-10-19,0
U953065,0.541717843306649,100.7116256847947,0,16,0.3486806738673088,86.73681635491194,0,mobile,ad,0,2025-06-21,2025-09-01,0
U350267,80%,215.71535168250247,0,13,0.5490151055212459,69.09847353419568,1, pc,sns,0,2025-01-05,2025-06-11,0
U184068,0.7313790546248677,169.50007300100256,6,7,0.4401464576942461,78.34300105356279,1,mobile,referral,0,2025-10-20,2025-12-23,1
U374233,20%,107.11824599766999,5,14,0.6943605997258999,91.77777359824022,1, mobile,search,True,2025-05-04,2025-08-26,0
U653227,0.3403833922875786,209.03672578709399,7,9,0.19917125563754504,58.70037535378257,0, tablet,search,N,2025-12-03,2025-12-29,0
U485112,66%,151.05952542696943,7,8,0.7807935118760511,100.0,1, mobile,ad,False,2025-03-30,2025-09-23,1
U807021,0.5498014564557637,31.745979425304398,7,15,0.6410007184200219,,1,mobile,sns,1,2025-06-09,2025-10-03,1
U649888,0.1316003994818667,119.73130638042576,7,7,0.010518628444164234,84.60385550532884,0,pc,search,Y,2025-10-29,2026-04-21,0
U460705,0.6128749087309839,213.02077181174593,0,4,0.5153069308052749,72.09240616314287,2,pc,search,,2025-02-25,2025-04-19,0
U671165,0.6355709707958322,323.8119930480163,6,10,0.3340776547262581,71.28694640119782,1,mobile,search,1,2025-04-11,2025-07-31,1
U974315,0.7506943872309216,63.23572133071765,5,14,0.5265311012117679,53.75921976893045,0,tablet,search,1,2025-10-16,2025-12-04,1
U470629,0.739558631718194,205.12252876067797,1,15,0.1778475093826204,84.70500132888913,3,MOBILE,sns,0,2025-04-26,2025-07-19,0
U238099,0.6596611217164213,130.62606518472424,1,14,0.6903038958686176,,2,mobile,ad,1,2025-12-15,2026-02-11,1
U467904,8%,55.92065401053883,7,10,0.751136336893299,51.801216739935924,0,mobile,search,N,2025-07-15,2025-08-09,0
U856102,0.8250258667163389,59.31721501030339,7,6,0.2305958395549957,,1,pc,ad,N,2025-10-28,2026-01-16,1
U295865,0.18661441421030092,64.87610612719843,2,14,0.4980097868815534,97.0544783411031,1,MOBILE,sns,0,2025-07-19,2025-10-22,0
U954227,0.2933287372142879,44.09090513895543,0,15,0.518043658061799,,1,pc,ad,0,2025-01-17,2025-02-14,0
U629475,72%,52.41752538289144,2,13,0.28446033046467023,86.0435291311733,2,mobile,referral,True,2025-10-23,2026-01-03,1
U641415,0.6959652586511025,133.74934096822608,0,8,0.3986058723627178,83.1513689475675,2, mobile,search,Y,2025-06-02,2025-06-18,0
U385336,0.17589634270011964,31.199059787063774,5,8,0.4376002256832072,70.7187382684393,1,pc,search,1,2025-05-22,2025-09-15,0
U928410,0.5671905847354476,72.8632563957178,3,10,0.30750106275142103,,0,tablet,search,1,2025-09-26,2025-11-21,0
U132453,74%,101.38769876340953,0,7,0.7263106752972075,69.7092894761281,0,mobile,search,0,2025-04-13,2025-04-29,0
U368803,66%,73.15995690650288,7,15,0.41072997822907586,79.24547803446634,0, mobile,search,1,2025-06-05,2025-09-05,1
U476559,0.6217219492424764,48.23179966744916,6,5,0.5743598619054726,54.44722163320277,2,pc,search,Y,2025-08-10,2026-01-08,1
U529547,0.29539039102817033,128.08177203691088,7,11,0.49620409655482584,55.04558517788499,2,mobile,ad,0,2025-08-04,2026-01-30,1
U526718,0.6782432000516785,72.16134714569185,7,9,0.22164851919169032,88.36662950704293,0,mobile,search,1,2025-09-23,2026-03-17,1
U233131,0.653024849940575,76.01995938474927,0,10,0.595600575348502,79.71687296202776,2,mobile,sns,True,2025-01-30,2025-03-02,0
U303033,0.9030115507416253,116.30615235616368,6,16,0.3776314247884641,70.00560373686913,1,pc,ad,N,2025-12-28,2026-02-03,1
U185717,0.2975822867602832,182.81588980237777,6,15,0.785797519834118,98.70983281350266,2,mobile,sns,0,2025-08-10,2026-01-18,1
U615211,0.503339996030747,83.99912765846591,6,7,0.5733767049219669,98.56241940564902,2,mobile,sns,N,2025-08-14,2025-12-06,1
U415781,0.5843384957377884,86.85011926439488,2,12,0.8708496123782495,78.14835199664186,1,mobile,sns,Y,2025-11-18,2026-02-24,1
U609194,0.5256021055757587,54.417273311311966,3,9,0.8019170444048257,51.620828344735024,0,mobile,ad,1,2025-06-28,2025-11-20,1
U630742,0.8525447503081189,211.63749651923024,7,12,0.27284528070396774,70.43761416799529,0,mobile,search,1,2025-01-12,2025-01-23,0
U731801,0.5579677254210483,129.44621091595815,0,6,0.2841533543254157,60.34385438005926,2,MOBILE,sns,1,2025-02-18,2025-05-29,0
U592331,0.5305194238694988,203.9909429365123,5,11,0.10828567628447468,,2,mobile,search,0,2025-12-11,2026-03-24,1
U683152,0.40800672212671135,222.99325815405706,6,11,0.27160374295985756,58.891839667914525,0,mobile,search,1,2025-12-26,2026-06-13,1
U628434,0.8510462434126508,83.25502130552333,6,14,0.4664494796479114,55.252837058027524,1,mobile,search,0,2025-01-31,2025-04-25,0
U687189,0.5759886645349482,361.2662572306086,4,13,0.4448410953271187,,2,pc,search,1,2025-09-07,2025-12-08,1
U654978,0.3172048810158887,195.25237696684894,6,13,0.2004938029753295,,1,mobile,ad,N,2025-08-29,2026-01-20,0
U384592,0.6420472470075458,137.23167453625095,7,8,0.46348350162291313,39.8173163650927,1, mobile,ad,0,2025-03-02,2025-04-19,0
U321655,0.24755500893223734,88.15568823094034,6,6,0.5485512567323952,67.5166307774845,3,mobile,sns,False,2025-10-14,2025-10-26,0
U808688,0.7101976533882344,79.39754456391081,0,8,0.4159048407340074,81.72155762570013,2,MOBILE,search,0,2025-06-17,2025-09-10,0
U408431,0.6030493377935522,127.27012562271472,1,6,0.2228577329223686,61.89066037914317,2,pc,ad,0,2025-03-25,2025-07-13,0
U594229,0.6941292421948642,145.87192878261044,2,14,0.6820088741993953,56.812400818007404,2,pc,referral,0,2025-07-23,2025-10-19,1
U277275,0.3737851464360761,25.187116635158628,2,3,,71.05014259417815,1,pc,search,1,2025-11-26,2026-04-02,0
U488275,0.557487568683235,96.38777221448099,2,12,0.3857850017880437,60.3995226013423,0, mobile,ad,Y,2025-03-20,2025-05-04,0
U576696,0.7897624895361035,142.20142760219412,1,9,0.2375827909026705,,2,tablet,ad,N,2025-08-14,2025-08-16,0
U663410,0.26533441285146137,162.4214016555232,5,12,0.9189489160941146,57.54038188283522,2,mobile,search,0,2025-09-24,2026-02-13,1
U573738,0.40325743245637996,115.76236471806648,0,14,0.5646682433805874,70.53708503343766,2,mobile,search,True,2025-08-16,2026-01-16,0
U424591,0.2369796757895418,159.54888870215484,6,9,0.22969595294487194,67.15010989424056,0,mobile,ad,1,2025-08-25,2025-12-14,0
U965593,0.6527613447394385,79.48334017801864,5,8,0.46521752910283515,71.83869738283765,3,mobile,sns,Y,2025-09-22,2025-11-17,1
U561464,0.7042677881525318,157.18014343509103,7,13,0.5113177924494223,94.8921223162406,1,mobile,sns,1,2025-03-27,2025-06-02,1
