source,text,doc_name,chunk_id
국방부_정책자료,"국방개혁 기본계획 2014~2030 aazee 정예화된 선진강군』 a, 선택이 아니라 역사적 소명입니다.",14-30.txt,0
국방부_정책자료,"이를위한 국방개혁, 반드시 추진해나가겠습니다.",14-30.txt,1
국방부_정책자료,"방개혁 기본계획 수립, 망 및 평가, 국방개혁 기본방향 국방개혁은 「국방개혁에 관한 BS, 에 근거하여 시행하고 있습니다.",14-30.txt,2
국방부_정책자료,oanuwm & = ㅎㅇ 동북아 지역을 둘러싼 안보ㆍ국방환경은 다양한 형태의 위협으로 변화하고 있습니다.,14-30.txt,3
국방부_정책자료,국방개혁 기본계획(2014~2030)을 통해 혁신ㆍ창조형의 「정예화된 선진강군」 을 육성하겠습니다.,14-30.txt,4
국방부_정책자료,"PART 2 군구조분야 개혁목표 12 한반도 작전환경에 부합하는 작전수행체계를 구축하고, 합동성을 강화하기 위해 합참을 개편하겠습니다 압 7 . 13 2022년까지 상비병력을 52.2만 명으로 점진적 감축하되, 간부비율을 증가하여 병력구소를 정예화하겠습니다.",14-30.txt,5
국방부_정책자료,14 육군은 네트워크 중심 작전환경 OSAMA SAA 수행이 가능한 부대구소로 개편하겠습니다.,14-30.txt,6
국방부_정책자료,16 해군은 수상ㆍ수중ㆍ공중 입체전력 통합 운용에 적합한 부대구소로 전환하겠습니다.,14-30.txt,7
국방부_정책자료,18 해병대는 전략도서 방어 및 입체고속상륙작전 등 다양한 임무수행이 가능한 공지기동형 PUTAS 전환하겠습니다.,14-30.txt,8
국방부_정책자료,20 STE 효과중심의 공세적 항공우주작전 수행과 합동성 및 전투력 발휘를 극대화하기 위한 부대구조로 전환하겠습니다.,14-30.txt,9
국방부_정책자료,22 현존 및 잠재적 위협에 대응할 수 있는 전력을 구비하겠습니다.,14-30.txt,10
국방부_정책자료,1ㅇ024164415 | PART 3 국방경영 혁신으로 고효율의 선진 국방운영체제를 구죽하겠습니다.,14-30.txt,11
국방부_정책자료,"26 다양한전장환경에서 전투임무수행이 가능하도록 실전적 과학화 훈련기반을 조성하고, 을 제고하겠습니다.",14-30.txt,12
국방부_정책자료,"28 SH SA 전투력 발휘가 가능한동원체제로 개선하고, 향방예비군의 장비 보강과 훈련을 강화하겠습니다.",14-30.txt,13
국방부_정책자료,"30 군수지원체계를 경제적, 효율적으로 발전시키고 군사시설을 재배치하겠습니다.",14-30.txt,14
국방부_정책자료,"32 국방획득체계를 개선하고, 국방과학기술 SAS 향상시키며, 방위산업을 활성화하겠습니다.",14-30.txt,15
국방부_정책자료,34 선진 병영문화 정착 및 양질의 진료서비스 제공 등 국민과 장병에게 신뢰받는 국군의 모습을 만들어 나가겠습니다.,14-30.txt,16
국방부_정책자료,"0x 실질적 전투준비를 위해 PART 4 국방개혁, 국민의 적극적 지지와 관심이 필요합니다.",14-30.txt,17
국방부_정책자료,iy 38: 성공적인국방개혁 방재원의 확보가 필요합니다.,14-30.txt,18
국방부_정책자료,40 국민의 지지와 성원 국방개혁 기본계획은 시시각각 변화하는 안보환경에 능동적으로 대처하고 미래전에 대비하기 위해 지난 2005년에 최초로 수립되었습니다.,14-30.txt,19
국방부_정책자료,"그 후 국방개혁에 관한 법률에 근거하여 매 2~34 주기로 보완하고 있으며, 최근 급변하는 안보상황을 고려하여 「국방개혁 기본계획(2014^~-2030)」 을 실현 가능한 계획으로 발전시켰습니다.",14-30.txt,20
국방부_정책자료,"| 국방개혁 관련 법령 ㄱㄱ Le Le e 국방개혁에 관한 HS 제정 : 법률 제8097호(2006.12.28.) e 국방개혁에 관한 법률 시행령 제정 : 대통령령 제19961호(2007.3.27.) * 국방개혁 추진 규정 제정 : 국방부훈령 제853호(2008.1.10.) 간 및 기간 만료시점에 한미동맹의 발전, ; 세 및 국방개혁 추진실적을 석ㆍ평가하여 。국방개혁 기본계획"" 에 반영 uo 기본계획 수립 — “21Ml7| 선진국방""을 위해 국방의 문민기반 St 군 전투임무수행 전념, 현대전 양상에 부합된 군구조 /전력체계 구축, 저비용ㆍ고효율의 국방관리체제 혁신, 시대상황에 부응하는 병영문화를 획기적으로 개선 r z| = “정예화된 선진 강군"" 육성을 위해 미래지향적인 선진 국방역량을 안보 / 국방환경 변화에 Ete: 실용적인 국방개혁으로 보완 J tal 10 Hu 모 = nat +> 32 iH J ""다기능 ㆍ고효율의 선진국방 구현"" 을 위해 한반도 작전환경에 부합하는 고효율의 선진 국방운영체제 구축 러싼 안보 ㆍ국 ㅇㅇ 8 안보정세 전망 미국이 주도하는 국제질서에서 신흥강국의 부상으로 국제정치의 구조적 변화가 진행 중인 가운데 국가 이익 및 영향력 확대 경쟁과 군사력 현대화, 군비경쟁이 가속화되고 있습니다.",14-30.txt,21
국방부_정책자료,이러한 전략 환경 변화에 부합하는 우리의 대비소요가 증가하고 있습니다.,14-30.txt,22
국방부_정책자료,"~ 병력: 약150만 주요무기 : on 별 국방비: 약7, 전력증강 : 태평양사 전력증강 등 전투(쪽기 348 등 : 약 584억 달러 : MD 구축, 『-35 도입, 이지스 능력 향상 등 PART 1 국방개혁 기본계획 2014~2030 0 [에 , 체제 안정화를 위해 다양한 방법으로 대남 위기를 지속적으로 조장하고 있습니다.",14-30.txt,23
국방부_정책자료,체제 유지와 국면전환을 위한 도발 가능성이 상존하기 때문에 이에 대응할 수 억제전력을 갖추어야 합니다.,14-30.txt,24
국방부_정책자료,"rot 30 Ht > Hr i | Jk [|0 & Tlo 네트워크 발전으로 감시 ㆍ결심ㆍ타격의 반응시간이 단축되고, 초정밀 무기체계의 발달로 병력위주 군대의 효율성이 상대적으로 감소하고 있으며, 세계 군사선진국은 군사혁신을 통해 새로운 패러다임에 적응해 가고 있습니다.",14-30.txt,25
국방부_정책자료,"출산율 저하에 따른 병역자원의 감소로 양적 군구조 유지에 한계가 있으며, 국민의 복지 요구 점증으로 적정 국방비의 안정적 확보에 어려움이 예상됨에 따라 부대규모 축소 및 정예화가 불가피합니다.",14-30.txt,26
국방부_정책자료,"개 Tor 적 | 국방개혁 기본계획(2014^~2030) 기본방향 = = eS: 혁신 ㆍ창조형의 「정예화된 선진강군」 육성 * 단 -중기적으로 북한 위협에 대비한 SAS 우선 확보하고, 장기적으로 통일 시대를 준비하면서 잠재적 위협에 대비한 방위역량을 강화합니다.",14-30.txt,27
국방부_정책자료,"* 현재 및 미래 안보환경의 변화를 주도하고 능동적으로 새로운 위협에 대처할 수 있는 혁신 ㆍ창조형의 '정예화된 선진강군, 을 육성합니다 『 중점 *군구조 개혁 분야 의 비대칭, 국지모발 및 전면전 위협에 동시 대비가 가능한 SAS 구비하고, 병역자원 감소에 따라 정예화된 병력구조로 개선하겠습니다.",14-30.txt,28
국방부_정책자료,"첨단전력을 증강하여 단위부대의 작전능력을 향상시키고, 제대별 책임지역 확장에 따른 부대 수와 HPS 조정하겠습니다.",14-30.txt,29
국방부_정책자료,네트워크 중심 작전환경에 적합하도록 중간 지휘제대를 적정화하고 간소화하겠습니다.,14-30.txt,30
국방부_정책자료,"> 것 고 EJ 10 Hol [모 버 = i ro Ju Ho 0요 mo 에 내 [것 4m ju lo oN ㅣ 해 EI on 1279 Po 고 고 re hilo HM ou @ 선진 정예강군 육성 ※ 국방환경 및 전쟁수행 패러다임의 변화에 능동적으로 대처가능한 군구조로 개편 한반도 작전환경에 부합하는 작전수행체계를 구축하고, ee . 동성을 강화하기 위해 합참을 개편하겠습니다.",14-30.txt,31
국방부_정책자료,= 고 = 합참 내에 미래사령부 조직을 편성하여 전시작전통제권 전환 시 연합 지휘역량을 강화하겠습니다.,14-30.txt,32
국방부_정책자료,|참 개편은 전시작전통제권 전환시기와 연계하여 추진하겠습니다.,14-30.txt,33
국방부_정책자료,"ol 피 4) 작전지휘(00001:008200100017270]:직전임무수행을위하여지휘관이예하부대에행사하는권한으로서작전수행에필요한자원의획득 및비촉,사용등의 AAS 통제 전투편성(예속 배속,지원,작전동제, 임무부여 목표의지정및임무수행에 필요한지시등의권한을의미함. 5) ZB (Military Command): 국방목표 달성을 위하여 군사력을 운용하는 용병기능으로서 군사전략기획, 군사력 건설에 대한 소요결정 12 및작전계획의 수립과 작전부대에 대한 작전지휘 및 운용, 합동작전능력 강화를 위한 훈련, 교육, 전비태세검열 등을 의미함. veo, 때 께 뻐 분 Bi Fe Bre 7 a oad #0 이 N a 건 개 oO GY 이 N wo oll 50 Ti a a se) 08 oO oO Ww oO 40% 31.7% 에 따라 각 군별 간부비율을 40% = (%) 40 츠 = 상 유지 * 상비병력 감 이 28,9 % 20 |여 숙련도와 로 간부 증원 ㅇ 즈 도울 나 편과 연계 직위에 부사관 위 ㆍ기술집약형 군구조 개 = 전문성이 요구되 t AIC] ac Ea 417 '12년 | 부대구조 개편 네트워크 중 공세적 통합 개편하겠습니다.",14-30.txt,34
국방부_정책자료,"<현재> <개편> 1군사 32 2작전사 | 수방사 > | 지작사 Ei 4S 군단 군단 특전사 지역군단 | 기동군단| 를 득전사 | 항작사 렬 항공사 | 유도탄사 를 미사일사 | 6) 네트워크 중심 작전환경(4 네트워크화하여 전장상황을 공유함으로써 효과중심의 동시ㆍ통합작전 수행을 보장하여 전투력 PART 2 국방개혁 기본계획 2014~ a 군단 중심의 작전수행체계 구축 지상작전의 최상위 전술부대로서 독립작전 수행이 가능하도록 개편 미래 군단은 현재 야전군사령부의 역할을 수행하기 위해 참모부 기능 보강 공군 ASOC 편성으로 다화력전 수행능력 강화 항공단 ㆍ방공단ㆍ군수지원 여단으로 편성하여 전투(근무)지원능력 향상 전장영역 확대에 따라 감시 ㆍ결심 ㆍ타격능력을 구비하기 위해 전력 증강 = 차기군단 UAV (영상ㆍ전자전) 현재 군단 작전 지역 Deas , i Le OO) svn et 작전 지역 년 개 & 표적 지역 군단 지휘소, ASOC <개편> ul ul Rd RA OME 00 ro) | iN 임무 확대에 따라 대사(3) 전 + | Ke 어그 AZZ 고 해 져 + mw FF TH a 원 띄 es 양정보단 } t 개편 <현재> 해 4 |특 해 브 부 강 중, ut [기 해 | Fp 전 기동전단 령 rl 력 WA f—! 조 | 함대사(3) 잠 부대구 Pas ees -국랑캐와 기몬케의 2014-2030 비대칭위협에 대응하고, 국제평화유지 활동 SS 위해 확대 개편 한 항공작전 임무 확대에 따라 개편 를 2 ~ 뽀 a 부대구조 개편 <현재> <개편> 해병대사/서방사 | | | | ust oat | oot gay P 상지단 | 교훈단 (해군예하) (제주부대) a 제9해병여단(제주부대) 창설 * 해군 제주방어사령부 해체에 따라 제주도 내 지상작전 및 통합방위작전 수행 PART 2 2014-2030 x 혁 기본계 국방개 편 |여 개 ㅇ 과 연계 20 | 방공유도탄사 <현재> <개편> 공군 공군 | 작전사 | 교육사 | 군수사 」직할부대 작전사 ㅣ 교육사 | 군수사 직할부대 ㄴㄴ 전투사0) | 방공관제사 방공관제사 i 위성감시통제대 | 36전술항공통제전대 — ： 37전술정보전대 a 전술항공통제단 창설 7) ASOC(Air Support Operations Center, 항공지 : ㅎㅎ 작전 임무를 계획, 지시, 통제 및 조정하는 기구 |원작전본부) : 지상군 ㆍ해군을 지원하기 위해 근접항공지원 및 기타 항공지원 ASH 임무 수행 a 위성감시통제대 창설 전자 광학위성감시체계 전력화와 연계하여 = 주요 전력 21 x0 고 퍼 ral !어 <u _ KT = ® an: 고 내 0 는 <0 ulo Ea <0 ve K [내 ""에 고 rt Re ok jo 00 tt x ORT yo 10° 40 gt Wai wig 후 전 2 i xl 물 a 0 400 ww 에 리피 i lo. 0 m OE Om 을 히 0 Ze iol 30 a sh 0 그 40 륙 aK ug 50 2 am aS OE 도배 = 을 ® Rg a i 고 il} — a 이 Mz ne 개개 북 한도 ze vis ar > x OOF 00g = a. ~ 7 wm 그 or = = = 10 1 > Fr eee 제 2 < & er 를 매 두 으 1 S 해구 = Ger mH 줍 00 0 iol 109 =H $ il 2 i 그 권 ilo ral 퍼 wo |W a Koo 4 x 주 eR ae iat 그 us Nil 더 Zs SH 고 @ 주 pow 많 중 ㆍ + lo =<: foe 뿐 ai (OF do 버 BS 국써 0 껄 HO if a 에 0 도 야 Ho om 굴 zm! fk 00 Mo 00 Be 101 끄 fl i 을 고 ye 00 S ay f mee × gt are iad Ky 0 m RIS 피즈 IK K * = iol KIO * KJ KO 104 ° e * FO 는 !어 10 때 m0 ＊ pal ; il 10 is KO = Rd 1 A 위성 = Kill Chain® 능력 구축 / / a ™ J * 519] 비대칭 위협(핵, 미사일 Soll 대응할 수 있는 @ 탐지 식별 Ra) (@ 결심 @ 타격 전력 구비 * 위성, 무인항공기(44\/), 미사일 전력 등 를 타격지시 르프 > 도 ^ 지대지미사일 = a SS 함대지/잠대지미사일 ER 2227 1FiND Atel FIX 6 판단결심 TARGET WH 디격 ENGAGE 0 _. = KAMD® 능력 구축 i ¥ @ . 이 발사한 미싸일이 우리의 영토에 도달하기 전에 요격할 수 있는 미사일방어체계 구축 * 탄도탄조기경보레이더 ㆍ직전통제소, 패트리어트 등 = a 3.패트리어트 = 이지스함 os eae 조기경보 자산에 의한 발사된 적 탄도탄 탐지 3 패트리어트 등으로 요격 8) Kill Chain : 적 이동식 발사대 등 주요 핵심 9) KAMD(Korea Air and Missile Defense) 하층방어 위주'의 미사일 방어 체계 복무여건 개선으로 인사관리제도 개선 예비 전력 정예화 동원체제 개선 및 력 강화 ou oo 및 사이버전 대 ㆍ국방과학기술 발전 ㆍ 군 복지 향상 및 장병 복무 여건 개선 25 @ 사단별로 중대급 마 으로써 야전부대의 군에서 소요되는 ㅇ @ 대학과 연계 c= Tor ol fol 656 12개교 450명 20개교 600여 명 [ ^ — N\A SZ — Was! Sn WL SS <a a \ a Bas ~ Nea 성 AIDS 위해 여군 확보목표를 조기에 달성'""하고, 여 과를 확대하는 등 제도적 기반 마련 군 장교/ 부사관 포병, 기갑, 방공, 군종(장 장교 군종 해 군 yy 갑판 병기 사통 유도, 전자, = 전기, 보수, 내기, 내연 해병대 장교/ 부사관 포병, 기갑 공 군 장교 군종 -ㄱㄴㄴ @ 초급장교 및 부사관의 장기복무 선발비율을 확대하고 부사관 AS 다단계화 (4계급 > 5계급)함으로써 정원구조 개선 하사 중사 상사 원사 현사 <신설> Ss Z ~ <” -특기체계 개선으로 직업성 보장과 전문성 활성화로 병 복무기간 단축 여 J <>) 4 wa MEH Sash 화하겠습니다패 동원즉시 전투력 발휘 및 전쟁지속능력 WARS 위한 동원체제 개선 소 연평도 포격도발 등과 같이 예측하기 어려운 북한의 위협에 적시적으로 대처하고 확전 방지를 위하여, 평시 긴요 전력을 즉각 동원할 수 있도록 관련 법령 정비 동원즉시 최상의 전투력을 발휘할 수 있도록 평시 예비군자원 관리와 교육훈련체계 보강 * 현재 : 13개 행정구역 단위 =: 개선 : 2개 권역(수도 ㆍ강원권, 기타지역) * 동원간부 별도 미적용 > 동원간부 예비군 비상근 복무제도(시험 적용 후 점진적 확대) 현대전의 전장 실상을 고려하여 전방지역에서 대규모 전투력 손실 발생 시 후방에서 창설한 부대를 병력+장비+교육훈련까지 『080<896하여 대대단위로 집단 보충하는 방법 도입 fe) BAA 예비군에게 ABLE HS 무기 조기 교체 * 현재 : M16 + 칼빈 소총 > 개선 : K2 + M16 소총 @ 예비군훈련을 전 과학화 훈련장 설치, 미래 존 담하는 208 전장에 부합하는 실전적 으로 정예화 1 장비와 물자확보 부족한 전 합 HSS 44개의 여단단위로 통 전적 정예 예비군 육성 개의 연대단위 훈 69007 《시가지전투훈련시스템센서 Faz Fez foro ※ 군수지원체계를 FAM One-stop 체계로 단축 6 ZARA 단계를 축소하고, 자동인식 as 모바일 기술을 이용한 군수통합정보체계 I ft 기비 | 2 ed 를 구축하여 사용자 중심 One-stop 여 a i 지원체계 정립 6 my <a (Be | * 피복 ㆍ장구류, 건설자재, 수리부속 보급단계 : =사30542 [ 국방군수통합정보체계 | \ eaten 4^~5단계 4] > 2^~3단계 저장 / 불줄정보 t rt 미동정보 연동 ㆍ 88a) eae Sain 있는 정제 ow —— — — — 『 전투근무지원 분야 민간자원 활용 확대 군수 eC 그 = ㆍ복지ㆍ시설분야에서 민간자원을 활용하여 인력 절감, 업 = 점진적 ai 활용한 야전정비지원센터 조성 등 ㅇㅇ a 군사시설 재배치 Bp °- = oy 머 또 ㅣ | A,B,C HCH > 04] 설치 단지 SAYS 4 * 후 편 fet 이동 시 주만 치 c as 대 이 브 T 련장과 *훈 격 Hl t 화 !사는 4 mo * 국방획득체계를 개선하고, 국방과학기술 SHS 향상시키며, <방위산업 수출 추이> a 국방 획득체계 개선 및 ADD 육성 * 국방부와 방사청의 무기체계 획득 기능 조정, 방위력 즈 = * ADDE 세계적 국방과학기술 연구기관으로 육성하여 무인기, 로봇 등 첨단무기를 독자적 개발 추진 첨단무기 개발을 위한 국방 R&D 투자 확대 * 방위사업법 등 관련 법 개정 추진, 국방 RD 예산 점진적 확대 등 a 전력지원체계 발전 및 방위산업 활성화 0 전력지원체계 전문 연구기관 설립, 체계적인 전력지원체계 개발 + 산학 연과 연계, 전력지원체계 연구 개발을 주도적으로 수행 뽀 oe 방산강소기업 육성, 수출 인프라 확대 등 방산지원 강화 * 방산강소기업 10개 선정('14^~~18) 지원 및 판매제도 개선, 기술료 감면 확대 등 : oe Mey NETWORK SEARCH ~ 나 | 2 Rate eee! 2014-2030 * 사이버 공간을 영토, 영해, 영공에 이어 국가가 수호해야 할 LE 하나의 전장영역으로 인식하여 사이버전을 수행할 수 있도록 체계와 교리 정립, 관련 법령 정비 © 민간대학에 사이버 국방학과를 운영, 사이버 전문인력의 안정적 확보 국방 사이버 안보 종합발전계획 수립, 사이버 위협 대응능력 강화 네트워크 영역 | PC, 서버 등 해킹공격 © wayy | 기밀자료탈취, 통치권 5: 공격여건 조성 :정치기반 gS) — *의사결정체계 떼스 심리공격 시르 Bes zicial 약화 se DD aves BASS | weezy, 사회기반 기반시설 공격 [~ 금융,교통등ㅣ 전쟁지속력 약화 ㆍ질서/경제 등 a 정보통신기반 7 체계 Vy oh 060 Bae) 병영 내 문화사 rel 마트시설 개선, 병영 내 후회 @ 군의 노 = 10 rl 군 복무의욕 제 일자리 확 한 @ 전역군인에 대 <I a TW a Hl, 0 $ i <| 0 < 5 K xz Kq "" 홈 개 하드 HH = 내 Kio oF = 펜 8 Ki TH 톰 Nn 개 5 2 nie 더 개 © ㅇ 내 xz a 004 교 0 = in <i 매 vot = yO pal Sq Kr 쁘 m TH of 다 7 40 = = ilo. 개몰 위 = wo OH ofr 40 01 Kod . Nok 72 il 70 = Zl 27 습 104 Bol 도 a #0 JF 9! x0 x1 된 2 Kl a x0 x 불패 취 RO io 없 ro 이 101 ol KY go 2 RC XI Boy K me 지티 2 주 Pw NR 죠스 그 zx 이 W RO 고 wo 워 프 xt Bll Kd <r KO io! BR KW 40 slo my 포머 om oa BS = ol 영 자 정 군 u 0 의무지 zl = 군 군 으으 — Pepe Esc amt 3 3 Ral Vit alain \y i 바타 Carer f . ea ke eg 09 0! oh 국민이 신뢰할 수 있는 튼튼한 안보태세를 구축하려면 국방개혁이 지속적이고 일관성 있게 추진되도록 국민의 적극적 지지와 관심이 필요합니다.",14-30.txt,35
국방부_정책자료,"가가 it AF WOU AE 020 거여 a 중기 국방 소요재원 : 연평균 7.2%의 증가 필요 국방비는 병력감축, 부대개편, 전력개편 등과 연계하여 방위력 개선비를 중심으로 전지전이 ZW DIO 더니 고 o1 eet 방위력 개선비는 북한의 핵 - WMD 등 비대칭 위협 및 전면전 시 위협 등에 동시에 대응이 가능한 전력 우선적 확보를 위해 투자 * 국지모발 대비 능력 강화, 군구조 개편, 미래 지향적 자주국방 역량 강화 등 전력운영비는 간부증원, 전투형 군대 육성, 장병 사기 ㆍ복지 증진, 병영생활 개선 등 214.5 144.3 84.9 59.4 (7.2) (5.6) (5.8) (5.3) 트 더욱 강화되는 방위역 국방비, 대한민국의 평화와 국민의 행복을 위한 주: 북한 핵, 미사일 위협에 대한 Kill Chain, KAMD 구축 “Wolfs 1251199941 전방 전투역량 강화, 감시 시스템 보강 1@ =서다 8 시 이지스할 지상:해상-공중 전력 강화, 첨단 무기 도입, ok ) 창조형 국방 RED 및 자주적 방위태세 정밀타격능력 구비 '14예산:8조3420억원 국방 미래 설계 방위산업 활성화 그 = PART 4 방개혁 기본계획 2014~2030 '14예산:1782억원 '14예산:2조4.714억원",14-30.txt,36
국방부_정책자료,"국방개혁 기본계획 2012~2030 = == © _ re) 다기능ㆍ고효율의 선진국방을위한국방개혁 국민과 함께합니다 두가 잠든 시간에도 이땅과 | ＊ㅋㅎ. 이 바다와 이 아늘에서 국방개혁 기본계획 2012~2030 ^ > ^ CONTENTS 국방개혁, 더 멀리 내다보고 미래를 준비합니다 6 국내:외 안보환경은 끊임없이 변화하고 있습니다 8 미래 지향적 다기능:고효율의 선진국방을 만들겠습니다 지휘구조로 바탕: 으로 새로운 언 연합방위체제를 구축합니다 14 SAAC 정보ㆍ기술 YS 군구조로 전환합니다 15 상비병력은 감축하되 군의 전투력은 더욱 강화되고 간부는 정예화됩니다 16 Se 네트워크 기반하 통 통합작전 수행 가능 한 구조로 전환합니다 18 해군은 수상ㆍ수중ㆍ공중 입체전력 통합운용에 적합한 PAL 전환합니다 20 STL 효과중심의 항공우주작전 수행능력을 극대화하는 TAS 전환합니다 22 안보위협과 국방여건을 고려하여 미래 위협에 대비할 수 있는 MAS 구비합니다 24 국가위상에 걸맞는 국제평화유지 활동에 적극 참여합니다 미래전에 대비하는 '고효율의 선진 국방운영체제""를 구축합니다 28 야성-전사기질이 충만한 전투임무 중심의 강한 군대로 만들겠습니다 30 국방인력을 최고의 전문가 집단으로 육성합니다 33 미래전에 대비한 선진 국방정보화 환경을 구축합니다 34 예비군을 상비군 수준으로 정예화합니다 36 군수지원체제 선진화로 전투준비태세를 향상시킴니다 38 국방 전 분야에서 경영 효율성을 제고합니다 40 전투력 발휘 극대화를 위한 군 복지향상 및 장병 복무여건을 개선합니다 42 미래전에 대비하기 위하여 국방과학기술 역량을 선진화합니다 (이 @ GD > (0) 금 Mot | > we Job % Ei HI ‘O 2 Ja ie [것 영 [만 ya Oot ir 2 > H 4a ot 와 Tr = 7 = Of ogt Fu eal PA Hu ot Cc a 화 성공적인 국방개혁 ATS 위해 국방 소요재원 확보는 필수입니다 민 여러분의 적극적인 지지와 성원이 강한 군대를 만듭니다 국방개혁 기본계획 수립 / 법령 제정 o 국방개혁 기본계획(2006~2020) 수립 : '05.12월 ㅇ 국방개혁에 관한 법률/시행령 제정 : '06.12월/`07.3월 ㅇ 국방개혁 기본계획(2009~2020) 수립 : '09.6월 ㅇ 국방개혁 기본계획(2012~2030) 수립 : '12.8월 국방개혁 기본계획은 시시각각 변화하는 안보환경에 능동적으로 대처하고 미래전에 대비하기 위해 지난 2005년에 수립되었습니다.",PBLICTNEBOOK_201411060459455410.txt,0
국방부_정책자료,"이는 국방개혁에 관한 법률에 근거하여 매 2~3년 주기로 보완하고 있으며, 최근 급변하는 안보상황을 고려하여 국방개혁 기본계획(2009~2020/을 실현가능한 계획으로 수정ㆍ발전시켰습니다.",PBLICTNEBOOK_201411060459455410.txt,1
국방부_정책자료,"「국방개혁에 관한 법률(5조 3항)」 국방부장관은 매 5년의 중간 및 기간 만료시점에 한미동맹의 발전, 남북 군사 관계 변화 추이 등 국내외 안보정세 및 국방개혁 추진실적을 분석ㆍ평가하여 ""국방개혁 기본계획'에 반영 «> 국방개혁 기본계획 2012~2030 a4 그 re) ^ 아고 있습 니다 급변하는 안보환경에 따른 위협양상은 갈수 상은 복잡ㆍ다양화되는 가운데 동북아 지역이 세계의 중심지역으로 부상하면서 협력과 갈등의 이중적 HES Or 군비경쟁은 심화되고 있습니다.",PBLICTNEBOOK_201411060459455410.txt,2
국방부_정책자료,더욱이 북한의 군사위협은 더욱 가중되고 있어 우리 군의 강도높은 국방개혁 추진이 어느 때보다 중요한 시점입니다.,PBLICTNEBOOK_201411060459455410.txt,3
국방부_정책자료,군은 상부지휘구조 개편을 비롯한 한국군 FES] 한반도 전구작전 수행체계를 으 우리 Fae 핵심군사능력을 Shah 더불어 미국의 Asphalt 군사 북한은 대규모의 재래식 군사력을 유지하면서 핵:미사일:사이버전 등 비대칭전력을 지속 증강하고 있어 한반도는 물론 국제사회의 긴장이 증대되고 있습니다.,PBLICTNEBOOK_201411060459455410.txt,4
국방부_정책자료,우 군은 이에 대응할 수 있는 능력을 갖추어야 합니다.,PBLICTNEBOOK_201411060459455410.txt,5
국방부_정책자료,"rr 야전부대 ALAS 강화시키기 위해 병의 구성비를 낮추고, 간부의 비중을 높이 구조로 개선해야 합니다.",PBLICTNEBOOK_201411060459455410.txt,6
국방부_정책자료,"www.mnd.go.kr 에 동시 대비 가능토록 a =] BE 3 val 9 한 oy br oy re rh 에 대비, 위 화요소를 반영, 실현가능한 계획으로 발전 국방 소요재원의 안정적 확보로 개혁 추진동력의 지속 보장 필요 a =] 한의 군사위 브 = 국방개혁 기본계획 2012~2030 미래 지향적 다기능 ㆍ고효율의 만들겠습니다 국방개혁 기본계획은 현재의 위협과 더불어 큰 그림이며, 이를 위해 지금까지 군이 갖고 있는 현실적 제약요소를 진단하고 추진계획을 정밀 재검토하여 병력감축과 전력화 소요기간을 고려 2030년까지 10년 추가 개혁을 반영하였습니다.",PBLICTNEBOOK_201411060459455410.txt,7
국방부_정책자료,"평시 '적극적 억제'로 군사전략을 발전 전시작전통제권 전환 대비 상부지휘구조 개편 병력감축 시기 조정 및 간부 정예화 위협 재평가에 따라 전력증강 우선순위 조정 보 ㅇ 경영 국방 교육ㆍ인력ㆍ군수지원체계의 발전 군 복지 향상 및 장병 복무여건 개선 Bl 강라르, 바크르 ~ ZGALZ, 3 Se) 22 행복괴 DA ete zee 미래를 준비하는 국방개혁, '다기능ㆍ고효율의 선진국방"" 우리 국민 모두와의 약속입니다.",PBLICTNEBOOK_201411060459455410.txt,8
국방부_정책자료,"북한의 다양한 군사위협에 대비하여 평시부터 적극적 억제""와전투임무 중심의 군구조로 7 tlo PART 2 한반도 작전환경에 부합하는 0 증 9 ap 맞춤형 군구소'로 전환합니다 22 느 대처하기 위해 전투임무 중심의 군사력 PAS 전환함으로써 국가위상에 걸맞는 '정예화된 MAAS 건설합니다.",PBLICTNEBOOK_201411060459455410.txt,9
국방부_정책자료,"현존 군사위협과 미래의 안보정세 및 국방환경 변화에 능동적으로 Ro nlo i) BK ie ~ 확보 및 비대칭 위협 대비능력 우선 지도발 ㅇ국 국방개혁 기본계획 2012~2030 2015년 전시작전통제권 전환, 전장환경의 변화, 군제발전의 선진화 Ss 고려, 우리 군의 주도적 ASS 강화하고 작전 효율성 SUS 위해 상부지휘구조의 WHS 필수적입니다.",PBLICTNEBOOK_201411060459455410.txt,10
국방부_정책자료,1990년 「818''계획」에 따라 개편된 현 상부지휘구조는 PAD 군정3'의 이원화로 누적되어 온 문제점을 해소하여 전투수행능력과 작전 수행의 효율성을 획기적으로 제고하겠습니다.,PBLICTNEBOOK_201411060459455410.txt,11
국방부_정책자료,"1) 818, ""88. 8.18, 당시 노태우 대통령이 이상훈 국방장관에게 2000년대를 지향하는 자주국방의 총체적 준비 로서 ""장기 국방태세 발전방향” 연구를 지시한 것에서 유래 0또 ob 목표 달성을 위하여 군사력을 하는 용병 기능으로서 군사전략 , 군사력 건설에대한 소요제기 |전계획의 수립과 작전부대에 작전지휘 및 운용 등을 의미 HoH AU oN > Jb 0} » Fok 모 H 3) 군정 국방목표 달성을 위하여 군사력을 건설, 유지관리하는 양병기능으로서 국방정책의 수립, 국방관계법령의 제정, 개정 및 시행, 자원의 획득 배분과 관리, 작전지원 등을 의미 12 동. cS = Ooh Oz 전장에서 승리하기 위해 지상ㆍ해상ㆍ공중 전력 등 제 전력을 기능적으로 균형 있게 발전시키고, 이를 효율적으로 통합 운용함으로써시너지효과를 달성할수 있게 하는 능력 또는 특성 5) 전구 군사전략목표 GAS 위해 지상, 해상, 작전이 실시되는 지리적 공간 of 주 중 6) SCM(Security Consultative Meeting, 안보협의회의) 한ㆍ미 양국의 주요군사 정책 협의조정 기구로서 국방장관 수준에서 주요 안보문제를 협의하고 해결하기 위해 양국에서 번갈아가며, 연례적 으로 개최하는 회의 7) MC(Military Committee, 군사위원회) 한ㆍ미 양국 국방장관을 대표로 하는 한ㆍ미 안보 협의회의(6014)에서 합의한 양국간 주요 군사 정책과 전략지침을 구체적으로 발전시켜 한국 합참과 미 한국사에 전략지시 및 작전지침을 하달하는 기구로서, 한ㆍ미 합참의장이 참석 하는 회의 2015년 전작권 전환에 따라 한:미 연합군사령부가 해체됩니다.",PBLICTNEBOOK_201411060459455410.txt,12
국방부_정책자료,"이에 합참 중심으로 합동성이 더욱 발휘될 수 있도록 합참의장에게 AP 작전지휘 기능을 부 하고, 각 군 참모총장을 작전지휘 계선에 포함시켜 각 군의 고유영역에 대한 군사작전을 주도함으로써 전투 부대에 대한 지휘체계를 일원화시키고 합참의장과 각 군 총장의 노력 동합으로 합동성은 더욱 강화됩니다.",PBLICTNEBOOK_201411060459455410.txt,13
국방부_정책자료,rot 국군 주도의 전구작전 지휘 및 수행체제 구축 현 2015년 전시작전통제권이 전환되면 현재의 연합사를 중심으로 한 연합방위체제는 한-미 전략동맹을 바탕으로 하는 새로운 연합방위체제 하에서 한국군 주도의 작전 수행체제로 변화됩니다.,PBLICTNEBOOK_201411060459455410.txt,14
국방부_정책자료,연합사령부 해체 이후에도 공고한 한ㆍ미 연합 작전수행 체제는 지속적으로 유지 하게 됩니다.,PBLICTNEBOOK_201411060459455410.txt,15
국방부_정책자료,"연합사 체제하 전쟁기획/작전수행 한국 주도의 작전수행체제 구축 촛 대통령 ase 900 MC 기능별협조기구 | ED 작전협조기구 www.mnd.go.kr 13 브 국방개혁 기본계획 2012~2030 az 7 xo ： ue m ped uo % Oo a = ene 그 ok 4 EE eee = 주 Koryo = eS nu 더 파 pes 퍼 eee i Ki 내 때 04 % : ra ab rR oft 호 mA mo xt BR = ~ 2% fh 시 ot 때 by 저 과 사전 e 7 N a me we oF mS = é : Oy ae 바 해 < Sy 28 호 70 ce Rly 베로 BE is = ye 2 호 ZHE Hb & = : 기 가 후 a > HH de % _ Kj 2 의 io = HF J = or 4 ㅎㅎ oF WW i mde ® a am #0 다 SS Hees Bie: = jo 에 주 = = 세 포은 be on 벅 ree 22 ¢ y 마 희앤호 see ; rae eS ee oo x we [ 호 TK 0 vor e 한 떼지 자 일 조롱 4 ay 마뽀 밸 자 고제 e Mae og 에 아아 일 bee eS St ye uF tk de He oo 와 caer 에 해우 주 가 mo! ON 에 바 호 수 동 고 fue jl = eee ez 내 Ea a Sez FER 동 : Rl fol KO i ~ 이 앙 : au 1여 : th = 1 Pal BES oy x 과 to Ol 월 m 애즈 으아펜 i eS 4 oe wae Bar 2 ix? 매표 OF KE 14 www.mnd.go.kr 상비병력을 단계적으로 감축하고, 간 [=| 접적부대 병력구조 개선으로 전투형부대 기반을 구축합니다.",PBLICTNEBOOK_201411060459455410.txt,16
국방부_정책자료,1. 63.6만명 52.2만 명 50.1840] : 38.7만여 명 4.1만여 명 4.1만여 명 2.8만여 명 2.8만여 명 - 6.5만여명 6.5만여명 년 HEBEL 현 수준으로 유지됩니다.,PBLICTNEBOOK_201411060459455410.txt,17
국방부_정책자료,"출산을 감소에 따른 부 으 간부비율은 각 군별로 40% 이상으로 상향 조정하고, 전투부대 병력구조를 중ㆍ 장기복무(대위~중령, 중사~상사) 간부 위주로 개선하여 전투력 발휘 BAS 위한 병력 구조로 정예화합니다.",PBLICTNEBOOK_201411060459455410.txt,18
국방부_정책자료,"15 국방개혁 기본계획 2012~2030 육군은 네트워크 기반하 통합작전 수행 가능한 구조로 전환합니다 네트워크에 의한 실시간 의사결정과 실시간 표적 타격이 동시에 진행될 수 있도록 지휘통제 능력을 보강하고 기동성 및 화력-생존성, 정밀도가 강화되는 부대구조로 전환됩니다.",PBLICTNEBOOK_201411060459455410.txt,19
국방부_정책자료,"2. 군단중심의 작전수행체계 구축 및 부대소요 조정 군단중심의 작전수행체계를 구축하기 위해 감시-결심-타격 능력을 확보하고, 항공단:방공단:군수지원여단 편성으로 전투지원능력을 보강합니다.",PBLICTNEBOOK_201411060459455410.txt,20
국방부_정책자료,"또한, AY 및 작전환경을 고려하여 부대소요 및 배비를 최적화합니다.",PBLICTNEBOOK_201411060459455410.txt,21
국방부_정책자료,"3. 접적부대(보병대대) 전투수행능력 강화 작전지역 특성을 고려하여 보 대전차유도무기 SS 편제에 보 16 www.mnd.go.kr 가 wir 대를 격멸하고, 과학화 경계 시스템 브 부 조정 획 환(군-해경)계 2030년 단안형 야간투시경 등 군단ㆍ사단ㆍ대대 UAV -공격헬기 + KAS 전차 위주 형 기동 ㆍ한국 + K-55/K-9 자주포 위주 감시정찰 1H, 500MD + 1448계열/-1 전차 위주 + UH !포 위주 견인 견 KO + 105mm/155mm + 130mm 다련: 17 개편 Ge | li 해작사 1. 해군 부 조 개편 3면이 바다 4 국방개호 방개혁 기본계획 2012 ~2030 이 ny 대 no 퍼 했 al KX HH ol 버 i KS oe i Ki ur wr ot oe ol & & 파 © i z lo 호조 x ‘ 이 아오 a ml ofa ar = x ©: ab slo 때 과 원 ® ojo 때 Pde & = 주 FS i Jon e op 인 은 4 = oe KO ： 때 내 세 연우 = io + 주 18 www.mnd.go.kr ㆍ구축함(<0%-|| / Il 위주), 차기구축 ㅣ ㆍ차기호위함다>×) ㆍ차기고속정(0) 3. 해병대 부대구조 개편 해병대사 (서방사) : ： +서방사작전지휘 4. 전략도서 방어 및 입체고속 상륙작전 능력 구비 해병대는 전략도서 방어임무, 임체고속 상륙작 효율적 수행 가능한 구조로 전환합니다.",PBLICTNEBOOK_201411060459455410.txt,22
국방부_정책자료,"서북 + 도서방위사령부 방어능력 보강을 위해 전력 + olN oN ※므 to = ry oft = mf x py + 자 이 뷔 골 +N 너 b 19 능사 가 능사 재의 제한된 작전영역을 이 | 그 3: 1. 공군 부대구조 개편 2. 전술항공통제단 창설 국방개혁 기본계획 2012~2030 20 www.mnd.go.kr 공정찰 및 정보지원능력 강화를 위해 항공정찰 자산 전력화와 연계하여 공정보단을 창설하고, 한반도 상공 위성활동 감시임무 수행을 위해 전자 학 위성 감시체계 전력화와 연계하여 위성감시통제대를 창설합니다.",PBLICTNEBOOK_201411060459455410.txt,23
국방부_정책자료,"2 0 1 2 년 | - howon 21 국방개혁 기본계획 2012~2030 안보위협과 국방여건을 고려하여 미래 위협에 대비할수있는 전력을 구비합니다 ud 북한의 핵ㆍ미사일 및 장사정포 등 비대칭 위협에 대비하고, 우리의 작전환경과 SHS 종합적으로 고려하여 미래전 수행에 적합한 HHS 지속적으로 보강하고 있습니다.",PBLICTNEBOOK_201411060459455410.txt,24
국방부_정책자료,"특히 미사일 베키 개정 12.10. 7)을 통해 우리나라의 남부지역에서도 ""북한 전지역을 타격` 가능하도록 사거리와 탄두중량을 확대함으로써 평시 '억제"" 발휘가 가능하고 유사시 북한의 군사적 위협에 적극 대응할 + 있어 우리 군의 주도적 역할은 더욱 증대될 것입니다.",PBLICTNEBOOK_201411060459455410.txt,25
국방부_정책자료,"한 비대칭 위협 대비 포괄적인 군사 대응능력 구비 [시 [1 북한의 비대칭 위협(핵, 미사일-장사정포 등)에 대비하여, (8감시-정찰 @정밀타격 OLA @방호로 구분하여 전력보강을 추진합니다.",PBLICTNEBOOK_201411060459455410.txt,26
국방부_정책자료,"개 9) UAV(Unmanned Aerial Vehicle, 무인항공기) 사람이 직접 탑승하여 조종하지 않고 원거리 에서 무선으로 비행체를 원격 spi 사전에 입력된 프로그램에 의해 조종이 이루어 지는 비행체 22 www.mnd.go.kr 2. 개정된 미사일 지침에 따라 미사일 능력 대폭 확충 = 탄도미사일은 기존 사거리 300102에서 800102ㅁ로 es trade-off 적용에 따라 사거리 550102일 경우에는 최소 1,000kg 이상의 탄두 중량을 ” 미사일을 보유할 수 있기 되었으며, 무인항공기04\""도 충분한 정찰능력과 실시간 SAO] 가능하도록 무장능력을 갖춘 다목적 UAVS 보유합니다.",PBLICTNEBOOK_201411060459455410.txt,27
국방부_정책자료,3. 한국형 미사일 방어체계(<4)0ㅁ0) 구축 북한의 발사된 미사일에 대해 아측 지상에 도달하기 전에 요격 할 수 있는 체계로 발전시켜 나갑니다.,PBLICTNEBOOK_201411060459455410.txt,28
국방부_정책자료,함동성에 기초한 미래전 수행능력을 점진적으로 구비합니다.,PBLICTNEBOOK_201411060459455410.txt,29
국방부_정책자료,"© 감시ㆍ정찰 : 한반도 주변지역 감시, 제대별 전장가시화 위성, 제대별 4&\/(군단, 사단, 대대급) 등 o 지휘통제 : 실시간 신속-정확한 결심지원 선술통신기반체계 및 대대급까지 전투지휘체계 보강 등 o 해상 및 상륙 : 한반도 주변 해양통제 및 여단급 상륙작전 능력 확보 한국형 차기구축함/잠수함,다형수송함,상륙기동헬기등 o 공중 : 작전반경 확대 및 정밀타격능력 향상 싸-1510/『-%전투기, 공중급유기,장거리공대지유도탄등 6 방호 : 적 탄도유도탄 대응 및 화생 *중거리/장거리 지대공 유도무기, 신형 화생방정찰차 등 23 국방개혁 기본계획 2012~2030 ㅇㅇ 바느 국가위상에 걸맞는 수기 2 —_ 평화유지 활동이 국제평화유지 SPS Ih ㅎ 적극 참여합니다 우리나라는 한국전쟁 이후 AAS 받던 국가에서 세계 10위의 경제규모를 가진 국가로 도약하면서 국제사회에 원조를 지원하는 등 국제평화유지를 위한 역할이 증대되고 있어, 보다 적극적이고 효과적인 국제평화유지 활동 참여 평시에 해외파병 상비부대를 조직하여 임무수행 능 1. 해외파병 상비부대 편성 해외파병상비부대 파병전담부대 예비 지정부대 별도 지정부대 (1,000여명) (1,000여명) (1,700여명) 2. 평시부터 파병가능태세 유지 지속적으로 증가되는 국게평화유지 활동 참여 요구에 부응할 수 있도록 해외파병 상비부대를 준비합니다.",PBLICTNEBOOK_201411060459455410.txt,30
국방부_정책자료,"해외 파병 상비부대는 평소부터 교육훈련, 임무수행 준비 등을 통하여 적시적인 파병이 가능한 태세를 유지합니다 24 Global Koreal!! 세게르 어이기은 Heys 국균 우리나라의 국제평화유지활동은 UN 평화유지활동0060)과 다국적군을 통한 평회활동으로 구분됩니다.",PBLICTNEBOOK_201411060459455410.txt,31
국방부_정책자료,하지만 다국적군도 UNS] 결의에 따라 임무를 부여받는다는 점에서 넓은 의미의 UN 평화유지활동으로 볼 수 있습니다.,PBLICTNEBOOK_201411060459455410.txt,32
국방부_정책자료,국제평화유지 활동증가로 세계 속의 대한민국 Sar oe 도약하겠습니다.,PBLICTNEBOOK_201411060459455410.txt,33
국방부_정책자료,"미래전에 대비하는 고효율의 선진 국방운영체제'를 구축합니다 영의 효율성 제고를 위해 조직ㆍ인력ㆍ예산 등 | 걸쳐 실용적 선진 국방운영체제로 전환하겠습니다 선진 국방운영체제 구축” 인력-인사관리체계 발전 고 이 제를 선진화시켜 전투준비태세 제고 활용을 위 및 체 지 동원체제 개 xo 재육 ㅇ 인 선 및 예비전력 정예화 영의 효율화로 경제적 군 운영체제 달성 원 ㅇ군수 ° 방경 ㅇ국 진화로 국가 경제에 기여 #위산업 Al 국방개혁 기본계획 2012~2030 야성-전사기질이 충만한 전투임무 중심의 강한 군대로 만들겠습니다 부대구조 및 무기체계 변화에 따라 실사격과 기동이 통합된 실전적 종합훈련장을 구축하고, 전투임무 중심의 강한 군대 육성을 위해 중대급 마일즈 장비를 활용하여 실전적인 훈련감각 숙달 여건을 조성합니다.",PBLICTNEBOOK_201411060459455410.txt,34
국방부_정책자료,"1. 미래전에 대비한 종합훈련장 확보 tA fu 다양한 전장상황에서 전투임무를 수행할 수 있 지휘통제능력, 기동성, 화력, 생존성 및 정밀도가 강회 ㅇ to) nats 는 부대구조로 발전함에 따라 육군은 주둔지별 0 See uc ~ 마일즈 장비, 데이터 통신, 인공위성등 첨단과학 8 lus = , ; = 그거 총 그 기술을 통합하여 훈련 부대가 실 전쟁과 유사한 훈련장을 확보하고, 과학화훈련 규모를 대대 a 에서 상황에서 훈련을 실시할 수 있도록 전투 환경을 fe) ro 해:곳구은 BAresl 저숙후려장 seo eee aes ER Ue ae 여단급으로 확대하며, 해:공군은 해상종합 전술훈련장, avg 얻을 수 있도록 실시하는 훈련 국제 공군훈련장을 각각 확보합니다.",PBLICTNEBOOK_201411060459455410.txt,35
국방부_정책자료,"28 www.mnd.go.kr #4 et 9” q 관찰통제관 ro 크레모아코 화학오염지대 ak Ez Ge 박격포 관찰통제관 reas 포병 미리무반동종, 『가-: 훈련 부대 대항군 부대 | 훈련개념도 | 29 인사관리체계 구죽 [하여 흰 완 !사관리체계로 전 10 a) ㅇ 우선시하는 국방개혁 기본계획 2012~2030 ol (이 or re < 전 |는제도 내제병협동작 육성해 나갑니다.",PBLICTNEBOOK_201411060459455410.txt,36
국방부_정책자료,"= 글 우수인재 OF 큰 은 선도 히 |를 도모 화 화 iol) 30 시켜 전투력 Sc www.mnd.go.kr = ww of aK KO nN i 0 x ie ee x A 에 ik me 이 > = eRe SRE Few a or 더 < 등 오 eK OF Woo aK 붙 ge iB < Roh FRR yp TREO e BTS BE 20 oe Fay FF am BN te oh zo oooh Op wR Poe Fee A yy EF = ® ot gy de yo FS aw 2 후 < oP US 새지 ow ow gy 매 리 mR 보 <4 Hore ph Sr eee eg oe le oa Ro N 92 mr oy TA ™) or Aye pee eT Tr Rw peer Cage we Se a oo ~% 다 BS 소중 TP oh or eo Oe OE ar 때 N pe plo 리 ra 이 Dh) 80 90 오 a 이 더 분 버 00 분 is 해 a at Re jo We 호 렴 호 as weirdo e - 해 PS om +R 대 찌 a a 아 31 국방개혁 기본계획 2012~2030 3. 우수인력 획득체계 개선 12) 예비역 현역 재임용제도 평시에 예비역 현역 재임용제도'^를 추진하고, HHO] 휴직인원증가로 공석직위여방을우해전역 연계하여 군에서 소요되는 인력을 맞춤형으로 충원함 후 3년 이내의 예비역 장교 또는 부사관을 전역 당시의 계급으로 재임용하여 BASE 으 인력의 안정적 획득과 효율적 관리가 역 I 있도록 하는 제도 이 11개교 420명 12개교 450명 14개교 530명 부사관학과 월 ^3개교 3950명 50개교 4,795명 58개교 5,200명 여성 인력의 활용성 제고를 위해 여성인력을 정원대비 `15년까지 장교는 7%, 、17년까지 부사관은 5% 수준 으로 조기에 달성합니다.",PBLICTNEBOOK_201411060459455410.txt,37
국방부_정책자료,"32 www.mnd.go.kr 미래전에 대비한 선진 국방정부 미래전의 양상이 네트워크중심전(('\4) 사이버 위협은 갈수록 지능화ㆍ고도화되어 이에 대비할 수 있는 정보화 환경을 구축합 1. 국방정보화 기반 선진화 정보자원을 효율적으로 활용하고 정보체계의 생존성과 안정성을 보장하기 위해 전군에 산재한 전산소를 통합 하여 국방 통합정보관리소를 만들고, 정보체계 간 상호운용성 강화를 위해 표준화된 기술을 적용하며, ase 이를 평가-인증할 수 있는 합동 상호운용성기술센터의 능력을 보강합니다.",PBLICTNEBOOK_201411060459455410.txt,38
국방부_정책자료,"| 정보체계 상호운용성 확보 | 응용체계 3,521개 | 통합정보관리소 TS | 실시간 2. 사이버위협 대응체계 강화 사이버위협에 대응하기 위해 군 고유의 정보보호 핵심 기술을 확보하고, 전ㆍ평시 사이버전 수행체계를 정립 하는동시에 사이버전 수행 우수인력을 대폭 확충합니다.",PBLICTNEBOOK_201411060459455410.txt,39
국방부_정책자료,"또한, Ws SF 등과 추진중인 사이버위협 대응 협력을 다자간 협력으로 범위를 확대하여 국제 공조체제를 구축합니다.",PBLICTNEBOOK_201411060459455410.txt,40
국방부_정책자료,"33 | 국방개혁 기본계획 2012~2030 예비군을 상비군 수준 <0 OF Al 4] a] 화합니다 예비군을 상비군 AZO 정예화하기 위해 향방예비군 전투준비태세를 완비하고 예비군훈련을 강화하며, 동원즉시 전투력 발휘가 가능토록 동원체제를 개선합니다.",PBLICTNEBOOK_201411060459455410.txt,41
국방부_정책자료,"『=개인화기 : 116 + CAR 『전투장구류 73% 확보 >t 단독 통신체계(6-77, 08510 『향방소대장 : 간부 + 병 『개인화기 : M16 + K2 『전투장구류 100% 확보 민ㆍ관군 통합 통신체계(15) 방소대장 : 전원 간부 빨때 13) 긴급예비군 국가 비상사태시 위기상황에 즉각 대응하기 위한 예비군(긴급 동원예비군 : 개전 초기 전투력 발휘가 긴요한 예비군, 긴급 향방 예비군 :후방지역 긴급위협에즉각운용하는 예비군) Sitter Sars! 34 투준비태세 완비 예비군 무기 및 장비를 현대화하고, 부족한 전투 류를 조기에 구비하며, 향방소대장 편성지역을 단위로 확대하여 향방소대장을 전원 간부 확 를 보하는 등 향방예비군의 전투준비태세 긴급예비군은 ABA] 위기상황에 즉각 대응가능토록 훈련을 강화합니다.",PBLICTNEBOOK_201411060459455410.txt,42
국방부_정책자료,"그리고 간부예비군도 훈련을 강화 하여 전투지휘능력을 배양합니다 전국 시ㆍ군ㆍ구 단위로 산재한 대대급 208개 예비군 훈련장을 연대단위로 통합하고, 전문 교관 채용과 과학화ㆍ현대화 된 훈련장을 구비하여 실전적인 훈련을 통해 예비군의 임무수행능력을 향상시킴니다 www.mnd.go.kr 3. 동원즉시 전투력 발휘 및 전쟁지속능력 보장을 위한 동원체제 개선 평시 부분동원이 가능토록 동원관련 법령을 개정하여 국지도발 등 후방지역의 다양한 안보위협에 대비하고 전면전 발발 대비를 위한 긴요 전력을 적시에 동원하여 전투준비 여건을 보장합니다 현재 동원자원을 2개 권역으로 관리함으로써 예비군이 동원 =13개 행정구역 단위 자원관리 되는 부대를 가능한 고정적으로 운용하고, 또한 특기를 4단계 SHS? aera 4-2단계로 단순화하여 부대에서 필요로하는 특기자를 최대한 입영시켜 주며, 기차를 이용해 동원병력을 수송하는 등 동원 즉시 전투력 발휘가 가능토록 동원제도를 개선 > 2개 권역(수도권-강원권, 기타 합니다.",PBLICTNEBOOK_201411060459455410.txt,43
국방부_정책자료,ay exes 동원지원단과 동원보충대대를 창설하여 전시 전방지역 에서 대량 손실 발생시 병력 ㆍ장비ㆍ물자가 Packages kel 대대단위 집단보충 체제를 정착시킴으로써 전방전투 부대의 전투역량을 지속적으로 유지하고 전쟁지속능력을 보장합니다.,PBLICTNEBOOK_201411060459455410.txt,44
국방부_정책자료,"35 국방개혁 기본계획 2012~2030 군수지원체제 선진화로 전투준비태세를 향상시킴니다 미래 전장환경에 적합한 MESH AE 중심의 군수지원체계 효율화를 달성하고, 과학적이고 체계적인 수리부속 수요예측기법 및 탄약 수명관리시스템 구축 등으로 서즈 성과기반 군수지원제도 확대 및 야전정비지원센터를 조성하고, FATS 수요예측/재고관리 모형 개발, 관리 효율성을 제고합니다.",PBLICTNEBOOK_201411060459455410.txt,45
국방부_정책자료,"※성과기반 군수지원제도(68Ｌ, Performance Based Logistics) 해당 군수품에 대해 목표가동율 등 성과 지표를 제시하고, 전문업체가 정비 수리부속 지원을 전담 수행하며, 수행 성과에 따라 대가를 차등 지급하는 제도 현재 2. 군 물류체계 개선 권역별 통합물류센터를 구축하고, 웹기반 군수통합 이: 정보체계 및 군수품 현장관리 자동화체계를 구축합니다.",PBLICTNEBOOK_201411060459455410.txt,46
국방부_정책자료,"또한, 민간 물류체계를 활용한 주공급자제도를 확대 시행합니다.",PBLICTNEBOOK_201411060459455410.txt,47
국방부_정책자료,"군 일반정비지원 [만군 0뻔재테 BOs) ay) ""Mass 개선 | 야전정비지원센터 추진 | 36 3. 탄약관리체계 개선 탄약 수명관리 시스템 구축으로 탄약 수명연장 및 신뢰성을 증대하고 탄약시설을 현대화하여 방호력 증대는 물론 안전거리 조정에 따른 국민편익을 증진합니다 미래 전장환경에 적합한 피복ㆍ 장구류 개선을 위한 조직 9 시스템 구축을 통해 전투효율성 증진및개인생존성을 보장하고, 단계적 경쟁 확대를 통한 비용 절감과 체계적인 품질 개선으로 병 만족도를 증가시키고 대 민 신뢰도를 향상시킴니다.",PBLICTNEBOOK_201411060459455410.txt,48
국방부_정책자료,기능성전투화(육해공) 기능성전투화(해병대) @ < ES 배낭 신형개인천막 Seteal 때 www.mnd.go.kr 37 국방개혁 기본계획 2012~2030 경영 효율성을 제고합니다 효 ㄱㄱ = 민간 경영마인드 및 경영기법을 도입하여 국방 전 분야의 효율성을 향상시킴니다.,PBLICTNEBOOK_201411060459455410.txt,49
국방부_정책자료,"14) 린 6시그마 Br 무 프로세스의 불필요한 SSS 제거하여 = 다순화하괴160! 22), ie 불량률을 최소화 또한, 방위력개선사업 분야의 '국방통합원가시 하는 (6 sigma 수준 : 1백만 기 인 수준)선진 경영기법 구축합니다.",PBLICTNEBOOK_201411060459455410.txt,50
국방부_정책자료,"이 2. 군 책임운영기관제도'5시행 확대 19 군 책임운영게도 군 책임운영기관을 단계별로 확대 지정하고, 법령 개정 등 국군이 수행하는 업무 중 국방목표를 효율적 개선을 통해 군 책임운영기관 지정 후 업무프로세스 으로 달성하기 위하여 경쟁원리에 따라 운영 제도개선을 통해 군 “1H oO |=4 JA 후 HT- | 하는 것이 바람직한 업무에 대하여 군 책임운영 선, 구성원 역량강화 등 성과중심 조직으로 운영되도록 기관의 장에게 행정 및 재정상의 지율성을 부 개선, 구성원 역량강화 등 성과중심 조직으로 운영되도록 하고 그 운영성과에 대하여 책임을 지도록 국방운영의 효율성과 국방 서비스의 질적 향상을 도모 하는 제도 하고 있습니다.",PBLICTNEBOOK_201411060459455410.txt,51
국방부_정책자료,"현 재(14개부대) `13년 이후(지속 확대) ㆍ복지ㆍ군수ㆍ의무ㆍ시설분야(15개) 교육:훈련ㆍ행정분야(추가 검토) 5개 부대 | 5개부대41| 47H ACH) ; *:12년 현재 14개 부대 중 민간전문 기관장 9개 기관 보임, 운영 효율화 38 ㆍ 부대별 병영생활관 및 소규모 *국군수도병원ㆍ국군대전병원 : 의료기관 인증 획득 (전국 병원 22912개중 94ㆍ111번째) *국군인새창 : 인쇄지원 업무의 신속성효율성 향상 (디지털 윤전인쇄기 도입) 연병장개별 사용 ㆍ 훈련장과 부대 이격으로 궤도 차량 이동시 주민 불편 ㆍ 소규모 군 관사 산재 ㅋㅋ ABC T 50 ey ㆍ 병영생활관 통합 배치와 연병장공동 사용 ㆍ 훈련장을 부대 인근에 설치 ㆍ 군관사는 대규모 단지화 도입전 ED E>) E>) E> E> Ee ED E> ES cae [ep— 디지틸윤전기 가동 시전공정생략 3. 효율적인 군사시설 재배치 추진 군구조 개편에 따라 전국에 산재한 군부대를 부 및 작전 AAS 증대시키고 민원해소 및 지역발전을 위하여 재배치합니다.",PBLICTNEBOOK_201411060459455410.txt,52
국방부_정책자료,재배치 사업에 소요되는 많은 재원은 국민부담을 최소화하기 위해 재배치로 발생하는 잉여군용지를 활용하여 확보하겠습니다.,PBLICTNEBOOK_201411060459455410.txt,53
국방부_정책자료,39 니다 1. = 고 ㅇ 선 L 위한 근 근 — 8 및 장병 복무여건을 개 x (0) ㅇ 전투력 발휘 극대화 군 복지 국방개혁 기본계획 2012~2030 me eT 을 po mt vo TH 하 of on ew ae fe 2 BEN Les ee ofl = Bm we TA oF 6 Wee oy 매매 eon xo K MB ay 4 oe Be ot < th OT go BH ged 44 OP yo de BE X FF qi po Woe Rie wg we A Wy mom dh a RO 8 해 다 eh oe ROR gy Boy fo ㅜㅠ Root 때 라 8 oy To ES Rae Prowse SRR gs ulo mn BN yiiexge © 은 x? 이 이해 BI OMX hh eo SR Ao noe? 다 Toy Koa x MP we mR Ng ge So th L go mS Ar GK <I oh 을 aa ar lo 30 Me 00 oY gr oy 때 해 oe 고 10 그 후 인 inl 0 TT pf ay pF ㅡ ~ al HW ON wo Xx po -epeet 22 x mR ml a i i a a mr BO gm 90 은 Kl x % my XN Ho B gol KO kt 페 KO Th fo XFS 이 < 얘 이 NK 8 BH 버 야 의 80 - 에 Kil #0 00 iy _ 뜨기 펀 뜨 mM io oF a x x oF ge «0 7 개 3 8 KO DL 00 애원 은 nl nH x Sr yO ol & Kr OF iy 인 is AE 80 대 더 재이 80 홈 마 Rs & a 78g OE 4 80 페 A = 러 in & ch on 2 _ CS 시행합니다.,PBLICTNEBOOK_201411060459455410.txt,54
국방부_정책자료,"40 www.mnd.go.kr 군 아파트 SSS 구축 군 병원 의료인력 및 ul 시설-장비 보강괴 민간 의료 a 협력을 보강한 네트워크 강화 등 예방에서 단과 치료까지 양질의 진료서비스 제공으로 “쉽게 후송전용헬기 도입('18년) | 믿고 찾을 수 있는 군 의료체계""를 실현합니다.",PBLICTNEBOOK_201411060459455410.txt,55
국방부_정책자료,예방에서 진단과 치료까지 양질의 진료서비스 질병의 사전 예방 조기 진단 및 신속한 후송 장병이 만족하는 치료 1. 예방백신 접종 확대 4. 병사 진료접근성 향상 7. 장기군의관증원 2. 위생적인 병영환경 조성 5. 병 건강관리사업 활성화 8. 의료지원인력 확충 3. 군 의료 연구역량 강화 6. 응급의료체계 개선 9. 사단급이하 진료체계 개선 10. 군병원 역할 및 기능 조정 11. 군병원ㆍ민간병원 협력 강화 41 국방개혁 기본계획 2012~2030 미래전에 대비하기 위하여 국방과학기술 역량을 선진화합니다 선진국들은 미래 첨단무기 HLS 위한 연구개발 투자를 지속적으로 확대하고 있습니다.,PBLICTNEBOOK_201411060459455410.txt,56
국방부_정책자료,리나라도 국방연구개발 역량 강화를 통해 독자적인 전략무기체계 및 심기술 개발 능력 확보가 절실히 필요한 실정입니다.,PBLICTNEBOOK_201411060459455410.txt,57
국방부_정책자료,"i 10 또 전략무기체계 및 핵심:원천기술 개발에 연구역량 집중하고, 국가경제에 기여할 수 있는 국제경쟁력을 확보하여 '세계수준의 국방과학연구소'로 거듭납니다.",PBLICTNEBOOK_201411060459455410.txt,58
국방부_정책자료,"ei ㆍ국방 R&D 예산(국방비 대비 ㆍ 전력 증강 * 0 방산 +e 72! @ 국과연개발 oer 10540) | 출 il a i 59% (2215 a aise sal Saal 06 107 08 109 10 11 0s “124 -720변0 ㆍ핵심기술 개발비(국방 RAD 대비 ㆍ ㅎ 견제 효과 @ 국가경쟁력기여 @ route 187조원 2.500여영 12% FE ay ee a 세계10위권 : | | | = = | 1 민수이전 sume 기슬인력 Sy Oaaaa oes 기술수준 = 3 (ADD 424 42) 42 현존전력 극대화 는 연평균 5.4 FES 위해 연평균 8.8% 수준의 증가율을, 전력 운영 및 장병 사기 복지 증진과 병영문화 개선 등을 고 증가율을 유지할 예정입니다.",PBLICTNEBOOK_201411060459455410.txt,59
국방부_정책자료,상기간 ㅎ 42.3 (6.6) 33.0 35.5 37.6 39.7 187.9 (5.0) (7.7) (5.9) (5.5) (6.4) 99 11.1 11.9 12.7 13.9 59.3 i. (2.1) (12.3) (7.0) (6.6) (9.4) (8.8) ° (30.0) (31.3) (31.6) (1.9) (32.8) 전력운영비 23.1 24.4 25.7 27.0 28.4 128.6 (증가율) (6.2) (5.8) (5.4) (5.1) (5.2) (5.4) 4 (점유율) (70.0) (68.7) (68.4) (68.1) (67.2) * mt 고 Ho 08 뜨 ro rm = [더 in mz = ial Ho Hot rm 4 = oln of 고 Ho og 부 ra ac] 30 a 포 rl [또 rot = ofp 43 국방개혁 기본계획 2012~2030 국민 여러분의 적극적인 지지와 성원이 강한 군대를 만듭니다 이를 지속적이고 일관성있게 44,PBLICTNEBOOK_201411060459455410.txt,60
국방부_정책자료,"정에와된(40(지0122 N\A og 대한민국 국방부 Ministry of National Defense CONTENTS 32 8 = = Ss 고 ~ oe S 104 N 저 나 = 0 a = 에 [이 고 a uo u um 엘 = 모음 KE a. 고 il i 고 ㅜ 0 0 0 0 a oO 니 10 = <0 did 그 0 om aS ze & ag Ral Ol 개 aw ip 읽 a m0 of - 역 OH <P nK a= ot olu LH 패 내 때 고 rast 0 머 을 # = 분 at mul = — i Ko i o2: w ot = a 회 보호 2 즐 이 패 Sa 밖에 일 중 ec _ a = BON 오 다 이 as 본 원 uo ; a ial Re wo a 5 0 8 을 TH mp go 미포 # = Sacgan@ 해 Of 때 고 i =p ke oF se “N K OH Bo eo ao 에겐 = [= 2 ic} 즈 00 iS uj mo 보도 중 oO MI 80 gt xa gn uo 입 ar 수 oll 버 = 위 야 0 1 바브 맹 zm» a Aq = OM x0 Tr soa Ki B yo 몰 & 멈 ir ge 몰 a wee ir S wet x on to Sy AP Oy om 3) SB o aN o FF ai KO are 때 -| KO aa 00 © 20 = 기 원 ge a 더 버 2 = = Om me ZB Ml Th go 매근 해 yor 므 it a Sey hol Ra [SHG RmE yw 수나 Pas 」] 더 Seu an RS 2) 5 o @ 110 Tee KD 주미 젊 사고 = dl =) 에 a KOR Te ol Ml go see 10 윈드 we” 기 이따 EH 3 QM =z Bt Lr oe nay 욱이 깨우 = 이훈 은 그 베 되 <0 8! 00 ws rr ol ® oy 월 U5 ¢ ra oy & ofr ipo. gts FOS SH oo =e oh oo 5 mi Ho TE one 7 yoo oe ol Ol) nH 00 한 2a xi a tee bas 에 64 ee EM ee eS ~ x mime 2 o =a 2 만 Oe Sl Oe 도로 Per gh see RI 대 ko 꿔 x0 fhe 2 ral era Bila = 9 호분 “| 227 HSS ooUdSs N 나 oO _ st 으 ord 30 oo # ~ RT =n im pl x iol rH <b 80 qu nur = 원 너 Be x0 oz i Sy wok + BR inl a 3! 조그 어 위 TH iol 모 al 매여 5 a5 ola a: a A TH Pe Sera ees Petiod er Ry et ote RA nf rh, 분 SA ee ae ee eee 국방7 \ 혁 으로 더 강한, 국민과 함께하는, 세게 2) 당당한 we 만들어 갑니다 언제, 어디서나 국민과 함께하는 믿음직한 군이 있습니다.",PBLICTNEBOOK_201411060500327780.txt,0
국방부_정책자료,"오늘의 평화를 지키고, 성숙한 세계국가로 나이기는 BY ~ 이제 국방개혁으로 구현합니다.",PBLICTNEBOOK_201411060500327780.txt,1
국방부_정책자료,"|e ㆍ'국방개혁 기본계획, 수립 :'05. 12 ㆍ'국방개혁에 관한 법률, 제정ㆍ공포 :'06. 12 ㆍ'국방개혁에 관한 법률시행령, 제정ㆍ공포 : 07. 3. ㆍ'국방개혁 기본계획, 보완 : 08. 3 ~ '09. 6. - 군내 검토/심의 회의 - 국회 보고 및 의견수렴 - 국민적 공 공근 감대 형 형성 위한 의견수렴 * 전문가 토의, 예비역 지문회의 공청회 - 범정부적 추 추진을 위한 국방개혁위 |원회 In > a 0) 「국방개혁 기본계획(은 시시각각 변화하는 안보환경에 능동적으로 대처하고 미래전에 대비하기 위해 지난 2005년도에 수립되었습니다.",PBLICTNEBOOK_201411060500327780.txt,2
국방부_정책자료,"이는 「국방개혁에 관한 법률」에 근거하여 of 2~43년 주기로 보완하고 있으며, 최근 급변하는 인보상황을 고려하여 국방부에서는 실현 가능한 실용적 계획으로 발전시켰습니다.",PBLICTNEBOOK_201411060500327780.txt,3
국방부_정책자료,"© 우리 군은 지난 60여 년 동안 6 ㆍ95전쟁을 비롯한 수많은 도전과 시련을 이겨내고 평화를 굳건히 지켜내며, 자랑스러운 국가번영의 역사를 국민과 함께 해 웠습니다.",PBLICTNEBOOK_201411060500327780.txt,4
국방부_정책자료,© 또한 번화하는 안보환경과 미래전에 부합할 수 있는 국방역량과 태세를 구비하기 위하여 2006년부터 국방개혁을 추진하여 왔습니다.,PBLICTNEBOOK_201411060500327780.txt,5
국방부_정책자료,© 그러나 우리의 안보상황은 재래식 군사위협 외에도 초국가적 ㆍ비군사적 위협이 증대되는 등 새로운 도전과 기회에 직면하고 있습니다.,PBLICTNEBOOK_201411060500327780.txt,6
국방부_정책자료,"© 이에 국방부에서는 법률에 근거하여 '국방개혁 기본계획,을 실현 가능한 실용적 계획으로 보완하였으며, 이를 기초로 국민 여러분과 약속한 Bose] 선진 BE SIS 위해 국방개혁을 일관되게 추진해 나갑니다.",PBLICTNEBOOK_201411060500327780.txt,7
국방부_정책자료,"2006년부터 2020년까지 매 5년의 안보정세 및 국방가혁 추진심적을 a 반도의 | 중간 및 기간 만료시점에 한ㆍ미동맹 발전, 남북 군사관계 변화 추이 등 국내외 BS Y )하여 「국방개혁 기본계획,에 반영 국내외 안보 sage 끊임없이 변 Ls CHA 급변하는 안노환경에 CE 다양한 위협요인과 전쟁양상의 획기적인 변화에 능동적으로 대처하고, 서계평화 유지를 위한 군의 역할 확대 요구에 부응할 수 있도록 우리 군의 개혁이 절실한 시점입니다 1. 과학기술 발 발전에 따라 미래전의 모습도 변화 미래전은 정보 ㆍ과학기술 발전에 따라 네트워크를 기반으로 하는 전쟁 수행개념으로 발전 하고 있으며, 또한 초국가적ㆍ비군사적 위협에 대비 하는 대테러전 및 국제평화유지작전 등도 요구됩니다.",PBLICTNEBOOK_201411060500327780.txt,8
국방부_정책자료,이런 변화에 능 동적으로 대처하기 위한 군구조의 개혁이 필요합니다.,PBLICTNEBOOK_201411060500327780.txt,9
국방부_정책자료,군사력의 역할 | ~ ㅣ . ㆍ비군사적 fete eae | | ㆍ국저평화유지활동 위협 대비 「 군사적 위협 다비 농업 사회 ie} 사회 정보화 사회 병릭청군). GREE ao) (Ole BOF 2c) 북한은 재래식 군사력을 일 등 군사위협의 증대 으지 유 지하면서 핵 ㆍ미사일 등 대량살상무기를 증가 시키고 있어 한반도는 물론 국제사회의 긴장이 커지고 있습니다.,PBLICTNEBOOK_201411060500327780.txt,10
국방부_정책자료,이에 : 꼬 응할 수 있도록 갖추어야 합니다.,PBLICTNEBOOK_201411060500327780.txt,11
국방부_정책자료,감시 ㆍ정찰-정밀타격-요격-방호에 적합한 SAS : 네트워 ^ ao BALAA(NOW)0[% 무엇인가 22 J : 네트워크중심전이란 || ㆍ네트워크 통신기술을 활용하여 전장정보를 공유하고 지휘속도를 증대시켜 센서가 찾아낸 표적을 타격 수단에 빠르게 전피함으로써 적이 아군을 타격하기 전에 적을 신속히 Ba 전쟁수행개념입니다.,PBLICTNEBOOK_201411060500327780.txt,12
국방부_정책자료,www.mnd.go.kr 05 3. 새로운 연합방위체제 구축 전작권 전환과 관련하여 한국군 주도의 작전수행체제가 수림되어야 합니다.,PBLICTNEBOOK_201411060500327780.txt,13
국방부_정책자료,이에 따라 긴밀한 한ㆍ미 연합작전 수행태세를 유지하기 위해 제대별 ㆍ 기능별로 더욱 세분화된 협조체제를 구축해야 합니다.,PBLICTNEBOOK_201411060500327780.txt,14
국방부_정책자료,". 국가위상에 걸맞는 국제 평화유지군 역할 확대 요구 국방개혁이 완료되는 2020년에 대한민국은 경제규모 세계 10위권으로 도약할 것이며, 높아진 국가 위상에 맞게 국제사회의 평화유지를 위한 요구 역시 커져 갈 것입니다.",PBLICTNEBOOK_201411060500327780.txt,15
국방부_정책자료,따라서 해외파병 상비부대를 편성하는 등 이러한 역할 변화에 대비해야 합니다.,PBLICTNEBOOK_201411060500327780.txt,16
국방부_정책자료,으 2만달러 4만 5천달러 이상 세계13위 세계 109424 내 (ine) el ois) Vo po » Zo “oll 2007 2020 2007 2020 @ 경제규모 @ © 1인당 국민소득 @ Hus (세계 2591) (세계 289) it ff LL 2005 2020 @ 인구 @ 4천/백만명 5천만명 | J) <대통령 미래기획위원회 2008) eI 국방의 으 | OF 러 분 J2| 증대가 필요합니다 = 한국전쟁 이후 우리 군은 북한의 현실적 위협에 대비하는 임시방편식 처방을 해 옴에 따라 여러 분야에서 비효율성이 누적되어 왔습니다.,PBLICTNEBOOK_201411060500327780.txt,17
국방부_정책자료,1. 병력 위주의 군구소 북한의 방대한 재래식 군사력에 대응하기 위해 병력 위주의 양적인 규모 유지에 주력하였기 때문에 우리 군의 구조에 문제점이 노정되고 있습니다.,PBLICTNEBOOK_201411060500327780.txt,18
국방부_정책자료,"2. 비효율적인 국방운영 각 군이 유사ㆍ중복기능부대를 별도로 편성하여 자족적으로 운영함으로써 = 비효율성이 나타나고 있으며, 일부 발전된 민간분야를 국방운영에 도입 ㆍ 적용할 필요성이 제기되고 있습니다.",PBLICTNEBOOK_201411060500327780.txt,19
국방부_정책자료,"3. 인재양성 및 교육체계 정비 필요 병 복무기간 단축에 따라 우수한 인력의 충원이 제한되어, 군구조 개편과 연계한 、중원-교육-활용'의 맞춤형 인력관리체계를 구축할 필요성이 제기되고 있습니다.",PBLICTNEBOOK_201411060500327780.txt,20
국방부_정책자료,"4. 군 사기 및 복지증진 대책 미흡 국가경제 발전에 따라 민간 복지수준은 크게 향상된 반면, 군의 복지는 상대적으로 낙후되어 있어 군인의 자긍심과 사기 앙양을 위해 종합적인 군 복지대책의 수림이 시급합니다.",PBLICTNEBOOK_201411060500327780.txt,21
국방부_정책자료,www.mnd.go.kr 07 「국방개혁 기본계획」을 실현 가능한 실용적 계획으로 보왼하였습니다 「국방개혁 기본계획(은 단순히 현재의 위협에 대비하는 치원의 보완이 아니라 통일 이후까지를 내다보고 군의 역할을 생각하는 큰 그림입니다.,PBLICTNEBOOK_201411060500327780.txt,22
국방부_정책자료,"1. 안보환경의 변화에 따른 대비소요 반영 북한 핵ㆍ미사일 위협에 대처 가능한 전력체계로 보강하고, 새로운 oie Shaled 하에서 한국군 주도의 군사작전체제가 가능하도록 지 3. 국가위상 제고에 따라 세계평화 SAE 위 요구에 부응할 수 있는 군사력 소요를 반영 과거에 외국의 도움을 받는 나라에서 이제는 도 나라로서 세게 BBL eo 기여할 수 있는 abot 합니다.",PBLICTNEBOOK_201411060500327780.txt,23
국방부_정책자료,"4. 국방경영의 경제성 SSM AIDS 위한 87 국가총력전 개념하에 선진화된 민긴자원 활용을 확대하고, 각 군의 유사ㆍ 중복 기능부대는 통합 및 슬림화합니다.",PBLICTNEBOOK_201411060500327780.txt,24
국방부_정책자료,"> 5. 국가경제 발전에 기여하고 사회발전 속도에 부응할 수 있는 국민의 요구를 반영 국방개혁 소요재원을 합리적으로 재판단하였으며, 국방 연구개발(260) 지원 확대로 새로운 동력으로 경제성장에 기여하고, 군인복지 종합대책 등을 수림 ㆍ시행합니다.",PBLICTNEBOOK_201411060500327780.txt,25
국방부_정책자료,— 중점을 두었습니다 미래 국방환경에 효과적으로 대비하려면 Hard Power Soft Power7} 서로 조화롭게 어우러져야 합니다.,PBLICTNEBOOK_201411060500327780.txt,26
국방부_정책자료,「국방개혁 기본계획」은 이런 CAS 바탕으로 국방과 관련된 모든 분야에서 질적인 도약을 병행합니다.,PBLICTNEBOOK_201411060500327780.txt,27
국방부_정책자료,| | 1. 새로운 연합방위체제하 한국군 주도의 작전수행체제를 구축 합니다.,PBLICTNEBOOK_201411060500327780.txt,28
국방부_정책자료,2. 전투부대 편성의 완전성을 구비하여 전투즉응성을 향상시키고 병력과 장비를 정예화합니다.,PBLICTNEBOOK_201411060500327780.txt,29
국방부_정책자료,"3, 네트워크중심전(4) 수행 및 비대칭 위협에 대처 가능한 = 전력구조를 구축합니다.",PBLICTNEBOOK_201411060500327780.txt,30
국방부_정책자료,4. 육ㆍ해ㆍ공군의 합동성을 강화하여 전투능력 및 효율성을 향상시킴니다.,PBLICTNEBOOK_201411060500327780.txt,31
국방부_정책자료,"5. 예비전력을 상비군 수준으로 정예화하고, 실질적인 동원체제를 확립합니다.",PBLICTNEBOOK_201411060500327780.txt,32
국방부_정책자료,"6. 민간자원 활용 확대, 유사ㆍ중복 기능부대 통합 및 조직 슬림회를 통하여 국방경영의 경제성 ㆍ효율성을 제고합니다.",PBLICTNEBOOK_201411060500327780.txt,33
국방부_정책자료,= 7. 미래전장을 AES A 있는 전문화된 인재 양성 및 교육체계를 구축합니다 8. 병영환경 및 복지를 국가 경제발전에 ASSES 선진화 합니다.,PBLICTNEBOOK_201411060500327780.txt,34
국방부_정책자료,9. 국방 연구개발 투자 확대로 국방과학기술 기반ㆍ역량을 선진화 합니다 = ㆍ www.mnd.go.kr 09 … @ 변화의 바람을 넘어 더 새롭게) 국방개혁을 통한 정 예화된 선진강 군 국민의 평화와 행복을 지킴니다.,PBLICTNEBOOK_201411060500327780.txt,35
국방부_정책자료,". 2 ~ 찰스 다윈은 “가장 강한 종080은 Yo] AAU @ 몸집이 큰 종이 아니라, 변화에 적응하는 중"" 이라고 하였습니다.",PBLICTNEBOOK_201411060500327780.txt,36
국방부_정책자료,"시대가 변화를 요구하고 있고, 우리 도 변화되어야 합니다.",PBLICTNEBOOK_201411060500327780.txt,37
국방부_정책자료,변하지 않고 현실에 안주하는 군대는 미래가 현실로 다가올수록 시대에 뒤펄어진 군대가 될 수바에 없습니다.,PBLICTNEBOOK_201411060500327780.txt,38
국방부_정책자료,니다 ㅇ 양하 “es 네즈 는 amt nel on My a : 에 i: a at oh 그 30 or om H 배 n> 건 is ooh Jo 「 > ie 4 ti ra Ti 선진 2a! 으로 변화합니다 oe 북한은 대규모 군사력을 유지하면서도 비대칭 전력을 계속 증강하고 있으며 핵실험 및 }일 발사 등 군사적 긴장상황을 조성하고 있습니다.,PBLICTNEBOOK_201411060500327780.txt,39
국방부_정책자료,"또한, 최근에는 김정일 체제의 불안정성이 ° 파라 우리 군은 군은 다양한 위협에 능동적으로 대처하기 위해 확고한 한ㆍ미 전략동맹을 운 연합방위체제를 구축하고, 획기적인 정보 ㆍ기술 집약형 군사력 구조로 전환합니다.",PBLICTNEBOOK_201411060500327780.txt,40
국방부_정책자료,"ts 한 핵ㆍ미사일 및 장사정포 위협에 대비할 수 있는 전력을 확보하고, 합동성을 강화하는데 SAS 두고 육 ㆍ해 ㆍ공군의 전력을 증강합니다.",PBLICTNEBOOK_201411060500327780.txt,41
국방부_정책자료,아올러 국가위상에 걸맞는 국제 평화 유지활동에도 적극 참여합니다.,PBLICTNEBOOK_201411060500327780.txt,42
국방부_정책자료,">) A R T 2 gq eg a ot 고 정 예 화 된 군 으 로 도 OF 합 니 다 | 전략동맹을 바탐으로 AAAS MATEO ""| 전환되면 한반도의 연합작전체제는 새로운 시대를 맞이하게 됩니다.",PBLICTNEBOOK_201411060500327780.txt,43
국방부_정책자료,국방부는 이러한 변화에 대비하기 위해 aa 주 도의 연합작전수행과 합동성을 발휘할 수 있는 효율적인 군사지휘구조를 만들고 한ㆍ미간에 더욱 긴밀한 협조체제를 구축하여 흔들림 없이 대처합니다.,PBLICTNEBOOK_201411060500327780.txt,44
국방부_정책자료,한국군이 주도하는 작전수행체제 구축 한국군으로 전시작전통제권 전환에 대비하여 새로운 연합방위체제 하에 한국군 주도의 작전수행체제를 구축합니다.,PBLICTNEBOOK_201411060500327780.txt,45
국방부_정책자료,"한ㆍ미간의 효율적인 연합작전 수행이 가능하도록 한ㆍ미 안보협의회의(8080), 군사위원회00(0) 등 기존의 전략적 대화 채널은 지속 유지하고, 한국 합참과 촛 한국사 간의 작전수행 업무 협조를 원활히 하기 위하여 정보ㆍ작전 등 각 기능별 협조기구를 운용하며, 각 작전사 및 제대별로도 긴밀한 협조체제를 구축합니다.",PBLICTNEBOOK_201411060500327780.txt,46
국방부_정책자료,따라서 새로운 연합 방위체제로 전환되더라도 한반도에서의 전쟁 억제 및 작전수행 능력은 변함없이 유지됩니다.,PBLICTNEBOOK_201411060500327780.txt,47
국방부_정책자료,"연합사 체제하 전쟁기획/작전수행 한국 주도의 작전수행체제 구축 @ 대통령 초 대통령 @ 국방부 SCM (Security Censultative Meeting, 안보협의회의) 한ㆍ미 양국의 주요군사정책 협의 조정 기구로서 국방장관 수준에서 주요 인보문제를 현의하고 하결하기 위해 양국에서 번갈아가며 연례적 으로 개최하는 회의 MC (Military Cemmittee, 군사위원회) | 때 떼 때 이 참석하는 회의 tO] 양국 국방장관을 대표로 하는 ㆍ미 인보협의회의(6 CMO 합의 양국간 주요 군사정책과 전 전략지침을 구체적으로 발전시켜 한국 합참과 % 한국사에 전략지시 및 작전지침을 하달하는 기구로서 한‥0 한찬의 ao |장 Q : 전작권 전란 후 촛 증원전력이 약외되는 것은 아닌가요? 삭 : 전작권이 전환되더라도 미 증원전력은 작전계획에 근거하여 현재와 유사한 수준의 전력이 전개될 것입니디 한ㆍ미동맹을 기받으로 한 ㆍ미 연합전력은 그대로 유지하는 가문더, 한미 연합전력의 지휘처계만 한국군 는 www.mnd.go.kr 13 . 합동참모본부의 기능 및 합동성 강화 ㆍ 합참 주도 작전수행체제 구축 1: 전작권 전환 이후에는 합참이 한반도에서 WYSE 전 ㆍ평시 모든 작전을 지휘하게 됨에 따라 합참의장이 전구작전사령관 역할을 할 수 있도록 합 참의 편성과 기능을 보강하였습니다.",PBLICTNEBOOK_201411060500327780.txt,48
국방부_정책자료,"즉, 한반도 전구작전환경을 고려 하여 합동군사령부를 별도로 창설하지 않고, 함참의장의 작전지휘와 군령 fe} 작전수행('08『-『101111@)에 전념할 수 있는 기능 보강 1차장 예하에는 합동작전본부를 Se 한국사령부와 대칭적 구조로 편성하여 원활한 작전지휘 및 효율적 연힙작전 수행이 용이하도록 하였습니다.",PBLICTNEBOOK_201411060500327780.txt,49
국방부_정책자료,"국방목표 ENS 위하여 군사력을 운용하는 용병 기능으로서 군사전략 합동성 증대를 위한 참모부서 보강 2차장 예하에는 군사전략 수립, 군사력 ARS 결정하는 전략기획본부와 기획, 군사력 건설에 대한 소요제기 미래전에 대비한 합동개념 발전, 합동실험, 연습훈련 등 합동성 발전 업무를 및 작전계획의 수립과 작전부대에 전담하는 전력발전본부를 새로 편성하였습니다.",PBLICTNEBOOK_201411060500327780.txt,50
국방부_정책자료,대한 작전지휘 및 운용 등을 의미 한다.,PBLICTNEBOOK_201411060500327780.txt,51
국방부_정책자료,"합참의장 합참차장 작전본부 전략기획본부 정보본부 인사군수본부 지휘통신, 민사심리 — 군령보좌 및 ERM 전구작전사령관 역할 1차장 2차장 함동작전본부 전략기획본부 전력발전본부 정보ㆍ기술 집약형 전환합니다 우리 군은 안노환경과 전쟁양상 변화에 따라 미래 합동전장운영 HAS 정립하고, 이를 효과적으로 구현할 수 있는 정 T AL 여고 기술 집약형 군사력 구조로 전환합니다.",PBLICTNEBOOK_201411060500327780.txt,52
국방부_정책자료,전투임무 위주로 병력구조 조정 _ LToOT TI 2005 개혁초기에 68.1만명이던 병력을 2020년까지 50만명 수준으로 정예화 합니다.,PBLICTNEBOOK_201411060500327780.txt,53
국방부_정책자료,이를 위해 전투임무 이외의 비전투 분야 인력을 최소화하고 유사조직과 기능의 통ㆍ폐합을 통하여 절약된 병력으로 전투부대의 완전성을 높여 전투 능력을 향상시킬 것입니다.,PBLICTNEBOOK_201411060500327780.txt,54
국방부_정책자료,"68.1만명"" 65.5만명 51.7만명 fie > a 해군 | 해병대 | 공군 tt] 1) 1] 2005년 ㅣ 681: ABCC i] 20004 | 65S DTTC ot oH 111 2020년 ㅣ 517 | 3872 | AT | 0298 6.5 @ 총병력 0 <단위 : 만명 에 . bs ^ id ~ Q : S80[ 대규모 ANGLES Faleola 불구하고 | 우러 alse AAS EAA 문제 U2? A): 미래전 양상은 다량소모전 개념에서 네트위크중심 환경 St 효과중심작전으로 변화하는 추세입니다.",PBLICTNEBOOK_201411060500327780.txt,55
국방부_정책자료,"이에 따라 국방 개혁의 기본방향은 병력규모는 조정되더리도 간부비율을 높여 FS 정예화하고, 전투부대 편성의 완전성을 보장해 저트 즉각 전투수행능력을 제고하는 것입니다.",PBLICTNEBOOK_201411060500327780.txt,56
국방부_정책자료,"아울러 SHS 전투효율이 높은 무기 및 장비를 확충하고, 해ㆍ공군 또 력 i 2 S 인 이 Fu 합동성을 강화한 첨단전력을 보강하여 지상작전 지원능력을 증대하게 됩니다.",PBLICTNEBOOK_201411060500327780.txt,57
국방부_정책자료,"이를 통해 우리 군의 총체적인 전투력은 현재보다 월등히 향상되므로 지상군 HAS 조정할 수 있는 것입니다 www.mnd.go.kr 15 2. 전투임무수행의 SSS 고려하여 전투부대 구조 개편 지금까지는 평시에 감소된 BIS 유지하다가 전시가 되면 증원하여 완편하는 개넘이었으나, 앞으로 상비부대는 평시부터 정예화된 인원과 우수한 장비로 완전편성하여 즉각 전투태세가 가능하도록 완전성을 보징하고, 지휘계선을 축소하여 효율적인 전투수행이 가능한 부대구조로 개선합니다.",PBLICTNEBOOK_201411060500327780.txt,58
국방부_정책자료,". 전투효율이 높은 무기 및 장비 확보 한반도 및 주변 지역에 대한 조기경보 능력과 실시간 전장 감시 ㆍ정찰 능력을 SE DUG, 또한 BE 전투력 발휘가 가능한 ABA BADE aL 생존성과 신뢰성이 증대된 네트워크중심전 수행능력을 확충합니다.",PBLICTNEBOOK_201411060500327780.txt,59
국방부_정책자료,아울러 장거리 정빌타격과 지 ㆍ 해 ELITES 능력을 TID Bases tax 강합니다.,PBLICTNEBOOK_201411060500327780.txt,60
국방부_정책자료,"북한이 1998년 대포동 1호 발사 2006년 대포동 2호 발사ㆍ1차 핵실험 및 2009년 장거리로켓 발사ㆍ2차 핵실험을 실시한 이후, 우리의 작전환경과 능력을 종합적으로 고려하여 전력을 지속적으로 보완하고 있습니다.",PBLICTNEBOOK_201411060500327780.txt,61
국방부_정책자료,"1. 핵ㆍ미사일 위협 대비 핵ㆍ미사일의 '발사준비ㅡ발사ㅡ폭발 로 이어지는 일련의 절차를 고려, (0 감시 ㆍ정찰 - © 정밀타격 - (3) 요격 - @ 방호로 구분하여 전력보강을 추진합니다, 특히, '08년 4월, 5월 북한의 차 핵실험 및 미사일 발사를 계기로 우리 군의 대응전력을 우선적으로 확보해 나갑니다.",PBLICTNEBOOK_201411060500327780.txt,62
국방부_정책자료,"= @ 다목적 실용위성 = www.mnd.go.kr 17 북한은 700여 문의 SAGES 보유하고 있으며, 이 중 3000 문이 수도권에 위협을 주고 있습니다.",PBLICTNEBOOK_201411060500327780.txt,63
국방부_정책자료,"이러한 북한의 장사정포 위협에 대비하여 우리 군은 한ㆍ미 연합 정보자산으로 표적을 집중 감시ㆍ탐지하며, 탐지된 표적은 연합공군 및 전담포병 등 타격전력을 통합 운용하여 실시간에 타격할 수 있는 능력을 확충합니다.",PBLICTNEBOOK_201411060500327780.txt,64
국방부_정책자료,2. 장사정포 위협 대비 장사정포 위협에 효과적으로 대비하기 위하여 ‘D 표적탐지-2) BAO 타격' 을 군단 ㆍ사단ㆍ연대별 위한 대화력전 수행능력을 대폭 개선합니다.,PBLICTNEBOOK_201411060500327780.txt,65
국방부_정책자료,"표적탐지 전력 강화 O 표적탐지분야는 미측 정보자산과 한ㆍ미의 UAV, 대포병탐지레이더 SS 적극 운용하고 UAV, 대포병탐지레이더 SS 추가 확보하여 적 장사정포에 적시적인 결심을 위 대한 감시 ㆍ탐지 능력을 확충합니다.",PBLICTNEBOOK_201411060500327780.txt,66
국방부_정책자료,함동화력운용체계 구축 (2 AAMC! 타격을 위한 결심분야는 대화력전 수행본부 04]체계인 합동화력 운용체계(1008-16를 구축합니다.,PBLICTNEBOOK_201411060500327780.txt,67
국방부_정책자료,"정밀유도무기 보강 및 강 및 하 으 타격전력 통합 운용 @ 타격분아는 현재 한 ㆍ미 연합공군과 대화력전 전담포병을 기반으로 지대지 미사일, K-9 자주포, 차기다련장 등 지상화력과 최신 전투기 및 GPS 유도 폭탄 등의 정밀유도무거를 대폭 보강합니다.",PBLICTNEBOOK_201411060500327780.txt,68
국방부_정책자료,"Nay 0 Ut ~ ~ . 50 rT x WEE 밀리방사포 “@ 대포병탐지레이더 적 170밀리방사포 ne (Beas ea a “0 [303 ‘ie a @ 차기탐시레이더 — expe Oxon >. on 자 | © 차기다련장 | 화력전수행본부 00920 *0ㅇ41(지휘, 통제, 통신, 컴퓨터 및 정보) :00101800, Control, Communication, Computers & Intelligence *바『068-<(합동화력운용체계) : Joint Fire Operation System - Korea 미래 지상전투는 네트워크에 기반한 동 시ㆍ 통합전이 될 것입니다.",PBLICTNEBOOK_201411060500327780.txt,69
국방부_정책자료,육군은 네 워크에 의한 실시간 의사결정 및 AE] 타격 | 동시에 이루어질 수 있도록 지휘통제 SAS 보강하고 기동성 및 화력 ㆍ생존성과 정밀도가 강화되는 부대구조로 발전 합니다.,PBLICTNEBOOK_201411060500327780.txt,70
국방부_정책자료,"005년당시 10 BG AAAS EAC 7, IED BO HN 있으나 추가적으로 20208714) 5개의 지역군단(수방사 포함)과 27S] 기동군단 체제로 개편하게 됩니다.",PBLICTNEBOOK_201411060500327780.txt,71
국방부_정책자료,지역군단 개념으로 개편되는 수방사는 수도 서울의 방어임무에 추가하여 전방지역의 방어임무를 수행하게 됩니다.,PBLICTNEBOOK_201411060500327780.txt,72
국방부_정책자료,"iz 3군 2작전사 수방사 특전사 군단 군단 기동군단 향토사단 항작사 는 = = = som 지작사 2작전사 특전사 항공사 www.mnd.go.kr 19 . 기동부대의 전투력 강화 육군의 군단과 사단 수는 조정되지만 각각의 부대는 정보감시능력, 기동력, 화력의 보강으로 제대별 작전능력은 2~3배 증대됩니다.",PBLICTNEBOOK_201411060500327780.txt,73
국방부_정책자료,"감시ㆍ정찰 제한된 주 ㆍ야간 감시 연대급까지 CAlAlAl 구축, 고정형, 저용량 아날로그 통신 대대급 이하까지 (체계 확장, 이동성 강화, 대용량 디지털 통신 지휘통제 견인 ㆍ비장갑 위주의 도보ㆍ 도 . 기동 타격 Sel 무기체계 지상군의 전력구조는 노후된 구형 장비 위주에서 전투효율이 높은 장비 위주로 전력화하여 기동력 ㆍ화력ㆍ전장관리 능력 등이 크게 향상됩니다.",PBLICTNEBOOK_201411060500327780.txt,74
국방부_정책자료,"감시정찰 기 동 *1448계열/<-1전차 위주 ° * UH-1H, 500MD ©105mm/155mm 견인포 위주 *1300007 다련장 ㆍ단안형 야간투시경 등 ㆍ군단ㆍ사단ㆍ연대 UAV * KIA1/K-2 전차 위주 ㆍ 한국형 기동ㆍ공격헬기 + K-9/K-55 자주포 위주 *차기 다련장 해군은 수상ㆍ수중 ㆍ공중 입체전력 운용능력을 강회하여 근해 방어뿐만 아니라 해상교통로 및 하잉자원 보호 T T 교동 az 국가이익을 수호할 수 있는 구조로 발전합니다.",PBLICTNEBOOK_201411060500327780.txt,75
국방부_정책자료,1. 부대구조 보강 현 3개 함대사와 잠수함 및 항공전단 체제에서 잠수함사와 기동전단을 창설하여 기동전단이란? 부대구조를 보강합니다.,PBLICTNEBOOK_201411060500327780.txt,76
국방부_정책자료,"함대사 | |잠수함전단| | 항공전단 함대사 ㅣ | 잠수함사 || 항공전단 = et ae) 기동전단 북억제 및 공세작전, 잠재적 위협 2. 전투능력 대폭 증강 억제 및 거부전력으로서 핵심해역 = ~ = _ _ 0 방어, 해상교통로 보호 전략목표 타 북한 및 다양한 위협에 적절히 대응 가능토록 수상 함정의 수는 줄이되, 중ㆍ대형함 격, 해역함대 지원 등의 임무를 수행 (차기구축/호위함, 이지스함 등)으로 보강하여 기동형 전력구조로 발전시킴니다.",PBLICTNEBOOK_201411060500327780.txt,77
국방부_정책자료,하미 뜨한 잠수함과 항공전력은 미래전장에서 임무수행이 가능하도록 보강합니다.,PBLICTNEBOOK_201411060500327780.txt,78
국방부_정책자료,"ㆍ대형수송함(Ｌ마|, 구축함(<0×- TM), 잠수함<39-1/01, 해상초계기 (P-30) S22 구성합니다.",PBLICTNEBOOK_201411060500327780.txt,79
국방부_정책자료,"= 구분 이지스구축함 <0%×-10) 잠수함 (<68-11) 이지스전투체계를 탑재한 구축함으로 ㅣ 시『8(공기불요 추진체계를 탑자한 AIPS (Air indent cea 운 용 CHE, 대탄도탄 방어 및 적 전략표적 잠수함으로, xy 잠수함 탐색 및 공격, System, 27182 SA) 타격 가능한 구축함 AI BM OL Ret SO 가능한잠수함 — BA 760022 3000224 최신 디젤잠수함 추진체계로 잠수함이 — | 으으그 때 _ 외부공기 흡입없이 수중항해 중에도 주요무장. TUE 유도탄과 장거리 대잠어뢰, 임무에 따라 유도탄, 어뢰, 7181 SB 주동력원인 축전지를 충전할 수 있는 어뢰, 5^ 함포 SS 탑재 혼합 탑재 체계 www.mnd.go.kr 21 3. 해병대는 여단급 상륙작전 능력 구비 무인정찰기, 다련장포 등 감시 ㆍ타격 능력과 대형수송함, 차기상륙함, 차기 상륙돌격 장갑차 및 상륙헬기를 증강합으로써 입체고속 상륙기동작전 수행 능력을 구비합니다.",PBLICTNEBOOK_201411060500327780.txt,80
국방부_정책자료,"66 pays 포함한 한반도 주변 해역에서의 해양통제, 해상교통로 보호 및 함동작전 수행능력 확보는 물론 원해 기동작전이 가능한 전력으로 발전됩니다.",PBLICTNEBOOK_201411060500327780.txt,81
국방부_정책자료,"7 20094 20204 SKKDX-I/II 위주) 축함<0×-11/111 위주) 비연 ㆍ차기 구축함 ㆍ 호위함(다), 초계함『000) eo) were + DAA(PKM) 차기 SSEFFX) o- * 차기 고속정(가) FB con ena + KSS-II/IL 잠수함 위주 *해상초계기 ㆍ해상 작전헬기 ㆍ해상초계기 ㆍ 해상 작전헬기 스보 공군은 공중우세 석합한 구조로 시 및 정밀타격에 전환합니다 으 고 (= 구은 한. 작전의 효율적인 지후보장을 위해 BAS 보강하고, 전투수행 능력 향상 위 히 1 전력을 증강합니다.",PBLICTNEBOOK_201411060500327780.txt,82
국방부_정책자료,"고 ar oo TTOO coo . 조기경보통제기 및 공중급유기 전력화로 작전능력 확대 적의 공중활동을 조기에 탐지하여 효과적으로 대처하기 위해 공중조기경보 통제기를 도입하며, 전투기의 원거리 작전능력을 확보하기 위해 공중급유기를 전력화할 예정입니다.",PBLICTNEBOOK_201411060500327780.txt,83
국방부_정책자료,2020년이 되면 현재의 제한된 지역 타격능력에서 한반도 숲 지역에 대한 타격능력을 보유하게 됩니다.,PBLICTNEBOOK_201411060500327780.txt,84
국방부_정책자료,위주로 구성된 480여대의 AEE 3020년까지 High- Low Mix 78122 2 Hane 항공기와 Lows 항공기를 최적으로 혼합하여 430대 규모로 정예화합니다.,PBLICTNEBOOK_201411060500327780.txt,85
국방부_정책자료,또한 전략적 표적에 대한 정밀타격능력을 향상시키기 위해 정밀유모무기를 대폭 증강합니다.,PBLICTNEBOOK_201411060500327780.txt,86
국방부_정책자료,"* High-Low Mixet 첨단 및 재래식 전력을 효율적으로 조화시켜 전투력을 유지하는 개념 정밀유도무기 GBU-31(JDAM) GBU-28 구 분 (Joint Direct Attack 비00090 (Bunkerbuster) 합동정밀직격폭탄 지하시설 파괴폭탄 우용 적 주요 표적에 대해 전천후 정밀 지하화, 견고화된 주요 전략 표적을 0 공격이 가능한 유도폭탄 파괴하기 위한 정밀 유도폭탄 장착기종 F-15K, KF-16 F-15K 유도방식 위성항법(3[?6)/관성항법(46) 레이저 유도방식 정확도 130 이내 30 www.mnd.go.kr 23 . 남ㆍ북부 전투사령부 체제로 개편, 전술항공통제단 창설 &윤적인 AALS 및 부대관리를 위해 북부전투사를 창설하여 27} 전투사, 공포병사령부, 관제단 체제로 개편하고, 육ㆍ해군의 작전수행 지원능력을 향상시키기 위해 전술항공통제전대를 전술항공통제댄 으로 증편합니다.",PBLICTNEBOOK_201411060500327780.txt,87
국방부_정책자료,"66우리 공군은 전력의 질적인 향상을 통해 현재의 제한된 작전영역을 한반도 전 지역으로 확대하고, 미래전 수행에 적합한 필수전력을 확보합니다.7 7 1ㅁㅠㄷ@ㅇㅇㅋㅇㅋ82 fk OMmOr 남부사 방포사 || Bact 비행단 |, [비행단 ㅣ | 전술항공 ——| 그 | 대째 님부사 | Sa (22 | eat 비행단|, [비행단 @ 4마느 국가위상에 걸및는 펴하으지황도 그 zs 국제 평화유지활동에 적극 참여합니다 우리나라는 세계 13우의 경제규모를 가진 OECD 회원국이자 UN PASS 배출한 나라입니다.",PBLICTNEBOOK_201411060500327780.txt,88
국방부_정책자료,이처럼 국제사호에서 우리니라의 위상이 올라갈수록 국제 평화유지를 위한 역할이 강하게 요구되고 있습니다.,PBLICTNEBOOK_201411060500327780.txt,89
국방부_정책자료,보다 적극적이고 효과적인 국제 평화유지활동 JOS 위해 평시에 해외마병 상비부다를 조직하여 임무수행 능력을 키워 나갑니다 Mt 1. 적정규모의 해외파병 상비부대를 준비 지속적으로 증가되는 국제 평화유지활동 참여 요구에 부응할 수 있도록 1000여 명 규모의 해외파병 상비부대를 준비합니다.,PBLICTNEBOOK_201411060500327780.txt,90
국방부_정책자료,아울러 파병 장기화 및 추가 파병 소요에 대비한 1.000여 명 규모의 예비부대와 다양한 파병임무를 고려하여 군별 ㆍ병과별 지원부대 1.000여 YS 별도로 지정하여 운용합니다.,PBLICTNEBOOK_201411060500327780.txt,91
국방부_정책자료,"해외파병 상비부대는 평소부터 교육훈련, 임무수행 준비 등을 통하여 적시적인 파병이 가능한 태세를 유지합니다.",PBLICTNEBOOK_201411060500327780.txt,92
국방부_정책자료,"2. 국내 재난 상황 발생시 신속대응부대로 운용 평화유지활동을 위한 해외파병 상비부대는 파병지역에서 치안유지, 호송, 감시정찰, 재건지원, 의료지원 등의 임무를 수행합니다.",PBLICTNEBOOK_201411060500327780.txt,93
국방부_정책자료,ere as 때에는 국내에서 빌생하는 재난 상황에 즉각적으로 대처할 수 있는 신속대응 부대로 운용합니다.,PBLICTNEBOOK_201411060500327780.txt,94
국방부_정책자료,www.mnd.go.kr 25 Global Korea! 세계로 나아가는 대한민국 국군 우리나라의 국제 평화유지활동은 UN 평화유지활동[^);과 다국적군을 통한 평화유지활동으로 구분됩니다.,PBLICTNEBOOK_201411060500327780.txt,95
국방부_정책자료,하지만 다국적 군도 UN 결의에 따라 임무를 부여받는다는 점에서 넓은 의미의 UN 평화유지활동으로 볼 수 있습니다.,PBLICTNEBOOK_201411060500327780.txt,96
국방부_정책자료,우리 군의 국제 평화유지활동 적극 참여로 세계 속의 대한민국 의 국가 위상이 크게 제고되었습니다.,PBLICTNEBOOK_201411060500327780.txt,97
국방부_정책자료,"}이프러스 02. 1~'03, 12. 앙골라 브룬디 | 95, 10~~'96, 12. WY 04. 9~'06. 12. WY 99. 10~'04. 6. (094 78 기준) (UN 평화유지활동(<) 참여지역> 쿠웨이트 이라크 아프가니스탄 이 104.10'08.12. 03, 4~'08, 12. ""02. 2~'07. 12. 항공수송단 자이툰부대 동의 ㆍ다산 부대 아프가니스탄 '02.7~현재 협조장교, 지방재건팀 바레인 i= 08. 1~ HM '04.40~'08, 12. 2 [장교 참모, 협조장교 (09년 7월 기준) <다국적군 평화유지활동 참여지역> 용하기 위해서 선진화된 Elz nia 의 전문성을 높이겠습니다.",PBLICTNEBOOK_201411060500327780.txt,98
국방부_정책자료,래으 민 지원역량을 강화하여 ae 군 운영 abt 구하고 조직과 경영의 효율화를 12 20) 것입니다.,PBLICTNEBOOK_201411060500327780.txt,99
국방부_정책자료,"를 위해 국방경영의 경제성과 효율성을 높이고 전문화된 인재양성 및 교육체계를 구축하며, 병영환경 및 복지를 선진화하고, . 국발과학기술 기반 및 역량의 선진화를 추진합니다.",PBLICTNEBOOK_201411060500327780.txt,100
국방부_정책자료,": 국방운영가력은 군구조개력과어떤 상관관계가있는지요? : 군구조개혁이 Hardware,"" 요소라면 국방운영개혁은 「3004616;적 요소라고 할 수 있습니다 군구조개혁으로 우리 군의 병력규모는 조정되지만 첨단전력을 확보하여 전투력은 대폭 강화됩니다.",PBLICTNEBOOK_201411060500327780.txt,101
국방부_정책자료,"따라서 국방운영가혁은 군구조의 개혁이 성공적으로 완성될 수 있도록 뒷받침하면서 aeese 선진화하는 입니다, 이를 위해 0 우수인재 획득 ㆍ양성, 6 미래전에 대비한 국방교육훈련 발전, 6) 유사 ㆍ중복기능부 - 폐합 및 비전투분야 민간자원 활용 확대 등을 을 통한 병력 절감. @ 전 전장 —_ 싱후문용성 a 등을 P A R T 3 보 다 Al 일 용 적 이 선 진 국 =I 은 영 고한 4n © dh 체 OF » & Nal 0 105 니 = 2! of 0 에 Pal oo 2h 건 읽 006 40 0 il 12 그 a Ol 비 Ju ol! > a [pal 4m 2 ry HL a ilo at ol 때 on 모 010 eI SLOWS 떼고 국방ㅅ 경제적으로 운영합니다 국가 총력전 개념 하에 선진화된 민간자원을 활용하여 저비용 ㆍ고효율 체제로 전환합니다.",PBLICTNEBOOK_201411060500327780.txt,102
국방부_정책자료,"이를 위하여 민간부문이 갖고 있는 개방적이고 발전된 경영기법을 받아들여 국방운영의 전문성을 제고하고, 효율성을 증대합니다.",PBLICTNEBOOK_201411060500327780.txt,103
국방부_정책자료,"1OU 작전수행능력을 대부분 충족하고 있는 자족적 체제에서, 민간자원 활용 개념 , 지원기능은 민간자산을 최대한 활용하는 OHS 및 수송분야는 군 보급계통의 다단계 지원체계에서 국가물류체계 및 민간 업체를 BB One-Stop 지원체제로 전환하여 물류시간을 대폭 단축하고 재고를 "" 감소시키며 인력 및 장비소요를 절감합니다.",PBLICTNEBOOK_201411060500327780.txt,104
국방부_정책자료,2009년 2020년 | 지원기능 민간 자산(평시 활용) | ㆍ군 자산 중심 ㆍ국가지산 통합 활용 현재 2020년 * 다단계 지원체계 * One-Stop 지원체제 + BROT 중심 ㅡ 군자샌(최적화) + > ~ a 민간자산(평시활용/전시동원) ㆍ 미래전/군구조개편에 적합한 보급 ㆍ정비 ㆍ 기 수송ㆍ의료지원체계 개선 0 en “> saa “> ae - aa - 때 _| 년 가 ㅣ 통합물류센터 ~ a = ^ : 민간자윈 UBS Beds 경우 전시 잎무수행에 Balt Seal 2? J : 전시 임무수행에 차질이 없도록 대상 사업 및 부대를 신중하게 선정하여 단계적으로 추진할 예정입니다.,PBLICTNEBOOK_201411060500327780.txt,105
국방부_정책자료,"전투임무 관련 성이 적은 업무와 후방 전투근무지원부대 위주로 우선 민긴자원 BSS 확대하고, 정비 ㆍ수송ㆍ보급 등 전투에 직접적인 영향을 미치는 기능은 철저한 타당성 BAS 거쳐 국가동원계획에 반영하여 추진할 예정입니다.",PBLICTNEBOOK_201411060500327780.txt,106
국방부_정책자료,www.mnd.go.kr 29 © 정비분야는 우선 군과 민간의 정비능력을 통합 활용함으로써 정비능력을 극대화 합니다.,PBLICTNEBOOK_201411060500327780.txt,107
국방부_정책자료,"또한 oe [를 확대하여 전투력 발휘 및 EHS 최고로 유지하고 비용을 최소화하며 방산업체의 가동률 제고와 국가경제발전에 기여합니다, 이를 위해 성과기반군수지원02817""제도와 총수명주기체계관리(11.0810""'를 도입합니다.",PBLICTNEBOOK_201411060500327780.txt,108
국방부_정책자료,군 자체 실시(5 — 3계단) 단순장비 정비 : 국가 기간산업 정비체계(2계단) 첨단장비 정비 : 군 중심 ㅡ ace 군 자체 | 사용자 20089년 애인 개 단순 | 현장정비 선| ㅎㅎ 호 = 첨단 현장정비(교환) : 1일 기준 외주정비(창ㆍ민간ㆍ해외 정비) 개 군 자체 pl — 국가 기간산업 활용 -ㅡ00! 1) PBL(Performance Based Logistics) 2) TLCSM(Total Life-Cycle System Management) © 의료지원분야는 민간의료시설의 활용을 확대하고 군병원은 군구조개혁과 연계하여 구조조정을 해 나갑니다.,PBLICTNEBOOK_201411060500327780.txt,109
국방부_정책자료,@ 민간의 우수경영자원을 국방분아에 적극 영입하고 민간의 개방적 ㆍ발전적 조직 문화를 도입합니다.,PBLICTNEBOOK_201411060500327780.txt,110
국방부_정책자료,"현역 부대장 전문경영인 ~<-------- 인센티브 민간경영기법 도입, 인사ㆍ재정상 4 의즈: 브 으 22 00?1버 버 UY ㅇㅇ SHIPS] 부대 운영 Tea ANG AOR aes [> Sate 의료지원분야 변화 붙 : 육군 지원 해군 지원 공군 지원 차량정비소 식당 조직 통 ㆍ폐합 민간위탁 a Pe 토트프 ㆍ유사기능 통ㆍ폐합 : 각 군 중앙경리단ㆍ인새창ㆍ복지단, 시설조직 * 병력 5,000여 명/예산 400여 억원 절감 예상 ㆍ 조직 슬림화 : 국방부 근무지원단, 계룡대 근무지원단, 각 군 일반 행정병 감축 등 * 병력 2.000여 명/예산 70여 억원 절감 예상 \ al 3. 효율적인 부대 재배치 추진 군구조 개편에 따라 전국에 산재한 군부대를 작전임무 수행여건 보장범위 내에서 대단위로 통합 배치하여 부대관리 BLAS 높이고, 국민편익을 증진할 수 있도록 추진합니다.",PBLICTNEBOOK_201411060500327780.txt,111
국방부_정책자료,부대재배치 사업에 소요되는 막대한 Alo] 국민 부담으로 작용하지 않도록 재배치로 발생하는 잉여군용지를 활용하여 소요재원을 확보하겠습니다.,PBLICTNEBOOK_201411060500327780.txt,112
국방부_정책자료,현 재 최종상태(2020년) 기 활용지 olay 배치지역 ㆍ 작전임무 단우별 통합 배치 *전국에 분산배치 www.mnd.go.kr 31 전문화된 우수인재 양성체제를 구축하고 |래 지향적인 병역제도로 발전시킴니다 의 인력충원체계에서 벗어나 위주의 인력충원과 장기활용의 운영체계를 구축하여 정예화된 국방인력을 안정적으 HE B- Ho] 연계하여 군에서 소요되는 인력을 맞춤형으로 충원함으로써 우수인력의 안정적 획득과 효율적 관리가 이루어지도록 추진합니다.,PBLICTNEBOOK_201411060500327780.txt,113
국방부_정책자료,"는 기회를 확대하기 위해 대학에 군사학과, 부사관은 부사관학과 2a} 연관된 학과를 개설하여 운영합니다.",PBLICTNEBOOK_201411060500327780.txt,114
국방부_정책자료,"장교는 군 및 특수학과를 통해 임관 전에 우수자원을 양성하고, Yo 군 특성화 고능학교를 통해 특기병을 사전 양성하고 있습니다 간부 선발방법을 개선하고 장교의 양성과정을 통ㆍ폐합하며 충원-교육-활용의 맞춤형 전문인력 관리체계를 구축하고, 능력계발 교육을 실시하여 간부의 역량을 강화합니다 국방부본부 인력구조를 현역과 공무원이 조화를 이룬 구조로 개편하고, 우수인력 채용, 체계적인 교육 실시로 전문성을 강화하여 국방업무 수행 능력을 제고하도록 합니다.",PBLICTNEBOOK_201411060500327780.txt,115
국방부_정책자료,ㆍ AS [oJ 1 : 맞움령 전문인력육성이만? : 군 입대전에 학교기관에서 군에 필요한 전문지식 및 기술을 사전에 교육하여 입대 후 즉각 활용 가능하도록 하는 제도입니다.,PBLICTNEBOOK_201411060500327780.txt,116
국방부_정책자료,"예를 들면, 전문교육과정에서 특수장비ㆍ통신 정비기술을 교육받은 후 전차ㆍ통신운용 분야 등 정비 부사관으로 임관하여 tO eo, oo 정비 분야 전문인력으로 복무토록 하는 제도를 말합니다.",PBLICTNEBOOK_201411060500327780.txt,117
국방부_정책자료,"전투력 저하 방지하기 위해 유급지원병제도를 도입하고 를 위해 사회복무 2. 예비장교후보생 사전 선발제도 시행 병 복무기간 단축에 따라 대학 1, 2하년 중에 장교후보생을 사전 선발하는 「예비장교 후보생 사전선발제도」를 2009년 말부터 도입하여 우수자원을 충원합니다.",PBLICTNEBOOK_201411060500327780.txt,118
국방부_정책자료,이는 본인의 지원을 받아 의무복무 만료 이후 일정기간을 추가로 복무하고 적정수준의 보수를 지급하는 제도로 2009년 시혐운영 이후 각 군별 운영직위 및 규모를 조정할 예정입니다.,PBLICTNEBOOK_201411060500327780.txt,119
국방부_정책자료,". 사회복무제도 도입 및 시행 산업기능요원과 행정지원 분야 공익근무요원 등 대체복무는 감축ㆍ폐지하고, 사회 복무제도를 도입하여 BAS 현역복무와 사회복무로 단순화합니다.",PBLICTNEBOOK_201411060500327780.txt,120
국방부_정책자료,"전문연구요원 등 사회복무 공익 | BAL 보호 감시 근무 요원 | . 행정 경비 병역의 형평성 제고를 위해 미복무자는 전원 사회서비스 에서 복무토록 하는 등 예외 병역이행 체계를 정립하고, 증가하는 사회서비스 분야 수요에 부응하기 위해 도입하였습니다.",PBLICTNEBOOK_201411060500327780.txt,121
국방부_정책자료,"복 무분야는 사회복지, 보건의료, 교육 문화, 환경안전분야이며, 신체 4급 및 신체 5급(면제자 중 사회활동 가능자 전원이 복무대상입니다.",PBLICTNEBOOK_201411060500327780.txt,122
국방부_정책자료,2 Fy rir a 미래전 양상에 따라 네 www -mnd.go.kr 33 하할 필요가 있으며 10! ox 입대 장병들의 정신전력을 강화해야 합니다.,PBLICTNEBOOK_201411060500327780.txt,123
국방부_정책자료,5. 합동성 강화를 위한 Jol |교교육체계 개선 미래의 전장에서 승리하기 위해 합동작전 수행능력을 구비할 수 있도록 각 군 SAS] 군사교육체계를 개선하여 합동성을 강화합 이를 위해서 사관학교 상호 교류 할 수 있도록 합동군사교육센터 muff 통합 교육을 확대합니다.,PBLICTNEBOOK_201411060500327780.txt,124
국방부_정책자료,"확대하고, 고급 6. 미래전 양상에 부합하는 부대훈련개념 및 네트워크중심전(46[\01 Centric Warfare) 등 다양한 전장에서 전투수행이 가능 하도록 고지식ㆍ고기술ㆍ고능력의 다기능 전투원0.014-8101160 801000을 육성 A, ㅇ ^ : 마일즈 장비, 데이터 통신, 인공 황 : DPE HE ho [ee 우엇인가요? 작전 수행능력을 구비 ㆍ 해 ㆍ공군대학 교육과정에서 Ba 부대가 Al 전장과 유사한 상 구축히 ! Ie 훈련으로, 한마디로 피를 흘리지 | q 이 4 O lo ro | ※ 616 : Korea Combat Training Center 7. 장병정신전력 강화 및 국민 안보의식 제고 안보환경 변화에 부합하도록 장병정신전력시스템을 재정비하여 장병들이 국가관 ㆍ 또한 국방부에서 교육정책을 수립하고 하달하는 00000! 10\@로서의 기능을 강회 하고, 국방대학교에 정신전력개발원을 신설하여 정신전력의 Think-Tank 역할을 수행하게 합니다.",PBLICTNEBOOK_201411060500327780.txt,125
국방부_정책자료,"Control-Tower *교육정책 수립ㆍ지침하달 *교육지원(|ㅣ접목, 예산 등) 국방홍보원 (TV, 신문) Think-Tank 확고한 국가관ㆍ안보관 확립 아울러 범국민 안보의식 ADE 위해 전쟁기넘관-현충원-중앙박물관-안보현장을 연계한 안보교육 Belt 를 구축하여 국민들이 자연스럽게 체험하면서 인보의식을 고취할 수 있도록 합니다.",PBLICTNEBOOK_201411060500327780.txt,126
국방부_정책자료,www.mnd.go.kr 35 국가발전에 상응하는 장병복지를 구현합니다 열악한 근무 ㆍ복지 여건을 보완하여 군인의 사기를 고양하고 군을 매력적인 직업으로 만들기 위해 복지환경의 획기적 개선이 이루어져야 합니다.,PBLICTNEBOOK_201411060500327780.txt,127
국방부_정책자료,"책 지금까지 단편적이고 부분적으로 시행해 오던 군 복지를 주거, 의료, 취업 문 합적 관점에서 창군 이후 최초로 군인복지기본 N 일 」 x eo 4 ye 1 @ {lo 2 고 뿌 OW 지원을 통하여 제대군인의 재취업 여건을 보장하고, 가족지원센터, 자기계발 등 가족ㆍ문화복지를 통하여 민간 수준에 준하는 삶의 AS 향유할 수 있도록 여건을 조성합니다.",PBLICTNEBOOK_201411060500327780.txt,128
국방부_정책자료,"x 미래 군인 AP 2. 민간 수준의 의료지원서비스 제공 장병들이 가장 많이 이용하는 1차 진료기관인 사단의무대의 진료과를 확대 보강하고, 신형 의무장비 및 구급차로 교체하며, 안락하고 쾌적한 의무시설로 신ㆍ개축하여 양질의 의료서비스를 제공합니다.",PBLICTNEBOOK_201411060500327780.txt,129
국방부_정책자료,님 국방의학원 건립은 의학전문대학원 학제 개편에 따라 절대 부족한 군의관 및 공중 보건의 소요를 충당하고 군 의료서비스 향상과 공공의료 발전에 기여토록 하며 장병들에게 민간 대학병원 수준의 진료를 제공합니다.,PBLICTNEBOOK_201411060500327780.txt,130
국방부_정책자료,"또한, 민간에서 다루지 않는 총상, 화생방, 피부재생치료 등 군 특수의학 분야의 연구와 진료는 물론 SARS, 신종플루 등 국가적 위기대응에도 활용 가능토록 합니다.",PBLICTNEBOOK_201411060500327780.txt,131
국방부_정책자료,4 > | tis XK 국방의학원 건립 : 20154 님 고 3차진저 간 대학병원 수준의 진료 제공 ㆍ군 특수의학 연구/치료 군 및 공공의료지원 기여 ㅡ 군 의료수준에 대한 불신 해소 ㅜ 신종 전염병 연구 및 0. 우리 TE 아직 군내 기본권 보장을 위한 제도적 기반이 취약하며 통제 중심의 병영생활과 SS 내 장병 기본권 저해요인이 스| 잔존하고 있어 군에 대한 부정적 CAS 초래함은 물론 각종 사고의 원인이 되고 있습니다.,PBLICTNEBOOK_201411060500327780.txt,132
국방부_정책자료,"1. 장병 기본권 보장 장병 기본권 보장을 위한 법적 ㆍ제도적 장치를 통해 '국민의 aT, Fels] 사랑을 A 지위와 권리를 보장하는 '군인복무기본법」을 제정하고 병영생활 전문상담관 영을 확대하여 장병 기본권 보장과 함께 합리적인 부대지휘체계를 확립합니다.",PBLICTNEBOOK_201411060500327780.txt,133
국방부_정책자료,"장병 기본권 보장 관련법(군인복무기본법) 제정 추진 군 내 인권침해 ADS 방지하고, 사회변화에 부합하는 새로운 병영문화의 정착을 위하여 군인의 권익 보장 및 의무에 관한 법적 근거를 명확히 정비합니다.",PBLICTNEBOOK_201411060500327780.txt,134
국방부_정책자료,군 복무에 다한 국민 를 높이 통해 객관적이고 타당한 방안을 마련합니다.,PBLICTNEBOOK_201411060500327780.txt,135
국방부_정책자료,"2. 군사시설 재배치 계획과 연계한 병영시설 현대화 추진 병영생활관 개선 내용은? 사회수준에 비해 노후 ㆍ열악한 병영시설을 2012년까지 개선하여 쾌적한 병영환경을 + Ach 단위 침상형에서 분대 단위 | 조성하고, 장병들의 삶의 질을 PU, 침대형으로 개선 ㆍ 화장실, 세면장, 사이버지식정보방, 체력단련장, 휴게실 등 편의시설 www.mnd.go.kr 37 과거에는 군 입대와 동시에 학습활동이 중단됨에 따라 복무기간을 잃어버린 시간 또는 '인생의 정체기 로 인식하였으나 이제는 군 복무 중에도 학점취득 및 중단없는 자기계발이 가능해짐에 따라 개인은 물론 군과 국가의 경쟁력이 강화되는 형태로 군 생활이 변하고 있습니다.",PBLICTNEBOOK_201411060500327780.txt,136
국방부_정책자료,"3. 군 복무 중 자기계발 여건 조성 군 복무 중에도 휴무일, 일과 이후 자율활동시간 등 여가시간을 활용하여 병영내 사이버지식정보방에서 대학의 원격강좌 수강을 통해 연 6학점 이내에서 학점을 A 득할 수 있습니다.",PBLICTNEBOOK_201411060500327780.txt,137
국방부_정책자료,"또한, 군에서 취득한 기술과 한자 및 10 활용능력 등 다양한 분야의 국가자격증을 장병 전원이 1개 이상 취득합니다.",PBLICTNEBOOK_201411060500327780.txt,138
국방부_정책자료,"이를 위해 군내 검정자격과 필기시험의 면제를 확대하고, 국방자격법 제정을 추진합니다.",PBLICTNEBOOK_201411060500327780.txt,139
국방부_정책자료,"tH : 국방지격법이란 무언인가 8? 련 등으로 습득한 기술능력에 대하여 국방부장관이 직접 검정, 관리 및 운영하고자 하는 국방 =0 력 미래전에 대비한 선진 국방정보화 환경을 구축합니다 미래전의 양상이 YEASSAANCW) SHS 전개되고, 저비용 ㆍ고효율 국방: 있으며, 지능화 ㆍ고도화된 사이버 위협이 증가추세에 있어 이에 대비할 수 있는 영체제로의 개혁에 정보화의 역할이 커지고 보화 환경의 구축이 필요합니다.",PBLICTNEBOOK_201411060500327780.txt,140
국방부_정책자료,(=) T x fo 1. 전장요소의 상호운용성 확보 전작권 전환에 대비하여 WSIS 강화하고 미래전 양상인 네트워크중심전 수행을 실시간 정보공유 위해 감시ㆍ지휘통제ㆍ타격체계 등 전장요소간 상호운 WS] 이를 통히 _ 이간 de RBA ote alse ae 미에 의한 Be Ae ~ i 감시체계 타격체계 발휘가 가능합니다.,PBLICTNEBOOK_201411060500327780.txt,141
국방부_정책자료,"(_감시체계 ) ( 타격체계 ) 실시간 ""| 2. 국방정보화 기반 선진화 heel 군벌로 BA] 정보화 추진체계를 국방부 중심으로 일원회하는 한편, 정보화 종합 , 설계도인 국방 통합84&를 구축하여 목표지향적으로 국방정보화를 추진힙 또한 널 SIRES) SSS SEAS 구족6 | 국방정보화를 추진합니다.",PBLICTNEBOOK_201411060500327780.txt,142
국방부_정책자료,자원정보체계 ) .( 모의분석체계 대용량 군사정보 RES 위하여 군 통신망을 초고속화하고 국방동합정보관리소를 구축하는 등 국방정보통신 인프라를 고도화합니다.,PBLICTNEBOOK_201411060500327780.txt,143
국방부_정책자료,"몽합-목표지향 추진 ㅅㅅ 0 혀 cHex 7s *정보통신 인프라 고도화 3. 사이버 위협 대응체계 _ 아비 급속히 증가하는 사이버 위협에 신속히 대응할 수 있도록 사이버방호사령부(가칭)를 *ㆍ정보화 추진체계 일원회 _| 창설하여 군 고유의 uate 구비하고, 국제 공조 등을 통해 대응체계를 강화 합니다.",PBLICTNEBOOK_201411060500327780.txt,144
국방부_정책자료,느 바이러스 ㅣ 국방 SBIEA(Enterprise Architecture) 국방 조직의 비전 및 목표 달성을 위하여 업무 전체를 정보화 관점에서 과학적/구조적/통합적 으로 분석하여 발전방향을 제시한 국방정보화 종합설계도입니다.,PBLICTNEBOOK_201411060500327780.txt,145
국방부_정책자료,"국방정보화 추진시 정보화 소요 및 우선순위 식별, 중복투자 방지, 상호운용성 보장 등을 위한 도구로 활용합니다.",PBLICTNEBOOK_201411060500327780.txt,146
국방부_정책자료,강내. 탐지 xia www.mnd.go.kr 39 미래전에 대비하기 위하여 국방과학기술 역량을 선진화합니다 선진국들은 미래 첨단무기 개발을 위한 연구개발 투지를 지속적으로 확대하고 있습니다.,PBLICTNEBOOK_201411060500327780.txt,147
국방부_정책자료,우리나라도 국방 연구가발 역량 강회를 co 동해 독자적인 핵심기술 및 무기체계 가발 능력 확보가 절실히 필요한 실정입니다.,PBLICTNEBOOK_201411060500327780.txt,148
국방부_정책자료,"1. 선택과 때"" 의한 국방연구개발 추진 국방비 중 국방연구개발 예산을 지속적으로 확대하고, 특히 핵심기술 개발에 대한 투자를 SY oy 더불어, AGA 녹색성장'을 위해 친환경 녹색개념 의 미래 무기 체계 개발을 강화할 계획입니다.",PBLICTNEBOOK_201411060500327780.txt,149
국방부_정책자료,"민간의 우수기술을 국방기술 및 무기체계 개발에 적극 활용하고, 군의 우수기술 aw 율성 및 산업경쟁력을 높이고자 합니다.",PBLICTNEBOOK_201411060500327780.txt,150
국방부_정책자료,"구개발에 산ㆍ학ㆍ연 참여를 활성화하고, 나아가 국제 기술협력 및 공동 을 확대합니다.",PBLICTNEBOOK_201411060500327780.txt,151
국방부_정책자료,"to A N ir [원 3. 국방과학연구소(&[ㅁㅁㅁ) 역할 재정립 국가전략적 연구개발 및 신기술 개발에 연구역량을 집중하고, 국가경제에 기여할 수 있는 국제경쟁력을 확보하여 IAS] 국방과학연구소 로 거듭남니다.",PBLICTNEBOOK_201411060500327780.txt,152
국방부_정책자료,"@ 전력 증강 @ @ 방산 수출 견인 @ @ 국방 R&D 예산(국방비 대비) @ ADD 개발 수 10 10% 57%047종| 출 - 7% 수준 a 5 수준 ~ 억 = 54% 업체 개발 Zo cee ” 43%01종 BO “oad 05d '06년 OT '08년 i | 국내연구개발 무기체계 : 총 258종 `'08년도 400 수출기여도 65% '08년 12년 '20년~ @ 경제 효과 @ @ 국가 경쟁력 기여 @ @ 핵심기술 개발비(국방 R&D 대비) @ 191조원 25000명 이 oe 세계 10위권 00"" 13조원 /^ 2028 덜 LE ㆍ 국방 R&D 경제효과 민수이전 국방과학 기술인력 ㅣ] | 투자 파급효과 기술수준 양 A '08년 424 '20년~ \ ~ \ 4 (ADD 4014 성과> 예비군을 상비군 정예화합니다 군구조개혁에 따라 상비병력 규모가 조정되므 동원체제의 발전과 상비군 수준의 예비전력 정예화가 요구되고 있습니다.",PBLICTNEBOOK_201411060500327780.txt,153
국방부_정책자료,1. 전시 동원지속능력 보장을 위한 동원체제를 혁신적으로 개선 현대전은 국가의 모든 인적ㆍ물적 자원을 최대한 활용하여 수행하는 국가 총력전입니다.,PBLICTNEBOOK_201411060500327780.txt,154
국방부_정책자료,우리 군은 국가 가용자원을 전시에 효율적으로 동원하기 위해 국방동원정보체계를 개발ㆍ운용하여 동원물자를 체계적으로 전산화합니다.,PBLICTNEBOOK_201411060500327780.txt,155
국방부_정책자료,또한 전방사단에서 대량 손실 발생시 병력+장비ㆍ물자+훈런 등을 18016886화한 정밀보충대대를 창설하여 적기에 대대 단위로 보충함으로써 전방전투부대의 전투역량을 지속적으로 유지토록 개선합니다.,PBLICTNEBOOK_201411060500327780.txt,156
국방부_정책자료,"동원체제 개선 TE 20094 202014 동원사단 전시 보충개념 동원물자 관리 . 예비군은 2020년까지 적정규모 수준으로 현재 300만여 명의 예비군을 150만여 명 수준으로 감축할 예정이었으나, 동원사단 증편, 정밀보충대대, 향토사단 잔류부대 편성 등 동원소요를 고려하여 188만여 명 수준으로 유지합니다.",PBLICTNEBOOK_201411060500327780.txt,157
국방부_정책자료,지 30 . 예비전력의 정예화 추진 예비군을 상비군에 준한 수준으로 무장시키고 교육훈련을 강화하여 동원 동일한 수준의 전투력을 발휘할 수 있도록 합니다.,PBLICTNEBOOK_201411060500327780.txt,158
국방부_정책자료,"이를 위해 동원지원단, 향방대대, 예비군훈련대 등 예비전력관리기구를 신설하여 자원관리와 예비군훈련을 전담합니다.",PBLICTNEBOOK_201411060500327780.txt,159
국방부_정책자료,"특히, 연차적으로 예비군 무기를 현대화하고 2020년까지 예비군 전투장구류를 100% 확보합니다.",PBLICTNEBOOK_201411060500327780.txt,160
국방부_정책자료,예비역간부로 편성된 전문 교관을 채용하여 정형화된 예비군 훈련장에서 과학적인 BAS 실시하는 등 예비군 훈련체계를 대폭 개선하여 예비전력을 정예화합니다.,PBLICTNEBOOK_201411060500327780.txt,161
국방부_정책자료,"aN 시 현역괴 c= www.mnd.go.kr 41 크 터는 3박 4일, 2020년도에는 4박 5일로 단계적으로 실시합니다.",PBLICTNEBOOK_201411060500327780.txt,162
국방부_정책자료,동원훈련을 것은 상비군이 감축되고 병 복무기간이 단축됩으로 인해 전시 증 ㆍ창설되는 인 전투력을 발휘하기 위해 필수적으로 숙달해야 할 소대~대대급 까지의 전술훈련 여건을 보장할 수 있도록 적정 동원훈련 기간이 필요하기 때문입니다.,PBLICTNEBOOK_201411060500327780.txt,163
국방부_정책자료,에 또한 자가에서 자율학습이 가능하도록 (5766 원격교육과 서바이벌장비 활용 확대 등 미래지향적인 예비군훈련으로 발전시켜 실전감있고 흘리는 훈련이 가능하도록 개선합니다.,PBLICTNEBOOK_201411060500327780.txt,164
국방부_정책자료,"구분 2009년 2005년 기본계획 20089년 기본계획 eco | +동원 동원미참자 향방기본 ： _. 0 S298 “Sar Agave) | SUSASA AN), 향방훈렌동원 미지정재 Ｌ 설 =e L | | | *~715년 - :2박3일 훈련시간 + 2H 3일 | ㆍ간부 20일 병10일 이상 ： ㆍ""6년~""9년: 3박 4일 | | . ㆍ'20년 이후 : 48h 5일 훈련내용 + AMUSE 위주 . ㆍ소집훈련+0/66 원격교육, 서바이벌 장비 등 활용 훈련 = | ㆍ도시근로자 최저임금 수준 ㆍ도시근로자 최저임금 수준 후련보성비 | ㆍ7000원일 . 4준69원일 4준89원일 5. 예비역간부 복무제도 발전 예비역간부 운용을 현재 2개 직급(5, 7급)에서 4개 직급(4~7급)으로 확대하고 ASS 도입하여 근무의욕을 고취시키며, ALS 현재 일반직 ㆍ별정군무 일반계약직군무원으로 5년 단위로 재계약을 하여 선발합니다.",PBLICTNEBOOK_201411060500327780.txt,165
국방부_정책자료,"원에 진 서 + Bin 27H 작 + 현재 일반직 ㆍ = A 직급 운용4^~7급|, 우수자 승진 ㆍ 일반계약직군무원(5년 단위 자계약 Alok 바탕으로 확고한 군사대비태세 우리 군은 새로운 한 ㆍ미 SWRA 선진강군 육성을 위한 국방개혁을 일관되게 추진해 나김니다.",PBLICTNEBOOK_201411060500327780.txt,166
국방부_정책자료,"가운데 국민적 성원에 힘입어 정예화된 국방개혁 소요재원의 안정적 확보가 TIAZAO 밀수적입 1. 국방비 총소요를 합리적인 수준으로 재판단 2006년도의 최초계획에 대비하여, 최대한 합리적 ㆍ실용적으로 판단하여 절감하였 습니다.",PBLICTNEBOOK_201411060500327780.txt,167
국방부_정책자료,"그러나 현존전력 발휘보장, 장병복지 증진, 등은 빠짐없이 반영하였습니다.",PBLICTNEBOOK_201411060500327780.txt,168
국방부_정책자료,". 성공적인 국방가혁 추진을 위해 안정적인 재원확보가 필요 20065년도 계획에서는 국방비 증가율을 개혁초기에는 9.9%, 후반기에는 1%(평균 8%로 낮아지는 구조였으나 이번 2009년 계획은 증가율이 A 평균 7.6% 수준으로 고르게 분포하여 안정적인 재원확보 가능성이 높아졌습니다.",PBLICTNEBOOK_201411060500327780.txt,169
국방부_정책자료,"커브 . 향후 안보환경 및 경제여건 변화에 맞추어 유동적으로 조정 국방개혁 소요재원은 확정적인 재원이 아니고, 장기 전망치를 바탕으로 기획목적상 개략적인 규모를 판단한 추산치이며, 중기 예산 편성시 구체적으로 판단하여 반영할 병력운영비는 병력구조를 효율화한 결과 11.8조원 감소하였습니다.",PBLICTNEBOOK_201411060500327780.txt,170
국방부_정책자료,"반면, 전력유지비는 당초 부족하다고 판단한 전투준비태세 유지 및 장병 복지증진 등에 중점 반영하여 74조 원 증가하였습니다.",PBLICTNEBOOK_201411060500327780.txt,171
국방부_정책자료,"또한, 국방운영 효율화 가능분야를 진중 발굴하여 최대한 절감하였습니다.",PBLICTNEBOOK_201411060500327780.txt,172
국방부_정책자료,"또한, 향후 대내 ㆍ의 환경변화에 따라 유연하게 신규 소요 및 변동 사항을 검토 ㆍ조정할 것입니다.",PBLICTNEBOOK_201411060500327780.txt,173
국방부_정책자료,"www.mnd.go.kr 43 H po 여러분의 적극적인 지지와 SHO! 군대를 만듭니다 실용적 선진 국방운영체제 로 전환하여 힌반도의 인정과 평화유지를 확고히 뒷받짐하고자 「국빙개혁 기본계회(을 실현 가능한 실용적 계획으로 보왼하였으며, 이를 지속적이고 일관성있게 추진하고자 합니다 oN rah 6 @국방가혁은 변화하는 안보환경에 능동적으로 대처하기 위한 국가 차원의 역사적 과업입니다.",PBLICTNEBOOK_201411060500327780.txt,174
국방부_정책자료,"국방부에서는 ㆍ정예화된 선진강군'을 과거에 대한 깊은 성찰과 미래에 대한 진취적 비전 국민과 함께, 국민을 위한 국방정책을 만들어 나가고자 합니다.",PBLICTNEBOOK_201411060500327780.txt,175
국방부_정책자료,i ㅇ 러한 의 의 계획은 군의 자발적 노력과 의지뿐만 아니라 의 적극적인 지지와 성원이 + 1800.Q® 리 력 [원 ly oe 4r oS o nm 뜨 러 성 Ac xo. illo B=) [므 of 행 일 2009. 7. 발 행 처 대한민국국방부 (140-701) ASAI 용산구 이태원로 발 행 주 관 국방부 국방개혁실 Tel_02-748-6410 Fax_02-748-6419 디자인&제작 대한기획인쇄 02-754-0765 [~ 고하는 1등 국민에게 33 /박수를… !첩ㆍ테러범ㆍ방산스파이ㆍ사이버테러 ㆍ ene 신고 6 전국 어디서나 국번없이 1337 ' 번 © 2s DST ae www.dsc.mil.kr 나 r www.mnd.go.kr,PBLICTNEBOOK_201411060500327780.txt,176
국방부_정책자료,"e ㆍ e ㆍ Defense Reform 고 002 0 | | 21세기 ""선진 정예 강군""을 위한"" 국방개혁 2020 © 이렇게 추진합니다.",PBLICTNEBOOK_201411060501352120.txt,0
국방부_정책자료,". ㆍ ㆍ ㆍ ㆍ ㆍ ㆍ 하나 |21세기 선진한국을 지켜낼 강군 만들기, 지금부터 시작해야 합니다.",PBLICTNEBOOK_201411060501352120.txt,1
국방부_정책자료,"/ 3 국방개혁, 더 이상 미룰 수 없는 우리의 절실한 과업입니다.",PBLICTNEBOOK_201411060501352120.txt,2
국방부_정책자료,"국방개혁, 국민과 함께하는 선진 정예 FS 지향합니다.",PBLICTNEBOOK_201411060501352120.txt,3
국방부_정책자료,"국방개혁, 이렇게 추진합니다.",PBLICTNEBOOK_201411060501352120.txt,4
국방부_정책자료,| 2020년 우리 군 이렇게 달라집니다.,PBLICTNEBOOK_201411060501352120.txt,5
국방부_정책자료,/ 1 정보 ㆍ 지식 중심의 기술집약형 군 구조로 전환힙니다.,PBLICTNEBOOK_201411060501352120.txt,6
국방부_정책자료,저비용 ㆍ고효율의 국방운영 처제로 혁신합니다.,PBLICTNEBOOK_201411060501352120.txt,7
국방부_정책자료,꿈과 보람이 있는 새로운 병영 SSS 가꼽니다.,PBLICTNEBOOK_201411060501352120.txt,8
국방부_정책자료,"met 셋 |국방개혁, 일관되게 추진하겠습니다.",PBLICTNEBOOK_201411060501352120.txt,9
국방부_정책자료,/ 37 법적 ㆍ제도적 장치를 마련합니다.,PBLICTNEBOOK_201411060501352120.txt,10
국방부_정책자료,소요자원은 안정적으로 확보가 가능합니다.,PBLICTNEBOOK_201411060501352120.txt,11
국방부_정책자료,확고한 군사대비태서를 유지한 가운데 신중하게 추진합니다.,PBLICTNEBOOK_201411060501352120.txt,12
국방부_정책자료,국민 여러분의 적극적인 지지와 성원이 필요합니다.,PBLICTNEBOOK_201411060501352120.txt,13
국방부_정책자료,21세기 선진한국을 지켜널 지금부 강군 만들기. 터 시작해야 합니다.,PBLICTNEBOOK_201411060501352120.txt,14
국방부_정책자료,"O 리 군은 지난 반세기 동안 국가방위의 보루로서 훌륭히 AES 수행해 왔으며, 우리나라가 남북분단과 군사적 대치상황 속에서도 경제적 고도성장과 발전을 이룩할 수 있는 토대를 제공해 왔습니다.",PBLICTNEBOOK_201411060501352120.txt,15
국방부_정책자료,그러나 한미동맹 체제 하에서 50여 년 이상 큰 변화없이 지속되어 은 우리의 국방은 과학기술의 비약적인 발전과 안보환경의 급격한 변화에 SEIS 대처해야 하는 절실한 개혁 요구에 직면해 있습니다.,PBLICTNEBOOK_201411060501352120.txt,16
국방부_정책자료,"국방개혁 2020 1 03 “193 이상 미룰 수 없는 . 우리의 절실한 과업입니다 정보ㆍ과학기술 발전에 따라 전쟁양상이 급속히 변화 최근 AMAT 이라크전에서 보았듯이 과학기술의 발전으로 사거리, 정밀성 및 파괴력이 증대된 무기체계가 출현하고 설시간 정보 ㆍ지휘통제 능력이 획기적으로 발전됨에 따라 전장공간 확대, 장거리 정밀타격전, 네트워크 중심전 (NCW) 등 새로운 전쟁양상이 대두되고 있습니다.",PBLICTNEBOOK_201411060501352120.txt,17
국방부_정책자료,ㅠ 각국은 새로운 전쟁양상에 대처하기 위하여 군사력을 현대화하고 있습니다.,PBLICTNEBOOK_201411060501352120.txt,18
국방부_정책자료,"우리 군은 아직, 병력위주의 ㅅ루체제 유지 그러나 우리 군은 북한의 방대한 재래식 군사력에 대비한 지상군 위주의 양적 구조를 유지하여 작전운용의 ASA] 떨어지고 육ㆍ해 ㆍ공군 간 합동성 발휘가 저한되고 있습니다.",PBLICTNEBOOK_201411060501352120.txt,19
국방부_정책자료,"= 각 군의 정예화ㆍ경량화 및 육ㆍ해 ㆍ공군의 균형발전이 한미 연합방위태세 속에서 우리 군의 작전기획 ㆍ수행능력 발전 소홀 국방운영 전반어 국민편익, 장병 계속 하락하고 있 경영혁신이 미 잔존하고 있습니다 ㅠ 자원절약형 전근대적 병영문화의 지속, 대군 신뢰 저하 또한 권위주의적 리더십, 경직된 군대조직 문화가 잔존하여 각종 사고의 원인이 될 뿐만 아니라, 군에 대한 신뢰가 저하되고 병역기피 심리마저 유발되고 있습니다.",PBLICTNEBOOK_201411060501352120.txt,20
국방부_정책자료,~ 선진 시민사회의 디양한 개선 요구에 적극 부응해야 합니다.,PBLICTNEBOOK_201411060501352120.txt,21
국방부_정책자료,"auta 20201 05 국방개혁, 국민과 함께하는 선진 정예 강군을 지향합니다 “^ 급변하는 현대전 양상에 적극 대처하기 위하여, 보다 멀리 보고, 기동하며, 보다 정밀하게 타격하는 군대를 육성하겠습니다.",PBLICTNEBOOK_201411060501352120.txt,22
국방부_정책자료,으로 국가경제발전에 기여할 수 있도록 형 국방관리체제로 혁신해 나가겠습니다.,PBLICTNEBOOK_201411060501352120.txt,23
국방부_정책자료,시민사회의 요구를 수용하여 국민의 편익을 증진하고 문화를 정착시켜 국민의 신뢰 속에 임무에 전념하는 나가겠습니다.,PBLICTNEBOOK_201411060501352120.txt,24
국방부_정책자료,"우리 국민의 국방개혁에 대한 인식 tt ? rlo '05년 8H 24일부터 25일에 걸쳐 전국 만 20세 이상 성인남녀 1,000명을 대상으로 설문 AAS 실시한 결과 대다수의 우리 국민은 국방개혁의 중요성을 인식하고 있으며, 법제화의 필요성에 대하여 높은 공감대를 형성 하고 있는 것으로 확인되었습니다.",PBLICTNEBOOK_201411060501352120.txt,25
국방부_정책자료,"분야별 국방개혁 중요성에 대한 인식 국방개혁 법제화 찬반 여부 60 60 100 957 80 664 863 na Gas 60 80 40 269 20 67 60 0 SSH 선진병영문화 군조직 개편과 투명하고 공정한 찬성한다 aise} Bec ese 국방운영 창출 첨단전력 확보 군수물자 체제확립 Bela 확립 (설문기관 : 미디어리서치, 표본오차 £3,1%) 시대적ㆍ국민적 요구에 부합되도록 개혁합니다.",PBLICTNEBOOK_201411060501352120.txt,26
국방부_정책자료,"A athe 20201 07 우리 군은 변화하는 안보환경에 혁을 시도하였으나, 의지와 제도적 기반 미흡 여 그 성과가 미미 은 개 oe 2020년을 SHE 점진적ㆍ단계적으로 추진합니다.",PBLICTNEBOOK_201411060501352120.txt,27
국방부_정책자료,ㆍ안보환경과 여건을 면밀히 고려하여 종합적인 ASS 수립합니다.,PBLICTNEBOOK_201411060501352120.txt,28
국방부_정책자료,*15년간 3단계에 걸쳐 점진적으로 추진합니다.,PBLICTNEBOOK_201411060501352120.txt,29
국방부_정책자료,"+ 3년마다 안보환경 및 3 국방개혁 기본계획을 검토, 보완합니다.",PBLICTNEBOOK_201411060501352120.txt,30
국방부_정책자료,법제화라는 국민과의 약속을 통해 일관되게 추진합니다.,PBLICTNEBOOK_201411060501352120.txt,31
국방부_정책자료,ㆍ 개혁안을 공개하고 군 내외 IAL 적극적으로 수렴하여 국민적 합의를 이룹니다.,PBLICTNEBOOK_201411060501352120.txt,32
국방부_정책자료,ㆍ 주요내용을 YOR 정하여 . ㆍ 국민 ㆍ국회ㆍ정부ㆍ군의 노력을 결집하여 국가적 과업으로 추진합니다.,PBLICTNEBOOK_201411060501352120.txt,33
국방부_정책자료,확고한 국방태세를 유지한 가운데 추진합니다.,PBLICTNEBOOK_201411060501352120.txt,34
국방부_정책자료,고한 한미 연합방위태세를 유지한 가운데 추진합니다.,PBLICTNEBOOK_201411060501352120.txt,35
국방부_정책자료,력 규모는 첨단전력 확보 및 군 구조 개선과 연계하여 정합니다.,PBLICTNEBOOK_201411060501352120.txt,36
국방부_정책자료,지휘 rAd BN of ot 가 합의하여 자발적으로 개혁을 주도합니다.,PBLICTNEBOOK_201411060501352120.txt,37
국방부_정책자료,sr 국내외의 신뢰와 지원 속에서 추진합니다.,PBLICTNEBOOK_201411060501352120.txt,38
국방부_정책자료,| ㆍ국민의 적극적인 지지와 참여를 바탕으로 범정부 차원에서 국방개혁 추진을 관리합니다.,PBLICTNEBOOK_201411060501352120.txt,39
국방부_정책자료,ㆍ국제사회도 우리의 개혁을 이해하고 지지하도록 투명성을 유지합니다.,PBLICTNEBOOK_201411060501352120.txt,40
국방부_정책자료,ㆍ국방부 문민화 등 개혁여건 조성을 위한 선결과제부터 차근차근 추진합니다.,PBLICTNEBOOK_201411060501352120.txt,41
국방부_정책자료,aya 20201 09 국방개혁 2020| 17 = 정보 ㆍ지식 중심의 기술집약형 구조로 전환합니다.,PBLICTNEBOOK_201411060501352120.txt,42
국방부_정책자료,"5 보다 멀리 보고, 보다깨 66 Pr 병력 위주의 양적 2 구조를 ie ; A OES 정보ㆍ지식 중심의 기술집약형 우리 TS 제한된 국방재원 하에서 첨단전력보다는 병력 위주의 군 PAS 지휘 ㆍ부대구조 = = = = = =z . (SF 유지함으로써 그 규모에 비해 실질적인 전투력이 충분치 못한 실정입니다.",PBLICTNEBOOK_201411060501352120.txt,43
국방부_정책자료,"mores = ojo - 뼈려 를 4 현대전 양상에 능동적으로 대처하기 위해서는 새로운 전략과 전장운용개념에 :합동참모본부 중심의 작전수행체제를 구축 띄 ee 로 30만명 부합되도록 전력은 첨단화하면서 이를 효과적으로 운용할 수 있는 정예화된 전ㆍ평시 임무를 완수할 수 있도록 정보, 작전기획 주장도 있는데? 군 구조로 개편해야 합니다.",PBLICTNEBOOK_201411060501352120.txt,44
국방부_정책자료,"및 수행, 합동전장관리 등의 기능을 강화합니다.",PBLICTNEBOOK_201411060501352120.txt,45
국방부_정책자료,BQ cocteto) we) 72+ ona 4 안보상황과 전략환경 하에서 ㆍ각 군 본부는 고유 기능에 충실한 조직으로 발전 eee 전투지원 및 동원 등 군정과 관련된 임무수행 능력을 ey alta 5 ac T 조와 TS 병력구조 총병력 및 각 군 병력 보강합니다 면밀하게 분석한 결과입니다.,PBLICTNEBOOK_201411060501352120.txt,46
국방부_정책자료,*ㆍ부대수의 축소 및 중간지휘 일부에서 30-95만명을주장하고 ㆍ 첨단 전력 확보와 연계하여 상바군을 POS 감축 배가 위으나이는 Bal olen] at 5 ; aa 3 TUR ARS 할수있는수준으로현재의한반도 현재 68만여명 병력은 첨단 무기체계 확보와 지휘계선을 단축 Feel Sel 안보힌경들 고려 = =) 명 하지 않은 것 . 북 연계하여 2020년까지 50만명 수준으로 정예화하며 eee y 들 549 117만명의 대군을 유지하는 한 ： _ 2005년현 a 이를 우 는 상비병력은 전투임무 수행에 매진하게 됩니다.,PBLICTNEBOOK_201411060501352120.txt,47
국방부_정책자료,"잠재적 위협에 54.8만명 ©. 37.1만명 전력구조 ~ 6.8만명 6.4만명 al n=. ° € -러시이제 7 0002 미사일 구축함 2척 :정보ㆍ감시 및 지휘통제 능력 강화 06 해 = 북한 러치아 4108 잠수함 bal 4712407 = 5 5 6.5만명 6.5만명 병력: 117만명 병력 : 90만여명 -국산 -10/『6-1 양산체제 돌입(05 조기경보기, 무인항공정찰기(24\), 정찰위성 @6-6 전 차 : 3.700여대 전 차: 21.80여대 -염에 S027 Benet FADE Las 3] 수상함 : T5044 수상함 : 718척(항모) = © 조기경보 및 표적획득 등력을 강화하여 20054 2020년 잠수함 : T0911 잠수함 : 53척(전략18) 실시간 전장관리 및 지휘가 가능한 지휘통제 a Sel sos ee Buea swol mK oe 농력을 확보합니다.",PBLICTNEBOOK_201411060501352120.txt,48
국방부_정책자료,"“700083 이지스함 al 47459 예정 = 2000년 능력 변화 # Taenoea Setéh2a Salo 7 189 =] o 타격능력 향상 mm 2005년현재 중 국 남한 일 본 (08-10) _ i 202014 wo: 235만여명 병 el: 23만 8천여명 -공중급유기 4대 도입 예정(07~10 렌쟁무켓: 다목적헬기, 각종 ay 2.6배 전 차 : 7,180여대 저가! 1.000여대 전투효율이 높은 무기와 장비를 1.8배 1.8배 1.76 수상함 : 7444 , (이지스 4척) -신형 핵잠수함 건조 예정 AS}: % 잠수함 : 척 느 LENS 성과 정밀타격 능력이 년 a 잠수함 : 69척(전략1) 전투: 폭격기: 368때 -8095전투기가발 y = x | | | | | | 전투 ㆍ폭격기 : 1.880어대 | | 전투ㆍ폭격기 : 530여대 || 「 NT 268대 - 차세대 전략미사일「000Ｌ-4) Lb. BB 추가배처 차기전차 차기다련장 다목적헬기수상함 잠수함 전투기 (출처 : 1188, The Military Balance, 2003~2004/05 일본방위백서) 국방개혁 20201 13 그 하여 운용유지에 많은 노 비용이 소요될 뿐만 아니라 전장에서 전투력 발휘가 제한되는 실정입니다.",PBLICTNEBOOK_201411060501352120.txt,49
국방부_정책자료,또한 정보기술(|1)과 지휘통제체계(41) 등이 비약적으로 발전함에 따라 현재의 다단계 지휘 TAS 보다 단순하면서도 효율적인 구조로 개선할 필요가 있습니다.,PBLICTNEBOOK_201411060501352120.txt,50
국방부_정책자료,"do 34 Jo of m rok ra aij bt ful rot JM 30 40 HA fal es — [Er eu i 2군 ㄴ| 항작사 | ㅣ 타격력, 생존성, 정밀도는 향상시켜 보다 유연한 작전 현 10개 군단 중 4개를 감소하여 6개 군단으로, ATM 사단은 20여개로 대쪽 정비합니다.",PBLICTNEBOOK_201411060501352120.txt,51
국방부_정책자료,"1: 8군사령부를 해체하여 지상작전사령부를 창설 하고, 8군사령부는 후방작전사령부로 개편하며 예하의 군단사령부를 해체하여 지휘단계를 단축 합니다.",PBLICTNEBOOK_201411060501352120.txt,52
국방부_정책자료,또한 향토사단은 도 단위 1개 사단 기준으로 유지 하되 해안경계임무는 타 기관이 담당할 수 있도록 추진합니다.,PBLICTNEBOOK_201411060501352120.txt,53
국방부_정책자료,추에 따른 조기 전역자에 대한 대책은 ? LE 2 | | ag rH oo I 항공사 Ll 유도탄사 일부에서는 SAS 대폭 감축하고 정예화함에 따라 간부 들의 대규모 감축이 있을것으로 예상하는데 실상은 그렇지 않습니다.,PBLICTNEBOOK_201411060501352120.txt,54
국방부_정책자료,"간부가 많은 선진국형 인력구조를 지향하기 때문에 부사관은 Of 3만명이 늘고 장교는 약 15008 정도 줄어들게 되는데, 15년에 걸쳐 점진적 ㆍ단계적으로, 초임 장교의 충원 조정 및 정년 전역 관리 등을 통해 자연적으로 일부 전역하는 인원 감시능력 : 저고도 무인항공정찰기 타격능력 : 155밀리(주장비), 현무 등 > 중고도 무인항공정찰기 > 『<-9자주포, 다련장 로켓 (MLRS, 정밀타격유도탄 등) ca, 기동능력 : 《-1전차, 《-200장감차 > 차기전차, 차기장갑차 UH-1H, 500MD 한국형 기동 및 공격헬기 병력과 구형 무기 위주의 방 ㅁ 첨단화ㆍ정예화하여 미래전 수행에 적합한 태세를 ASU. 국방개혁 2020| 15 ae 정보 ㆍ지식 중심의 기술집약형 구조로 전환합니다.",PBLICTNEBOOK_201411060501352120.txt,55
국방부_정책자료,"66 0 애군은 수상ㆍ수중 ㆍ항공 입체전력 운용에 적합한 구조로 개편합니다 그 me A jo JM To 현재 근해 방어형 전력구조를 유지하고 있으나, 3면이 바다인 환경 하에서 국가 안보의 최일선을 담당 | 보호 등 전방위 국가 이익을 적극 수호할 「 = )므 및 40 on FE 02 0 on =a ol tr +> of = 2 의 oz 주 ol 의 oO 부대구조 보강 현 개 함대사와 잠수함 및 항공전단 체제에서 3개 함대사, 잠수함사, 항공사 및 기동전단 체제로 보강, 개편합니다.",PBLICTNEBOOK_201411060501352120.txt,56
국방부_정책자료,이지스의 어원은 BOY 나오는 제우스의 방때에서 ay) es [ese 해역합대 || | 잠수한사 | || + 유래되었으며 그 이름처럼 이지스함은 현대 해군 수상함 기동전단 종에서 가상 방어력이 우수한 함정입니다.,PBLICTNEBOOK_201411060501352120.txt,57
국방부_정책자료,"특히, 광범위한 지역에서 수백 개의 적 항공기, 함정 SS 동시에 탐지ㆍ추적하여 이를 원거리에서 타격함으로써 우군 전력이 안전하게 보호된 가운데 자유롭게 작전을 수향할 수 있게 하는 등 HOH HBAS 획보하는 데 결정적 일 역할을 수행합니다.",PBLICTNEBOOK_201411060501352120.txt,58
국방부_정책자료,"내 위협에 대해 적절히 대응 가능토록 수는 줄이되 중 ㆍ대형함(차기호위함, 이지스함 등)으로 로 발전시킴니다.",PBLICTNEBOOK_201411060501352120.txt,59
국방부_정책자료,현재 한반도 주변에 대한 제한된 작전능력은 한반도 전 해역을 미래전장에서 임무 수행이 가능하도록 감시하고 국익을 보호할 수 있는 능력으로 확장됩니다.,PBLICTNEBOOK_201411060501352120.txt,60
국방부_정책자료,을 보강하면서 잠수함 전단과 항공 전단을 각각 사령부로 힌 oft 국방개혁 2020] 17 ae 정보 ㆍ지식 중심의 기술집약형 TAS 전환합니다.,PBLICTNEBOOK_201411060501352120.txt,61
국방부_정책자료,"ob okt FU ofN rlo 2 전환합니다 ** uU 우세 및 정밀타격에 I Of Of rc 4 LN HU o 공군은 현대전의 중추전력으로서 평시 적의 VSB 감시하고 응징보복능력을 구비하며, 전시에는 공중우세를 확보하고 지상 및 해상작전 수행여건을 최대한 보장할 수 있도록 한반도 전역에 대한 작전능력을 획보하여야 합니다.",PBLICTNEBOOK_201411060501352120.txt,62
국방부_정책자료,"이를 위해 우리 공군은 가용 국방재원, 협소한 한반도의 전장환경을 고려하여 최첨단 고성능 전투기와 중ㆍ저급 전투기를 혼합한 최적의 전력을 확보함은 물론 이를 효과적으로 운용하기 위한 지휘 ㆍ통제체제를 발전시켜야 합니다 남부 ㆍ북부 전투사 체제로 개편, 비행전대 해체 북부전투사를 창설하여 %개 전투사, 방공포병사령부, 관제단 AAS 개편하고 비행단과 비행대대의 중간제대인 비행전대를 해체하여 지휘계선을 단축합니다.",PBLICTNEBOOK_201411060501352120.txt,63
국방부_정책자료,rk 뚜 : 방포사| [관제 rea [4타 방포사 ||관제단 비행단 |] | 비행단 @ 작전사와 전투사(남부ㆍ북부사)의 자이는 무엇인가요? Zl 및 전쟁징후 감시 등의 임무를 수행합니다.,PBLICTNEBOOK_201411060501352120.txt,64
국방부_정책자료,"한편 전투사는 지역별 공중작전 전담 및 기타 부여된 항공작전을 시행하고 |전사는 중앙집권적 지휘 및 SAS 통해 전력 배분 그리고 평시 대비태세 유지 So 현재 중ㆍ저성능 항공기 위주로 구성된 500여대의 전투기는 3 능 항공기를 AALS 혼합하여 수명이 30년 이상된 『-4/『-5 기종 300여대는 도태되고, 2008년까지 전진방공과 장거리 교전이 가능한 F-15S 도입하고 최첨단 신형전투기-->%<도 지속적으로 확보해 나갑니다.",PBLICTNEBOOK_201411060501352120.txt,65
국방부_정책자료,국방개혁 20201 19 ae 정보 ㆍ지식 중심의 기술집약형 TAS 전환합니다.,PBLICTNEBOOK_201411060501352120.txt,66
국방부_정책자료,“예비군을 상비군의 대체전력으 정예화하고 예비군 훈련에 다한 Ok 국민의 편익을 최대한 제공합니다 현재 운용 중인 300여만명의 예비군은 자원관리에 많은 재원과 노력이 소요 되고 필요한 물자ㆍ장비도 부족한 실정이어서 유사시 즉각적인 전투력 발휘가 통합예비군훈련장(훈련센터)을 설치하여 Cyber 교육과 입소훈련을 병행하고 제한됩니다.,PBLICTNEBOOK_201411060501352120.txt,67
국방부_정책자료,예비군을 명실상부한 상비군의 대체전력으로 육성하면서도 국민의 입소훈련은 마일즈 ㆍ서바이벌 장비를 활용하여 흥미와 성과 위주로 실시합니다.,PBLICTNEBOOK_201411060501352120.txt,68
국방부_정책자료,Mag adel 모잠하기 SelM 그 we 8 ae 심소묘 주오 또한 훈련일정을 자율적으로 선택할 수 있도록 하고 훈련보상비를 증액 감축하는 동시에 예비군 관리 및 훈련 제도를 획기적으로 개선해야 합니다.,PBLICTNEBOOK_201411060501352120.txt,69
국방부_정책자료,하여 적정수준의 보상비를 지급하도록 추진합니다.,PBLICTNEBOOK_201411060501352120.txt,70
국방부_정책자료,"— 이를 통해 대규모 예비군 자원의 관리에 소요되는 재원과 노력을 절감하면서도, 유사시 즉각적인 전력 발휘가 예비군은 2020년까지 절반 수준으로 감축 가능한 정예화된 예비전력을 보유합니다.",PBLICTNEBOOK_201411060501352120.txt,71
국방부_정책자료,"300여만명의 예비군을 실소요 150만명 수준으로 감축하는 동시에 유사시 상비군과 함께 완벽히 작전을 수행할 수 있도록 Ca Q2A 정예화하고 예비군 훈련 기간을 8년에 @ wiz 225 적절한가? 2005년 현재 300여만명인 예비군을 2020년까지 총 150만명 규모로 감축할 예정이며, 예비군 관리제도 개선 이는 조정된 50만 상비군의 부대수와 편성을 고려한 증ㆍ창설 소요 및 손실보충소요 그리고 향방작전 소요 등을 감안한 적절한 규모입니다.",PBLICTNEBOOK_201411060501352120.txt,72
국방부_정책자료,구 분 평 시 전 시 *병무청 : 자원관리 *동원사단은 적정 규모로 조정 동원전력 ㆍ군 : 교육훈련 ㆍ연대/대대단위로 정밀편성 하여 부대 단위 보충 향토방위 ㆍ항토방위부대 : 자원관리 향방작전 운용 : 향토사단 전 력 ㆍ필요시 시ㆍ군ㆍ구에 관리전환 © as 저비용ㆍ고효율의 국방운영 체제로 혁신합니다.,PBLICTNEBOOK_201411060501352120.txt,73
국방부_정책자료,“구방운영 의 문민 기반을 }으 확대하여 oto L 선진 민주국가의 문민통제체제를 더욱 공고히 할 수 있는 전기를 마련합니다 7? 국가 안보목표를 달성하기 위해서는 군 고유의 영역을 보장하는 가운데 민주 주의체제에 입각한 민ㆍ군관계를 정립하는 것이 긴요합니다.,PBLICTNEBOOK_201411060501352120.txt,74
국방부_정책자료,우리의 경우 문민통제가 제도적으로 보장되어 있음에 문 기받이 취약한 실정입니다.,PBLICTNEBOOK_201411060501352120.txt,75
국방부_정책자료,국방부는 문민중심의 국방정책 결정 및 AHS 보장함으로써 i=] 국가정책과 군사정책을 효과적으로 연결하는 동시에 가 군간 one 효율적으로 조정하여 Sz 은 전투임무에 전념할 수 있는 여건을 조성합니다.,PBLICTNEBOOK_201411060501352120.txt,76
국방부_정책자료,"무의 전문성과 연속성을 제고하기 위해 을 대 a 가며, 교육ㆍ연구ㆍ행정 - 71 분야 직위를 토 국민의 대표인 국회가 능력과 도덕성을 검증한 인사를 국방 주요 직위자로 임명함으로써 군에 대한 국민의 신뢰를 제고하고 장교단의 올바른 리더심을 배양해 나갑니다.",PBLICTNEBOOK_201411060501352120.txt,77
국방부_정책자료,"합참의장은 '07년부터 적용하고, 각 군 침모총장 및 방위사업청장은 필요한 경우에 aes 를 요청토록 합니다.",PBLICTNEBOOK_201411060501352120.txt,78
국방부_정책자료,"비 3.9%에서 6%까지 확대해 인사청문회 규정 미국의 경우, 인사청문회 대상은 행정부 고위직 510여명, 사법부 법관 등 판사 00여명 및 군인 소장급 이상 430여명으로 규정되어 있으며, 이 중 군인의 경우 통상 합참의 장, 각군 참모총장, 통합군사령관 등 주요 직위자 24명에 대해 인사청문회를 거쳐 임명하고 있습니다.",PBLICTNEBOOK_201411060501352120.txt,79
국방부_정책자료,"(관련규정 : 미국연방헌법 제2조, 상원 의사규칙 제26조, 상원 사규칙 제31조, 각 상임위원회 사규칙) Jo lo 국방개혁 20201 23 ae 저비용ㆍ고효율의 국방운영 체제로 혁신합니다.",PBLICTNEBOOK_201411060501352120.txt,80
국방부_정책자료,국방획득제도는 수차례의 개선에도 불구하고 획득조직이 과도하게 분산되어 있고 사업추진 절차가 복잡하여 의사결정시스템 전반의 투명성ㆍ효율성 문제가 를 art 2 계속적으로 제기되고 있습니다.,PBLICTNEBOOK_201411060501352120.txt,81
국방부_정책자료,"또한, 획득인력 양성 및 전문성 제고 방위사업청 신설의 기대효과 ㆍ최적의 무기체계를 획득하게 됩니다.",PBLICTNEBOOK_201411060501352120.txt,82
국방부_정책자료,"비 - 747 | 01|(Fast 「국방획득관리규정,과 「빙위산업에 관한 특별조치법』을 0” 방우 위사업시스템으 의투 투명성 성 제고 근간으로 하는 WSS 제정하고 정책실명제, 경제적(아6866으로"" 획득합니다.",PBLICTNEBOOK_201411060501352120.txt,83
국방부_정책자료,"청렴서약제, 청렴옴부즈맨제도 등을 운영하며 0” 투자 사업관련 자료에 대한 정보공개를 확대하는 등 ee eee ara HAL 감시 gl 결제 시스템을 구축합니다.",PBLICTNEBOOK_201411060501352120.txt,84
국방부_정책자료,방위사업 관련 반복되는 비리를 완전히 근절합니다.,PBLICTNEBOOK_201411060501352120.txt,85
국방부_정책자료,ㅇ AO = ㆍ고객지향의 방위사업햄정을 구현합니다.,PBLICTNEBOOK_201411060501352120.txt,86
국방부_정책자료,"국민에게는 예산절감 방위사업 추진의 효율성 확보 ee 01 aaiuapiees ag, T , 합동군사전략 차원의 소요제기에 의해 각 군 전력의 00 소요군에는 질 좋은 장비를 적기에 제공합니다.",PBLICTNEBOOK_201411060501352120.txt,87
국방부_정책자료,"균형적 발전을 도모할 수 있도록 국가 재정을 고려한 ie : 시업 | SISAL 수림하고, 8개 기관으로 분산되어 있는 a2 a3 aire eat ebyst sour e 획득계획을 수립하고, 8개 기관으로 분산되어 있는 고 2 국가과학기술과 연계된 국방 A/D 개발력과 사업관리기관을 통합 관리함으로써 효율성을 방산수출력을 강화합니다.",PBLICTNEBOOK_201411060501352120.txt,88
국방부_정책자료,"즈지시코 ALA ZU CH, ana a oliol AS aay oe 국방부 방위사업 수행의 전문성 강화 조달: 획득실 10] 방위사업청 신설시 권 전문성 WIS 위해 국방획득 전문인력을 양성하고 [에 신설되는 방위사업청은 국방부장관의 지휘를 받는 7 장관의 인사관리체계를 개선하기 위하여 방위사업청 근무 oa 광시가 wa cS 2A 앙금 as 보직자격제 시행, 전문인력 직위 신설 등 전문성 강화를 서약제, 정책실명제 등 제도적 장치를 마련함으로써 보다 투명 업무가 위한 방안을 시행합니다.",PBLICTNEBOOK_201411060501352120.txt,89
국방부_정책자료,"국방개혁 2020| 25 수리 분야의 기술 ㆍ숙련 인력을 확보할 목적으로, 일정 분야에서 의무 복무를 마친 병사들이 지원할 경우 일정 급여를 조건으로 추가 복무토록 하는것으로실시 조건에 대하여 세부적으로 검토 중에 있습니다.",PBLICTNEBOOK_201411060501352120.txt,90
국방부_정책자료,"모병제는 남북한 군사적 긴장이 해소되어 평화체제가 정착되고 우리 국가의 경제력이 충분히 뒷받침할 수 있을 때 시행할 수 있으며, 고효율의 국방운영 체제로 혁신합니다.",PBLICTNEBOOK_201411060501352120.txt,91
국방부_정책자료,"66 ou bon een a fe) 601 Oo LO ㅇ 국방운영의 효율성을 으리 og) 99 연저히 높입니다 학군 로 운용하기 위해서는 기본적으로 홈기능ㆍ |의 국방인력을 확보하고 선진 정보체계를 구축하는 것이 필수적 ㆍ 점비가 복잡화ㆍ고가화 ㆍ지능화됨에 따라 이에 적합한 국방자원관리 전반의 투명성과 경쟁력을 eo Fg 국가간부 :병비율 25% a Hi ue i di ae og Hl a ing (출처 : KIDA, 「세계국방인력편람 2003-2004」) = 한국 : '05년 현재 기준 요 선진국 여군 비율 140 11.4% 7.8% 무엇이며, 모병제 실시는 가능한가? es 유급지원병제는 전차 ㆍ헬기 등의 운용과 정밀 장비 등의 정비 ㆍ ea ua se 독일 력편람 (출처 : KIDA, '세계국방인 = 한국 : '05년 현재 기준 한 담당하던 총 의 시설물 관리, 차량정비, 세탁, 복지시설 등의 업무를 민간인력 또는 민간기업으로 전환합니다 선진 국방정보환경 및 장병 중심의 군수지원체제 구축 분산된 전산실을 통합하여 메가센터를 설치하고 광통신망을 조기에 구축하며, 정보체계간 완벽한 상호운용성을 갖추어 국방정보환경을 선진화 합니다.",PBLICTNEBOOK_201411060501352120.txt,92
국방부_정책자료,"이를 위해 월 기반 군수동함정보체계를 구축하여 전군 군수자산 현황을 가시회하고 작전지원 능력을 제고하며, 정부정잭과 연계하여 수의계약 비중을 단계적으로 줄여가며 경쟁계약을 확대해 나갑 니다.",PBLICTNEBOOK_201411060501352120.txt,93
국방부_정책자료,"잭임운영기관제도란 ? 정부가 수행하는 업무 중, 공공성 을 유지하면서도 경쟁원리에 따라 운영하는 것이 효율적인 업무에 대해 기관의 장에게 행정 및 재정상의 자율성을 부여 하고 그 문영성과에 대하여 책임지도록 하는 제도 국방개혁 2020| 27 ae 저비용ㆍ고효율의 국방운영 체제로 혁신합니다.",PBLICTNEBOOK_201411060501352120.txt,94
국방부_정책자료,고 (0; Hu Sam i am 지역주민의 민원을 LEAS. 해소하고 국민의 편익을 증진합니다 군 구조 개편 및 배치 AYA) 국토종합발전계획과 연계하여 근본적인 민원방지 오폐수 처리시설의 조기 dk 0” _| 2010년까지 군 오폐수 처리시설을 설치 완료하고 지자체 하수종말처리장과의 연계 처리를 강화하여 군 부대로 인한 수질오염 문제를 완전히 해소합니다.,PBLICTNEBOOK_201411060501352120.txt,95
국방부_정책자료,"@ 오폐수 처리시설 확보 계획 © 국가 및 지역발전에 7 ; ; 군사기지를 권역화 조정 04년 05년 '06~10년 ㅣ SAR 될 2.12774 27974 군 구조 조정 및 ANAS 계기로 군사기지를 조정 2.7407억 468억 하고 국토종합계획과 연계한 군사시설 종합계획을 수립, 시행하기 위하여 2009년까지 「국방군사시설 기본법』을 정비, 필요한 절차 및 제도를 규정하여 CQ. 05 국토이용계획 및 도시계획에 반영합니다.",PBLICTNEBOOK_201411060501352120.txt,96
국방부_정책자료,"Q © 「소긍대적드쓸법(가징)」이관? 군비행장 ㆍ사격장 주변의 소음 피해를 최소화할 수 있도록 ASS 를 적절히 보상할 수 있도록 주민 이주 및 방음시설 민의 BG 해소 —_— nee aaa Sai = a 군용비행장ㆍ사격장 등 군사시설로 인한 즈ㅁ 주 통하여 소음피해지역에 대한 보상기준 설정 및 소요예산을 평가하고, 나아가 ASTAS AC, se) 꿈과 보람이 있는 새로운 병영문화를 7HaLct. 7 꿈과 목표가 있는 99 가고 싶은 군대를 만듭니다 군복무 기간을 잃어버린 시간 또는 인생의 정체기로 인식하여, 군 복무를 기피하려는 현상이 증가하고 있으며 군 복무기간 중 자기계발 기회를 확대 fe) 복무간 자기계발 기회를 부여함으로써 | 표가 있는 군 생활을 유도하고 군 복무기간이 싸회와의 단절 이라는 인식부터 BERL. 이를 위해 '08년까지 5만 6천여대의 컴퓨터를 장병 가치관 확립 설치 ㆍ보급하여 전 장병이 인터넷을 용이하게 사용할 수 있는 환경을 조성하고, 군 복무중 사병 Ar} 없는 하업 [늦하도로 ㅅ . 방송 병영생활의 핵심 가치는 “인간 중심의 Bay 정착이라는 후안 있는 하연이 가동하도록 사이버 (사수 | eee 인식 아래 먼저 군 간부부터 의식을 전환하고 장병들은 우신대 gabe 수강할수 SAS SO 아이바 가 ㆍ 000 군 생활을 통해 건전한 가치관을 함양하도록 합니다 또한 tee net 인계하이 ""군 독수 정려 각개 ” 공인"" 사업을 추진하며, 병영생활간 개인의 이를 위해 민간 인성교육기관 위탁 교육, 의식개혁 교육 및 밤전을 보장하기 위한 동아리 활동 ㆍ 문화 체형 전문교수에 의한 교육기회를 확대하는 등 간부의 의식 및 독서시간 보장 등 다양한 HES 강구합니다 가치관 및 민주시민의식을 함양토록 합니다.",PBLICTNEBOOK_201411060501352120.txt,97
국방부_정책자료,군복 복무에 대해 국가 차원에서 적절히 보상 복무를 위한 동기를 부여하고 인간 중싱의 병영운화란? 보람을 찾을 수 있도록 제도화합니다.,PBLICTNEBOOK_201411060501352120.txt,98
국방부_정책자료,"이의 존엄괴 x 잔되 2s 부 qn wusioe sdlelol 40} HB SAAB) BiB) 이를 위해 전역 전 사회적응 교육을 강화하여 넘치는 wees 희망자에 대하여 지역내 고용안정센터를 활용, 전역 후 진로 상담 여건을 보장하고 병 봉급 및 Sanda 근무수당 등을 점진적으로 인상합니다 국방개혁 2020| 31 ae 꿈과 보람이 있는 새로운 병영문화를 AUCH, 가정 같은 환경 속에서 임무에 = 99 념할 수 있는 군대가 됩니다 군 생활 중 복무 부적응으로 문제를 일으킬 수 있는 병사에 대한 현역 복무 부적합 처리 절차가 복잡하여 각종 사고의 a2 되고 있습니다.",PBLICTNEBOOK_201411060501352120.txt,99
국방부_정책자료,또한 발전하는 사회시설과 비교하여 열악한 병영시설 환경이 신세대 장병들의 . ： ： ： AS ays 군에 대한 부정적 사고와 군 복무 기피현상을 초래하고 있는 실정입니다.,PBLICTNEBOOK_201411060501352120.txt,100
국방부_정책자료,"중 ㆍ장기 계획에 따라 낙후된 병영시설 2천 ?벅여개소를 현대화 병영 고 3 내무생활관을 제공하며 대대단위 복지시설을 대폭 보완하는 등 내 집같이 편안한 생활 여건을 조성하기 위해 노력 니 56% 14% | | ㅣ 을 '04년 '09년 '15년 내무반 개선율 '104년 '09년 15년 군 숙소 개선율 사고관리 시스템 구축 a Vision Camp2t? 사고예방을 위해 유형별ㆍ계절별 ARS 체계적으로 |e og waeg 활용할 수 있도록 사고종합관리 전산시스템을 구축하며, | ga as 인식 곡된 인식체계의 Vision Camp 등 복무 부적응 뱅사에 대한 전문적인 관리 전환과 문제 해결능력을 AAS 구축하고 민간 전문가에 의한 장병 상담관 제도를 = | 배향시켜 복무적응을 유도 신설하며 대형사고 발생시에는 '사고종합대책본부를 | 하고 지인사고 a 기여 ie - oe . 하기 우한 군내 지체 심리 교정 운영하여 조직적인 사고관리 및 처리가 가능하도록 제도화 | ay 합니다.",PBLICTNEBOOK_201411060501352120.txt,101
국방부_정책자료,"= se) 꿈과 보람이 있는 새로운 병영문화를 7HaLct. 66 즐거움이 넘치는 인간존중의 신바람 나는 군대로 wpe” 우리 군은 아직 군내 인권보장을 위한 제도적 기반이 취약하며, 권위주의적 AMD} 리더십은 상ㆍ하 YASS 저해하고 장병에 대한 불합리한 대우으 자율 원인이 되어 군에 대한 부정적 인식을 초래함은 물론 각종사고의 원인이 되고 있습니다.",PBLICTNEBOOK_201411060501352120.txt,102
국방부_정책자료,"병 브 1 느 정 지병 인권 보장 이를 위해 입대 전 병영생활을 간접 체혐할 수 있는 장병 인권 보장 다양한 기회를 제공하고, 현재 입대 100일 이후부터 저욕하는 축ㆍ외박: 를 신병교육 수 후부 장병 인권 보장을 위한 법적ㆍ제도적 장치를 통해 적용하는 외출 ㆍ외박제도를 신병교육 수료 후부터 [해 Qr = — aU 드 Ho) EW= veel op “ule ee whe wow ways 외출 ㆍ 외박이 가능하도록 개선하는 등 외부의 통제를 니다 최소화하고 개인의 의사와 자율성을 최대한 보징해 이를 위해 ABS 입은 시민 으로서의 군인에 대한 법적 지위와 권리 보장을 규정하는 「군인복무기본법, 을 제정하고, 인권담당관 직위를 신설하며 민간 전문가가 참여하는 군 인권 보장기구를 설치하는 방안을 검토합 니다.",PBLICTNEBOOK_201411060501352120.txt,103
국방부_정책자료,Ape 기본권 보장과 군 기강 해 군 사법제도를 개력합니다.,PBLICTNEBOOK_201411060501352120.txt,104
국방부_정책자료,군 사법제도는 장병의 기본권을 보장하면서도 군 기강을 효과적으로 유지할 수 있도록 개혁 합니다.,PBLICTNEBOOK_201411060501352120.txt,105
국방부_정책자료,"즉 군사법원과 군 검찰의 독립성을 강화하고 2007년부터 중대 범죄에 대해 장병재판 참여제빼심제(를 도입하는 동시에, 징계 영창제도도 징계권자 최종 조치 전에 인권담당 범무관이 사전 적법성을 심사하게 하는 등 다양한 장병 기본권 보장 대책을 시행합니다.",PBLICTNEBOOK_201411060501352120.txt,106
국방부_정책자료,"국방개혁 2020| 35 국방개혁, 일관두게 추진하겠습니다.",PBLICTNEBOOK_201411060501352120.txt,107
국방부_정책자료,부와 우 O 가운데 387 21세기 AA 정에 강군' 추진해 나가고자 합니다.,PBLICTNEBOOK_201411060501352120.txt,108
국방부_정책자료,ox 국방개혁 20201 337 66 고 국방개혁 추진의 일관성과 SERS 동시에 보장할 수 있도록 : = 99 법적 ㆍ제도적 장치를 마련합니다 「국방개혁기본법」제정 및 관련 법령의 정비 추진 국방개혁을 국방 기본업무로 지속 추진 CQ. 방개혁 추진을 위한 가 차원의 노력ㅇ 일관 게 지속될 수 22020 ~ le 주진들 위한 국가 차원의 노려이 일관되게 지측빈 수 국방개혁을 일과성 사업이 아니라 지속적으로 있도록 「국방개혁기본법」을 제정하고 관련 법령을 정비하는 등 그 = ou 5 ols) ] 구망개적을 yas 법적 장치를 마련합니다 수행해야 할 국방 기본업무로 정착시키기 위하여 이민 he 이 etey 0 eee 국방개혁의 기획ㆍ계획ㆍ시행ㆍ평가ㆍ환류를 변화에 우연하게 위한 업무수행 체계를 발전시켜 나갑니다.,PBLICTNEBOOK_201411060501352120.txt,109
국방부_정책자료,"나아 은 lst, - ' 의 기시 2 = 「국방개혁기본법」에는 국방개혁기본법」의 내용은 필수사항에 국한하고 안보상황 . . 국방개혁의 목표와 기본방향 변화에 유연하게 대처할 수 있도록 제도적 장치 마련 주요국 국방개혁 법제화 추진사례 gas eine esi . . ： 0 1: . 안보환경 변화에 영향을 「국방개혁기본법」에는 국방개혁을 통해 달성해야 할 GRIER SECA EONSN ES) me 받는 부분을 최소화합니다.",PBLICTNEBOOK_201411060501352120.txt,110
국방부_정책자료,"포유 보바해 그 바드 소려으 Hols 미 상ㆍ하원의원 Goldwater2} 107015에 의해 추진된 국방 SHES 기본방향 그리고 반드시 TSS 부여하여 개혁 법안으로 “HEM 강화 및 문민 중심 통제"" 를 주요 또한 3년단위로 안보환경과 일관되게 추진해야 할 과제만을 포함하고 나머지는 ‘ieee sia 인스 다 국방개혁 추진상황을 평가 대통령령과 기본계획인 「국방개혁 2020」에 포함시키며, 주 하여 필요시 국방개혁 기본 5 = > 하드 x =] “=s=: 4 안보환경 변화와 추진 상황 등을 매 3넌마다 평가하여 징병제 페지 및 직업군제 도입, 군사력의 현대화 등을 목표로 필요시 국방개혁 기본계획을 보완할 수 있도록 시행의 한 「'97-15 국방개혁 장기기획안,」을 마련하고 6년 단위의 SENS 보장하고 있습니다.",PBLICTNEBOOK_201411060501352120.txt,111
국방부_정책자료,「국방계획법」을 제정하여 안정된 개혁을 추진하고 있습니다.,PBLICTNEBOOK_201411060501352120.txt,112
국방부_정책자료,국방계획법은 우리의 '국방중기계획」을 입법화하는 수준입니다.,PBLICTNEBOOK_201411060501352120.txt,113
국방부_정책자료,"pS | at a, /^ 범정부 차원의 국방개혁추진기구 설치ㆍ운용 과거 한국의 국방개혁 연구 사례 ： n ""88-90 8108연구위원회, 「국방태세 발전방향(818계획), 이 방개혁이 국민적 공감 하에 범정부 차원에서 추진될 수 +'93-'95 21세기 국방연구위원회, 「21세기 국방태세 연구안」 | 있도록 대통령 직속으로 민간 전문가가 참여하는 ㆍ 9803 국방개혁 추진위원회, 「국방개혁 5개년 계획」 때 0 「[국방개혁자문위원회,를 설치하고, 국방부장관과 '99-'08 군사혁신기획단, 「한국적 군사혁신의 비전과 aba ie ~ 관계부처 차관으로 구성되는 「국방개혁위원회」를 설치하여 ~ [내 개혁 추진을 평가하고 조정하는 동시에 국방부에는 . ㆍ 「국방개혁추진위원회」를 설치하여 개혁업무를 . 수행해 나가도록 합니다.",PBLICTNEBOOK_201411060501352120.txt,114
국방부_정책자료,"awa 2020| 39 수석 수 Lu LU @ ㅋㄱ 확보가 가능합니다 ”” on = tir (2 alld rh 교 oz 1무 ra et in 4a 모 더비 ra yo 국방개혁이 원활하게 추진되기 위 력 배비 조정, 병력 감축 등이 긴밀히 연계되어야 하며, 이를 위해서는 무엇보다도 소요예산의 적기 확보가 중요합니다.",PBLICTNEBOOK_201411060501352120.txt,115
국방부_정책자료,"129 국방개혁 소요예산은 약 67조 MAS 추진할 '06~^20 기간중 인건비ㆍ급식ㆍ피복 등 경상적인 부대운영과 전력건설을 위해 전력투자에 소요되는 국방비 SAS 정부 관련부처 및 연구기관의 합동검토결과 621조원(경상운영비 349조원, 전력투자비 272조원)으로 추정됩니다 이 중에서 추가전력 확보, 부대개편 및 창설 등 개혁 소요는 약 67조원으로 전체의 약 1/10 수준이며 병력절감에 따른 국방인력의 경제활동 전환 등의 효과를 고려시 경 국가경제에 큰 부담이 되지 않을 것으로 판단됩니다.",PBLICTNEBOOK_201411060501352120.txt,116
국방부_정책자료,차질없이 국방비 확보 가능 개혁기간 중 우리 경제는 평균 7.1% 수준의 경상성장률(실질성장률+(317 더플레이터 2.3%)°| 전망되고 정부재정도 경상성장률과 비슷한 수준으로 늘어날 것으로 예상 됩니다.,PBLICTNEBOOK_201411060501352120.txt,117
국방부_정책자료,"따라서 국방비는 소요가 집중되는 초기단계(06~^10) 에 '05년 국방예산 증가율 수준인 9%대의 SIRS 유지하고 그 이후에는 SIRS 접진적으로 rr iY GDP 대비 국방비 비율 국방비 소요 및 주요 지표 전망 ° (조원 %) 31 3.0 3.0 구 분 | A(06~20)| ‘o6~10 | 715 | 620 Ti a 국방비 601 139 216 206 22 27 (증가율) (6.2) (9.9) (7.8) (1.0) 27 26 4 2 (정부재정대비) 16.8) (16.7) (48.2) (15.8) 2 정부재정 3,701 835 1,185 1,681 25 (증가율) (7.1) 6.9) (7.4) 6.9) 23 GDP 22,422 5,085 7,215 10,122 28 (증가율) (7.1) (7.4) (7.2) (i) 20 1) 누계기준 증가율 8.0% 06 08 10 12 14 16 718 ㆍ '20 *군복무 중 자기계발 기회를 확대함으로써 국가경제에 도움이 되는 인적자본을 축적하는 동시에 군복무로 인한 개인 및 사회의 기회 비용을 크게 줄이게 됩니다.",PBLICTNEBOOK_201411060501352120.txt,118
국방부_정책자료,ㆍ국방연구개발을 통해 개발된 첨단과학기술은 민간으로 파급되어 기술 강국 건설에 기여합니다.,PBLICTNEBOOK_201411060501352120.txt,119
국방부_정책자료,국방비 부담은 타국에 비해 여전히 높지 않은 수준입니다.,PBLICTNEBOOK_201411060501352120.txt,120
국방부_정책자료,*GDP 대비 국방비 비율은 2006년 2.6%에서 2015년 3.0%까지 상승하였다가 대상기간 말인 2020년에는 2.3%로 낮아집니다.,PBLICTNEBOOK_201411060501352120.txt,121
국방부_정책자료,"ㆍ이는 분쟁국가 평균 5~6%보다 훨씬 낮은 수준이며, 주변국에 비해서도 > 주요 국가의 국방비 (2003기준) 국방비 규모(억$) 229 4,049 428 559 652 GDP 대비 국방비 2.6% 3.7% 1.0% 3.9% 4.9% ※ 출처 : 1188, The Military Balance ’04~'05, 한국은 정부통계 국방개혁에 어느 정도 비용이 들더라도 지금부터 시작하지 않는다면 시대적 요구에 뒤처지게 될 뿐 아니라 국방개혁을 위한 적기를 놓치게 됨으로써 추후에 더 많은 비용이 소요될 수밖에 없습니다.",PBLICTNEBOOK_201411060501352120.txt,122
국방부_정책자료,"국방개혁 2020| 41 공고한 한미동맹의 기반 위에, 확고한 군사대비태세를 유지한 가운데 신중하게 추진합니다 ` CLL TT 의 긴밀한 협의 하에 (하여야 하지 않는가? 국방개혁은 공고한 한미 연합방위태세의 유지를 전제로 하고 있으며, 나아가 미래 B20 ta Lees 지향적 한미동맹 발전을 뒷받침할 수 있도록 로 고 래브라 디되바티 이 oer : 5 회 한 바 있으며 미측은 이에 공감을 한국군의 역할 증대에 따른 제반 능력을 확보 Beis 바있으며 미측은 이에 Sate 하는 한편, 연합 지휘관계 발전과 관련된 현안에 연합사령관과 관계자에게 소상히 설명하였으며 미측도 적극 지원하 겠다는 의사를 표명하였습니다.",PBLICTNEBOOK_201411060501352120.txt,123
국방부_정책자료,'05년 10월 Bt 개최된 501/에서도 의제화됨으로써 양국 국방장관간에 충분히 논의하여 공감대를 형성하 였으며 앞으로도 국방개혁 추진과정 대해서도 긴밀히 협의해 나갑니다.,PBLICTNEBOOK_201411060501352120.txt,124
국방부_정책자료,"북한의 군사위협을 안정적으로 관리 점진적ㆍ단계적 추진, 주기적으로 에서 한미간 긴밀히 협의해 나갈 것 정부 차원에서는 정치ㆍ외교적 노력을 통해 남북 및 지획을 보완 ㆍ발전 그 리베르 주변국 WAS 발전시켜 북한의 군사위협을 안정적으로 이이 관리해 나갈 것이며, 우리 군은 이를 튼튼히 뒷받침합니다 또한 3년 단위로 안보환경 및 국방개혁 추진 pauae 전시작전 Et 8년 단위로 안모환경 ? gud pe 성과를 평가하고 국방개혁 기본계획을 보완 ee! 발전시킴으로써 추진과정에서 발생할 수도 전시작전통제권 환원은 자주 하시 총 부가 마련한 _ _ 있는 불확실한 요소에 대해 안전장치를 국방의 요체로서 국방부가 마련한 확고한 군사대비태세 유지를 최우선적으로 고려 chalet 있습 니다 SLU Fear hall ° 합참의 능력 강화 및 필수 전력을 국방개혁 과정에서 어떠한 군사적 취약성도 발생하지 eaten Eas ee 않도록 각별히 유념하여 신중하게 추진하겠습니다.",PBLICTNEBOOK_201411060501352120.txt,125
국방부_정책자료,"0"" 우리의 역량을 확보하면서 한미간 특히 병력감축은 군의 안정과 높은 사기를 유지하는 setvn 개혁완성 ue as Ba oo 조선 가운데 첨단 무기ㆍ장비의 전력화와 연계하여 추진할 개혁심화 STM Sl eels . ! ats 부는 우리 군의 역량을 지속 것이며, 하시라도 현존 전력의 즉각적 발휘가 가능하도록 oa 000 01209 CBs halal sibel ihre 군사대비태세를 갖춘 상태에서 추진합니다.",PBLICTNEBOOK_201411060501352120.txt,126
국방부_정책자료,개혁본격화 미국과 긴밀히 협의해 나갈것입니다.,PBLICTNEBOOK_201411060501352120.txt,127
국방부_정책자료,(006-10) aaa 20201 43 ‘4 _ 국민 여러분의 적극적인 지지와 성원이 필요합니다 국방개혁은 2]세기 선진한국의 생존과 번영을 보장하기 위한 국가적 과업입니다.,PBLICTNEBOOK_201411060501352120.txt,128
국방부_정책자료,"국방개혁에 대한 정부의 강력한 의지, 국민적 공감대, 군의 자발적 노력이 일치된 바로 지금이 Cc 우리 BO] 변화와 국방의 혁신을 도모할 절호의 기회입니다.",PBLICTNEBOOK_201411060501352120.txt,129
국방부_정책자료,"우리 정부와 군은 이러한 시대적 요청에 적극 부응하여, 과거에 대한 깊은 성찰과 미래에 대한 진취적 비전을 바탕으로 「국방개혁 2020, 국민 앞에 제시하고 국민과 함께 더불어 추진해 나가고자 합니다.",PBLICTNEBOOK_201411060501352120.txt,130
국방부_정책자료,한반도의 평화와 번영을 확 선진 정예 강군'을 Lot 국민여러분의 적극적인 지지 ave 수 있습니다.,PBLICTNEBOOK_201411060501352120.txt,131
국방부_정책자료,비매품 2005년 11월 72 인 2005년 11월 10일 발 od & 국방개혁 2020 이렇게 추진합니다.,PBLICTNEBOOK_201411060501352120.txt,132
국방부_정책자료,편찬 : 국방개혁위원회 발행 : 대한민국 국방부 만 편집 ㆍ인쇄 : 대한기획인쇄(02-754-0765) 인터넷주소 : www.mnd.go.kr 문 의 A: 정책기획관실(기본정책담당관실) (02)748-6231~7,PBLICTNEBOOK_201411060501352120.txt,133
국방부_정책자료,"Zee Fy BENE UE yw ewe) Defense Innovation 대한민국 국방부 Ministry Pr Navonan Defense 국 Detes cs | nse Innovation ato E Ss | | E 를 는 a 5 발행일 2023년 02월 28일 발행처 국방부 디자인 국방출판지원단 디자인혁신센터 인쇄 국방출판지원단 M23020171 Contents Part_ 01 「국방혁신 4.0,을 반드시 추진해 나가겠습니다.",PBLICTNEBOOK_202303090216140530.txt,0
국방부_정책자료,"0, 중점별 과제 Part_ 02 북 핵ㆍ미사일 위협에 대한 대응능력을 획기적으로 강화하겠습니다.",PBLICTNEBOOK_202303090216140530.txt,1
국방부_정책자료,한국형 3축체계 운영태세 강화 한국형 3축체계 능력 획기적 강화 > 전략사령부 창설 및 발전 처 te ° Part_ 05 우리군의 군구조와 교육훈련체계를 혁신적으로 바꾸어 나가겠습니다.,PBLICTNEBOOK_202303090216140530.txt,2
국방부_정책자료,"「 oz mm 보 에 실 때 NI r= Fu Sal 벼 ue ra ” 2 2 "" = 1 rat bn 4 00 은 에 ri my 2 0) 므 > = J ° 30 i = ox = Of -U BS H ‘a a) i Part_ 03 미래 군사전략과 작전개념을 선도적으로 발전시키겠습니다.",PBLICTNEBOOK_202303090216140530.txt,3
국방부_정책자료,Part_ 06 국방 R&D 전력증강체계를 재정립하겠습니다.,PBLICTNEBOOK_202303090216140530.txt,4
국방부_정책자료,효율적으로 Part_ 04 Al 기반의 핵심 첨단전력을 우 확보하겠습니다.,PBLICTNEBOOK_202303090216140530.txt,5
국방부_정책자료,으선적으로 :무인 복합전투체계 구축 전자기스펙트럼 영역 | 행능력 강화 % 합동 전 영역 지휘통제체계 구축 Part_ 07 「국방혁신 4.02 실질적이고 체계적으로 국민과 함께 완성해 나가겠습니다.,PBLICTNEBOOK_202303090216140530.txt,6
국방부_정책자료,"Part. O1 ; !국방혁신 4.0」을 반드시 Flay 나가겠습ㄴ 다 | 「국방혁신 4.0, 차이점 * 국방 }혁신 4 3.03 en Defense Innovation \ 미래 우리 국방은 유례없는 도전에 직면할 것으로 예상 J 기존의 개혁방식으로는 이러한 도전에 대응하기에는 한계 o 이에 따라, 국방의 혁신적 변화를 위한 새로운 접근이 필요하며, 이를 위해 우리 군은 지금 당장 준비해야 함. | | “미래 국방환경은 | 도전요인과 기회요인을 ~ a 도전 한 핵ㆍ미사일, 비대칭 위협의 현실화와 고도화 8 [0 인 형화, 회피 기술, 고체연료 등 기술적 발전 지속, 다종ㆍ다량화 독트린 선언 ('22년 4월), 핵무력정책 법제화 (2214 9월) 인기 침투, 사이버 해킹 시도 @— 미중패권 경쟁에 따른 동북아 불안정성 증가 、 ㆍ바이든대통령ㆍ국가국방전략 (NDS), 최대안보위협으로 중국 지목 '22년) 으 전쟁 패러다임의 변화와 기술패권 경쟁 심화 . 270 ㆍ(우 -러전쟁 4차산업혁명 기반 민간첨단기술의 적극 활용 0 + RI MFRS) 정보화전에서 지능화전으로 변화, 군사선진국간 기술패권 경쟁 인구절벽에 따른 병역자원의 감소 20세 남성인구) 25만명 ('22년) + 21만명 (3544) + 13만명 (4018) ㆍ ㆍ('40년 이후) `21년 합계출산율 0. 어멈 명 (역대최저, 세계최저) 기회요인 Y eae 22! | -점단과하기술 발전"" [톨레 도선요인 극복 ㆍ국가과학기술 수준 (204%) : 미국의 81.1%, 중국 80% ㆍ시기술수준 (2218) : 미국의 87.8%, 미국ㆍ중국ㆍ유럽에 이은 4위 ㆍ국방과학기술 수준 '21년) : 중국 6위, 일본 8위, 한국 9우| (화포 및 지휘통제 분야는 상대적 우수) gg 한국형 3축체계 능력 획기적 강화 시기술을 접목하 감시 ㆍ정찰능력 향상, 결심ㆍ대응시간 단축 수 요 병역자원으 R 의감 \ p> winged sie 유ㆍ무인 복합전투체계, 과학화경계시스템 등 T TE 미래 국방의 SAS 워 이기는 강군을 육성하기 위해, 우리의 강점인 ' |학기술'을 기회로 활용하여 dA 변화를 추구하는 것이 바로 「 국방혁신 4.0」 심화 Defense Innovation 4.0 07 10 7 Wife, | 1800 Ze AS 1731 In i rH at 떠사개 ‘ahs 군사전략 -작전개념 선도적 발전 00131 rt be Ja )므 [^ EI HO FU 국방 R&D -전력증강 체계 재설계 09 4.0, 의미는? | iy 「국 PART 1. 「국방혁신 4.0,을 반드시 추진해 나가겠습니다.",PBLICTNEBOOK_202303090216140530.txt,7
국방부_정책자료,"\ x 러 a J ot ㅇ 、 1 KO Ss < <0 디비 10 OF 본 i =| Ol * Sm 애 및 rH 00 는 | wu 모으 : RF a iat = fs) : 이 각 =\) S a x MO fs Wil og 버 느티 에 : ar OF \ i wee a eF 를 a | wl ( Bee TH 0 ~ mS a ie Be Ar 10 ol ne 8 oF 비 uf ‘it ay go 태이 이 수 1 티티 ay 8 2 10 a Ss | <1 oF ar = Nn 2 ne 20 08 <, wz 70 20 1K 떼 ree Fa * or Ts) 1 ot) \ 52 110) 70 = a x a a 10 —_ OF ian : = nd K o TTY Py KO 등 Defense Innovation 4.0 *「국방개혁 2.0,과 「국 혁신 4.0, AOA ~ Kus 나부고 a4 관계 개선에 따라 위협 = 핵ㆍ미사일 위협 북한 위협의 점진적 감소 인식 고도화ㆍ현실화 단기적 AICS 국방 전 분야 망라 © aime PART 1. 「국방혁신 4.0,을 반드시 추진해 나가겠습니다.",PBLICTNEBOOK_202303090216140530.txt,8
국방부_정책자료,". 으 7 ㆍ함. =| KI 0 z 대 a od 09 세 삐 또 n RO 30 고 ig 바 K & Th 3 1s _ x 중 7 ok 7 80 OK 때 0 서애 2 we am 5 ar) a) fol 2 pe goa \ hn"" cis Ko © & Klo Is Rig at a, Tl 즈 바 or ay 쁘 20 val wr ee eT Or : mht Kl KINO 을 TS oD = ay 디시, 페코] St 후 Sig 우 마 스가 Rd : KER! yo OF ikl [ 회 기적 강 jy NO atom 때 = 월 = a 뛰 먼 내 al a 페 < H 70 OH ‘ro aK rh) KT wall x OH 00 매 x Pal RR 조 ig x im 때 or 바 바 과 왼 ma 00 FO a m0 00 < 세 대 매 air ~ Tol ol 0 Defense Innovation 4.0 Part 021 - a aah 7 iG Sh! i 북 핵ㆍ미사일 위협에대한 대응등력을 획기적으로 강화하겠습니다.",PBLICTNEBOOK_202303090216140530.txt,9
국방부_정책자료,"고도화되는 북한 핵:미사일 위협은 가장 심각하고 현실적인 위협으로, 이에 대한 확실한 억제-대응 능력을 확실한 적근도 최우선적으로 확보 io + 한국형 3축체계 운영태세 강화 + 한국형 3축체계 능력 획기적 강화 후 in irl P 10 A 를 Tl zy ak 2 벼 위 - 울 B a 때 또 =m 년 x % ow yy OF 이 60 를 He = 8 oF RJ ll ulo & 배 RT oi 8 bay = Flee 2 RO ml \ a TH 8 Hm ot 언 끼 5 gm BO = az 내 벼 a a 애 금 이 될 ht 3 을 의 호 zoom oT 헨 = 띠 mR OT or «6 io AI x 5 더 = if ited x cr Ae 도 m < = mon HE a ei 뉘 Wr Oe ine = Bu 00 ax ® m © m KOM 옴에 IH 호 : 10 는 대 © Xp BF | 10 00 oo 0 [7 오목 긍 : 자 xz 104 기 주 HW wl 오 +, se RR = Hoo 주 RJ ol irom A — 20 = xe eS Hoo KT RA go 국 하 개 OURO 피 =o ot a + 9 기 고즈 해 40 a 의 of a = = 인 ml = WH 008 eS ~ io! 00 = 가 . ir 00 모 80 Ke & im 0 kT Y a a Ng a a SJ [기반체계] . 정보감시정찰(50) 역량 확충, … … 시기반 지능형 통합 <시체계 발전 ^ [킬체인] … 고위력:초정밀 타격능력 확보, KU 6080 dBA e+e [한국형 미사일 방어] 전방위 미사일조기탐지 능력 확보 00000 . 복합:다층 미사일 방어체계 구축 [한국형 대량응징보복] .…. 고위력-초정밀 미사일 개발:확보 등 KMPR … … 압도적 대량응징보복 능력 강화 ※ 북한 핵ㆍ미사일 위협의 해소를 위해 최우선적으로 대응능력을 구비 Defense Innovation 4.0 isto losis [01106 & “@ 18100 Sess = KAets2 Zokrlc ahs “WMD 대응본부' 로 ‘oH on “WMD 대응센터' '핵 핵 oH on I: 대개편 된 전략사령부 가 에 ""에 동성 차원에서 우리 군의 한. =| 대비 고도화 대비 개념ㆍ전력발전을 of 번 북 핵:미사일 위 _ _— ※ 전략사령부 주도 |고,적위협 to 놈 7 Luvd lo felylo-ie Ho 108 은 S$shh 1 J Ee sues aa 8 : iL 으으 호 고 | = (나 Rae 을 을 을 고 | eu s+ at “et akenuece eee a = an Wm ssactiv#aueeusnes Riots seo Of RAPS SREP NOR * 그 WR EM RRB eee Peewee eee * auhean 4 hee 그거 tm ctuatssenussbducpiensnss san ㅋㅋㅋ ㅠㅠ SUREPOS ERROR RR a gee ans deGeeseat REPS EER HP RES Ra See Bee Se Soe hee ee - - « BESSE HR SOIT S SR ERCP PREP eee ee ieee re oe soe eee | 고 을 을 | TUTTE a. CREE ETL as eneeQhenrebusisehab Ghnwusienonneoes BCURSEREORE UKE RA Peo e eee eee he 4 aaeerettn) Cae ePee teu aeoeeeeeeeeeee§6U6Uf El 을 을 으으 오오 ""를, 0ㅎ패225ㅋ06101 ㅁ00010 Cee ee SR eEauanaen 고 오고 Ch 오곤 월 오기 | 고 월 을 을 을 을 을 | 시 SSE BRS SeaReEaCeeeaes SPR RES RRR ERE Re ORS Be i 86-2 a se as Pin auceeoneces ees o & hy eee ㆍ 으 은 을 오오 을 을 을) 1] 1 “ㆍ 그 인구 의 은 으으 을 을 글 오월 이 | 를 님 <= : 이 그 은 을 오고 은 을 ae Bae L '@ #40800990060903950690018ㅠ- ㅎ30898000604ㅁ0ㄷ 티 전 비4008ㅁㅋㅋㅋ ==미 a) 을 고 은 은 을 을 월 은 é an on a6 4 3 agence weee [2h en oeae a A a 2a 을 | ""그 글 을 | AEE ~ Py as 4 su ： se 기 oe ay — a - 추진방향 : + \fhestes es 미래 안보환경에 부합하는 SaeSau tux 군사전략과 aw tonne 8 ss@anuwu “ ee tensnoewu de eeaestaeands 싸우는 방법을 정립하고, Poet Ce Ue triage (Pere tter faery | 하 SVU CUR RET CHEER Oe eee 새로운 체계에 대한 =032600909306009398050ㄷㅠㅠㄷㅋㅋㄷ 작전개념을 발전 = =ㅎ= & a Ly SRB 을 을 우안 을 오 을 |) seamen Qe fetes: * 군사전략-작전개념 발전 20 할 = a = ny 이 개 Ht) 느 = 한 =] 기반의 미래 ㆍ첨단과학기술 으로 대비 및 대응할 수 있는 전략개념으로 발전 체계와 신개념 무기체계 운용, 투 최단기간 내 최소 피 합전 ==) = ㅇ 다 으ㆍ무이 ToT » 사이버, ^ 경계작전개념 > [GP/GOP] m0 념 — 구역 (Zone) 개 A (Line) 7H 0 *시기반 무인경계체계 시범 /기지] 항 Defense Innovation 4.0 16 LH Ar "" il O82 al 구 XA T [ 의 즈 = = = #0 00 Toll io KB | 력 강화 지 or 의 80 ml Ske ar\ | z el = KJ oD) Kr = ar E> 'y 구 린드 바 K oln 으 val mz =F Jo a xr Ol = & 오기 SS aR! RD oe! em <b io =z 고 、 iol KE re 내0 aor Ok RJ RT toll ~ 24 t 호 HA 발전 가속 SHES 퍼 ol So. ㅜㅠ fet 기반체계 미비 ulo Fi = x 0 개 20 a x a 20 Tk 내 30 : x 뻐 ins > =z 5 때 HO 변 K RI of 떤 mol & ra < K = 0 준 100 는 들 KIO x 30 에 =< ied RT op K on K nl ol + pd + Dl x 등 입체적 경계시스템 구축 22H >AL 기반의 경계시스템으로 개선 > 현 경계시스템을 로봇ㆍ드론과 연동시켜 획기적으로 보강 에 파수 츠 = 제체계 구 합관 파수 활용기술 개발, 드론 통 즈 TT 25 르럼 영역 il = 우주, 사이버, 전자기스 % ㆍ전자기 영역의 무기체계 ral] IKE mr ;| od a CHLH- 2| 행 > 사이버작전 >지 화ㆍ고도화된 사이버전력 구축 는 (=】 PART 4. Al 기반의 핵심 첨단전력을 우선적으 > APIA 로 확보하겠습니다.",PBLICTNEBOOK_202303090216140530.txt,10
국방부_정책자료,"> 전자기스펙트럼 무기체계 개발 및 조직편성 ey - 지휘동제 (44002) -그 x Joint All-Domain Command and Control MAL 구축 SAEEEIS 지능 기술 발전이 가속화 } 가시화 및 지휘통제제한 ※ 0 가시화하고, 시 기반의 지휘결심체계를 통해 효율적인 우세 달성을 구현하는 차세대 지휘통제 개념 J JADC2 SSS 위한 기반체계 구축 >》 새로운 유ㆍ무선 네트워크 구축 * 차기 국방광대역통합망 구축, 국방56 구축 등 국방망ㆍ전장망 고도화 > 새로운 네트워크에 04! 체계 연결 *×(41체계를 새로운 네트워크와 연결, 통합 단말기 운영환경 구축 등 » Bea | 군 C4l 데이터 통합체계 구축 데이터 저장 서버 통합 및 소프트웨어 개발, Big Data + > JADC2 시험부대(169-660) 운영 * 개념발전 연구, 체계 검증, 시험부대 운영 보완요소 식별 및 확대 적용 AM oln Val 기반 차세대 지휘통제체계 (Next KJCCS) 개발 >A 기술개발, 지능형 지휘통제체계 개념발전, 차세대 지휘통제체계 개발 / \ way Defense Innovation 4:0 ” Re) > va 그 > = 그 18 - ㆍ 추진방향 새로운 개념의 첨단전력 도입 등을 미래 국방환경, 전쟁 패러다임의 변화, 고려하여 미래 전장환경에 최적화된 군구조를 마련하고, 전투력을 극대화하기 위한 교육훈련을 혁신 %… 고을 * 첨단과학기술 기반 군구조 발전 * 축 및 30 _ !어 Fay do 방 > 미래 = 3축체계, 시기반 경계체계 운용을 위한 부대개편 형 > 한국 미래 [도록 규모를 설 Ls ‘oo 의 균형이 가 Low Mix 개념의 High- J 31 i) ioil fol jlo . 전기 연마와 > 전술 적이 가 > 실기동ㆍ실사격 BA 데이터 축 츠 = 리체계'구 PART 5. 우리군의 군구조와 교육 훈련체계 를 혁신적으로 바꾸어 나가겠습니다.",PBLICTNEBOOK_202303090216140530.txt,11
국방부_정책자료,"! 예비군부대 구조 및 제도 개선 흔 2 > 지역방위사단 개편 연계 > 디지털기반 련 체계 개선 nO ily Pal ulo Defense Innovation 4.0 32 버 x 모 때 28 IA} -미사일, 우주, 사이버, 전자기스펙트럼 등) (핵 반 ) 구축 및 제도 보완 ㆍ 발전 등 (= ㆍ관리체계 (경력관리 모델 > 전문인력의 육성 >» 101 브어 진 바 교육 a, S oS > 국방 Al 역량제고를 위한 맞춤 33 LYWe ¢ 1 lotted kKiteSst tose ZokVs ph Stach bocca 국방 R&D ME SoM Ale ile et 다 _ ae 99191 첨단기술을 국방에 접 국방 R&D 1 sta 774 단촉하기 위한 전력증강체계 재설계 + 혁신ㆍ개방ㆍ응합의 국방 68&.0체계 구축 득에 제한 신속ㆍ효율적 국방획득체계 개선 > 소요기획 효율성 제고 및 검증분석 단계 최적화 *소규모 사업은 각 군에서 ALAR 등 > 사업타당성조사 제도개선 > 시험평가 제도의 유연성ㆍ전문성 제고 Le * 유연한 판정 개념으로 전환 등 LoS ※ 무기체계 획득절차 간소화 및 통합으로 적기 혹 fs Jin 여건 조성 전력증강 프로세스 민간기술 신속도입 기반 마련 국방부 정책기능 및 각군 R&D 역할 강화 강화 및 거버넌스 구축 > 민군 기술 가교역할 강화를 위한 > 소요수정 등 주요현안에 대해 한국형 DIU (Defense Innovation Unit) 신설 국방부 정책기능 강화 > 민간의 혁신적 기술이 군에 신속히 도입되도록 > 산:학:연과 소통ㆍ협력 강화할 A 있는 Fast-Track ZI: 신속소요) 신설 개방형 협력체계 구축 > 각 군 고유 특성이 반영되도록 각 군 주도 하 맞춤형 연구개발사업 신설 국방혁신 4.0 37 여 all val Sil 떠 뜨 im [an] | [a 70 fir il z Bl ny ol a [개 야 ㅎ BI 의 국방 R&D 체계 정립 mr io iol ol ol of Bi ir al TH 바 x < > 국방전략기술 진중분야 매 10 술선 * 미래전장 분석 기반 10대 분야 30개 국방전략기 =f R&D Att 우선 배분 원 PART 6. 국방 R&DS} 전력증강체계를 효율적으로 재정립하겠습니다.",PBLICTNEBOOK_202303090216140530.txt,12
국방부_정책자료,"예산 확대 바 = J 국방비의 10% 이상 수준까지 연구개 > 국방 R&D 예산 지속적 확대 및 국방과학기술 확보에 집중 투자 Defense Innovation 4.0 국방 Al 법ㆍ제도적 기반 마련 및 국방시센터 창설 초고속ㆍ초연결 네트워크 기반 ㅇ Vv tu of = | do Ww i to 국방혁신 4.0 양질의 국방데이터 구축ㆍ관리 oe > 선제적이고 체계적인 데이터 구축 x es THe > 데이터 표준 및 품질기준 마련, 국방데이터분석센터 신설 및 운영 @ 시기반 군수혁신 및 인재관2 > 군수 빅데이터 ㆍ활용기반 구축 및 인프라조성 수명주기관리 업무체계 재정립 병 Life-Cycle} 연계한 시기반 관리시스템 구축 39 체계와의 으 a K Fi Pal 때 학기술 해 국방부 주도의 국방과 합적 군사력 건설을 위 R&D 전략-계획수립 > 균형적ㆍ통 및 xz =a PART 6. 국방 R&DS} 전력증강체계를 효율적으로 재정립하겠습니다.",PBLICTNEBOOK_202303090216140530.txt,13
국방부_정책자료,"참과 각 군의 소요기획 조직 보강 iio A Defense Innovation 4.0 | 효고 신 16 e+ ty eee ee ㆍ 42 _ L = 야전 제대에서 실제 체감할 수 있는 발전적 변화를 추 ㆍ군 전반에 변화를 확산시킬 수 있는 분야에 역량 WZ oll) GP/GOP 경계체계, 해안 경계체계 등 과학적 데이터를 기반으로 한 전투실험을 통해 전투력 발휘가 보장되는 현장중심의 군사력 증강 법률 에도), 조직 등을 병행 혁신하여 성과창출과 가속화를 견인 / 지휘구조, 병력구조 Se 공감:합의-검증을 통해 안정적으로 추진 J 국방혁신 4.0은 단계화하여 추진 ㆍ1단계 혁신기반 구축 , 2단계 혁신성과 가시화, 3단계 혁신성과 가속화 Fu = Ay 3단계 후 군사력 3단계 re ALTE 가속화 ^ 2단계 ' : 1단계 혁신성과 가시화 혁신기반 구축 한국형 3축체계 가부 우애 뽀즈더 [요 개 2단계 후 군사력 1단계 후 군사력 현 군사력 상비병력 규모 2차 인구절벽 시점 - do olr 2 ]또 모 Jt = md ov 쌍 in 그 > 고 군사전략ㆍ 작전개념 선도적 발전 Al 기반 핵심 me dee 또 | 또 HI rt =) Ful fi 4 by re ya a2! Ho r= Hol 국방 R&D- 전력증강 체계 재설계 국방혁신 기반구축 국방혁신 가시화 국방혁신 가속화 = = 하 한ㆍ미 연합작전 주도 _ 한국형 | 한국형 3축체계 필수 한국형 3축체계 능력: 전방위 한국형 3축체계 3축체계 ㅣ 능력ㆍ태세 확보 ey 1 2h co"" 능력ㆍ태세 확대 전략적 억제ㆍ대응 가능한 이츠 = 전략. 너그 그 그 은 1 !으느 전량적 능력 Ss} 한 전략사령부 발전 HERE | arpa 창설 전략적 능력 확충과 연계한 전략사령부 발전 대북 압도적 억제:대응 및 군사전략ㆍ | 주변국에 대응할 수 있는 ㅣ 안보환경 변화와 신무기체계 발전을 선도할 수 있는 작전개념 ㅣ 군사전략과 전 영역 통합 | 군사전략:작전개념 발전 작전개념 발전 경계작전 Olt 경계작전 개념 정립 | 미래 경계작전 개념발전 . 무인화 경계작전체계 oe | 및 무인화 시범 적용ㆍ검증 | 및 무인화 시범 적용 확대 ㅣ 정착 6 .ㅁ6, ㅣ 유:무인복합전투체계 ㅣ 유:무인 복합전투체계 유ㆍ무인 복합전투체계 mors | 반자율형 시범운용 반자율형 확대 자율형 확대 ai | 신영역전략-작전개념 | 신명역작전수행을위한 ㅣ 신영역 작전수행 노오 ape 및 기반 마련 선리 구즉 고도화를 위한 전력 확충 . _ 1/-804망에 041체계 차기 국방광대역통합망 oh 시이 JADC2 (M-BeNt) 구축 AA, C4l 데이터 Next KJCCS 전력화 허가 통합체계 구축 sax 래 군구조(안) 정립 및 ㅣ 선 전력증강 및 1단계 상비병력 감축 연계, 오스. 가편준비 개편 2단계 개편 00000"" 과학화훈련장(군-사단급 arse: 교육훈련 ㅣ 합성훈련환경(516) 과 sneer 리체계 ine 콕방종합훈련장 체계 ㅣ 플랫폼 시범구축 oO 구축 기존 획득절차 획기적 획득체계 ㅣ 단축, 새로운 획득절차 ㅣ 신개념의 획득절차 발전 도입 박 조라 국방전략기술 발전(단기) | 국방전략기술 발전(중기) ㅣ 국방전략기술 발전(장기) 국방시 총괄 및 기반 구축을 _ 국방 ㅣ 이아주직신설과국방지능형 | 저모 SY 56 구축 및 서비스 발전과 본 자드 으으 방 지능형 플랫폼 고도호 시기 반| | oie a 국방 지능형 플랫폼 고도화 Defense Innovation 4.0 43 Z Lad ce. B fica SIA! 4.0」기대효과 버 cata 응) 북 핵-미사일 위협 대응ㆍ억제능력과 미래 전장에서의 작전수행 능력을 획기적으로 보강 J (병역자원) 첨단과학기술 기반 유ㆍ무인체계 중심의 병력 절감형 군구조로 전환하여 위협 병역자원 감소문제 해결 대응능력 ~ = 작전효율) Al 기반의 무인ㆍ로봇전투체계를 통하여 전투능력은 극대화하되 전시 인명피해는 최소화 J (국가 인적자원) 국방과학기술 전문인력이 사회로 환원되어 민간의 과학기술 역량을 제고 J (국가산업) 국방과학기술을 새로운 국가산업 성장동력으로 확장 씨과학기술강군으로의 전환은 이 시기 우리 군에 주어진 시대적 사명이며, a Sait! 4.02] 지향점입니다.",PBLICTNEBOOK_202303090216140530.txt,14
국방부_정책자료,40 fu HI fy 10 [것 4m 」모 mo 1) N 1 10 Hi [또 [것 = 본 W 4 모비 Hl a2 0 0묘 we no = >〉 10 HI 싶 ox Hu 02! = 2 on HI ay OIL ClokEF Sich 196 Ie tine 즌 ‘toh 대한민국 국방부 Ministry of National Defense,PBLICTNEBOOK_202303090216140530.txt,15
국방부_정책자료,Atv 44 3S UZ Defense Innovation OO MO in | 하미구 구방브 대 한 민국 국방 ㅜ Ministry of National Defense 「국방혁신 4 .0」은 첨단과학기술 기반의 시과학기술강군 육성 새로운 계획입니다.,PBLICTNEBOOK_202303090232023320.txt,0
국방부_정책자료,미래 우리 국방은 *북 핵ㆍ미사일 위협의 현실화와 고도화 *미중패권 경쟁에 따른 동북아 불안정성 심화 * 전쟁 패러다임의 변화와 기술패권 경쟁 격화 *인구절벽에 따른 병역자원 감소 등 많은 도전에 직면할 것입니다.,PBLICTNEBOOK_202303090232023320.txt,1
국방부_정책자료,"미래 국방의 RAS 극복하고 싸워 이기는 강군으로 육성하기 위해, 기존의 국방개혁의 방식으로는 re ol rr HL of 내 to a ol0 ol N 호 이러한 한계를 획기적으로 극복하기 위해, 우리의 강점인 4차산업혁명 과학기술'을 기회로 활용하여 04714 “4,0 ” olzt? 이에 따라, SAS 정부에서는 ABLE nin UZ 302 > 4차 산업혁명 첨단과학기술의 적용이라는 상징적 > 국방의 획기적 변화를 위한 4번째 계획 국방운영목표로 선정하고, 이를 실현하기 위해 ? ? '80년대 '90년대 '00년대 =, = ls 빈 년 받개혁 「국방혁신 4.0,을 추진하게 되었습니다.",PBLICTNEBOOK_202303090232023320.txt,2
국방부_정책자료,"wigead 5개본 0 국방개혁 '23년 국방혁신 의미 | 등에서 「국방개혁 2.0,과는 확실히 다릅니다.",PBLICTNEBOOK_202303090232023320.txt,3
국방부_정책자료,남북관계 개선에 따라 북한 위협의 점진적 감소 양ㆍ규모 축소 중점 *상비병력 및 부대수 감축등 국방 전 분야 망라 「국방혁신 4.0.은 5대 중점분야를 선별하여 역량을 집중하겠습니다.,PBLICTNEBOOK_202303090232023320.txt,4
국방부_정책자료,북 핵:미사일 대응능력 획기적 강화 국방 R&D- 전력증강체계 재설계 군사전략-작전개념 선도적 발전 북한 핵:미사일 위협에 대한 대응능력을 획기적으로 강화함으로써 대북 억제 달성 시:무인-로봇 등 첩단과학기술 기반 경쟁우위의 작전수행능력 완비 최 0주애0 뜨 = 이를 위해 1. 북핵:미사일 위협에 대한 use) ! 획기적으로 강화하겠습니다.,PBLICTNEBOOK_202303090232023320.txt,5
국방부_정책자료,"~. a, 한국형 3축체계 한국형 3축체계 능력 운영태세 강화 획기적 강화 *킬체인(00120), 한국형미사일방어체계0<400), *현 한국형 3축체계에 우주, 사이버, 전자기 영역과 응징보복체계000『8) pia el 그트 운영개념 및 작전수행체계 발전 1 : : * ae 전략사령부 창설 및 en 에 = ㅣ | 11. 미래 군사전략과 작전개념을 선도적으로 발전시키겠습니다.",PBLICTNEBOOK_202303090232023320.txt,6
국방부_정책자료,미래 국방환경과 안보위협 변화에 대비하고 미래 전장환경에 부합하는 군사전략 수립 노ㅋㅜㅜ 첨단과학기술 기반의 전 영역 통합 작전개념 발전 1. Al 기반의 핵심 첨단전력을 우선적으로 확보하겠습니다.,PBLICTNEBOOK_202303090232023320.txt,7
국방부_정책자료,"유:무인 복합전투체계 ㅣ 우주, 사이버, 전자기 영역 단계적 구축 작전수행개념 및 *각군시범적용후전군으로확대 | 첩단 전력체계 발전 | 합동전영역지휘통제 #5 is | 04002) 체계 구축 * 전 영역 통합작전 구현 유:무인 복합 기뢰대항작전 V. 우리군의 군구조와 교육훈련체계를 혁신적으로 바꾸어나가겠습니다.",PBLICTNEBOOK_202303090232023320.txt,8
국방부_정책자료,첨단과학기술 기반 군구조 발전 @지휘구조 미래 연합-합 적합한 구조로 발전 * 부대구조 첨단 과학기술 기반의 각군 작전사급 이하 부대구조 정예화 o 병력구조 적정 수준의 상비병력 규모 판단 및 확보 방식 검토 @ 전력구조 High-Low Mix 개념의 구조 재설계 V. 국방 &0와 전력증강체계를 효율적으로 재정립하겠습니다.,PBLICTNEBOOK_202303090232023320.txt,9
국방부_정책자료,"혁신개방:융합의 전력증강 국방 《80체계 구축 프로세스 재정립 군-산학연협력 신속:효율적 생태계 구축 () 획득체계로 개선 국방부합참:방사청 국방시센터 득관련 기능 조정 데이터분석센 | 및 조직 개편 국방 전 분야에 국방과학기술 씨를 적용하고, 혁신을 위한 조직개편 국방 Al 인프라 확충 「국방혁신 4.0,을 선택과 진중, 실현과 체감, 소통과 공감 『「-]】 [= | 전략으로 강력히 추진하겠습니다.",PBLICTNEBOOK_202303090232023320.txt,10
국방부_정책자료,"선택과 집중 첨단과학기술 활용과 실현과 체감 법률제도 예산지원 광범위한 및시범-실험으로 소통을 통한 실현 가능하고 대내외 체감할수 있는 공감대 형성 발전적 변화 추진 「국방혁신 4.0,을 추진함으로써 국방과 국가차원의 Supt 기대됩니다.",PBLICTNEBOOK_202303090232023320.txt,11
국방부_정책자료,"국방차원 국가차원 2 과학기술 전문인력 육성 * 억제ㆍ대응능력 강화 : *북 핵:미사일 및 비대칭 5인기등 ： *국방과학기술 전문인력이 위협, 주변국 위협 대비 : 사회로 환원되어 작전수행능력 획기적 보강 : 민간의 과학기술 역량을 제고 신수행능 ; 병역자원 감소문제 해결 :새로운국가신업 성장동력확보 : *유무인 복합전투체계 중심의 *국방과학기술 발전을 통해 i 병력 절감형 군구조로 전환 국가산업을 확장 * 작전효율성 향상 *전투능력은 극대화하되 2 ie 전시 인명피해는 최소화 es SAT 스스 이 > et. he",PBLICTNEBOOK_202303090232023320.txt,12
국방부_정책자료,"Defense 4, Innovation 12 Ministry of National Defense ; Republic of Korea Defense. 4 Innovation 0 = 3 Published Date Feb. 28, 2023 Publisher The Ministry of National Defense, Republic of Korea Design Defense Publishing Support Group Publisher Defense Publishing Support Group M23040333 Contents 04 Part_ 01 Introduction Defense Innovation 12 Part_ 02 Strengthening of response capabilities against DPRK's nuclear weapons and missile threats 24 Part_05 Prioritizing in securing key advanced weapon systems 16 Part_ 03 Development of future military strategy and operational concepts 28 Part_ 06 Restructuring the Defense R&D and force augmentation system 20 Part_ 04 Transformation of military structure and education & training system 32 Part_ 07 Practical and systematic completion of the Defense Innovation 4.0 with the Korean people [3101 Introduction ~ \ ~~. ™~ 는 때 0, why? % Concept o Innovation 4.0 ＊ Areas of focus tasks ———— efense Innovatio and key Defense Innovation «The Defense Innovation 4.0, why? J It is expected that our national defense will confront unprecedented challenges Jf Innovative transformation in national defense is required, and ROK military must start preparing now to face the future challenges. | 1 | The future defense environment = presents both challenging and ^ 배 | opportunistic factors at the same sh 『 [| a 07 Challenging Factors DPRK's WMD and asymmetric threats continue to advance and become more serious. - Continuation of technological development such as miniaturization, evasion technology and solid fuel, diversification . - Declaration of Nuclear Doctrine (April, 2022), legislation of Nuclear weapons policy * (September, 2022) + UAV infiltration, NLL invasion, and cyber hacking attempts Defense Environment Changes in the patterns of warfare and intensification of technological 6 hegemony competition , ~ + (Ukraine-Russia War) Active use of private cutting-edge technology based on the 00000"" "" 4th industrial revolution aN + (Patterns of warfare) Intelligence is becoming important in the war Decrease in military service human resources due to rapid decline in birth rate + (20-year-old male population) 250,000 (2022) -- 210,000 (2035) + 130,000 (2040) - (After 2040) Total fertility rate of 0.81 in 2021 (historic lows and lowest in the world) Opportunity Factors V our strength - National science and technology level (2020), 80.1% compared to US, - Al technology level : 87.8% compared to the US, 4th followed by US, China, and Europe. - Defense science and technology level (2021) South Korea 9th (relatively high in artillery, command and control domain) —— Command and Control 9th Etc. Surveillance and tied for 9th reconnaissance 11th Maneuver 7th Protection 9th Artillery — Vessel 7th | 8th Aircraft 10th The ‘Defense Innovation 4.0, pursues innovative changes by utilizing our strength ""Cutting-edge Science & Technology"" as an opportunity to foster a strong military that can overcome future defense challenges and win battles 4011200041비 “| LYWd Defense Innovation 4.0 08 Strengthening of"" response capabilities Development of Transformation of Prioritizing in Restructuring the against DPRK's future military military structure securing key Defense R&D and nuclear weapons and strategy and and education & advanced weapon force augmentation ‘Qperational concepts training system. systems. system. missile threats. —— The meaning of the Defense Innovation 4.0 is —— to foster the ROK military as a Competitive Science and Technology Forces compared to the opponents by innovating military strategy and operational concepts, North Korea's WMD response capabilities, high-tech weapon systems, military structure and education & training 4.0 is >» The 4th plan with landmark transformation in national defense and symbolic representation of the 4th Industrial Revolution cutting-edge science & technology application - The cutting-edge science & technology / vf 「 | ~” | …“ ra Unmanned 3D printing robot 11 Nee = 비분비 Big data Al Drone Defense Innovation 4.0 4011200041비 “| LYWd «Areas of focus and key tasks + Strengthening the operational posture of the ROK 3K Defense - Strengthening the ROK 3K Defense capabilities + Establishing the Strategic Command - Development of the military strategy suitable for the future security environment + Development of the operational concepts based on science & technology proses - Restructure of the force augmentation : process + Building innovative, open, converged Defense R&D - Building structure based on Defense Al - Reorganizing structure for defense science and technology innovation Prioritizineyin advanced : isystemSs + Development of the military structure based on cutting-edge science & technology - Establishment of scientific training system and expand reserve forces Capabilities + Fostering human resources in science and technology - Establishment of manned-unmanned complex combat system + Strengthening the operational capability in space, cyber, and electromagnetic spectrum domains + Establishment of Joint All-Domain Command and Control 04062) system iN 4a tie Ua A) 4011200041비 “| LYWd Part 02> 2 Strengthening of response Capabilities against DPRK's nuclear weapons and missile threats Whattodo ㄴ Advancement of DPRK's nuclear weapons and missile capabilities are the most serious and real threats. Therefore, securing a solid deterrence and response Capability is a top priority. ~ |) ㆍ ~. 기 세"" BS Strengthening the operational concept of the ROK 3K Defense % Strengthening the ROK 3K Defense capability % Establishment of the Strategic, Command ¢* Strengthening the operational concept of the ROK 3K Defense Y development of operational concepts and mission execution system > Development of operational concepts and mission execution system of the ROK 3K Defense based on the concept of Kill web V strengthening exercise & training and fostering military expertise in these fields » Strengthening ROK-U.S. combined exercise-training in response to DPRK's nuclear weapons and missile » Fostering professional Subject-Matter Expertise (SME) in field such as space, cyber, and electromagnetic spectrum, etc % Strengthening the ROK 3K Defense capability J Infrastructure J Kill Chain J KAMD Jf KMPR fd \N YY © ©) Reinforcement of Intelligence, Surveillance and Reconnaissance (ISR) capacity Securing advanced lethal and non-lethal strike capabilities Enhancement of missile detection capability, establish complex and multi-layered missile defense system Strengthening massive punishment and retaliation capability ※ To resolve DPRK's nuclear weapons and missile threats, being equipped with response capabilities should be top priority ¢¢ Establishment of the Strategic Command * The task of the Strategic Command is to develop the concept of responding to North Korea's WMD threat at a joint level to integrate and operate strategic assets Defense Innovation 4.0 $]edJY} 히!55141 046 SUddeaM JeA}INU 54100 Jsulese Saijiqeded asuodsa Jo 8414041848415 “7 LYVd itt 나지 | 변기 | neem | od ' dug@seean ‘ mae { See cease er ac ++ 80! 6B eee 1 as | Wapeees 866 보보고 구비보 ' "" : 들 aa 8 로 오코 비언모포토프으베고연애 = at i ECSU eR eeeeheeeeeae a oe aus veh saan 가아라 각인 ~ B = a awa gene Beeueaeseecuagea f sake ana | 을 을 을 | 60225 토 TT rere ELLE LLL Dumenae JOR OSES REESE RED SE § BRU Brakes SCR PUNE EP Ree e eee I. Seen eee w nen eeoe seek 히고 오고 eae (eon Rupe aoneeeeee 3 ;ae 2 . Po Bens 은 을 | 가기 기 기 오오 이 이 테퍼비띠떼보보보비이 이페에도 TEP 고고고 조고 SES 그! 그, 으으 이 오오 Eee?) 오오! 8070도""떼로 5800=0데미러. Wognnce seuBeas Sap eexrseeeeee see ane ae ane Beceuceea . Pereu? Peery | d Cee …… 0000 SSRBSRRERRR SEES ’ a 14 A : 7 as ' ' ae ¢ £6 logy = 4 4 4 Pausacn ae hy Soseee wee os senes « seducde an enenuuedudeecuantecenen pee Has What to do Development of the military strategy and how to fight suitable for the future security environment, and of the operational concepts for the new system + Development of the military strategy and operational concepts «+ Development of the military strategy and operational concepts V Military Strategy : Development of a strategic concept capable of active & integrative preparation and response to all-encompassing complex security threats and changes in the future battlefield environment Y oint Operation Concept : ‘All-Domain Integrated Operations’ based on cutting-edge science & technology Cyber, » Employment of manned-unmanned Electromagnetic combat system and new concept weapon systems Y security Operation > GP/GOP security Line concept -> Zone concept > Coastal, Maritime, Base security Transition to manned-unmanned complex security system using Al capabilities Defense Innovation 4.0 -02/ ㆍ a yt Bi po As ~ i 02 rahslofranen c of military structure 2 0 6046840 타기] TI Whattodo »e———— Preparing a military structure optimized for the future battlefield environment, and innovating the military education & training to maximize combat power in consideration of changes in the future defense environment & %* Developing military structure based on cutting-edge science & technology + Developing scientific training system + Fostering human resources.insscience and technology ¢* Developing military structure based on cutting-edge science & technology Y development of command structure considering future combined defense and joint all-domain operations Y development of unit structure centered on manned-unmanned complex system Y development of appropriate size of standing forces and defense manpower structure in the future % Developing scientific training system V Establishment of scientific training system V Establishment of ‘virtual simulation training system’ for training of tactics and techniques and mastery of equipment skill > Expanded introduction of ‘MILES (Multiple Integrated Laser Engagement System) equipment’ » Establishment of ‘Defense education and training management system’ for standardized education & training management for the whole military %}091[마109 human resources in science and technology V Fostering and developing science and technology professionals > Establishment of fostering and management system (career management model, etc.) of professional manpower and supplementation ㆍ development of system V strengthening soldier's science and technology capabilities > Improvement of military education to expand the operation capability of future key weapon system » Promotion of customized education to enhance the Defense Al capabilities » Identification of additional training requirements and expanding education for all soldiers Defense Innovation 4.0 Wa}sAs 8비나 3 UO!JEINpa 046 ainjoNJ}s Ase} IW JO UOIJELUJOJSUBI] “7 LYWd al ~_Pri ee ey advanced ~ Sagas ystems ; What to do Field cutting-edge weapon systems to realize future joint operation concept— manned-unman complex combat * Strengthening the operational capabili in space, cyber, and electromagnetic spectrum domains ¢¢ Establishment of the manned-unmanned complex combat system V Establishment of manned-unmanned complex combat system in stages ® Remote control level Semi-autonomous level experiment * Designate and employ semi-autonomous demonstration units per Services ® Transition to autonomous level V Establish ment of a multi-dimensional security system, e.g. Al, drone: robot utilization, etc » Improving security system to reinforcement via linking the current security system with robots and drones V Building the foundational infrastructure for efficient field deployment of unmanned system > Network, security: cryptographic system, frequency, drone monitoring system % Strengthening the operational capability in space, cyber, and electromagnetic spectrum domains Y development of defense space force based on jointness » Based on jointness, promotion of securing mid-to-long term space force » Development of space organization based on joint space operation V strengthening cyber operational capabilities V developing electromagnetic spectrum operational concept and weapon systems + Establishment of the Joint All-Domain Command and Control (JADC2) . . system Joint All-Domain Command and Control Y development of Al-based C4I system » Development of Al technology, concept of intelligent command and control system, next command and control system Defense Innovation 4.0 Slayshs uodeam paoueApe Ady SULINDAS Ul BUIZIJOUd 5 LYWd ~ 7 - - ㆍ — Restructuring the Defense R&D-and y a force augmentation System (TTT What to 000 ㄴ= Restructuring the Defense R&D system to incorporate civil cutting-edge technology into the-national defense ¢ Restructuring the defense acquisition system + Building innovative, open, converged Defense R&D system + Building infrastructure for the Defense Al 30 ¢* Restructuring the defense acquisition system V improvement to a rapid and efficient defense acquisition system » Improvement of the project feasibility study investigation » Enhancement of system through the test and evaluation V ‘aying the foundation for rapid introduction of civilian technology and strengthening the role of R&D on each military » Establishment of ROK DlU(Defense Innovation Unit) to strengthen the role of bridge between civil and military technologies » Establishment of Fast-Track for the rapid adoption of civilian innovative technologies to the military (tentative name: rapid requirements) «+ Building innovative, open, converged Defense R&D system / Establishment of Defense R&D system of Innovation, openness, convergence 4, 8. » Strengthening efforts for the convergence ~ of military, industry, academia, and research Creating a institutes cooperative » Selection and investment in defense ecosystem strategic technology focus area % * 30 defense strategic technologies in 10 areas V expansion of R&D budget to more than 10% of national defense budget » Continuous expansion of Defense R&D budget and intensive investment in securing defense science and technology %0미0109 infrastructure for the Defense Al Laying the legal and institutional groundwork for Defense Al and establish the national defense Al center Establishment of the Al infrastructure based on hyper-speed and hyper-connected networks >» Advancement of defense network » Phased construction of defense intelligent platform » Expansion of defense cloud by stages and dissemination of increased application of private cloud Establishment and management of big data in defense field » Promotion of systematic big data construction » Preparation of data standard and quality standard, establishment and operation of defense data analysis center @ Military innovations and human resource management » Establishment of logistic big data » Re-establishment of total life cycle management work system of defense data » Establishment of human resource management system in connection with the life-cycle of the soldiers Defense Innovation 4.0 waysAs UoJe]JUaWSNe 0210] pue GREY aSuajag ay} SuNJOMWISAY “9 LYWd `야 the 고바 1000 Ov wit . the Korean people” 3 * Execution strategies of the Defense Innovation 4.0 las ) * Expected Effect of the > ee a 、 나고 =“ Defense Innovation 4.0 34 ¢- Execution strategies of the Defense Innovation 4.0 J Focusing on key areas that require fundamental change + Securing capabilities to respond to DPRK's nuclear weapons & missile threats is a top priority - Concentration on cutting-edge combat system and a supporting infrastructure to supports it J Pursuing developmental change that can actually be felt in the field units + Concentration in areas where change can be diffused throughout the military ex) GP/GOP and coastal security system, etc. + Field-oriented military power reinforcement that guarantees combat capability through combat experiments based on scientific data J Driving performance creation and acceleration by innovating laws (institutions) and organizations in parallel J Pursuing of the Defense Innovation 4.0 step by step + Step1 Building innovation groundworks, Step2 visualizing innovation outcome, Step3 accelerating innovation outcome %『×060[60 Effect of the Defense Innovation 4.0 National defense level threat response) Reinforcing the ability to respond and deter DPRK's nuclear weapons and missile threats and the ability to carry out operation in future battlefield A uititary service resources) Resolving the problem of decreasing military service resources by transforming to a force structure centered on the manned-unmanned complex combat system based on cutting-edge science & technology JY Reinforcing (Operation efficiency) Unmanned and robot ee combat systems maximize combat power but minimize casualties during 0 inthe wartime military service casualties during resources wartime National level V (ational human resource) Defense science and technology experts are returned to society to enhance private science and technology capabilities J (National industry) Expanding defense science and technology into a new national industrial growth-engine Defense Innovation 4.0 a)doad ueaioy ay} UM 0'7 UO!NEAOUU| BSUdJ9g 04110 4011히04102 I eWIa}SAS 046 162112644 7 LYVd ley Ministry of National Defense Republic of Korea",PBLICTNEBOOK_202305021112384930.txt,0
국방부_정책자료,"[미비 07 kehichnt o > 될 © 8 Ely 1050 fae 으은, 8100 Rises 12681 을 Ris ayia - ces . 으 © ERMA SERA C1cigG ie 16 ‘O'? cine, ‘Tete Slik eer Ais Sins, 02 UUO}eY 0640100 Vit Pet Mrs (SAREE |해파이 운& Six Sites seo + Be Fk eSinis SAiniee * S207 qe atoz RAS Dex cS HE SBE 116 2A wait HISKS Sirens + aR ySic o> 708 SL = 801 이 ale 71086 17006 6 66096 EP rete tine fvithe > Srekx (are « BA SEALE 1601 BicisteAR BS OF UUOseYy 0540100 an “8's 16 ae 1758 izle Sisto $ «OL ube feDE 25 hehy Wiese y Rath) or SPSRe Rie WS pacha PA Qian SiR 104 SSiRe a OF 40100 0640100 “ 내 awe senamnesmee 8 R 16216 = 브르 meee je8 BS 1? oF Ah cipebibir © mpeecee 159 SY 7 Re 50010 BROM * HG 6160 He RRS o Shi Fira 2 ㅋ Pic Vinkvets = phe! 16 18 Ke cRRR Hats ii BERR S fh Wich © eoeenoneee 1010 Ble XZES 1085 WE HA tle 23 2, athe 이 WS ROSS HARE SERAT © 7 11332 as ane] Pe NTT ice heat © 03 fred (VSIA WER Tivaty ne @ += DSSRBRONSKER:) a2 GS Sh /SaR= te WAS 0 18 sh BRP ARE © = et a ria 6. J 20 0 해 an J = AF 50012 he 5998 이 RG Ro 몽러00 Mlicictx + i+ 참조 cts © =) GF RO SY Biss © NE 30066 Slo we + ""GLE 929 2 Iciy 10192 Silvie - RIS 1010폭꼭 WE yy 고 고은은 1 1 100 > Bm 1응26081 £0 Oz 01040 0540100 릉|/을 Whim Bs %애21020 aa U8 Pha 1 Fl CSE 26002 ~ WbReE « O'S 40104 09400100 i 16101/큰문 kilo’ BR + = HIM SRSR Hee FSS py 108 RIYieiA wo OZ UsO;ey 0040100 Ty all oo GD 6 oO @ o #8 PRBS % Sie 1286 Shu tess 50 “ iz SWRRS RAK RE SRY OKIE v0 [그 12185 WEE TE RIVE Sony 50817 er 16 bal ie ss bale 6100 babethie. 20 “ FAC NNR BinlS 64 BERS 16222 20 bad We Ribeinis lose Rete ‘10 * OF TS tele foe Re RIES 10 HBS oy 16121+ sae phSwicse Slrists SRF 16100 Bice, SiykKRSRe Baxi bSer zw fe 90. 1816 heN@ia tele 50 oc 때< WEA HS 위 AR eialc BE 70 * #2 |이떼기 Se RBA 타까58 0 a Bile Tebiahe ORS EE wae 10 _ 8 Bie GR ISIE Mh fe Ato ORY RE ZO a ike SFehnk WBE Wie AR ZO os Wie Bhatti lore RB RAE 10 ㅠ ake 조고어비1 tome 곤 ed Tle @목000 10 }기78105 SeRE Biyisih !16코는 NSARM SEE 10116 튀시워0 AR bist SRSR RRS FSS We 10음{2 RAIS 하라고 a Bo So & Hid Ri VO wa WIRY % Wes 07 ice, 90 @ Wie Rims TE lve 1라 Bet Stake BR ZO Bi Rts ROR & OT wich, 20 ㅠ 42 TPR AE Sek Wht isis RA 10 위 BQ Rich RSM 10 }기79011 HESS dias icy ‘PhS )어와 Bix iis |610묵곡 BE 삐<포 She RR ㅋ190069 BR FoR 0 oD > BS 65 더 III c 호 N KI Ua a tH ie no = 침하 alte 힘으로 평화를 건설하겠습니다.",국방개혁_2.0.txt,0
국방부_정책자료,"xy saveren scan e™ wen . ‘ta ae Sa sist So bla 와 ) ee cones 사저 Seat bio eh 여개 대 1 oe ' ㆍ < ye WEAR hh Bik TE che RABAT |) VU — —e x @ Vv if @ | (3 때 a 0 09 @5ㅎㅋ ㅇㅇ @ (wee 1 은 BS is 들려18 ine taht 107 BET Bik tr BA Did tow te 14 WN AS > Sak hice BE AR 9 Blox 218 ""Uz 19148는, 1916 cio Bias Re 16648는 퀴< age THeSh WOBURN GES Sit Gs 11250 Re hRRE Bike BRIX ERS [sO Biche, ZO 2 o> ee 6 a 후 C) [74 Kiteis4¥ Steely Vebetie 10 Bf Sk Biceic biniy RRA 1+7 Be BS RBA tele 문놈는 iohix te RBE I {eR fale eRe as SS Beith ea Bt [ce Ibe Rie, Hekias Fok Fics tohin totes. Elciz= % Fe '0'? Biche, ¢ 0 = La — | ial ™ Fe Bras = 13 라주 고나 : tele Retreat P 고 그 15 08 wae hae meses 8옹120 RE KP nS RS OA eBslx Rint Eb Wee BS 0068 1099 SlaR ins ee Siete HS Se mite Bs ek 띄워 fis ae 4 192 Shel Raa ote 86S eR We +h fake Sdtely Rte kehnteiy 22 eR 1907 Woe 죽주 11312 해아 에 Bac ter hea wets RS Bh Ris Ae 3012 Bis sa 165 RS Bie Br ‘ee eS ie 10102 fale, 76000 i 105 00006 Re Ler oa Da at ㅜ RE = faty es Be ae thie zt in =e = hos 주곤 eh nik kis oe 4 $5 helo 호 Fis Bice vO % oo aif. herein tice 190 Bic SEO NS SIctotr 26 till jo 0 ike Ts hintees Se wie “so ek 친소 eBE 1다20 leSwit 100 fake Sattly 16ㅋ초 ies 7400 10독100 710 517부16172 SEE 10116 Siciett BR BSc oS WRB 하리오 2 avd ko) ra La ak Set BRK UR SRE 7215청다누가 Hee ‘ Lid Rk S8-S+-R+ 곤\ Leon — BANE 0906 2 때 그 BSE 7) kc witty [0 bE BSS ㅇ ‘falc faZlois | ial if 7 : tia ar Ban || ben OO 개 기 SSE BRR : - 하로 - : \ fof? ais tS Ria 10묵 SSR icin fein be §-9 PR | 4 - 00: Bako = Wile || some PRE | 9 og Ae F 7 Ava | 5 -? 가브 | Guz 차2200 7 Rohe le ke . ~ 더 | 기 | ㅣ 198 | 7 . 6 |시22 | 05 -696 RHA 덕 혀휘5 Feely 111: 조류 해=츠건 1 ae Led Wh Seok cht MBit Stee ORS ae Re a as TRA 01260: fake BEt BAe (ORY RieSdES (6 Bria teiae ze & eS SER 2 fot 20 oe ee 85 a — | | ial cues 1 8 비/ GR be 5 RSVR ne v8 QR Se 도 hae WAS 1 4 x 1010 Fels 51210 Rice = lye Sy kitice Go SMe Btwn Biers 90 § AB BSSthe bie PRE ㅋ a8 S8n Bs oo aie SEA vo Re Siceit ae foiale BS wu ro one fs — La — Pe le fal le 1 hth Oe Aa we 4 . Tale WIDE 1B 940 Re : he 1862 fis IRD 자이드 128 FAC Kittie fst 리1105 Sia 8303 RE ra Rivlin: ices 90 ol [기 = i a E Ar ~ [기 80 바 개 | 대토로회 31ㅅ 기 다 = 고효율의 선진화된 국방운영체제 Oy) al 00 +] 1 중 ^ 598 fee Plo 기 Rie 12003 FE 116 Sia So a4 Hic Wie Sit BE SRA BS Rive os FE Bote 너야기 Wk 11 Sithtly BRS HAR < Writ BE 26 12&옥6/1<는 RS 1016 Hee FSS wad BREF mn | KY Dp fA Mbdemht Gt Shale Mee A 00100 (Baio) @Qe Ri we Be 715 2! ie PE + oe 4 FA Ricks BB SRS res RSS sic Re ERE BE WRF He FREES — Le 08 주 | Wie KixBSieis hs HSS |66공무논 ZO v2 BS RIFE lok 6 Rie bias L {) q of Vv if @ lI! ㅁ | ill ¢ Frenne Bir 5 4 4 7) 28 ioe BE Se AW 6 64 We < ‘ A, RE Giyive Vee sishyialy ㅣ a 그 <0 mR 뜨 =< «er m0 [미비 | Fen beRWoaws anos 2 tis tosis 1779 Hed SY Nie We 에 S 세 14: Sik 1016 SRB RBS Hh BURGE frat = ne tO 3 176 38 10 = © hier 120 BA ez MASS 199 더 = 2 2 wen Bee Ry wa 대 H 1 10D Pieters 네네 Ty ¥ 5 Ran 구그 a 은 l= a ese 오하 ait 11 mre 4 is (Bb SALE < Ric is A? SG + Bi bes = OF 는지/곤 he 178 vials 4 ~ EG} Dirks — CGN #2 RARE HSS CARE Moe 8 56 22 BA Bait ASE 제 PRS BBR SSichie 2000 Sch See @ "" a fee 16 Bio BH 1010록곡 16는 ㆍ 내 때 력 omer ve F a 7 ~ = Wh ee Saree ee ane bed 18 SARs Mr 긍쥬르 10916 1<논주10 EN [0 III 2 02 oD Pe 될 OE TR Wide 8 호 10 nO ASA = 4 AY os a if Ga 10018 ROS 5 Ryle tS Zps T tolvis Sie v< = (8 Sic foe Ree HES halve 2 ey 1 ' Ke ue % : atid WT RRs 목 [22317 BE-telcay < + Rit GS ABS See totes ite lo eB Rie RAs SS 녹은 Rikeid RG ie leieivees josie Rivicds 5 Alle bi Hie ¢ the 들. 31314 BEES ㅇ 16315 4 i $c Rely S55 Whos joker wit 세 FICOY Mile BElc 10262 temtler-ia Bi Wh SkikSBike [6201 FSR TR SS L = ff q of Vv if @ 때 0 0 6535 6 @ @ ly BR BOS BAe ess + SACS SR RARE RA 5 By BSR RSE 빠는 Mee AirG+ Ra ene whee |S as Se Ua cRalce * RAS BOS 10501 시 Han Ble fafa Bis aici O9e 무는 FHA 4 Si Dh unas kiy SAR 16865 5 RRB 16317 BICLISE+ Tea 4 (RRR DHEWRRES - 16075 Seimei SS ihe ES Re Rick +2 AK RR Bs 1 lv RE Brak < 6 68 APPA ty 08 Fe 2H 튀/ < . ot Risin GF 1 RE bib BAR BRR eit WMS BSE Shah 12168 Als BRE Bivicia 6 18f2 Bis 098 우는 Z 2 o> ee 6 a 후 C) 비비 Aa Em @ 64 +) Ec lelnivk SCik Fes Riven ¢ is 2 al By exis ES Spy a: Bee oo Bis 두 Shits SEF [6'0ㅇ화6@는, 19 버버 On) ill ! = 0 = ew Racy 65 ¢ eles Rezne~Si08 > 1210 123 ie 10 0'0 Bice 0 } Ale RNR bere Lt | 2 5 > ee 6 a 후 C) 1) al oo 555 60 @ wu",국방개혁_2.0.txt,1
