order_id,order_time,platform,amount,status
O100000,2026/01/05 06:00 AM,네이버페이,"-₩33,000(환불)",refund
O100001,2026-01-19 03:00:00+09:00,쿠팡,"₩12,900",paid
O100002,2026-01-12 06:00:00+09:00,기타,"-₩12,900",cancel
O100003,2026-01-05 10:00:00+09:00,쿠팡,"₩45,000",paid
O100004,2026-01-03 23:00:00+09:00,쿠팡,"-₩12,900(환불)",refund
O100005,2026-01-30 04:00:00+09:00,Npay,"₩12,900",paid
O100006,,Npay,"₩12,900",paid
O100007,2026/01/26 02:00 PM,coupang,"₩8,900",paid
O100008,2026-01-06 01:00:00+09:00,쿠팡,33000원,paid
O100009,2026-01-20 10:00:00+09:00,네이버페이,"₩8,900",paid
O100010,2026/01/09 10:00 PM,Npay,33000원,paid
O100011,2026-01-14 18:00:00+09:00,쿠팡,"₩8,900",paid
O100012,2026-01-20 02:00:00+09:00,쿠팡,"₩33,000",paid
O100013,2026-01-04 15:00:00+09:00,네이버페이,12900원,paid
O100014,2026-01-16 12:00:00+09:00,Npay,45000원,paid
O100015,2026-01-05 03:00:00+09:00,coupang,"₩12,900",paid
O100016,2026-01-28 15:00:00+09:00,coupang,"₩45,000",paid
O100017,2026-01-06 10:00:00+09:00,쿠팡,"₩45,000",paid
O100018,2026-01-28 13:00:00+09:00,coupang,"₩19,800",paid
O100019,2026/01/13 08:00 PM,네이버페이,"₩45,000",paid
O100020,2026-01-15 07:00:00+09:00,쿠팡,"₩8,900",paid
O100021,2026/01/21 11:00 AM,coupang,12900원,paid
O100022,2026-01-18 05:00:00+09:00,Npay,"-₩19,800",cancel
O100023,2026/01/17 01:00 AM,기타,33000원,paid
O100024,2026-01-08 23:00:00+09:00,네이버페이,33000원,paid
O100025,,네이버페이,"₩8,900",paid
O100026,2026-01-07 16:00:00+09:00,coupang,"₩8,900",paid
O100027,2026-01-20 03:00:00+09:00,coupang,12900원,paid
O100028,2026/01/14 01:00 AM,쿠팡,"₩8,900",paid
O100029,2026-01-01 21:00:00+09:00,네이버페이,8900원,paid
O100030,2026-01-11 12:00:00+09:00,coupang,"₩33,000",paid
O100031,2026/01/24 08:00 AM,네이버페이,45000원,paid
O100032,2026-01-20 18:00:00+09:00,쿠팡,12900원,paid
O100033,,Npay,33000원,paid
O100034,2026-01-22 06:00:00+09:00,Npay,33000원,paid
O100035,2026/01/29 09:00 AM,네이버페이,"₩12,900",paid
O100036,2026-01-20 19:00:00+09:00,네이버페이,12900원,paid
O100037,2026-01-30 03:00:00+09:00,coupang,33000원,paid
O100038,2026-01-08 21:00:00+09:00,네이버페이,"₩19,800",paid
O100039,2026-01-29 14:00:00+09:00,Npay,19800원,paid
O100040,2026/01/24 10:00 AM,쿠팡,12900원,paid
O100041,2026-01-24 14:00:00+09:00,네이버페이,"₩8,900",paid
O100042,2026/01/11 03:00 AM,Npay,"₩8,900",paid
O100043,2026-01-22 00:00:00+09:00,쿠팡,8900원,paid
O100044,2026/01/06 10:00 AM,coupang,8900원,paid
O100045,2026-01-21 04:00:00+09:00,네이버페이,"₩45,000",paid
O100046,2026-01-27 22:00:00+09:00,네이버페이,19800원,paid
O100047,2026-01-01 20:00:00+09:00,coupang,"₩8,900",paid
O100048,2026-01-07 22:00:00+09:00,쿠팡,19800원,paid
O100049,2026-01-12 09:00:00+09:00,쿠팡,"₩33,000",paid
O100050,2026-01-17 03:00:00+09:00,Npay,8900원,paid
O100051,2026/01/26 12:00 AM,coupang,"-₩45,000(환불)",refund
O100052,2026/01/14 03:00 AM,쿠팡,12900원,paid
O100053,2026-01-01 13:00:00+09:00,Npay,8900원,paid
O100054,2026-01-11 01:00:00+09:00,Npay,45000원,paid
O100055,2026-01-15 09:00:00+09:00,Npay,"₩12,900",paid
O100056,,Npay,"₩8,900",paid
O100057,2026-01-15 03:00:00+09:00,Npay,12900원,paid
O100058,2026-01-04 19:00:00+09:00,기타,12900원,paid
O100059,,쿠팡,19800원,paid
O100060,2026/01/19 10:00 PM,네이버페이,45000원,paid
O100061,2026-01-18 19:00:00+09:00,coupang,"₩12,900",paid
O100062,2026-01-22 04:00:00+09:00,Npay,"₩19,800",paid
O100063,2026/01/02 10:00 AM,쿠팡,"₩12,900",paid
O100064,2026-01-09 13:00:00+09:00,Npay,45000원,paid
O100065,2026/01/04 08:00 AM,네이버페이,"₩8,900",paid
O100066,2026-01-24 09:00:00+09:00,coupang,33000원,paid
O100067,2026-01-17 03:00:00+09:00,네이버페이,"₩8,900",paid
O100068,2026-01-01 01:00:00+09:00,쿠팡,"₩33,000",paid
O100069,2026/01/17 05:00 AM,Npay,"-₩33,000(환불)",refund
O100070,2026-01-24 13:00:00+09:00,네이버페이,12900원,paid
O100071,2026-01-05 09:00:00+09:00,쿠팡,19800원,paid
O100072,2026-01-20 20:00:00+09:00,기타,"₩33,000",paid
O100073,,네이버페이,45000원,paid
O100074,,coupang,19800원,paid
O100075,2026-01-24 03:00:00+09:00,Npay,45000원,paid
O100076,2026/01/07 05:00 PM,네이버페이,"₩19,800",paid
O100077,2026/01/09 09:00 AM,네이버페이,12900원,paid
O100078,2026/01/12 05:00 AM,Npay,19800원,paid
O100079,2026-01-12 06:00:00+09:00,쿠팡,"₩8,900",paid
O100080,2026/01/19 11:00 PM,네이버페이,"-₩33,000(환불)",refund
O100081,2026-01-20 05:00:00+09:00,coupang,45000원,paid
O100082,2026-01-11 11:00:00+09:00,기타,33000원,paid
O100083,2026-01-30 05:00:00+09:00,네이버페이,"₩12,900",paid
O100084,2026-01-13 07:00:00+09:00,네이버페이,45000원,paid
O100085,2026/01/30 11:00 PM,Npay,"₩8,900",paid
O100086,2026/01/15 01:00 AM,Npay,"₩19,800",paid
O100087,2026-01-03 04:00:00+09:00,쿠팡,"-₩45,000",cancel
O100088,2026-01-10 00:00:00+09:00,쿠팡,45000원,paid
O100089,2026/01/08 07:00 PM,coupang,"₩45,000",paid
O100090,2026-01-16 19:00:00+09:00,네이버페이,"-₩19,800(환불)",refund
O100091,2026-01-21 12:00:00+09:00,쿠팡,12900원,paid
O100092,2026-01-02 16:00:00+09:00,네이버페이,"₩19,800",paid
O100093,2026-01-07 12:00:00+09:00,네이버페이,"₩33,000",paid
O100094,2026/01/01 02:00 PM,Npay,8900원,paid
O100095,2026/01/03 04:00 PM,네이버페이,19800원,paid
O100096,2026/01/22 04:00 PM,coupang,12900원,paid
O100097,2026-01-15 07:00:00+09:00,Npay,12900원,paid
O100098,2026-01-06 08:00:00+09:00,coupang,"-₩19,800(환불)",refund
O100099,2026/01/27 11:00 PM,Npay,"₩33,000",paid
O100100,2026-01-20 15:00:00+09:00,Npay,"₩45,000",paid
O100101,2026/01/03 02:00 PM,네이버페이,"₩45,000",paid
O100102,2026/01/06 06:00 PM,쿠팡,"₩45,000",paid
O100103,2026-01-21 18:00:00+09:00,기타,19800원,paid
O100104,2026/01/25 04:00 PM,Npay,"₩19,800",paid
O100105,,coupang,45000원,paid
O100106,2026-01-29 02:00:00+09:00,네이버페이,"₩45,000",paid
O100107,2026-01-18 10:00:00+09:00,네이버페이,45000원,paid
O100108,2026/01/13 12:00 AM,네이버페이,"₩19,800",paid
O100109,2026/01/16 06:00 PM,쿠팡,12900원,paid
O100110,2026-01-21 09:00:00+09:00,Npay,33000원,paid
O100111,2026/01/10 02:00 PM,쿠팡,"₩45,000",paid
O100112,2026/01/02 04:00 PM,쿠팡,"₩33,000",paid
O100113,2026/01/02 03:00 AM,쿠팡,"₩33,000",paid
O100114,2026/01/06 02:00 PM,coupang,"₩19,800",paid
O100115,2026-01-09 08:00:00+09:00,coupang,45000원,paid
O100116,2026/01/02 08:00 AM,쿠팡,"-₩12,900(환불)",refund
O100117,2026-01-02 23:00:00+09:00,Npay,"₩12,900",paid
O100118,2026-01-21 22:00:00+09:00,Npay,"₩12,900",paid
O100119,2026-01-17 22:00:00+09:00,쿠팡,33000원,paid
O100120,2026-01-24 21:00:00+09:00,Npay,"₩45,000",paid
O100121,2026-01-05 02:00:00+09:00,Npay,"₩12,900",paid
O100122,2026-01-29 11:00:00+09:00,네이버페이,"₩19,800",paid
O100123,,Npay,"-₩45,000(환불)",refund
O100124,2026-01-26 12:00:00+09:00,네이버페이,12900원,paid
O100125,2026-01-20 05:00:00+09:00,기타,"₩33,000",paid
O100126,2026/01/27 06:00 PM,쿠팡,12900원,paid
O100127,2026-01-01 04:00:00+09:00,쿠팡,33000원,paid
O100128,2026-01-10 01:00:00+09:00,Npay,12900원,paid
O100129,2026-01-21 22:00:00+09:00,네이버페이,"₩8,900",paid
O100130,2026-01-17 13:00:00+09:00,Npay,"₩8,900",paid
O100131,,Npay,8900원,paid
O100132,2026-01-09 14:00:00+09:00,Npay,"-₩12,900(환불)",refund
O100133,2026-01-01 14:00:00+09:00,Npay,"₩12,900",paid
O100134,2026-01-24 01:00:00+09:00,기타,"-₩8,900(환불)",refund
O100135,2026-01-20 04:00:00+09:00,쿠팡,"-₩19,800(환불)",refund
O100136,2026/01/29 06:00 PM,쿠팡,"₩19,800",paid
O100137,2026-01-24 22:00:00+09:00,Npay,"₩45,000",paid
O100138,2026-01-11 00:00:00+09:00,쿠팡,"₩12,900",paid
O100139,2026-01-24 11:00:00+09:00,coupang,33000원,paid
O100140,2026-01-04 23:00:00+09:00,네이버페이,"₩19,800",paid
O100141,2026-01-21 04:00:00+09:00,쿠팡,19800원,paid
O100142,2026/01/17 10:00 PM,Npay,"-₩45,000",cancel
O100143,2026-01-10 14:00:00+09:00,기타,"₩33,000",paid
O100144,2026/01/28 06:00 AM,네이버페이,"₩33,000",paid
O100145,2026/01/08 02:00 AM,coupang,"₩19,800",paid
O100146,2026-01-23 12:00:00+09:00,coupang,45000원,paid
O100147,2026-01-02 11:00:00+09:00,Npay,8900원,paid
O100148,2026-01-22 20:00:00+09:00,네이버페이,8900원,paid
O100149,2026-01-07 15:00:00+09:00,쿠팡,"-₩19,800(환불)",refund
O100150,2026/01/30 02:00 AM,네이버페이,45000원,paid
O100151,2026-01-11 02:00:00+09:00,기타,"₩8,900",paid
O100152,2026-01-04 13:00:00+09:00,기타,"-₩12,900(환불)",refund
O100153,2026-01-25 01:00:00+09:00,네이버페이,33000원,paid
O100154,2026/01/29 09:00 AM,Npay,33000원,paid
O100155,2026/01/24 04:00 AM,coupang,"₩12,900",paid
O100156,2026-01-24 21:00:00+09:00,기타,12900원,paid
O100157,2026-01-27 21:00:00+09:00,coupang,"₩12,900",paid
O100158,2026-01-02 03:00:00+09:00,네이버페이,"-₩33,000",cancel
O100159,2026-01-26 19:00:00+09:00,쿠팡,"-₩45,000(환불)",refund
O100160,2026-01-24 03:00:00+09:00,coupang,"₩12,900",paid
O100161,2026-01-15 03:00:00+09:00,네이버페이,"-₩19,800(환불)",refund
O100162,2026-01-14 18:00:00+09:00,Npay,"₩8,900",paid
O100163,2026-01-27 15:00:00+09:00,Npay,12900원,paid
O100164,2026-01-22 01:00:00+09:00,Npay,"₩45,000",paid
O100165,,Npay,"₩19,800",paid
O100166,2026-01-20 16:00:00+09:00,Npay,"₩33,000",paid
O100167,2026-01-10 14:00:00+09:00,네이버페이,12900원,paid
O100168,2026-01-08 21:00:00+09:00,coupang,"₩33,000",paid
O100169,2026-01-10 08:00:00+09:00,쿠팡,"₩12,900",paid
O100170,2026-01-17 00:00:00+09:00,Npay,"₩33,000",paid
O100171,2026-01-16 16:00:00+09:00,coupang,19800원,paid
O100172,2026-01-12 18:00:00+09:00,Npay,"₩19,800",paid
O100173,2026-01-27 08:00:00+09:00,Npay,12900원,paid
O100174,2026-01-27 03:00:00+09:00,Npay,"₩12,900",paid
O100175,2026-01-11 18:00:00+09:00,coupang,"₩33,000",paid
O100176,2026-01-15 22:00:00+09:00,쿠팡,8900원,paid
O100177,2026/01/30 01:00 PM,쿠팡,12900원,paid
O100178,2026-01-19 23:00:00+09:00,Npay,"₩33,000",paid
O100179,2026-01-18 02:00:00+09:00,네이버페이,"₩12,900",paid
O100180,2026-01-28 00:00:00+09:00,coupang,"₩33,000",paid
O100181,2026-01-14 05:00:00+09:00,네이버페이,8900원,paid
O100182,2026-01-29 04:00:00+09:00,네이버페이,"₩19,800",paid
O100183,2026-01-10 08:00:00+09:00,네이버페이,"-₩19,800(환불)",refund
O100184,2026-01-10 17:00:00+09:00,Npay,33000원,paid
O100185,2026/01/29 11:00 AM,coupang,"₩12,900",paid
O100186,2026-01-28 15:00:00+09:00,네이버페이,"₩8,900",paid
O100187,2026-01-16 13:00:00+09:00,쿠팡,"-₩45,000(환불)",refund
O100188,2026-01-28 23:00:00+09:00,기타,"₩19,800",paid
O100189,2026/01/26 07:00 AM,Npay,45000원,paid
O100190,2026/01/20 03:00 PM,coupang,12900원,paid
O100191,2026/01/10 04:00 PM,네이버페이,"₩8,900",paid
O100192,2026/01/29 07:00 PM,coupang,"₩19,800",paid
O100193,2026-01-05 16:00:00+09:00,네이버페이,8900원,paid
O100194,2026-01-21 16:00:00+09:00,coupang,"₩45,000",paid
O100195,2026-01-19 09:00:00+09:00,기타,"₩33,000",paid
O100196,2026-01-24 11:00:00+09:00,Npay,12900원,paid
O100197,2026/01/12 03:00 AM,네이버페이,8900원,paid
O100198,2026-01-22 05:00:00+09:00,coupang,"₩8,900",paid
O100199,2026-01-17 01:00:00+09:00,네이버페이,"₩12,900",paid
O100200,2026-01-17 02:00:00+09:00,coupang,19800원,paid
O100201,2026-01-05 16:00:00+09:00,네이버페이,12900원,paid
O100202,2026/01/26 12:00 PM,쿠팡,"₩8,900",paid
O100203,2026-01-27 00:00:00+09:00,Npay,"₩33,000",paid
O100204,2026-01-04 08:00:00+09:00,쿠팡,33000원,paid
O100205,2026-01-30 02:00:00+09:00,쿠팡,19800원,paid
O100206,2026-01-05 16:00:00+09:00,coupang,45000원,paid
O100207,2026/01/01 01:00 AM,기타,"₩12,900",paid
O100208,2026-01-27 17:00:00+09:00,네이버페이,"₩12,900",paid
O100209,2026-01-10 03:00:00+09:00,coupang,12900원,paid
O100210,2026-01-24 13:00:00+09:00,네이버페이,33000원,paid
O100211,,Npay,"₩19,800",paid
O100212,2026-01-17 00:00:00+09:00,쿠팡,"₩8,900",paid
O100213,2026/01/17 06:00 PM,네이버페이,19800원,paid
O100214,2026-01-27 13:00:00+09:00,Npay,"₩19,800",paid
O100215,2026-01-06 09:00:00+09:00,coupang,"₩33,000",paid
O100216,2026-01-03 04:00:00+09:00,기타,"₩12,900",paid
O100217,,기타,"₩45,000",paid
O100218,2026-01-28 23:00:00+09:00,쿠팡,"₩19,800",paid
O100219,,쿠팡,"₩19,800",paid
O100220,2026-01-18 07:00:00+09:00,coupang,8900원,paid
O100221,2026-01-11 06:00:00+09:00,기타,"₩19,800",paid
O100222,2026-01-19 06:00:00+09:00,네이버페이,19800원,paid
O100223,2026-01-09 10:00:00+09:00,coupang,"₩33,000",paid
O100224,2026/01/08 03:00 PM,coupang,45000원,paid
O100225,2026-01-06 02:00:00+09:00,네이버페이,"₩12,900",paid
O100226,2026-01-17 16:00:00+09:00,Npay,"₩8,900",paid
O100227,2026-01-13 05:00:00+09:00,네이버페이,"-₩8,900(환불)",refund
O100228,2026-01-12 15:00:00+09:00,네이버페이,19800원,paid
O100229,2026/01/26 09:00 AM,Npay,"₩19,800",paid
O100230,2026-01-09 05:00:00+09:00,네이버페이,"₩33,000",paid
O100231,2026/01/22 06:00 AM,Npay,"₩33,000",paid
O100232,2026-01-06 23:00:00+09:00,coupang,12900원,paid
O100233,2026-01-26 08:00:00+09:00,네이버페이,"-₩19,800(환불)",refund
O100234,,coupang,12900원,paid
O100235,2026-01-06 03:00:00+09:00,Npay,12900원,paid
O100236,2026-01-08 18:00:00+09:00,coupang,19800원,paid
O100237,2026/01/14 01:00 PM,Npay,33000원,paid
O100238,2026-01-20 07:00:00+09:00,쿠팡,"-₩12,900(환불)",refund
O100239,2026-01-15 12:00:00+09:00,네이버페이,"-₩12,900(환불)",refund
O100240,2026-01-28 11:00:00+09:00,네이버페이,"-₩12,900(환불)",refund
O100241,2026-01-17 18:00:00+09:00,네이버페이,45000원,paid
O100242,2026-01-15 09:00:00+09:00,쿠팡,"₩19,800",paid
O100243,2026-01-22 06:00:00+09:00,기타,"₩8,900",paid
O100244,2026/01/07 02:00 AM,쿠팡,12900원,paid
O100245,,coupang,"₩8,900",paid
O100246,2026-01-30 14:00:00+09:00,coupang,45000원,paid
O100247,2026-01-21 08:00:00+09:00,쿠팡,"₩19,800",paid
O100248,2026/01/27 03:00 PM,네이버페이,33000원,paid
O100249,2026-01-23 22:00:00+09:00,coupang,"₩19,800",paid
O100249,2026-01-15 01:00:00+09:00,네이버페이,"₩19,800",paid
O100251,2026-01-27 16:00:00+09:00,네이버페이,33000원,paid
O100252,2026-01-20 16:00:00+09:00,coupang,"₩12,900",paid
O100253,2026-01-07 06:00:00+09:00,네이버페이,"₩12,900",paid
O100254,2026-01-18 06:00:00+09:00,coupang,33000원,paid
O100255,2026-01-13 09:00:00+09:00,coupang,"₩19,800",paid
O100256,2026-01-26 10:00:00+09:00,Npay,19800원,paid
O100257,2026-01-11 22:00:00+09:00,네이버페이,"₩33,000",paid
O100258,2026-01-06 23:00:00+09:00,Npay,"₩33,000",paid
O100259,2026-01-15 09:00:00+09:00,네이버페이,8900원,paid
O100260,2026-01-26 23:00:00+09:00,네이버페이,"₩8,900",paid
O100261,2026/01/24 07:00 PM,Npay,19800원,paid
O100262,2026-01-01 01:00:00+09:00,Npay,33000원,paid
O100263,2026-01-13 15:00:00+09:00,Npay,"₩19,800",paid
O100264,2026/01/11 01:00 PM,coupang,"₩19,800",paid
O100265,2026-01-28 03:00:00+09:00,Npay,"₩8,900",paid
O100266,2026/01/19 08:00 PM,쿠팡,"₩45,000",paid
O100267,2026-01-02 12:00:00+09:00,쿠팡,33000원,paid
O100268,2026-01-07 15:00:00+09:00,쿠팡,"₩8,900",paid
O100269,,네이버페이,"₩33,000",paid
O100270,2026-01-10 16:00:00+09:00,Npay,"₩19,800",paid
O100271,2026/01/05 02:00 AM,네이버페이,"₩8,900",paid
O100272,2026-01-28 10:00:00+09:00,coupang,45000원,paid
O100273,2026-01-09 15:00:00+09:00,쿠팡,"₩12,900",paid
O100274,2026-01-06 10:00:00+09:00,쿠팡,19800원,paid
O100275,2026-01-17 19:00:00+09:00,Npay,12900원,paid
O100276,2026/01/07 07:00 AM,네이버페이,8900원,paid
O100277,2026/01/03 05:00 AM,네이버페이,12900원,paid
O100278,2026-01-05 23:00:00+09:00,coupang,33000원,paid
O100279,2026-01-29 00:00:00+09:00,coupang,33000원,paid
O100280,2026-01-27 03:00:00+09:00,네이버페이,"₩8,900",paid
O100281,2026-01-25 10:00:00+09:00,기타,"₩33,000",paid
O100282,2026-01-27 00:00:00+09:00,기타,45000원,paid
O100283,2026-01-18 11:00:00+09:00,기타,19800원,paid
O100284,2026-01-18 13:00:00+09:00,쿠팡,12900원,paid
O100285,2026-01-05 07:00:00+09:00,coupang,"₩8,900",paid
O100286,2026-01-11 13:00:00+09:00,네이버페이,"₩8,900",paid
O100287,2026/01/10 10:00 AM,쿠팡,19800원,paid
O100288,2026/01/05 03:00 PM,쿠팡,12900원,paid
O100289,2026/01/22 05:00 AM,네이버페이,12900원,paid
O100290,2026-01-20 16:00:00+09:00,네이버페이,"₩12,900",paid
O100291,,네이버페이,19800원,paid
O100292,2026-01-07 08:00:00+09:00,Npay,45000원,paid
O100293,,쿠팡,19800원,paid
O100294,2026-01-30 09:00:00+09:00,네이버페이,12900원,paid
O100295,2026/01/07 06:00 PM,coupang,"₩8,900",paid
O100296,2026-01-30 23:00:00+09:00,coupang,45000원,paid
O100297,2026-01-29 08:00:00+09:00,쿠팡,"₩12,900",paid
O100298,,네이버페이,8900원,paid
O100299,2026-01-25 03:00:00+09:00,Npay,"₩8,900",paid
O100300,2026-01-17 13:00:00+09:00,네이버페이,"-₩8,900(환불)",refund
O100301,2026-01-12 12:00:00+09:00,coupang,19800원,paid
O100302,2026/01/21 11:00 PM,네이버페이,"₩45,000",paid
O100303,2026-01-17 07:00:00+09:00,coupang,"₩45,000",paid
O100304,2026-01-06 14:00:00+09:00,coupang,45000원,paid
O100305,2026-01-09 02:00:00+09:00,coupang,45000원,paid
O100306,2026-01-17 16:00:00+09:00,기타,"₩19,800",paid
O100307,2026-01-27 15:00:00+09:00,쿠팡,"₩45,000",paid
O100308,2026-01-02 08:00:00+09:00,네이버페이,45000원,paid
O100309,2026/01/29 03:00 PM,쿠팡,"₩19,800",paid
O100310,2026/01/20 03:00 AM,쿠팡,8900원,paid
O100311,2026-01-20 13:00:00+09:00,쿠팡,"₩33,000",paid
O100312,2026-01-16 14:00:00+09:00,네이버페이,33000원,paid
O100313,2026-01-01 21:00:00+09:00,네이버페이,"-₩8,900",cancel
O100314,2026-01-28 21:00:00+09:00,네이버페이,45000원,paid
O100315,2026/01/02 01:00 PM,네이버페이,12900원,paid
O100316,2026-01-10 13:00:00+09:00,coupang,33000원,paid
O100317,2026/01/16 04:00 AM,쿠팡,"-₩8,900(환불)",refund
O100318,2026-01-24 10:00:00+09:00,Npay,"₩33,000",paid
O100319,2026-01-19 05:00:00+09:00,coupang,"₩8,900",paid
O100320,2026-01-12 18:00:00+09:00,네이버페이,"₩8,900",paid
O100321,2026-01-02 02:00:00+09:00,coupang,45000원,paid
O100322,2026-01-10 09:00:00+09:00,쿠팡,"₩33,000",paid
O100323,2026/01/12 12:00 PM,Npay,"₩12,900",paid
O100324,2026-01-26 08:00:00+09:00,쿠팡,8900원,paid
O100325,2026-01-12 19:00:00+09:00,쿠팡,"₩19,800",paid
O100326,2026/01/21 12:00 AM,쿠팡,45000원,paid
O100327,2026/01/19 08:00 PM,네이버페이,"₩33,000",paid
O100328,2026/01/28 10:00 AM,Npay,45000원,paid
O100329,2026-01-22 11:00:00+09:00,네이버페이,"-₩12,900",cancel
O100330,2026-01-23 18:00:00+09:00,쿠팡,8900원,paid
O100331,2026-01-08 23:00:00+09:00,쿠팡,"₩33,000",paid
O100332,2026-01-03 00:00:00+09:00,coupang,"₩33,000",paid
O100333,2026-01-22 07:00:00+09:00,기타,19800원,paid
O100334,2026-01-01 16:00:00+09:00,Npay,"₩33,000",paid
O100335,2026-01-08 03:00:00+09:00,네이버페이,45000원,paid
O100336,2026/01/10 03:00 AM,쿠팡,45000원,paid
O100337,2026-01-07 13:00:00+09:00,쿠팡,45000원,paid
O100338,2026-01-20 20:00:00+09:00,coupang,"₩19,800",paid
O100339,2026/01/02 09:00 PM,네이버페이,8900원,paid
O100340,2026-01-16 12:00:00+09:00,Npay,45000원,paid
O100341,2026-01-22 13:00:00+09:00,쿠팡,"₩12,900",paid
O100342,2026-01-05 02:00:00+09:00,coupang,"-₩19,800",cancel
O100343,2026-01-02 12:00:00+09:00,네이버페이,33000원,paid
O100344,2026/01/12 03:00 PM,Npay,19800원,paid
O100345,2026-01-15 12:00:00+09:00,네이버페이,8900원,paid
O100346,,네이버페이,33000원,paid
O100347,2026-01-13 13:00:00+09:00,Npay,45000원,paid
O100348,2026-01-08 12:00:00+09:00,Npay,45000원,paid
O100349,2026-01-26 06:00:00+09:00,네이버페이,"₩8,900",paid
O100350,2026-01-05 02:00:00+09:00,coupang,8900원,paid
O100351,2026-01-30 03:00:00+09:00,Npay,"-₩45,000(환불)",refund
O100352,2026/01/05 07:00 PM,coupang,"-₩45,000",cancel
O100353,2026-01-08 22:00:00+09:00,네이버페이,12900원,paid
O100354,2026-01-11 12:00:00+09:00,Npay,"-₩8,900(환불)",refund
O100355,,Npay,"₩33,000",paid
O100356,2026-01-11 15:00:00+09:00,기타,45000원,paid
O100357,2026-01-14 10:00:00+09:00,네이버페이,"₩8,900",paid
O100358,2026-01-06 07:00:00+09:00,Npay,12900원,paid
O100359,2026-01-01 17:00:00+09:00,coupang,"₩45,000",paid
O100360,2026/01/24 01:00 PM,네이버페이,19800원,paid
O100361,2026/01/24 05:00 PM,Npay,"₩19,800",paid
O100362,2026/01/14 10:00 AM,네이버페이,"₩45,000",paid
O100363,,Npay,8900원,paid
O100364,2026-01-27 01:00:00+09:00,coupang,19800원,paid
O100365,2026-01-12 23:00:00+09:00,기타,8900원,paid
O100366,2026-01-28 14:00:00+09:00,쿠팡,"₩8,900",paid
O100367,2026-01-27 14:00:00+09:00,쿠팡,45000원,paid
O100368,2026-01-07 10:00:00+09:00,쿠팡,12900원,paid
O100369,2026-01-21 09:00:00+09:00,Npay,"₩19,800",paid
O100370,2026-01-17 01:00:00+09:00,네이버페이,"₩19,800",paid
O100371,2026-01-05 07:00:00+09:00,쿠팡,33000원,paid
O100372,2026-01-17 08:00:00+09:00,네이버페이,"₩12,900",paid
O100373,2026/01/11 05:00 AM,coupang,"₩8,900",paid
O100374,2026-01-08 07:00:00+09:00,쿠팡,8900원,paid
O100375,2026-01-02 14:00:00+09:00,coupang,8900원,paid
O100376,,coupang,"₩45,000",paid
O100377,,Npay,"₩8,900",paid
O100378,2026-01-23 09:00:00+09:00,네이버페이,"₩33,000",paid
O100379,2026/01/17 11:00 PM,기타,"-₩8,900(환불)",refund
O100380,2026-01-22 20:00:00+09:00,coupang,"₩12,900",paid
O100381,2026-01-22 01:00:00+09:00,Npay,"₩45,000",paid
O100382,2026/01/02 11:00 AM,쿠팡,12900원,paid
O100383,2026-01-29 12:00:00+09:00,쿠팡,"₩12,900",paid
O100384,,Npay,12900원,paid
O100385,2026-01-14 08:00:00+09:00,쿠팡,"₩8,900",paid
O100386,2026-01-22 07:00:00+09:00,쿠팡,"₩45,000",paid
O100387,2026/01/17 03:00 PM,네이버페이,"-₩8,900(환불)",refund
O100388,2026-01-28 05:00:00+09:00,Npay,19800원,paid
O100389,2026-01-20 14:00:00+09:00,coupang,"₩8,900",paid
O100390,2026/01/06 10:00 PM,Npay,12900원,paid
O100391,2026-01-04 19:00:00+09:00,네이버페이,"₩8,900",paid
O100392,2026-01-15 17:00:00+09:00,네이버페이,45000원,paid
O100393,,coupang,12900원,paid
O100394,2026-01-28 16:00:00+09:00,coupang,"-₩8,900(환불)",refund
O100395,2026/01/30 01:00 AM,coupang,12900원,paid
O100396,2026-01-24 22:00:00+09:00,Npay,"-₩8,900(환불)",refund
O100397,2026-01-08 21:00:00+09:00,coupang,"₩8,900",paid
O100398,2026-01-06 04:00:00+09:00,쿠팡,"₩12,900",paid
O100399,2026-01-07 05:00:00+09:00,coupang,"₩12,900",paid
O100400,2026-01-14 01:00:00+09:00,coupang,"-₩12,900(환불)",refund
O100401,2026/01/24 05:00 PM,기타,45000원,paid
O100402,2026-01-15 05:00:00+09:00,기타,19800원,paid
O100403,2026-01-13 16:00:00+09:00,쿠팡,8900원,paid
O100404,2026-01-29 19:00:00+09:00,쿠팡,19800원,paid
O100405,2026/01/29 09:00 AM,쿠팡,"₩33,000",paid
O100406,2026-01-03 05:00:00+09:00,coupang,8900원,paid
O100407,2026-01-19 11:00:00+09:00,coupang,"₩19,800",paid
O100408,,coupang,"₩8,900",paid
O100409,2026-01-11 23:00:00+09:00,Npay,12900원,paid
O100410,2026/01/03 04:00 AM,coupang,"-₩33,000(환불)",refund
O100411,2026-01-24 19:00:00+09:00,coupang,19800원,paid
O100412,2026-01-26 19:00:00+09:00,네이버페이,33000원,paid
O100413,2026-01-01 04:00:00+09:00,Npay,12900원,paid
O100414,2026-01-05 06:00:00+09:00,Npay,"₩33,000",paid
O100415,2026-01-09 03:00:00+09:00,네이버페이,"₩8,900",paid
O100416,2026/01/15 01:00 PM,Npay,"₩45,000",paid
O100417,2026-01-02 22:00:00+09:00,네이버페이,19800원,paid
O100418,2026-01-28 07:00:00+09:00,Npay,"₩19,800",paid
O100419,2026-01-12 04:00:00+09:00,coupang,"₩12,900",paid
O100420,,기타,12900원,paid
O100421,2026-01-27 11:00:00+09:00,기타,"₩12,900",paid
O100422,,Npay,"₩12,900",paid
O100423,2026-01-28 21:00:00+09:00,쿠팡,8900원,paid
O100424,2026-01-28 10:00:00+09:00,Npay,"₩12,900",paid
O100425,2026-01-28 08:00:00+09:00,coupang,"₩19,800",paid
O100426,2026-01-05 23:00:00+09:00,coupang,"₩45,000",paid
O100427,2026-01-26 03:00:00+09:00,쿠팡,"₩33,000",paid
O100428,2026-01-03 09:00:00+09:00,Npay,19800원,paid
O100429,2026-01-15 09:00:00+09:00,네이버페이,33000원,paid
O100430,2026-01-20 17:00:00+09:00,Npay,19800원,paid
O100431,2026-01-05 20:00:00+09:00,Npay,"₩8,900",paid
O100432,2026-01-06 06:00:00+09:00,네이버페이,12900원,paid
O100433,2026/01/17 08:00 AM,쿠팡,"₩19,800",paid
O100434,2026-01-27 16:00:00+09:00,네이버페이,33000원,paid
O100435,2026-01-03 09:00:00+09:00,쿠팡,"₩12,900",paid
O100436,2026-01-27 09:00:00+09:00,쿠팡,"₩12,900",paid
O100437,2026-01-22 08:00:00+09:00,네이버페이,"-₩45,000(환불)",refund
O100438,2026-01-04 23:00:00+09:00,기타,33000원,paid
O100439,2026/01/27 01:00 PM,쿠팡,8900원,paid
O100440,2026-01-05 21:00:00+09:00,Npay,"₩12,900",paid
O100441,2026-01-24 07:00:00+09:00,네이버페이,8900원,paid
O100442,2026-01-26 00:00:00+09:00,coupang,"₩12,900",paid
O100443,2026-01-21 07:00:00+09:00,쿠팡,"₩45,000",paid
O100444,2026/01/10 08:00 PM,coupang,"₩19,800",paid
O100445,2026-01-12 07:00:00+09:00,네이버페이,"₩19,800",paid
O100446,2026/01/08 08:00 PM,Npay,"₩45,000",paid
O100447,,coupang,45000원,paid
O100448,2026-01-19 14:00:00+09:00,coupang,"-₩8,900",cancel
O100449,2026-01-25 04:00:00+09:00,coupang,"₩8,900",paid
O100450,2026-01-11 06:00:00+09:00,네이버페이,"₩45,000",paid
O100451,2026/01/04 03:00 AM,기타,45000원,paid
O100452,2026-01-07 09:00:00+09:00,쿠팡,12900원,paid
O100453,2026-01-28 07:00:00+09:00,coupang,"₩45,000",paid
O100454,,coupang,8900원,paid
O100455,2026-01-04 13:00:00+09:00,Npay,"₩33,000",paid
O100456,,Npay,33000원,paid
O100457,2026-01-12 20:00:00+09:00,coupang,19800원,paid
O100458,2026-01-10 03:00:00+09:00,쿠팡,19800원,paid
O100459,2026-01-03 20:00:00+09:00,쿠팡,19800원,paid
O100460,2026-01-02 22:00:00+09:00,쿠팡,45000원,paid
O100461,2026-01-04 21:00:00+09:00,coupang,"₩8,900",paid
O100462,2026-01-19 20:00:00+09:00,coupang,"₩45,000",paid
O100463,2026-01-09 11:00:00+09:00,쿠팡,"₩8,900",paid
O100464,2026-01-10 01:00:00+09:00,Npay,"₩19,800",paid
O100465,2026-01-20 17:00:00+09:00,Npay,33000원,paid
O100466,2026-01-18 23:00:00+09:00,Npay,"₩33,000",paid
O100467,2026/01/15 04:00 AM,coupang,"₩33,000",paid
O100468,2026-01-23 22:00:00+09:00,네이버페이,"₩45,000",paid
O100469,2026/01/26 11:00 AM,coupang,"₩33,000",paid
O100470,2026-01-13 00:00:00+09:00,쿠팡,"₩33,000",paid
O100471,,Npay,"-₩45,000",cancel
O100472,2026-01-15 20:00:00+09:00,쿠팡,"₩12,900",paid
O100473,2026-01-01 22:00:00+09:00,쿠팡,19800원,paid
O100474,,네이버페이,33000원,paid
O100475,2026-01-05 03:00:00+09:00,네이버페이,"₩19,800",paid
O100476,2026/01/08 11:00 AM,쿠팡,8900원,paid
O100477,2026-01-10 06:00:00+09:00,기타,12900원,paid
O100478,2026-01-28 10:00:00+09:00,coupang,"₩12,900",paid
O100479,2026-01-19 09:00:00+09:00,네이버페이,"₩8,900",paid
O100480,2026-01-26 07:00:00+09:00,쿠팡,"₩12,900",paid
O100481,2026/01/14 12:00 PM,기타,"-₩19,800(환불)",refund
O100482,2026-01-22 11:00:00+09:00,쿠팡,19800원,paid
O100483,2026-01-01 15:00:00+09:00,쿠팡,"₩19,800",paid
O100484,2026-01-14 23:00:00+09:00,쿠팡,19800원,paid
O100485,2026/01/11 05:00 PM,네이버페이,"₩33,000",paid
O100486,2026-01-21 16:00:00+09:00,coupang,"₩8,900",paid
O100487,2026-01-07 15:00:00+09:00,네이버페이,"₩33,000",paid
O100488,2026-01-20 18:00:00+09:00,coupang,"₩33,000",paid
O100489,2026-01-28 15:00:00+09:00,기타,"₩33,000",paid
O100490,2026/01/29 05:00 PM,coupang,"₩8,900",paid
O100491,2026-01-29 02:00:00+09:00,네이버페이,19800원,paid
O100492,2026/01/16 07:00 PM,네이버페이,33000원,paid
O100493,2026-01-23 16:00:00+09:00,네이버페이,"₩45,000",paid
O100494,2026-01-29 18:00:00+09:00,coupang,"₩8,900",paid
O100495,2026-01-18 18:00:00+09:00,네이버페이,"₩33,000",paid
O100496,2026-01-26 12:00:00+09:00,네이버페이,"₩33,000",paid
O100497,2026-01-12 03:00:00+09:00,Npay,8900원,paid
O100498,,coupang,"₩12,900",paid
O100499,2026-01-18 08:00:00+09:00,쿠팡,"₩8,900",paid
O100499,2026/01/07 11:00 PM,네이버페이,33000원,paid
O100501,2026/01/02 06:00 PM,네이버페이,33000원,paid
O100502,2026-01-24 03:00:00+09:00,네이버페이,"-₩45,000(환불)",refund
O100503,2026-01-12 20:00:00+09:00,coupang,"₩19,800",paid
O100504,2026-01-17 12:00:00+09:00,coupang,8900원,paid
O100505,2026/01/01 11:00 AM,Npay,"₩33,000",paid
O100506,,네이버페이,"₩45,000",paid
O100507,2026-01-13 13:00:00+09:00,Npay,"-₩45,000(환불)",refund
O100508,2026/01/11 12:00 PM,coupang,45000원,paid
O100509,2026-01-21 18:00:00+09:00,coupang,"-₩8,900(환불)",refund
O100510,2026-01-02 10:00:00+09:00,쿠팡,12900원,paid
O100511,2026-01-04 17:00:00+09:00,기타,8900원,paid
O100512,2026/01/26 04:00 AM,Npay,19800원,paid
O100513,2026-01-26 01:00:00+09:00,네이버페이,"₩19,800",paid
O100514,2026/01/18 09:00 AM,coupang,12900원,paid
O100515,2026-01-05 18:00:00+09:00,coupang,"₩19,800",paid
O100516,2026-01-26 16:00:00+09:00,Npay,33000원,paid
O100517,2026-01-09 03:00:00+09:00,coupang,"-₩8,900(환불)",refund
O100518,2026/01/21 08:00 PM,쿠팡,12900원,paid
O100519,2026-01-27 01:00:00+09:00,Npay,33000원,paid
O100520,2026-01-21 12:00:00+09:00,Npay,"₩8,900",paid
O100521,2026/01/04 02:00 AM,쿠팡,12900원,paid
O100522,2026/01/18 04:00 AM,coupang,"₩33,000",paid
O100523,2026/01/16 03:00 PM,Npay,"-₩19,800(환불)",refund
O100524,2026-01-18 11:00:00+09:00,쿠팡,"-₩8,900(환불)",refund
O100525,2026-01-12 12:00:00+09:00,네이버페이,"₩8,900",paid
O100526,2026-01-29 03:00:00+09:00,Npay,"₩8,900",paid
O100527,2026-01-17 09:00:00+09:00,coupang,"-₩45,000",cancel
O100528,2026/01/20 12:00 AM,coupang,"₩45,000",paid
O100529,2026-01-08 23:00:00+09:00,쿠팡,"₩8,900",paid
O100530,2026-01-29 16:00:00+09:00,쿠팡,"₩19,800",paid
O100531,2026-01-05 02:00:00+09:00,네이버페이,12900원,paid
O100532,2026-01-23 19:00:00+09:00,coupang,"₩12,900",paid
O100533,2026-01-04 23:00:00+09:00,Npay,"₩12,900",paid
O100534,2026-01-28 15:00:00+09:00,Npay,8900원,paid
O100535,2026-01-28 14:00:00+09:00,Npay,"₩19,800",paid
O100536,2026-01-08 21:00:00+09:00,네이버페이,"₩33,000",paid
O100537,2026-01-02 12:00:00+09:00,기타,8900원,paid
O100538,2026-01-16 08:00:00+09:00,coupang,"-₩33,000",cancel
O100539,2026-01-29 22:00:00+09:00,쿠팡,19800원,paid
O100540,,coupang,19800원,paid
O100541,2026-01-12 14:00:00+09:00,네이버페이,45000원,paid
O100542,2026-01-10 00:00:00+09:00,coupang,"₩45,000",paid
O100543,2026-01-12 08:00:00+09:00,네이버페이,"₩45,000",paid
O100544,2026-01-03 13:00:00+09:00,쿠팡,45000원,paid
O100545,2026-01-25 19:00:00+09:00,쿠팡,19800원,paid
O100546,2026-01-15 05:00:00+09:00,쿠팡,33000원,paid
O100547,,coupang,"₩19,800",paid
O100548,,coupang,"-₩33,000(환불)",refund
O100549,2026-01-01 18:00:00+09:00,쿠팡,"₩8,900",paid
O100550,2026-01-08 08:00:00+09:00,coupang,"₩33,000",paid
O100551,2026-01-26 11:00:00+09:00,쿠팡,"₩12,900",paid
O100552,2026-01-17 11:00:00+09:00,coupang,"-₩45,000",cancel
O100553,2026-01-19 12:00:00+09:00,네이버페이,8900원,paid
O100554,2026-01-10 16:00:00+09:00,coupang,12900원,paid
O100555,2026/01/04 03:00 AM,coupang,"₩45,000",paid
O100556,,coupang,12900원,paid
O100557,2026/01/19 10:00 PM,Npay,45000원,paid
O100558,2026-01-30 21:00:00+09:00,쿠팡,"₩12,900",paid
O100559,2026-01-16 23:00:00+09:00,쿠팡,"₩12,900",paid
O100560,2026-01-24 11:00:00+09:00,쿠팡,12900원,paid
O100561,2026-01-22 01:00:00+09:00,coupang,"₩45,000",paid
O100562,2026-01-16 06:00:00+09:00,Npay,"₩8,900",paid
O100563,2026-01-06 23:00:00+09:00,네이버페이,33000원,paid
O100564,2026-01-03 20:00:00+09:00,네이버페이,19800원,paid
O100565,2026-01-05 02:00:00+09:00,Npay,"₩12,900",paid
O100566,2026-01-17 11:00:00+09:00,Npay,"₩19,800",paid
O100567,2026-01-02 00:00:00+09:00,네이버페이,"-₩45,000(환불)",refund
O100568,2026-01-20 12:00:00+09:00,coupang,45000원,paid
O100569,2026-01-21 03:00:00+09:00,네이버페이,"₩19,800",paid
O100570,2026-01-24 12:00:00+09:00,Npay,"₩33,000",paid
O100571,2026-01-07 06:00:00+09:00,Npay,8900원,paid
O100572,2026-01-06 23:00:00+09:00,네이버페이,"₩12,900",paid
O100573,2026-01-24 16:00:00+09:00,쿠팡,"₩12,900",paid
O100574,,쿠팡,"-₩45,000(환불)",refund
O100575,2026-01-05 12:00:00+09:00,쿠팡,"₩33,000",paid
O100576,2026-01-29 20:00:00+09:00,쿠팡,"₩33,000",paid
O100577,2026/01/02 05:00 PM,Npay,19800원,paid
O100578,2026/01/08 05:00 PM,네이버페이,45000원,paid
O100579,2026-01-17 13:00:00+09:00,Npay,"₩45,000",paid
O100580,,네이버페이,"₩8,900",paid
O100581,2026/01/27 09:00 AM,쿠팡,19800원,paid
O100582,2026-01-06 12:00:00+09:00,네이버페이,"₩12,900",paid
O100583,2026-01-07 18:00:00+09:00,쿠팡,"₩12,900",paid
O100584,2026-01-09 22:00:00+09:00,네이버페이,"₩19,800",paid
O100585,2026-01-10 18:00:00+09:00,Npay,8900원,paid
O100586,2026-01-28 09:00:00+09:00,쿠팡,45000원,paid
O100587,2026-01-25 11:00:00+09:00,coupang,"₩19,800",paid
O100588,2026-01-01 08:00:00+09:00,Npay,"₩12,900",paid
O100589,2026-01-04 01:00:00+09:00,쿠팡,12900원,paid
O100590,2026-01-21 11:00:00+09:00,coupang,"₩45,000",paid
O100591,,Npay,19800원,paid
O100592,2026-01-10 13:00:00+09:00,Npay,"₩12,900",paid
O100593,2026-01-22 14:00:00+09:00,기타,"-₩8,900(환불)",refund
O100594,2026-01-08 05:00:00+09:00,Npay,"₩19,800",paid
O100595,,Npay,"-₩12,900(환불)",refund
O100596,2026-01-07 23:00:00+09:00,쿠팡,12900원,paid
O100597,2026-01-08 01:00:00+09:00,네이버페이,"₩19,800",paid
O100598,2026-01-17 08:00:00+09:00,기타,19800원,paid
O100599,2026/01/27 09:00 AM,Npay,"₩12,900",paid
O100600,2026-01-09 01:00:00+09:00,Npay,33000원,paid
O100601,2026-01-22 12:00:00+09:00,coupang,19800원,paid
O100602,2026/01/02 04:00 AM,네이버페이,45000원,paid
O100603,2026-01-07 20:00:00+09:00,기타,"₩19,800",paid
O100604,,쿠팡,8900원,paid
O100605,2026-01-15 02:00:00+09:00,쿠팡,"₩12,900",paid
O100606,2026/01/27 11:00 PM,기타,"₩45,000",paid
O100607,2026-01-21 15:00:00+09:00,기타,"₩8,900",paid
O100608,2026-01-16 04:00:00+09:00,coupang,33000원,paid
O100609,,coupang,"₩12,900",paid
O100610,2026/01/21 07:00 PM,coupang,"₩45,000",paid
O100611,2026-01-28 08:00:00+09:00,네이버페이,"-₩33,000(환불)",refund
O100612,,기타,45000원,paid
O100613,2026-01-14 14:00:00+09:00,Npay,"₩8,900",paid
O100614,2026-01-10 00:00:00+09:00,쿠팡,"₩19,800",paid
O100615,2026/01/13 12:00 PM,coupang,"₩45,000",paid
O100616,2026/01/06 11:00 AM,네이버페이,8900원,paid
O100617,2026-01-03 21:00:00+09:00,네이버페이,"₩33,000",paid
O100618,2026-01-11 11:00:00+09:00,쿠팡,"₩12,900",paid
O100619,,coupang,"₩19,800",paid
O100620,,coupang,8900원,paid
O100621,2026/01/08 01:00 PM,coupang,"-₩12,900(환불)",refund
O100622,2026/01/07 10:00 PM,네이버페이,45000원,paid
O100623,2026-01-04 18:00:00+09:00,기타,33000원,paid
O100624,2026-01-30 17:00:00+09:00,네이버페이,"₩33,000",paid
O100625,2026-01-23 02:00:00+09:00,쿠팡,"₩12,900",paid
O100626,2026-01-02 14:00:00+09:00,Npay,"₩19,800",paid
O100627,2026-01-06 05:00:00+09:00,쿠팡,"-₩8,900(환불)",refund
O100628,2026-01-19 18:00:00+09:00,Npay,"₩45,000",paid
O100629,2026-01-08 04:00:00+09:00,coupang,"₩45,000",paid
O100630,2026-01-28 04:00:00+09:00,쿠팡,"-₩33,000(환불)",refund
O100631,2026/01/10 03:00 AM,coupang,"₩19,800",paid
O100632,2026-01-27 13:00:00+09:00,쿠팡,"₩12,900",paid
O100633,2026-01-03 09:00:00+09:00,쿠팡,"₩8,900",paid
O100634,2026-01-28 11:00:00+09:00,coupang,45000원,paid
O100635,2026-01-20 19:00:00+09:00,네이버페이,8900원,paid
O100636,2026-01-19 23:00:00+09:00,네이버페이,45000원,paid
O100637,2026-01-16 00:00:00+09:00,Npay,12900원,paid
O100638,2026/01/01 12:00 AM,기타,"₩12,900",paid
O100639,2026-01-17 02:00:00+09:00,Npay,33000원,paid
O100640,2026-01-15 11:00:00+09:00,Npay,"-₩8,900(환불)",refund
O100641,2026-01-08 21:00:00+09:00,네이버페이,19800원,paid
O100642,2026-01-22 00:00:00+09:00,coupang,"₩33,000",paid
O100643,2026/01/08 10:00 PM,coupang,19800원,paid
O100644,2026-01-22 03:00:00+09:00,네이버페이,19800원,paid
O100645,2026-01-16 08:00:00+09:00,네이버페이,"₩19,800",paid
O100646,2026-01-18 00:00:00+09:00,네이버페이,45000원,paid
O100647,2026/01/05 08:00 PM,Npay,19800원,paid
O100648,2026-01-06 13:00:00+09:00,쿠팡,"₩12,900",paid
O100649,2026-01-03 09:00:00+09:00,coupang,19800원,paid
O100650,2026-01-24 03:00:00+09:00,coupang,"₩12,900",paid
O100651,2026-01-29 12:00:00+09:00,네이버페이,"₩45,000",paid
O100652,2026-01-28 23:00:00+09:00,쿠팡,33000원,paid
O100653,2026-01-08 04:00:00+09:00,Npay,8900원,paid
O100654,2026-01-07 04:00:00+09:00,쿠팡,"₩12,900",paid
O100655,2026-01-04 07:00:00+09:00,쿠팡,12900원,paid
O100656,2026-01-09 20:00:00+09:00,coupang,"₩33,000",paid
O100657,2026-01-09 10:00:00+09:00,Npay,33000원,paid
O100658,2026-01-10 12:00:00+09:00,coupang,"₩8,900",paid
O100659,2026/01/29 03:00 AM,Npay,"₩19,800",paid
O100660,,coupang,19800원,paid
O100661,2026-01-28 10:00:00+09:00,coupang,"₩45,000",paid
O100662,2026/01/23 03:00 AM,네이버페이,45000원,paid
O100663,2026/01/19 08:00 AM,쿠팡,"₩33,000",paid
O100664,2026-01-17 17:00:00+09:00,기타,8900원,paid
O100665,2026-01-02 22:00:00+09:00,쿠팡,"₩12,900",paid
O100666,2026/01/10 04:00 PM,coupang,"₩19,800",paid
O100667,2026-01-13 16:00:00+09:00,Npay,12900원,paid
O100668,2026-01-22 21:00:00+09:00,Npay,"₩12,900",paid
O100669,2026-01-06 22:00:00+09:00,기타,12900원,paid
O100670,2026-01-18 06:00:00+09:00,쿠팡,19800원,paid
O100671,2026/01/22 08:00 AM,coupang,"₩33,000",paid
O100672,2026-01-16 12:00:00+09:00,쿠팡,8900원,paid
O100673,2026-01-24 13:00:00+09:00,coupang,"₩33,000",paid
O100674,2026-01-11 18:00:00+09:00,쿠팡,33000원,paid
O100675,,coupang,"₩45,000",paid
O100676,2026-01-20 14:00:00+09:00,coupang,"₩19,800",paid
O100677,2026-01-01 11:00:00+09:00,coupang,33000원,paid
O100678,2026-01-14 17:00:00+09:00,기타,12900원,paid
O100679,2026-01-15 21:00:00+09:00,기타,"₩8,900",paid
O100680,2026-01-17 23:00:00+09:00,Npay,12900원,paid
O100681,2026-01-28 19:00:00+09:00,기타,"₩19,800",paid
O100682,2026-01-16 12:00:00+09:00,coupang,"₩19,800",paid
O100683,2026-01-01 07:00:00+09:00,네이버페이,8900원,paid
O100684,2026-01-06 01:00:00+09:00,Npay,19800원,paid
O100685,2026-01-15 11:00:00+09:00,쿠팡,"₩19,800",paid
O100686,2026-01-29 03:00:00+09:00,네이버페이,12900원,paid
O100687,2026-01-04 17:00:00+09:00,Npay,33000원,paid
O100688,2026/01/27 11:00 PM,Npay,45000원,paid
O100689,2026-01-30 01:00:00+09:00,Npay,19800원,paid
O100690,2026-01-14 03:00:00+09:00,coupang,"-₩19,800(환불)",refund
O100691,2026-01-08 09:00:00+09:00,Npay,45000원,paid
O100692,2026-01-23 11:00:00+09:00,네이버페이,"₩33,000",paid
O100693,2026/01/02 04:00 PM,쿠팡,"-₩8,900",cancel
O100694,2026/01/30 07:00 AM,네이버페이,8900원,paid
O100695,2026-01-21 21:00:00+09:00,Npay,45000원,paid
O100696,2026-01-07 00:00:00+09:00,쿠팡,"-₩12,900",cancel
O100697,2026-01-09 08:00:00+09:00,Npay,12900원,paid
O100698,2026-01-20 04:00:00+09:00,coupang,"₩33,000",paid
O100699,2026/01/24 05:00 AM,네이버페이,19800원,paid
O100700,2026-01-23 18:00:00+09:00,coupang,33000원,paid
O100701,2026-01-11 12:00:00+09:00,네이버페이,"₩19,800",paid
O100702,2026/01/17 05:00 AM,네이버페이,45000원,paid
O100703,2026-01-25 17:00:00+09:00,네이버페이,19800원,paid
O100704,2026-01-11 15:00:00+09:00,coupang,"₩19,800",paid
O100705,2026/01/30 12:00 PM,쿠팡,"-₩8,900",cancel
O100706,2026-01-19 17:00:00+09:00,Npay,"₩8,900",paid
O100707,,쿠팡,12900원,paid
O100708,2026-01-11 01:00:00+09:00,쿠팡,45000원,paid
O100709,,네이버페이,"-₩45,000(환불)",refund
O100710,2026-01-01 04:00:00+09:00,기타,8900원,paid
O100711,,쿠팡,19800원,paid
O100712,2026/01/16 01:00 PM,coupang,"₩12,900",paid
O100713,,네이버페이,"₩8,900",paid
O100714,2026/01/07 01:00 AM,coupang,"-₩33,000(환불)",refund
O100715,2026-01-10 07:00:00+09:00,기타,8900원,paid
O100716,2026-01-10 22:00:00+09:00,Npay,"₩33,000",paid
O100717,2026/01/08 08:00 AM,coupang,"₩33,000",paid
O100718,2026-01-12 17:00:00+09:00,쿠팡,"₩12,900",paid
O100719,2026-01-03 14:00:00+09:00,Npay,"₩19,800",paid
O100720,2026-01-10 00:00:00+09:00,Npay,"₩8,900",paid
O100721,2026-01-29 16:00:00+09:00,네이버페이,"₩8,900",paid
O100722,2026-01-20 04:00:00+09:00,네이버페이,"₩8,900",paid
O100723,2026-01-26 09:00:00+09:00,네이버페이,8900원,paid
O100724,2026-01-05 08:00:00+09:00,네이버페이,8900원,paid
O100725,2026-01-05 02:00:00+09:00,coupang,19800원,paid
O100726,2026-01-22 06:00:00+09:00,쿠팡,"₩45,000",paid
O100727,2026-01-17 00:00:00+09:00,Npay,33000원,paid
O100728,,기타,"₩45,000",paid
O100729,2026/01/22 01:00 PM,coupang,45000원,paid
O100730,2026-01-20 19:00:00+09:00,coupang,"₩19,800",paid
O100731,2026-01-30 12:00:00+09:00,기타,"₩8,900",paid
O100732,,Npay,"₩19,800",paid
O100733,2026/01/19 04:00 AM,Npay,45000원,paid
O100734,2026-01-01 22:00:00+09:00,Npay,"-₩19,800(환불)",refund
O100735,2026-01-24 12:00:00+09:00,네이버페이,12900원,paid
O100736,2026-01-29 04:00:00+09:00,쿠팡,"₩19,800",paid
O100737,2026/01/30 05:00 PM,coupang,45000원,paid
O100738,2026-01-20 01:00:00+09:00,네이버페이,"₩33,000",paid
O100739,,쿠팡,12900원,paid
O100740,2026-01-07 00:00:00+09:00,Npay,"₩12,900",paid
O100741,2026-01-04 12:00:00+09:00,쿠팡,8900원,paid
O100742,2026/01/04 05:00 AM,coupang,45000원,paid
O100743,2026-01-20 00:00:00+09:00,쿠팡,12900원,paid
O100744,,네이버페이,"₩45,000",paid
O100745,2026-01-03 02:00:00+09:00,coupang,19800원,paid
O100746,2026-01-29 12:00:00+09:00,쿠팡,"₩8,900",paid
O100747,2026/01/30 08:00 PM,네이버페이,"₩45,000",paid
O100748,2026-01-19 13:00:00+09:00,네이버페이,"₩45,000",paid
O100749,2026-01-19 16:00:00+09:00,coupang,"₩8,900",paid
O100749,2026-01-21 07:00:00+09:00,네이버페이,"₩33,000",paid
O100751,2026/01/02 09:00 AM,쿠팡,19800원,paid
O100752,2026/01/15 11:00 AM,쿠팡,"₩33,000",paid
O100753,2026-01-04 22:00:00+09:00,네이버페이,"₩19,800",paid
O100754,2026-01-03 23:00:00+09:00,네이버페이,12900원,paid
O100755,2026-01-23 22:00:00+09:00,기타,"-₩8,900(환불)",refund
O100756,2026/01/07 09:00 AM,coupang,33000원,paid
O100757,2026-01-11 09:00:00+09:00,coupang,"-₩19,800(환불)",refund
O100758,2026-01-29 01:00:00+09:00,Npay,12900원,paid
O100759,2026-01-19 05:00:00+09:00,coupang,19800원,paid
O100760,2026/01/05 09:00 PM,쿠팡,"₩33,000",paid
O100761,2026-01-13 17:00:00+09:00,Npay,19800원,paid
O100762,2026-01-12 03:00:00+09:00,쿠팡,45000원,paid
O100763,2026-01-03 05:00:00+09:00,coupang,"-₩19,800(환불)",refund
O100764,2026-01-10 19:00:00+09:00,coupang,19800원,paid
O100765,2026-01-17 04:00:00+09:00,쿠팡,"₩19,800",paid
O100766,,coupang,"₩33,000",paid
O100767,2026-01-26 23:00:00+09:00,쿠팡,12900원,paid
O100768,,Npay,"₩45,000",paid
O100769,2026-01-09 14:00:00+09:00,네이버페이,"-₩12,900(환불)",refund
O100770,2026-01-10 12:00:00+09:00,기타,8900원,paid
O100771,2026-01-25 01:00:00+09:00,Npay,"₩19,800",paid
O100772,2026/01/04 02:00 AM,쿠팡,45000원,paid
O100773,2026-01-19 02:00:00+09:00,쿠팡,"₩45,000",paid
O100774,,coupang,"₩33,000",paid
O100775,2026-01-18 13:00:00+09:00,Npay,"₩19,800",paid
O100776,2026/01/30 07:00 AM,네이버페이,"₩19,800",paid
O100777,2026/01/13 05:00 PM,쿠팡,45000원,paid
O100778,2026-01-05 01:00:00+09:00,Npay,33000원,paid
O100779,2026-01-14 22:00:00+09:00,coupang,"₩8,900",paid
O100780,2026-01-19 02:00:00+09:00,coupang,"-₩12,900",cancel
O100781,2026-01-19 14:00:00+09:00,네이버페이,"₩8,900",paid
O100782,2026-01-13 19:00:00+09:00,쿠팡,8900원,paid
O100783,2026-01-11 08:00:00+09:00,쿠팡,"₩33,000",paid
O100784,,네이버페이,19800원,paid
O100785,2026-01-21 00:00:00+09:00,coupang,19800원,paid
O100786,2026/01/14 10:00 PM,기타,8900원,paid
O100787,2026-01-23 13:00:00+09:00,기타,"₩8,900",paid
O100788,2026/01/05 09:00 AM,Npay,19800원,paid
O100789,2026-01-24 10:00:00+09:00,Npay,"₩19,800",paid
O100790,2026-01-04 08:00:00+09:00,네이버페이,"₩8,900",paid
O100791,2026-01-06 12:00:00+09:00,쿠팡,33000원,paid
O100792,2026-01-06 17:00:00+09:00,기타,"₩45,000",paid
O100793,2026-01-08 15:00:00+09:00,Npay,"₩8,900",paid
O100794,2026-01-17 16:00:00+09:00,coupang,"-₩19,800",cancel
O100795,,Npay,33000원,paid
O100796,2026-01-22 03:00:00+09:00,네이버페이,"-₩45,000",cancel
O100797,2026-01-03 20:00:00+09:00,coupang,12900원,paid
O100798,,coupang,"₩45,000",paid
O100799,2026-01-03 04:00:00+09:00,네이버페이,33000원,paid
O100800,2026/01/19 05:00 PM,Npay,"₩12,900",paid
O100801,2026/01/09 12:00 PM,쿠팡,"₩33,000",paid
O100802,,네이버페이,45000원,paid
O100803,2026-01-02 18:00:00+09:00,기타,45000원,paid
O100804,2026-01-05 14:00:00+09:00,쿠팡,12900원,paid
O100805,2026/01/28 02:00 PM,쿠팡,"₩12,900",paid
O100806,2026-01-08 14:00:00+09:00,Npay,"₩45,000",paid
O100807,,coupang,"₩12,900",paid
O100808,2026-01-16 13:00:00+09:00,Npay,"₩45,000",paid
O100809,2026/01/22 03:00 PM,Npay,8900원,paid
O100810,2026-01-15 23:00:00+09:00,기타,8900원,paid
O100811,2026-01-29 23:00:00+09:00,네이버페이,8900원,paid
O100812,2026-01-12 16:00:00+09:00,coupang,33000원,paid
O100813,2026-01-09 02:00:00+09:00,Npay,33000원,paid
O100814,2026-01-09 02:00:00+09:00,쿠팡,"₩45,000",paid
O100815,2026-01-28 18:00:00+09:00,Npay,33000원,paid
O100816,2026/01/04 08:00 PM,Npay,45000원,paid
O100817,2026-01-28 23:00:00+09:00,쿠팡,33000원,paid
O100818,2026-01-03 12:00:00+09:00,쿠팡,"₩45,000",paid
O100819,2026/01/27 09:00 AM,coupang,"₩33,000",paid
O100820,2026/01/03 02:00 AM,기타,"₩8,900",paid
O100821,2026-01-17 18:00:00+09:00,coupang,"₩33,000",paid
O100822,,coupang,12900원,paid
O100823,2026-01-20 09:00:00+09:00,쿠팡,45000원,paid
O100824,2026-01-26 03:00:00+09:00,네이버페이,45000원,paid
O100825,2026-01-29 09:00:00+09:00,네이버페이,"₩8,900",paid
O100826,,쿠팡,"₩33,000",paid
O100827,2026-01-17 20:00:00+09:00,coupang,"₩12,900",paid
O100828,2026-01-22 08:00:00+09:00,쿠팡,12900원,paid
O100829,2026-01-27 20:00:00+09:00,기타,"₩8,900",paid
O100830,2026-01-10 16:00:00+09:00,Npay,"₩33,000",paid
O100831,2026-01-22 19:00:00+09:00,coupang,33000원,paid
O100832,2026-01-15 09:00:00+09:00,coupang,8900원,paid
O100833,,Npay,"₩19,800",paid
O100834,,쿠팡,"₩8,900",paid
O100835,2026-01-04 05:00:00+09:00,Npay,8900원,paid
O100836,2026-01-04 00:00:00+09:00,쿠팡,"-₩45,000(환불)",refund
O100837,2026-01-11 08:00:00+09:00,기타,"₩12,900",paid
O100838,2026-01-02 22:00:00+09:00,네이버페이,19800원,paid
O100839,,Npay,33000원,paid
O100840,,Npay,19800원,paid
O100841,2026-01-10 22:00:00+09:00,coupang,33000원,paid
O100842,2026-01-03 07:00:00+09:00,coupang,12900원,paid
O100843,2026/01/15 01:00 PM,Npay,19800원,paid
O100844,2026-01-05 10:00:00+09:00,쿠팡,19800원,paid
O100845,2026-01-02 23:00:00+09:00,기타,"-₩12,900",cancel
O100846,2026-01-24 20:00:00+09:00,coupang,"₩45,000",paid
O100847,2026/01/15 12:00 AM,Npay,33000원,paid
O100848,2026-01-02 01:00:00+09:00,Npay,12900원,paid
O100849,2026-01-11 16:00:00+09:00,Npay,"₩45,000",paid
O100850,2026/01/01 07:00 AM,네이버페이,33000원,paid
O100851,2026-01-27 00:00:00+09:00,coupang,33000원,paid
O100852,2026-01-11 12:00:00+09:00,Npay,"₩12,900",paid
O100853,2026-01-29 19:00:00+09:00,Npay,12900원,paid
O100854,2026-01-30 22:00:00+09:00,coupang,45000원,paid
O100855,2026/01/13 02:00 PM,네이버페이,"-₩33,000",cancel
O100856,2026/01/27 02:00 PM,Npay,33000원,paid
O100857,2026-01-03 07:00:00+09:00,네이버페이,19800원,paid
O100858,2026-01-22 21:00:00+09:00,네이버페이,"₩12,900",paid
O100859,2026-01-20 17:00:00+09:00,쿠팡,12900원,paid
O100860,2026-01-02 03:00:00+09:00,기타,"₩8,900",paid
O100861,2026/01/04 05:00 AM,쿠팡,8900원,paid
O100862,2026-01-09 23:00:00+09:00,Npay,"₩19,800",paid
O100863,2026-01-17 01:00:00+09:00,네이버페이,12900원,paid
O100864,2026-01-16 04:00:00+09:00,네이버페이,19800원,paid
O100865,2026-01-28 17:00:00+09:00,coupang,"₩8,900",paid
O100866,2026-01-22 21:00:00+09:00,coupang,33000원,paid
O100867,,Npay,8900원,paid
O100868,2026-01-13 23:00:00+09:00,coupang,"₩33,000",paid
O100869,2026-01-01 06:00:00+09:00,Npay,"₩8,900",paid
O100870,2026-01-01 02:00:00+09:00,기타,19800원,paid
O100871,2026-01-26 22:00:00+09:00,기타,"-₩45,000(환불)",refund
O100872,2026-01-16 02:00:00+09:00,coupang,"₩12,900",paid
O100873,2026/01/22 03:00 AM,coupang,"₩12,900",paid
O100874,2026-01-12 09:00:00+09:00,쿠팡,"₩45,000",paid
O100875,2026-01-22 01:00:00+09:00,coupang,45000원,paid
O100876,,쿠팡,"₩12,900",paid
O100877,2026-01-08 23:00:00+09:00,쿠팡,"₩19,800",paid
O100878,2026-01-27 06:00:00+09:00,네이버페이,"₩45,000",paid
O100879,,네이버페이,19800원,paid
O100880,2026-01-02 03:00:00+09:00,쿠팡,"₩33,000",paid
O100881,2026-01-30 17:00:00+09:00,네이버페이,12900원,paid
O100882,,Npay,"₩45,000",paid
O100883,2026-01-12 08:00:00+09:00,네이버페이,45000원,paid
O100884,2026-01-10 14:00:00+09:00,네이버페이,"-₩12,900(환불)",refund
O100885,2026-01-04 13:00:00+09:00,coupang,8900원,paid
O100886,2026-01-20 17:00:00+09:00,네이버페이,"₩19,800",paid
O100887,2026-01-06 05:00:00+09:00,네이버페이,"₩12,900",paid
O100888,2026/01/23 08:00 AM,쿠팡,"₩33,000",paid
O100889,2026-01-07 00:00:00+09:00,네이버페이,"-₩33,000",cancel
O100890,2026-01-22 20:00:00+09:00,기타,19800원,paid
O100891,2026-01-09 19:00:00+09:00,네이버페이,"₩45,000",paid
O100892,,쿠팡,12900원,paid
O100893,2026-01-25 03:00:00+09:00,네이버페이,"₩45,000",paid
O100894,2026-01-17 09:00:00+09:00,coupang,8900원,paid
O100895,2026-01-03 18:00:00+09:00,네이버페이,"₩33,000",paid
O100896,2026-01-10 16:00:00+09:00,coupang,33000원,paid
O100897,,coupang,"₩33,000",paid
O100898,2026-01-07 01:00:00+09:00,쿠팡,45000원,paid
O100899,2026-01-05 14:00:00+09:00,coupang,33000원,paid
O100900,2026-01-10 11:00:00+09:00,기타,"₩45,000",paid
O100901,2026/01/05 02:00 PM,네이버페이,12900원,paid
O100902,2026-01-20 13:00:00+09:00,Npay,"₩12,900",paid
O100903,2026-01-02 09:00:00+09:00,Npay,19800원,paid
O100904,2026-01-26 22:00:00+09:00,네이버페이,"₩45,000",paid
O100905,2026-01-16 08:00:00+09:00,Npay,8900원,paid
O100906,2026/01/25 06:00 PM,네이버페이,33000원,paid
O100907,2026/01/24 01:00 AM,Npay,"₩19,800",paid
O100908,2026-01-18 16:00:00+09:00,네이버페이,"₩33,000",paid
O100909,2026-01-26 12:00:00+09:00,네이버페이,"₩33,000",paid
O100910,2026-01-22 13:00:00+09:00,네이버페이,33000원,paid
O100911,2026/01/29 07:00 PM,쿠팡,19800원,paid
O100912,2026/01/12 05:00 PM,쿠팡,33000원,paid
O100913,2026-01-14 07:00:00+09:00,Npay,"₩45,000",paid
O100914,2026/01/19 10:00 AM,네이버페이,"₩8,900",paid
O100915,2026-01-14 02:00:00+09:00,기타,"₩19,800",paid
O100916,2026/01/16 04:00 PM,coupang,"₩8,900",paid
O100917,2026-01-13 00:00:00+09:00,네이버페이,33000원,paid
O100918,2026-01-19 04:00:00+09:00,coupang,33000원,paid
O100919,2026/01/28 01:00 PM,Npay,"₩12,900",paid
O100920,2026-01-12 12:00:00+09:00,쿠팡,19800원,paid
O100921,2026-01-30 13:00:00+09:00,coupang,8900원,paid
O100922,2026/01/25 05:00 AM,네이버페이,"₩19,800",paid
O100923,2026-01-21 22:00:00+09:00,Npay,"-₩33,000(환불)",refund
O100924,2026/01/26 11:00 PM,기타,12900원,paid
O100925,2026-01-22 11:00:00+09:00,coupang,"₩19,800",paid
O100926,,네이버페이,12900원,paid
O100927,2026-01-19 13:00:00+09:00,coupang,"-₩8,900",cancel
O100928,2026-01-15 13:00:00+09:00,Npay,8900원,paid
O100929,2026/01/26 06:00 AM,쿠팡,"-₩45,000",cancel
O100930,2026-01-28 15:00:00+09:00,Npay,45000원,paid
O100931,2026-01-06 16:00:00+09:00,네이버페이,"₩12,900",paid
O100932,2026-01-11 02:00:00+09:00,coupang,"-₩33,000",cancel
O100933,2026-01-23 14:00:00+09:00,쿠팡,"-₩33,000(환불)",refund
O100934,2026-01-02 15:00:00+09:00,쿠팡,12900원,paid
O100935,2026-01-10 12:00:00+09:00,네이버페이,"₩8,900",paid
O100936,2026-01-23 19:00:00+09:00,네이버페이,"₩45,000",paid
O100937,2026-01-10 06:00:00+09:00,쿠팡,19800원,paid
O100938,2026-01-01 05:00:00+09:00,Npay,45000원,paid
O100939,2026-01-14 09:00:00+09:00,Npay,"₩45,000",paid
O100940,2026-01-20 11:00:00+09:00,Npay,45000원,paid
O100941,2026-01-04 02:00:00+09:00,쿠팡,"₩12,900",paid
O100942,2026-01-01 03:00:00+09:00,coupang,45000원,paid
O100943,2026-01-27 21:00:00+09:00,쿠팡,"-₩8,900(환불)",refund
O100944,2026/01/05 09:00 PM,쿠팡,"₩45,000",paid
O100945,2026-01-26 05:00:00+09:00,coupang,"₩8,900",paid
O100946,,기타,8900원,paid
O100947,2026-01-24 21:00:00+09:00,Npay,"₩33,000",paid
O100948,2026-01-19 08:00:00+09:00,네이버페이,19800원,paid
O100949,2026-01-09 01:00:00+09:00,Npay,12900원,paid
O100950,,쿠팡,"₩8,900",paid
O100951,2026-01-17 07:00:00+09:00,기타,12900원,paid
O100952,2026-01-02 01:00:00+09:00,네이버페이,"-₩45,000(환불)",refund
O100953,2026-01-19 02:00:00+09:00,쿠팡,"₩19,800",paid
O100954,2026-01-08 04:00:00+09:00,Npay,19800원,paid
O100955,2026/01/13 11:00 AM,coupang,"₩45,000",paid
O100956,2026-01-27 20:00:00+09:00,coupang,8900원,paid
O100957,2026/01/14 01:00 PM,coupang,"₩33,000",paid
O100958,,기타,8900원,paid
O100959,2026-01-05 21:00:00+09:00,쿠팡,12900원,paid
O100960,2026-01-10 08:00:00+09:00,쿠팡,45000원,paid
O100961,2026-01-23 03:00:00+09:00,coupang,"₩33,000",paid
O100962,2026-01-05 16:00:00+09:00,네이버페이,8900원,paid
O100963,2026-01-06 19:00:00+09:00,쿠팡,"-₩33,000(환불)",refund
O100964,2026-01-24 06:00:00+09:00,Npay,"₩12,900",paid
O100965,2026/01/01 12:00 AM,기타,8900원,paid
O100966,2026/01/04 05:00 PM,쿠팡,"₩19,800",paid
O100967,2026-01-28 05:00:00+09:00,네이버페이,12900원,paid
O100968,2026/01/14 07:00 AM,coupang,19800원,paid
O100969,2026/01/23 09:00 PM,네이버페이,8900원,paid
O100970,2026-01-06 18:00:00+09:00,네이버페이,"₩8,900",paid
O100971,2026-01-22 06:00:00+09:00,네이버페이,33000원,paid
O100972,2026-01-11 18:00:00+09:00,coupang,"₩12,900",paid
O100973,2026/01/29 12:00 AM,네이버페이,"₩8,900",paid
O100974,2026-01-29 17:00:00+09:00,coupang,33000원,paid
O100975,2026-01-01 09:00:00+09:00,Npay,19800원,paid
O100976,,네이버페이,"-₩12,900(환불)",refund
O100977,2026/01/28 01:00 AM,Npay,"₩8,900",paid
O100978,2026-01-08 03:00:00+09:00,기타,"₩19,800",paid
O100979,2026-01-01 12:00:00+09:00,coupang,19800원,paid
O100980,2026-01-07 23:00:00+09:00,네이버페이,45000원,paid
O100981,2026-01-27 17:00:00+09:00,쿠팡,"₩33,000",paid
O100982,2026-01-25 19:00:00+09:00,쿠팡,"₩33,000",paid
O100983,2026/01/14 08:00 AM,쿠팡,"₩45,000",paid
O100984,2026-01-14 06:00:00+09:00,쿠팡,12900원,paid
O100985,2026-01-26 12:00:00+09:00,쿠팡,33000원,paid
O100986,2026-01-14 16:00:00+09:00,네이버페이,"-₩12,900(환불)",refund
O100987,2026-01-23 21:00:00+09:00,coupang,"-₩45,000",cancel
O100988,2026-01-18 10:00:00+09:00,coupang,"₩12,900",paid
O100989,,coupang,19800원,paid
O100990,2026/01/04 10:00 PM,네이버페이,"₩19,800",paid
O100991,,쿠팡,"-₩19,800",cancel
O100992,,쿠팡,"₩8,900",paid
O100993,2026-01-10 19:00:00+09:00,coupang,"₩45,000",paid
O100994,2026-01-14 21:00:00+09:00,쿠팡,12900원,paid
O100995,2026/01/16 03:00 PM,쿠팡,"₩33,000",paid
O100996,2026-01-20 02:00:00+09:00,Npay,"-₩33,000",cancel
O100997,2026-01-06 16:00:00+09:00,쿠팡,33000원,paid
O100998,2026-01-25 11:00:00+09:00,쿠팡,"₩33,000",paid
O100999,2026-01-23 18:00:00+09:00,쿠팡,"₩33,000",paid
O100999,,Npay,45000원,paid
O101001,,네이버페이,8900원,paid
O101002,2026-01-14 07:00:00+09:00,네이버페이,33000원,paid
O101003,2026-01-24 19:00:00+09:00,쿠팡,12900원,paid
O101004,2026/01/15 12:00 PM,coupang,33000원,paid
O101005,2026/01/10 12:00 PM,Npay,12900원,paid
O101006,2026-01-12 05:00:00+09:00,네이버페이,12900원,paid
O101007,2026/01/13 02:00 AM,coupang,"₩12,900",paid
O101008,2026/01/07 08:00 PM,coupang,"₩19,800",paid
O101009,2026-01-01 04:00:00+09:00,쿠팡,33000원,paid
O101010,2026-01-16 18:00:00+09:00,네이버페이,33000원,paid
O101011,2026/01/04 05:00 AM,Npay,"₩12,900",paid
O101012,2026/01/18 01:00 AM,coupang,"₩33,000",paid
O101013,2026-01-24 21:00:00+09:00,coupang,45000원,paid
O101014,2026-01-06 11:00:00+09:00,기타,"₩8,900",paid
O101015,2026-01-26 00:00:00+09:00,기타,33000원,paid
O101016,2026-01-02 17:00:00+09:00,네이버페이,33000원,paid
O101017,2026/01/04 04:00 PM,Npay,33000원,paid
O101018,2026-01-17 17:00:00+09:00,쿠팡,"-₩12,900",cancel
O101019,2026-01-13 07:00:00+09:00,coupang,19800원,paid
O101020,2026-01-13 06:00:00+09:00,coupang,"₩12,900",paid
O101021,2026-01-26 15:00:00+09:00,네이버페이,8900원,paid
O101022,2026-01-22 21:00:00+09:00,기타,"-₩12,900",cancel
O101023,2026-01-29 18:00:00+09:00,쿠팡,33000원,paid
O101024,2026-01-27 12:00:00+09:00,Npay,19800원,paid
O101025,2026-01-18 13:00:00+09:00,Npay,12900원,paid
O101026,2026/01/01 10:00 PM,coupang,"₩12,900",paid
O101027,2026/01/24 10:00 PM,네이버페이,8900원,paid
O101028,2026-01-06 22:00:00+09:00,coupang,"-₩33,000(환불)",refund
O101029,2026-01-28 16:00:00+09:00,Npay,"₩45,000",paid
O101030,,Npay,"₩19,800",paid
O101031,2026/01/10 08:00 AM,쿠팡,12900원,paid
O101032,2026-01-21 22:00:00+09:00,Npay,"-₩45,000(환불)",refund
O101033,2026-01-26 15:00:00+09:00,coupang,"₩19,800",paid
O101034,2026-01-05 07:00:00+09:00,기타,"₩19,800",paid
O101035,2026/01/02 02:00 PM,Npay,19800원,paid
O101036,2026-01-09 05:00:00+09:00,Npay,"₩45,000",paid
O101037,2026-01-27 21:00:00+09:00,기타,8900원,paid
O101038,2026-01-25 02:00:00+09:00,coupang,19800원,paid
O101039,,coupang,"₩19,800",paid
O101040,2026-01-08 10:00:00+09:00,Npay,"₩45,000",paid
O101041,2026-01-24 01:00:00+09:00,Npay,45000원,paid
O101042,2026-01-19 15:00:00+09:00,쿠팡,33000원,paid
O101043,2026-01-21 19:00:00+09:00,네이버페이,19800원,paid
O101044,2026/01/01 02:00 PM,Npay,"₩12,900",paid
O101045,2026-01-26 22:00:00+09:00,쿠팡,"-₩45,000",cancel
O101046,2026-01-28 20:00:00+09:00,Npay,"₩8,900",paid
O101047,2026-01-13 00:00:00+09:00,Npay,"₩19,800",paid
O101048,2026-01-20 21:00:00+09:00,쿠팡,"₩19,800",paid
O101049,2026-01-10 14:00:00+09:00,Npay,"₩33,000",paid
O101050,2026-01-18 11:00:00+09:00,네이버페이,45000원,paid
O101051,2026/01/07 12:00 PM,네이버페이,8900원,paid
O101052,2026-01-23 21:00:00+09:00,쿠팡,45000원,paid
O101053,2026-01-19 08:00:00+09:00,Npay,"₩19,800",paid
O101054,2026-01-05 00:00:00+09:00,Npay,"₩45,000",paid
O101055,2026-01-18 02:00:00+09:00,네이버페이,"₩8,900",paid
O101056,2026-01-13 00:00:00+09:00,Npay,"-₩12,900(환불)",refund
O101057,2026-01-11 13:00:00+09:00,쿠팡,45000원,paid
O101058,2026/01/09 03:00 AM,쿠팡,19800원,paid
O101059,2026-01-25 21:00:00+09:00,기타,"₩8,900",paid
O101060,2026/01/22 05:00 PM,기타,19800원,paid
O101061,2026-01-22 12:00:00+09:00,쿠팡,"₩8,900",paid
O101062,2026-01-27 10:00:00+09:00,coupang,"₩8,900",paid
O101063,2026-01-05 21:00:00+09:00,Npay,"₩33,000",paid
O101064,2026-01-07 14:00:00+09:00,기타,"₩12,900",paid
O101065,2026-01-10 11:00:00+09:00,기타,19800원,paid
O101066,2026-01-09 23:00:00+09:00,쿠팡,"₩45,000",paid
O101067,2026-01-29 23:00:00+09:00,coupang,"₩12,900",paid
O101068,2026-01-01 14:00:00+09:00,coupang,12900원,paid
O101069,2026-01-07 12:00:00+09:00,Npay,"-₩45,000",cancel
O101070,2026-01-27 23:00:00+09:00,coupang,"₩19,800",paid
O101071,2026/01/11 08:00 PM,쿠팡,8900원,paid
O101072,2026-01-07 12:00:00+09:00,기타,"₩19,800",paid
O101073,2026-01-02 22:00:00+09:00,coupang,"₩8,900",paid
O101074,2026-01-14 11:00:00+09:00,Npay,19800원,paid
O101075,2026-01-29 12:00:00+09:00,coupang,"₩19,800",paid
O101076,2026-01-06 09:00:00+09:00,네이버페이,19800원,paid
O101077,,Npay,"-₩12,900",cancel
O101078,2026-01-04 22:00:00+09:00,coupang,"₩33,000",paid
O101079,2026-01-27 02:00:00+09:00,coupang,8900원,paid
O101080,2026-01-13 03:00:00+09:00,쿠팡,45000원,paid
O101081,2026-01-12 18:00:00+09:00,네이버페이,"₩8,900",paid
O101082,,Npay,"-₩33,000",cancel
O101083,2026-01-28 11:00:00+09:00,네이버페이,"₩19,800",paid
O101084,2026-01-01 10:00:00+09:00,Npay,19800원,paid
O101085,2026/01/11 01:00 PM,Npay,12900원,paid
O101086,2026-01-23 21:00:00+09:00,coupang,"₩33,000",paid
O101087,2026-01-06 13:00:00+09:00,coupang,8900원,paid
O101088,2026-01-30 15:00:00+09:00,네이버페이,"-₩12,900(환불)",refund
O101089,,네이버페이,"₩12,900",paid
O101090,2026-01-15 09:00:00+09:00,쿠팡,"₩8,900",paid
O101091,2026-01-13 13:00:00+09:00,쿠팡,"₩19,800",paid
O101092,2026-01-16 02:00:00+09:00,coupang,"₩19,800",paid
O101093,2026/01/17 11:00 AM,기타,"₩45,000",paid
O101094,2026-01-10 01:00:00+09:00,Npay,19800원,paid
O101095,2026-01-06 20:00:00+09:00,쿠팡,"₩19,800",paid
O101096,2026-01-26 15:00:00+09:00,Npay,8900원,paid
O101097,2026-01-09 17:00:00+09:00,coupang,"₩45,000",paid
O101098,2026-01-26 22:00:00+09:00,쿠팡,"₩19,800",paid
O101099,2026/01/26 03:00 PM,네이버페이,12900원,paid
O101100,,쿠팡,45000원,paid
O101101,2026-01-20 03:00:00+09:00,쿠팡,12900원,paid
O101102,2026-01-15 19:00:00+09:00,쿠팡,"₩19,800",paid
O101103,2026-01-14 11:00:00+09:00,Npay,19800원,paid
O101104,2026-01-06 12:00:00+09:00,coupang,"-₩45,000",cancel
O101105,2026-01-06 06:00:00+09:00,쿠팡,"₩19,800",paid
O101106,2026-01-05 09:00:00+09:00,coupang,12900원,paid
O101107,,coupang,"₩45,000",paid
O101108,2026/01/16 05:00 PM,쿠팡,"-₩33,000(환불)",refund
O101109,,Npay,33000원,paid
O101110,2026/01/02 04:00 AM,쿠팡,"₩19,800",paid
O101111,2026-01-20 05:00:00+09:00,쿠팡,"₩33,000",paid
O101112,2026-01-13 07:00:00+09:00,Npay,"₩12,900",paid
O101113,,네이버페이,"₩12,900",paid
O101114,2026-01-17 22:00:00+09:00,네이버페이,19800원,paid
O101115,2026-01-26 12:00:00+09:00,coupang,"₩33,000",paid
O101116,2026-01-17 20:00:00+09:00,쿠팡,"₩45,000",paid
O101117,2026-01-15 09:00:00+09:00,네이버페이,"₩45,000",paid
O101118,2026-01-26 21:00:00+09:00,coupang,"-₩45,000",cancel
O101119,2026-01-18 11:00:00+09:00,쿠팡,"₩33,000",paid
O101120,2026-01-08 13:00:00+09:00,coupang,33000원,paid
O101121,2026-01-01 00:00:00+09:00,coupang,19800원,paid
O101122,2026-01-24 14:00:00+09:00,coupang,"₩45,000",paid
O101123,2026-01-16 10:00:00+09:00,쿠팡,"₩8,900",paid
O101124,2026-01-28 12:00:00+09:00,네이버페이,12900원,paid
O101125,2026/01/18 10:00 PM,쿠팡,12900원,paid
O101126,2026/01/13 08:00 PM,쿠팡,8900원,paid
O101127,2026-01-06 16:00:00+09:00,coupang,12900원,paid
O101128,2026-01-09 09:00:00+09:00,coupang,"-₩8,900",cancel
O101129,2026-01-19 03:00:00+09:00,coupang,8900원,paid
O101130,2026/01/14 12:00 AM,coupang,"-₩33,000(환불)",refund
O101131,2026-01-05 20:00:00+09:00,Npay,8900원,paid
O101132,2026-01-28 17:00:00+09:00,Npay,"₩12,900",paid
O101133,2026-01-24 22:00:00+09:00,Npay,"₩8,900",paid
O101134,2026-01-11 03:00:00+09:00,Npay,"₩12,900",paid
O101135,2026-01-23 08:00:00+09:00,Npay,"₩33,000",paid
O101136,2026-01-26 01:00:00+09:00,coupang,"₩12,900",paid
O101137,2026-01-04 02:00:00+09:00,Npay,"₩12,900",paid
O101138,2026-01-17 01:00:00+09:00,쿠팡,19800원,paid
O101139,2026-01-09 17:00:00+09:00,쿠팡,"₩33,000",paid
O101140,2026-01-20 18:00:00+09:00,coupang,8900원,paid
O101141,2026-01-18 09:00:00+09:00,기타,"-₩12,900(환불)",refund
O101142,2026-01-15 10:00:00+09:00,Npay,12900원,paid
O101143,2026-01-23 00:00:00+09:00,Npay,"₩45,000",paid
O101144,2026/01/27 03:00 PM,쿠팡,45000원,paid
O101145,2026-01-08 10:00:00+09:00,기타,"-₩8,900(환불)",refund
O101146,2026-01-08 13:00:00+09:00,Npay,"₩33,000",paid
O101147,2026-01-28 15:00:00+09:00,쿠팡,"₩19,800",paid
O101148,2026/01/02 12:00 AM,쿠팡,45000원,paid
O101149,2026-01-08 11:00:00+09:00,coupang,"₩19,800",paid
O101150,2026/01/30 01:00 PM,Npay,45000원,paid
O101151,2026/01/21 08:00 PM,쿠팡,45000원,paid
O101152,2026-01-07 16:00:00+09:00,쿠팡,"₩19,800",paid
O101153,,네이버페이,45000원,paid
O101154,2026-01-12 20:00:00+09:00,Npay,33000원,paid
O101155,2026-01-03 14:00:00+09:00,Npay,45000원,paid
O101156,2026-01-28 13:00:00+09:00,네이버페이,"₩12,900",paid
O101157,2026-01-28 17:00:00+09:00,네이버페이,33000원,paid
O101158,2026-01-07 11:00:00+09:00,기타,"₩12,900",paid
O101159,,coupang,"-₩19,800(환불)",refund
O101160,2026-01-03 00:00:00+09:00,쿠팡,8900원,paid
O101161,2026/01/04 11:00 AM,네이버페이,"₩8,900",paid
O101162,2026-01-16 00:00:00+09:00,쿠팡,"₩8,900",paid
O101163,2026-01-29 16:00:00+09:00,coupang,19800원,paid
O101164,2026-01-07 03:00:00+09:00,coupang,"₩45,000",paid
O101165,,네이버페이,"₩12,900",paid
O101166,,Npay,"₩45,000",paid
O101167,2026-01-20 19:00:00+09:00,Npay,12900원,paid
O101168,2026-01-03 14:00:00+09:00,Npay,12900원,paid
O101169,2026-01-30 04:00:00+09:00,coupang,"₩33,000",paid
O101170,2026-01-15 23:00:00+09:00,coupang,"₩33,000",paid
O101171,2026-01-24 08:00:00+09:00,coupang,"₩19,800",paid
O101172,2026/01/14 02:00 PM,쿠팡,"₩12,900",paid
O101173,2026/01/06 08:00 PM,기타,"₩33,000",paid
O101174,,Npay,19800원,paid
O101175,2026-01-19 02:00:00+09:00,네이버페이,"₩33,000",paid
O101176,2026-01-14 05:00:00+09:00,기타,"₩19,800",paid
O101177,2026/01/02 07:00 AM,coupang,12900원,paid
O101178,2026/01/28 09:00 PM,Npay,12900원,paid
O101179,2026-01-12 20:00:00+09:00,coupang,"₩19,800",paid
O101180,2026/01/13 04:00 PM,네이버페이,19800원,paid
O101181,2026-01-18 20:00:00+09:00,쿠팡,"₩8,900",paid
O101182,2026-01-20 20:00:00+09:00,네이버페이,19800원,paid
O101183,2026-01-12 21:00:00+09:00,기타,8900원,paid
O101184,2026-01-06 23:00:00+09:00,Npay,"₩12,900",paid
O101185,2026-01-18 15:00:00+09:00,Npay,45000원,paid
O101186,2026-01-01 18:00:00+09:00,Npay,45000원,paid
O101187,2026-01-01 17:00:00+09:00,쿠팡,"₩12,900",paid
O101188,2026/01/25 01:00 PM,coupang,"₩8,900",paid
O101189,2026-01-16 10:00:00+09:00,네이버페이,"₩45,000",paid
O101190,2026/01/08 06:00 AM,coupang,45000원,paid
O101191,2026-01-09 01:00:00+09:00,Npay,45000원,paid
O101192,,기타,"-₩8,900(환불)",refund
O101193,2026-01-05 16:00:00+09:00,coupang,"₩8,900",paid
O101194,2026-01-05 17:00:00+09:00,Npay,"₩45,000",paid
O101195,2026-01-10 05:00:00+09:00,Npay,8900원,paid
O101196,,네이버페이,"₩12,900",paid
O101197,2026/01/27 07:00 PM,네이버페이,33000원,paid
O101198,2026-01-11 23:00:00+09:00,coupang,45000원,paid
O101199,2026-01-03 06:00:00+09:00,coupang,45000원,paid
O101200,2026-01-27 18:00:00+09:00,coupang,8900원,paid
O101201,2026-01-20 01:00:00+09:00,coupang,"₩33,000",paid
O101202,2026/01/07 05:00 PM,coupang,"₩19,800",paid
O101203,2026-01-16 19:00:00+09:00,쿠팡,"₩33,000",paid
O101204,2026-01-04 14:00:00+09:00,Npay,"₩8,900",paid
O101205,2026-01-03 06:00:00+09:00,Npay,33000원,paid
O101206,2026-01-20 19:00:00+09:00,쿠팡,8900원,paid
O101207,2026-01-08 09:00:00+09:00,Npay,12900원,paid
O101208,2026-01-17 06:00:00+09:00,Npay,"₩12,900",paid
O101209,2026-01-15 12:00:00+09:00,기타,45000원,paid
O101210,2026-01-01 07:00:00+09:00,쿠팡,12900원,paid
O101211,,coupang,"₩45,000",paid
O101212,2026-01-19 10:00:00+09:00,쿠팡,45000원,paid
O101213,2026-01-14 15:00:00+09:00,네이버페이,"-₩8,900(환불)",refund
O101214,2026-01-03 05:00:00+09:00,coupang,"₩12,900",paid
O101215,2026-01-10 22:00:00+09:00,네이버페이,"₩19,800",paid
O101216,2026/01/10 12:00 PM,Npay,"₩12,900",paid
O101217,2026-01-25 02:00:00+09:00,네이버페이,"₩12,900",paid
O101218,2026-01-03 02:00:00+09:00,쿠팡,"-₩12,900(환불)",refund
O101219,2026-01-26 08:00:00+09:00,Npay,8900원,paid
O101220,2026-01-26 03:00:00+09:00,coupang,45000원,paid
O101221,2026-01-11 23:00:00+09:00,네이버페이,19800원,paid
O101222,2026/01/18 09:00 AM,쿠팡,"₩45,000",paid
O101223,2026-01-04 23:00:00+09:00,쿠팡,8900원,paid
O101224,2026-01-04 15:00:00+09:00,기타,45000원,paid
O101225,2026/01/04 05:00 AM,네이버페이,"₩12,900",paid
O101226,2026-01-12 23:00:00+09:00,기타,45000원,paid
O101227,2026-01-05 23:00:00+09:00,Npay,"₩8,900",paid
O101228,2026/01/21 10:00 AM,기타,"₩8,900",paid
O101229,,기타,"₩8,900",paid
O101230,2026-01-21 19:00:00+09:00,기타,"₩19,800",paid
O101231,,네이버페이,"₩12,900",paid
O101232,2026-01-08 13:00:00+09:00,coupang,12900원,paid
O101233,2026-01-20 12:00:00+09:00,Npay,12900원,paid
O101234,2026-01-01 06:00:00+09:00,네이버페이,33000원,paid
O101235,2026-01-14 17:00:00+09:00,Npay,"₩45,000",paid
O101236,2026-01-29 00:00:00+09:00,Npay,8900원,paid
O101237,2026-01-07 06:00:00+09:00,coupang,"₩19,800",paid
O101238,,coupang,"₩8,900",paid
O101239,2026-01-07 02:00:00+09:00,기타,"-₩33,000(환불)",refund
O101240,,coupang,"₩19,800",paid
O101241,2026/01/16 08:00 PM,Npay,"₩12,900",paid
O101242,2026-01-23 19:00:00+09:00,기타,19800원,paid
O101243,2026-01-12 20:00:00+09:00,Npay,"₩33,000",paid
O101244,2026-01-30 03:00:00+09:00,Npay,"₩19,800",paid
O101245,2026-01-04 09:00:00+09:00,쿠팡,12900원,paid
O101246,2026-01-22 09:00:00+09:00,Npay,19800원,paid
O101247,2026-01-30 12:00:00+09:00,Npay,"₩19,800",paid
O101248,2026/01/22 06:00 PM,쿠팡,"₩8,900",paid
O101249,2026-01-17 01:00:00+09:00,네이버페이,"₩8,900",paid
O101249,2026-01-30 10:00:00+09:00,coupang,19800원,paid
O101251,2026/01/20 02:00 PM,Npay,8900원,paid
O101252,2026/01/05 10:00 PM,네이버페이,45000원,paid
O101253,2026-01-17 11:00:00+09:00,네이버페이,"₩33,000",paid
O101254,2026-01-23 03:00:00+09:00,Npay,"₩12,900",paid
O101255,2026-01-11 20:00:00+09:00,기타,"₩8,900",paid
O101256,2026-01-11 15:00:00+09:00,쿠팡,33000원,paid
O101257,2026-01-10 09:00:00+09:00,네이버페이,"₩8,900",paid
O101258,2026-01-03 04:00:00+09:00,coupang,8900원,paid
O101259,2026-01-21 19:00:00+09:00,쿠팡,12900원,paid
O101260,2026/01/22 01:00 AM,네이버페이,19800원,paid
O101261,2026-01-16 03:00:00+09:00,쿠팡,"₩33,000",paid
O101262,2026-01-12 15:00:00+09:00,coupang,8900원,paid
O101263,2026/01/25 04:00 PM,coupang,8900원,paid
O101264,2026-01-30 17:00:00+09:00,네이버페이,33000원,paid
O101265,2026/01/07 01:00 PM,쿠팡,"₩19,800",paid
O101266,2026-01-27 07:00:00+09:00,쿠팡,"₩19,800",paid
O101267,,네이버페이,"₩33,000",paid
O101268,2026/01/06 07:00 AM,네이버페이,12900원,paid
O101269,2026-01-31 00:00:00+09:00,coupang,"₩8,900",paid
O101270,2026-01-05 18:00:00+09:00,Npay,"₩12,900",paid
O101271,2026-01-09 16:00:00+09:00,네이버페이,"₩45,000",paid
O101272,2026-01-22 21:00:00+09:00,coupang,"₩45,000",paid
O101273,2026/01/22 04:00 PM,Npay,12900원,paid
O101274,2026-01-23 23:00:00+09:00,coupang,12900원,paid
O101275,2026-01-10 20:00:00+09:00,쿠팡,12900원,paid
O101276,2026-01-12 16:00:00+09:00,쿠팡,8900원,paid
O101277,,쿠팡,8900원,paid
O101278,2026/01/09 08:00 AM,기타,19800원,paid
O101279,2026/01/12 01:00 PM,Npay,"₩19,800",paid
O101280,2026/01/10 06:00 PM,네이버페이,45000원,paid
O101281,2026-01-21 13:00:00+09:00,Npay,"₩45,000",paid
O101282,2026-01-01 03:00:00+09:00,coupang,"₩33,000",paid
O101283,2026-01-28 17:00:00+09:00,네이버페이,12900원,paid
O101284,,쿠팡,12900원,paid
O101285,2026-01-02 04:00:00+09:00,쿠팡,"₩33,000",paid
O101286,2026-01-05 12:00:00+09:00,coupang,"₩8,900",paid
O101287,2026-01-26 09:00:00+09:00,coupang,"₩45,000",paid
O101288,2026-01-04 02:00:00+09:00,쿠팡,8900원,paid
O101289,2026/01/07 01:00 AM,네이버페이,"₩8,900",paid
O101290,2026/01/06 07:00 AM,coupang,8900원,paid
O101291,2026-01-02 17:00:00+09:00,네이버페이,12900원,paid
O101292,2026-01-15 19:00:00+09:00,Npay,19800원,paid
O101293,2026-01-02 16:00:00+09:00,네이버페이,"-₩33,000(환불)",refund
O101294,2026-01-02 09:00:00+09:00,Npay,"-₩19,800(환불)",refund
O101295,2026-01-01 16:00:00+09:00,기타,"₩19,800",paid
O101296,2026-01-29 04:00:00+09:00,Npay,8900원,paid
O101297,2026/01/07 08:00 AM,coupang,"₩45,000",paid
O101298,2026-01-16 17:00:00+09:00,쿠팡,"₩45,000",paid
O101299,2026-01-25 11:00:00+09:00,쿠팡,"₩19,800",paid
O101300,2026-01-25 22:00:00+09:00,네이버페이,12900원,paid
O101301,2026/01/27 04:00 AM,coupang,"₩45,000",paid
O101302,,coupang,45000원,paid
O101303,2026/01/02 02:00 AM,네이버페이,"₩45,000",paid
O101304,2026-01-12 22:00:00+09:00,기타,"₩33,000",paid
O101305,2026-01-27 21:00:00+09:00,Npay,12900원,paid
O101306,2026-01-07 23:00:00+09:00,네이버페이,8900원,paid
O101307,2026/01/26 09:00 AM,기타,"₩19,800",paid
O101308,2026-01-12 03:00:00+09:00,쿠팡,"₩33,000",paid
O101309,,쿠팡,8900원,paid
O101310,2026-01-29 12:00:00+09:00,쿠팡,"₩33,000",paid
O101311,2026-01-17 16:00:00+09:00,네이버페이,"₩33,000",paid
O101312,2026-01-20 19:00:00+09:00,쿠팡,33000원,paid
O101313,,coupang,"₩19,800",paid
O101314,2026-01-27 09:00:00+09:00,기타,19800원,paid
O101315,2026-01-24 05:00:00+09:00,쿠팡,"-₩33,000",cancel
O101316,2026-01-24 23:00:00+09:00,기타,"-₩33,000(환불)",refund
O101317,2026-01-06 09:00:00+09:00,Npay,"₩19,800",paid
O101318,2026/01/16 02:00 AM,네이버페이,45000원,paid
O101319,2026-01-30 08:00:00+09:00,쿠팡,"₩19,800",paid
O101320,2026/01/29 08:00 PM,기타,"₩45,000",paid
O101321,2026/01/13 03:00 AM,Npay,33000원,paid
O101322,2026-01-16 10:00:00+09:00,쿠팡,45000원,paid
O101323,2026-01-02 04:00:00+09:00,네이버페이,33000원,paid
O101324,2026-01-07 04:00:00+09:00,쿠팡,8900원,paid
O101325,2026-01-13 07:00:00+09:00,쿠팡,"₩33,000",paid
O101326,2026/01/01 10:00 AM,Npay,"-₩33,000(환불)",refund
O101327,2026-01-22 07:00:00+09:00,네이버페이,"₩8,900",paid
O101328,,쿠팡,12900원,paid
O101329,2026-01-05 16:00:00+09:00,Npay,"₩19,800",paid
O101330,2026-01-08 18:00:00+09:00,네이버페이,12900원,paid
O101331,2026-01-10 10:00:00+09:00,Npay,"-₩45,000(환불)",refund
O101332,2026-01-13 21:00:00+09:00,Npay,"₩8,900",paid
O101333,2026-01-05 01:00:00+09:00,Npay,"₩12,900",paid
O101334,2026/01/03 06:00 AM,쿠팡,12900원,paid
O101335,2026-01-26 22:00:00+09:00,coupang,"₩19,800",paid
O101336,2026-01-28 15:00:00+09:00,기타,19800원,paid
O101337,2026-01-17 21:00:00+09:00,쿠팡,"₩12,900",paid
O101338,,coupang,"₩45,000",paid
O101339,2026-01-13 23:00:00+09:00,Npay,"-₩8,900",cancel
O101340,2026-01-13 00:00:00+09:00,네이버페이,"₩45,000",paid
O101341,2026/01/23 07:00 PM,네이버페이,33000원,paid
O101342,2026-01-07 03:00:00+09:00,네이버페이,"₩12,900",paid
O101343,2026-01-20 10:00:00+09:00,coupang,"₩45,000",paid
O101344,,Npay,"-₩33,000(환불)",refund
O101345,,쿠팡,"₩8,900",paid
O101346,2026-01-22 02:00:00+09:00,쿠팡,"-₩33,000",cancel
O101347,2026-01-16 04:00:00+09:00,네이버페이,"₩12,900",paid
O101348,2026-01-21 01:00:00+09:00,coupang,12900원,paid
O101349,,네이버페이,"-₩8,900(환불)",refund
O101350,2026-01-07 09:00:00+09:00,네이버페이,"₩19,800",paid
O101351,2026/01/19 05:00 PM,Npay,"-₩12,900(환불)",refund
O101352,2026/01/21 08:00 PM,coupang,"-₩45,000(환불)",refund
O101353,2026-01-04 00:00:00+09:00,Npay,"-₩19,800",cancel
O101354,2026-01-30 16:00:00+09:00,쿠팡,"₩8,900",paid
O101355,2026-01-13 07:00:00+09:00,Npay,19800원,paid
O101356,2026-01-01 16:00:00+09:00,Npay,45000원,paid
O101357,2026-01-27 16:00:00+09:00,Npay,12900원,paid
O101358,2026-01-10 00:00:00+09:00,쿠팡,33000원,paid
O101359,2026-01-03 12:00:00+09:00,기타,"₩45,000",paid
O101360,2026-01-26 15:00:00+09:00,쿠팡,"₩8,900",paid
O101361,2026/01/02 05:00 PM,쿠팡,8900원,paid
O101362,2026-01-02 00:00:00+09:00,네이버페이,"₩19,800",paid
O101363,2026-01-02 14:00:00+09:00,Npay,"₩45,000",paid
O101364,,네이버페이,"₩8,900",paid
O101365,2026-01-21 17:00:00+09:00,기타,"-₩45,000(환불)",refund
O101366,2026-01-10 12:00:00+09:00,coupang,8900원,paid
O101367,2026-01-05 11:00:00+09:00,네이버페이,"₩12,900",paid
O101368,2026/01/08 03:00 AM,기타,8900원,paid
O101369,,네이버페이,"₩45,000",paid
O101370,2026-01-20 21:00:00+09:00,기타,"₩45,000",paid
O101371,,쿠팡,"₩33,000",paid
O101372,2026-01-22 19:00:00+09:00,Npay,"-₩45,000",cancel
O101373,,Npay,"-₩8,900",cancel
O101374,2026-01-26 12:00:00+09:00,쿠팡,"₩19,800",paid
O101375,2026-01-02 19:00:00+09:00,네이버페이,45000원,paid
O101376,2026/01/01 04:00 PM,네이버페이,"₩33,000",paid
O101377,2026-01-14 17:00:00+09:00,네이버페이,"₩33,000",paid
O101378,2026-01-24 16:00:00+09:00,쿠팡,"₩19,800",paid
O101379,2026-01-21 16:00:00+09:00,쿠팡,33000원,paid
O101380,,네이버페이,"₩19,800",paid
O101381,2026-01-14 05:00:00+09:00,Npay,8900원,paid
O101382,2026/01/25 03:00 PM,기타,"-₩8,900(환불)",refund
O101383,2026-01-09 23:00:00+09:00,네이버페이,8900원,paid
O101384,2026-01-15 02:00:00+09:00,쿠팡,"₩33,000",paid
O101385,2026-01-28 12:00:00+09:00,Npay,"₩19,800",paid
O101386,2026-01-04 08:00:00+09:00,기타,45000원,paid
O101387,2026-01-21 04:00:00+09:00,coupang,"₩33,000",paid
O101388,2026-01-16 13:00:00+09:00,Npay,45000원,paid
O101389,2026-01-30 13:00:00+09:00,Npay,8900원,paid
O101390,2026-01-09 07:00:00+09:00,Npay,19800원,paid
O101391,2026/01/23 08:00 AM,coupang,"₩19,800",paid
O101392,2026-01-20 09:00:00+09:00,네이버페이,"₩19,800",paid
O101393,2026-01-04 16:00:00+09:00,기타,"₩33,000",paid
O101394,2026-01-12 03:00:00+09:00,Npay,"₩8,900",paid
O101395,2026/01/28 06:00 AM,기타,"₩19,800",paid
O101396,2026-01-24 18:00:00+09:00,Npay,"₩8,900",paid
O101397,,네이버페이,33000원,paid
O101398,2026/01/23 09:00 AM,Npay,8900원,paid
O101399,2026-01-02 22:00:00+09:00,쿠팡,33000원,paid
O101400,2026-01-12 23:00:00+09:00,기타,"₩12,900",paid
O101401,2026-01-01 15:00:00+09:00,Npay,8900원,paid
O101402,,쿠팡,8900원,paid
O101403,2026-01-17 16:00:00+09:00,coupang,"₩8,900",paid
O101404,2026-01-04 13:00:00+09:00,Npay,12900원,paid
O101405,2026-01-11 09:00:00+09:00,coupang,"₩45,000",paid
O101406,2026-01-17 06:00:00+09:00,Npay,"₩19,800",paid
O101407,2026-01-14 22:00:00+09:00,기타,19800원,paid
O101408,2026/01/27 04:00 AM,기타,45000원,paid
O101409,2026/01/22 02:00 PM,쿠팡,"₩19,800",paid
O101410,2026/01/06 04:00 PM,coupang,"₩45,000",paid
O101411,2026-01-29 15:00:00+09:00,Npay,12900원,paid
O101412,2026-01-21 17:00:00+09:00,coupang,8900원,paid
O101413,,coupang,33000원,paid
O101414,2026-01-25 17:00:00+09:00,기타,"₩12,900",paid
O101415,2026-01-10 06:00:00+09:00,네이버페이,45000원,paid
O101416,2026-01-16 11:00:00+09:00,네이버페이,"₩12,900",paid
O101417,2026-01-17 17:00:00+09:00,네이버페이,45000원,paid
O101418,2026-01-19 10:00:00+09:00,쿠팡,"₩8,900",paid
O101419,,네이버페이,45000원,paid
O101420,,쿠팡,8900원,paid
O101421,2026-01-12 08:00:00+09:00,네이버페이,33000원,paid
O101422,2026-01-22 21:00:00+09:00,coupang,19800원,paid
O101423,,네이버페이,"₩33,000",paid
O101424,2026/01/07 07:00 AM,네이버페이,19800원,paid
O101425,2026/01/26 07:00 PM,쿠팡,"₩19,800",paid
O101426,2026-01-08 19:00:00+09:00,Npay,"₩8,900",paid
O101427,2026-01-05 01:00:00+09:00,쿠팡,12900원,paid
O101428,2026-01-06 10:00:00+09:00,기타,"₩19,800",paid
O101429,2026-01-08 02:00:00+09:00,Npay,33000원,paid
O101430,2026/01/08 02:00 PM,쿠팡,33000원,paid
O101431,,네이버페이,8900원,paid
O101432,2026-01-02 14:00:00+09:00,쿠팡,19800원,paid
O101433,2026-01-22 22:00:00+09:00,쿠팡,"₩33,000",paid
O101434,2026-01-21 16:00:00+09:00,네이버페이,"₩33,000",paid
O101435,2026/01/22 11:00 AM,Npay,45000원,paid
O101436,2026-01-15 12:00:00+09:00,쿠팡,"₩45,000",paid
O101437,2026-01-17 12:00:00+09:00,쿠팡,"₩33,000",paid
O101438,2026-01-07 16:00:00+09:00,쿠팡,"₩12,900",paid
O101439,2026-01-01 15:00:00+09:00,Npay,"₩33,000",paid
O101440,2026/01/21 12:00 PM,네이버페이,12900원,paid
O101441,2026-01-18 17:00:00+09:00,네이버페이,"₩19,800",paid
O101442,2026-01-05 11:00:00+09:00,쿠팡,12900원,paid
O101443,2026-01-19 17:00:00+09:00,쿠팡,"-₩8,900(환불)",refund
O101444,2026-01-13 22:00:00+09:00,Npay,8900원,paid
O101445,2026-01-08 01:00:00+09:00,coupang,8900원,paid
O101446,2026-01-23 17:00:00+09:00,쿠팡,33000원,paid
O101447,2026/01/18 05:00 AM,쿠팡,33000원,paid
O101448,2026-01-11 10:00:00+09:00,네이버페이,"₩8,900",paid
O101449,2026/01/06 08:00 PM,쿠팡,"₩19,800",paid
O101450,2026-01-12 09:00:00+09:00,coupang,45000원,paid
O101451,2026-01-18 07:00:00+09:00,coupang,"₩33,000",paid
O101452,2026/01/26 07:00 AM,네이버페이,"₩19,800",paid
O101453,2026-01-02 14:00:00+09:00,coupang,"₩19,800",paid
O101454,2026/01/02 04:00 AM,쿠팡,19800원,paid
O101455,2026-01-20 20:00:00+09:00,쿠팡,8900원,paid
O101456,2026-01-14 05:00:00+09:00,쿠팡,12900원,paid
O101457,2026-01-11 04:00:00+09:00,coupang,"₩12,900",paid
O101458,2026/01/30 12:00 AM,네이버페이,33000원,paid
O101459,2026-01-12 07:00:00+09:00,Npay,19800원,paid
O101460,2026-01-19 07:00:00+09:00,coupang,33000원,paid
O101461,2026-01-10 22:00:00+09:00,네이버페이,"₩12,900",paid
O101462,2026-01-16 16:00:00+09:00,쿠팡,33000원,paid
O101463,2026-01-12 01:00:00+09:00,coupang,"₩12,900",paid
O101464,2026-01-15 22:00:00+09:00,쿠팡,"₩19,800",paid
O101465,2026-01-15 03:00:00+09:00,쿠팡,"₩33,000",paid
O101466,2026-01-17 04:00:00+09:00,Npay,"₩12,900",paid
O101467,2026-01-25 00:00:00+09:00,Npay,"₩45,000",paid
O101468,2026/01/29 04:00 PM,coupang,"-₩8,900(환불)",refund
O101469,2026/01/01 02:00 AM,쿠팡,"₩45,000",paid
O101470,2026-01-18 20:00:00+09:00,네이버페이,"₩45,000",paid
O101471,2026/01/06 09:00 PM,쿠팡,45000원,paid
O101472,2026/01/16 03:00 PM,네이버페이,"₩19,800",paid
O101473,2026-01-28 21:00:00+09:00,네이버페이,"-₩33,000(환불)",refund
O101474,2026-01-14 11:00:00+09:00,쿠팡,"₩12,900",paid
O101475,2026-01-07 01:00:00+09:00,네이버페이,19800원,paid
O101476,2026-01-13 04:00:00+09:00,네이버페이,"₩8,900",paid
O101477,2026-01-28 16:00:00+09:00,coupang,"₩8,900",paid
O101478,2026-01-18 23:00:00+09:00,네이버페이,45000원,paid
O101479,,기타,"-₩33,000(환불)",refund
O101480,,쿠팡,"₩45,000",paid
O101481,2026-01-17 14:00:00+09:00,쿠팡,45000원,paid
O101482,2026-01-15 07:00:00+09:00,coupang,45000원,paid
O101483,2026-01-06 19:00:00+09:00,Npay,"₩19,800",paid
O101484,2026/01/08 06:00 PM,네이버페이,"₩12,900",paid
O101485,2026/01/03 12:00 PM,Npay,19800원,paid
O101486,2026/01/16 07:00 PM,Npay,"₩8,900",paid
O101487,2026/01/30 01:00 PM,네이버페이,12900원,paid
O101488,2026/01/19 07:00 AM,쿠팡,"₩45,000",paid
O101489,2026-01-14 06:00:00+09:00,쿠팡,"-₩45,000(환불)",refund
O101490,2026-01-13 13:00:00+09:00,Npay,12900원,paid
O101491,2026/01/15 07:00 AM,Npay,"-₩19,800(환불)",refund
O101492,2026-01-01 10:00:00+09:00,네이버페이,8900원,paid
O101493,,네이버페이,33000원,paid
O101494,2026-01-10 09:00:00+09:00,Npay,45000원,paid
O101495,2026/01/07 08:00 AM,기타,"₩19,800",paid
O101496,2026-01-30 14:00:00+09:00,기타,"₩19,800",paid
O101497,2026-01-24 11:00:00+09:00,Npay,"-₩19,800",cancel
O101498,2026-01-24 18:00:00+09:00,coupang,"₩19,800",paid
O101499,2026-01-25 07:00:00+09:00,Npay,"₩19,800",paid
O101499,2026-01-28 11:00:00+09:00,쿠팡,45000원,paid
O101501,2026/01/24 10:00 PM,쿠팡,"₩19,800",paid
O101502,2026/01/13 09:00 PM,Npay,"₩45,000",paid
O101503,2026-01-11 02:00:00+09:00,Npay,12900원,paid
O101504,2026/01/21 12:00 PM,네이버페이,"₩12,900",paid
O101505,2026-01-16 05:00:00+09:00,Npay,"₩8,900",paid
O101506,2026-01-14 17:00:00+09:00,Npay,"₩12,900",paid
O101507,2026-01-05 10:00:00+09:00,Npay,"₩45,000",paid
O101508,2026-01-10 09:00:00+09:00,쿠팡,"₩12,900",paid
O101509,2026-01-10 01:00:00+09:00,네이버페이,19800원,paid
O101510,,coupang,"₩12,900",paid
O101511,2026-01-11 18:00:00+09:00,쿠팡,"₩12,900",paid
O101512,2026-01-22 12:00:00+09:00,coupang,8900원,paid
O101513,2026-01-03 05:00:00+09:00,기타,"-₩19,800(환불)",refund
O101514,2026-01-02 22:00:00+09:00,coupang,"₩45,000",paid
O101515,2026-01-29 16:00:00+09:00,coupang,"₩33,000",paid
O101516,2026-01-22 16:00:00+09:00,네이버페이,8900원,paid
O101517,2026-01-05 02:00:00+09:00,쿠팡,"-₩12,900(환불)",refund
O101518,2026-01-01 19:00:00+09:00,Npay,"₩12,900",paid
O101519,2026-01-24 20:00:00+09:00,쿠팡,"₩12,900",paid
O101520,2026/01/21 09:00 AM,네이버페이,12900원,paid
O101521,2026-01-18 10:00:00+09:00,쿠팡,"-₩33,000",cancel
O101522,2026/01/29 05:00 PM,네이버페이,12900원,paid
O101523,2026-01-03 13:00:00+09:00,네이버페이,8900원,paid
O101524,2026-01-07 00:00:00+09:00,기타,"-₩19,800(환불)",refund
O101525,2026/01/09 11:00 PM,coupang,"₩45,000",paid
O101526,2026/01/01 02:00 AM,Npay,19800원,paid
O101527,2026-01-07 15:00:00+09:00,기타,"₩45,000",paid
O101528,2026-01-05 23:00:00+09:00,Npay,"₩33,000",paid
O101529,2026/01/04 04:00 PM,Npay,12900원,paid
O101530,2026/01/14 04:00 PM,네이버페이,"₩45,000",paid
O101531,2026-01-25 03:00:00+09:00,쿠팡,33000원,paid
O101532,2026-01-15 20:00:00+09:00,쿠팡,"₩33,000",paid
O101533,2026-01-26 09:00:00+09:00,Npay,"₩12,900",paid
O101534,2026-01-12 02:00:00+09:00,coupang,"₩8,900",paid
O101535,2026-01-26 16:00:00+09:00,Npay,"₩19,800",paid
O101536,2026-01-14 10:00:00+09:00,쿠팡,"₩8,900",paid
O101537,2026-01-27 10:00:00+09:00,Npay,"₩45,000",paid
O101538,2026-01-23 12:00:00+09:00,네이버페이,19800원,paid
O101539,2026-01-28 00:00:00+09:00,쿠팡,33000원,paid
O101540,,쿠팡,"₩19,800",paid
O101541,2026-01-14 19:00:00+09:00,기타,19800원,paid
O101542,2026-01-08 01:00:00+09:00,쿠팡,12900원,paid
O101543,2026-01-22 16:00:00+09:00,쿠팡,8900원,paid
O101544,2026-01-20 06:00:00+09:00,쿠팡,12900원,paid
O101545,2026/01/02 03:00 PM,Npay,33000원,paid
O101546,2026-01-23 08:00:00+09:00,Npay,"₩12,900",paid
O101547,2026-01-11 20:00:00+09:00,쿠팡,"₩33,000",paid
O101548,2026-01-17 10:00:00+09:00,쿠팡,"₩12,900",paid
O101549,2026-01-10 09:00:00+09:00,네이버페이,45000원,paid
O101550,2026/01/06 03:00 AM,coupang,19800원,paid
O101551,2026/01/02 01:00 PM,네이버페이,45000원,paid
O101552,2026-01-14 15:00:00+09:00,coupang,19800원,paid
O101553,2026-01-11 10:00:00+09:00,기타,19800원,paid
O101554,2026-01-08 07:00:00+09:00,Npay,8900원,paid
O101555,2026-01-26 01:00:00+09:00,Npay,"₩19,800",paid
O101556,2026/01/19 09:00 PM,coupang,33000원,paid
O101557,2026/01/02 12:00 PM,네이버페이,"₩33,000",paid
O101558,2026-01-14 03:00:00+09:00,기타,"-₩19,800(환불)",refund
O101559,2026/01/29 03:00 PM,coupang,12900원,paid
O101560,2026-01-25 16:00:00+09:00,네이버페이,19800원,paid
O101561,2026-01-05 17:00:00+09:00,coupang,45000원,paid
O101562,2026/01/02 03:00 PM,coupang,12900원,paid
O101563,2026-01-13 12:00:00+09:00,네이버페이,"-₩12,900(환불)",refund
O101564,2026/01/10 07:00 AM,coupang,"₩12,900",paid
O101565,2026-01-14 05:00:00+09:00,기타,8900원,paid
O101566,2026-01-15 12:00:00+09:00,coupang,45000원,paid
O101567,2026-01-05 18:00:00+09:00,쿠팡,19800원,paid
O101568,2026-01-30 01:00:00+09:00,Npay,8900원,paid
O101569,2026-01-14 10:00:00+09:00,쿠팡,12900원,paid
O101570,2026-01-24 15:00:00+09:00,Npay,"₩19,800",paid
O101571,2026-01-02 15:00:00+09:00,쿠팡,"-₩12,900(환불)",refund
O101572,2026-01-02 15:00:00+09:00,쿠팡,"-₩33,000(환불)",refund
O101573,2026/01/13 12:00 AM,네이버페이,"-₩19,800",cancel
O101574,2026-01-11 21:00:00+09:00,coupang,"₩19,800",paid
O101575,2026/01/09 11:00 PM,기타,"₩45,000",paid
O101576,2026/01/07 02:00 AM,Npay,"-₩19,800",cancel
O101577,2026/01/14 11:00 PM,Npay,"₩33,000",paid
O101578,2026/01/07 11:00 PM,네이버페이,"₩12,900",paid
O101579,,coupang,"₩8,900",paid
O101580,2026-01-15 16:00:00+09:00,기타,"-₩45,000(환불)",refund
O101581,2026-01-24 18:00:00+09:00,네이버페이,8900원,paid
O101582,2026-01-24 18:00:00+09:00,쿠팡,45000원,paid
O101583,2026-01-29 08:00:00+09:00,쿠팡,45000원,paid
O101584,2026-01-16 02:00:00+09:00,네이버페이,"-₩33,000",cancel
O101585,2026/01/24 04:00 AM,Npay,8900원,paid
O101586,2026-01-15 08:00:00+09:00,쿠팡,"-₩12,900(환불)",refund
O101587,2026-01-29 20:00:00+09:00,쿠팡,"₩45,000",paid
O101588,2026-01-08 01:00:00+09:00,coupang,"₩45,000",paid
O101589,2026-01-15 19:00:00+09:00,Npay,"₩12,900",paid
O101590,2026-01-08 22:00:00+09:00,coupang,"₩12,900",paid
O101591,2026-01-28 18:00:00+09:00,쿠팡,8900원,paid
O101592,2026-01-18 13:00:00+09:00,네이버페이,19800원,paid
O101593,,쿠팡,"₩45,000",paid
O101594,2026/01/01 06:00 AM,쿠팡,"-₩19,800(환불)",refund
O101595,2026-01-06 12:00:00+09:00,Npay,"₩19,800",paid
O101596,,Npay,12900원,paid
O101597,2026/01/02 06:00 AM,coupang,"₩45,000",paid
O101598,2026/01/23 06:00 AM,네이버페이,12900원,paid
O101599,,쿠팡,"₩12,900",paid
O101600,2026-01-17 09:00:00+09:00,coupang,"₩8,900",paid
O101601,2026/01/28 11:00 PM,기타,8900원,paid
O101602,2026-01-16 02:00:00+09:00,coupang,"₩45,000",paid
O101603,2026-01-19 04:00:00+09:00,coupang,19800원,paid
O101604,2026-01-28 21:00:00+09:00,Npay,8900원,paid
O101605,2026-01-23 22:00:00+09:00,쿠팡,8900원,paid
O101606,2026-01-04 09:00:00+09:00,쿠팡,45000원,paid
O101607,2026-01-15 19:00:00+09:00,coupang,"₩8,900",paid
O101608,2026/01/11 05:00 PM,Npay,"₩33,000",paid
O101609,2026-01-30 21:00:00+09:00,coupang,"₩19,800",paid
O101610,2026/01/25 12:00 PM,Npay,"₩19,800",paid
O101611,,기타,19800원,paid
O101612,2026-01-13 06:00:00+09:00,coupang,12900원,paid
O101613,2026-01-10 07:00:00+09:00,쿠팡,"₩19,800",paid
O101614,2026-01-22 20:00:00+09:00,Npay,"₩45,000",paid
O101615,2026-01-02 21:00:00+09:00,쿠팡,33000원,paid
O101616,2026/01/28 06:00 PM,기타,"₩8,900",paid
O101617,,기타,"-₩45,000(환불)",refund
O101618,2026-01-10 16:00:00+09:00,네이버페이,8900원,paid
O101619,2026-01-01 16:00:00+09:00,coupang,12900원,paid
O101620,2026-01-15 23:00:00+09:00,coupang,33000원,paid
O101621,2026-01-10 06:00:00+09:00,기타,"₩19,800",paid
O101622,2026-01-30 03:00:00+09:00,coupang,"₩8,900",paid
O101623,2026-01-19 15:00:00+09:00,Npay,"₩19,800",paid
O101624,2026-01-16 04:00:00+09:00,네이버페이,"₩45,000",paid
O101625,2026-01-29 02:00:00+09:00,쿠팡,"₩45,000",paid
O101626,2026-01-14 13:00:00+09:00,coupang,"₩8,900",paid
O101627,2026/01/20 10:00 AM,coupang,45000원,paid
O101628,2026-01-18 05:00:00+09:00,coupang,33000원,paid
O101629,2026-01-19 22:00:00+09:00,쿠팡,"-₩8,900",cancel
O101630,2026-01-25 09:00:00+09:00,네이버페이,"₩45,000",paid
O101631,2026-01-10 16:00:00+09:00,기타,12900원,paid
O101632,2026-01-10 07:00:00+09:00,coupang,"-₩12,900(환불)",refund
O101633,2026-01-18 03:00:00+09:00,coupang,8900원,paid
O101634,,쿠팡,19800원,paid
O101635,2026-01-14 22:00:00+09:00,네이버페이,8900원,paid
O101636,2026/01/10 05:00 AM,네이버페이,"₩19,800",paid
O101637,2026-01-02 12:00:00+09:00,쿠팡,19800원,paid
O101638,2026/01/12 01:00 PM,coupang,8900원,paid
O101639,2026-01-09 03:00:00+09:00,기타,"₩19,800",paid
O101640,,coupang,19800원,paid
O101641,2026-01-11 01:00:00+09:00,Npay,33000원,paid
O101642,2026-01-14 11:00:00+09:00,네이버페이,45000원,paid
O101643,2026-01-08 23:00:00+09:00,네이버페이,45000원,paid
O101644,2026-01-01 16:00:00+09:00,Npay,"₩33,000",paid
O101645,2026-01-22 19:00:00+09:00,coupang,"₩45,000",paid
O101646,2026-01-17 16:00:00+09:00,네이버페이,19800원,paid
O101647,2026-01-30 08:00:00+09:00,네이버페이,8900원,paid
O101648,2026-01-01 21:00:00+09:00,네이버페이,"₩12,900",paid
O101649,2026-01-20 17:00:00+09:00,coupang,"₩33,000",paid
O101650,2026-01-05 23:00:00+09:00,네이버페이,"₩45,000",paid
O101651,2026-01-09 17:00:00+09:00,Npay,19800원,paid
O101652,2026-01-13 17:00:00+09:00,Npay,"₩19,800",paid
O101653,2026-01-12 05:00:00+09:00,쿠팡,"₩19,800",paid
O101654,2026/01/30 07:00 AM,네이버페이,33000원,paid
O101655,2026-01-29 14:00:00+09:00,Npay,"-₩12,900",cancel
O101656,2026-01-12 20:00:00+09:00,네이버페이,"₩45,000",paid
O101657,2026-01-30 19:00:00+09:00,coupang,12900원,paid
O101658,2026/01/29 03:00 AM,기타,"₩45,000",paid
O101659,2026-01-10 10:00:00+09:00,네이버페이,"-₩33,000(환불)",refund
O101660,,쿠팡,"₩19,800",paid
O101661,2026/01/20 03:00 AM,네이버페이,8900원,paid
O101662,2026-01-01 06:00:00+09:00,네이버페이,19800원,paid
O101663,2026/01/02 04:00 AM,네이버페이,"₩33,000",paid
O101664,2026-01-02 08:00:00+09:00,coupang,"₩12,900",paid
O101665,2026-01-27 21:00:00+09:00,네이버페이,"₩12,900",paid
O101666,2026/01/04 06:00 AM,기타,"₩45,000",paid
O101667,2026-01-20 02:00:00+09:00,coupang,8900원,paid
O101668,2026/01/24 05:00 PM,coupang,"-₩33,000",cancel
O101669,2026-01-23 09:00:00+09:00,Npay,8900원,paid
O101670,2026-01-21 01:00:00+09:00,coupang,19800원,paid
O101671,,네이버페이,19800원,paid
O101672,2026-01-12 20:00:00+09:00,coupang,"₩33,000",paid
O101673,2026-01-22 11:00:00+09:00,Npay,"₩8,900",paid
O101674,2026-01-05 02:00:00+09:00,Npay,"₩19,800",paid
O101675,2026-01-17 12:00:00+09:00,쿠팡,8900원,paid
O101676,2026-01-21 08:00:00+09:00,Npay,12900원,paid
O101677,2026-01-02 14:00:00+09:00,쿠팡,"-₩19,800(환불)",refund
O101678,2026-01-12 06:00:00+09:00,coupang,"₩19,800",paid
O101679,2026-01-07 12:00:00+09:00,쿠팡,45000원,paid
O101680,2026-01-04 02:00:00+09:00,coupang,8900원,paid
O101681,2026-01-06 09:00:00+09:00,네이버페이,45000원,paid
O101682,2026/01/29 02:00 PM,쿠팡,33000원,paid
O101683,2026-01-04 11:00:00+09:00,Npay,8900원,paid
O101684,2026/01/01 09:00 PM,쿠팡,"₩8,900",paid
O101685,,쿠팡,"₩12,900",paid
O101686,2026-01-23 10:00:00+09:00,쿠팡,33000원,paid
O101687,2026-01-30 10:00:00+09:00,coupang,"-₩19,800(환불)",refund
O101688,2026-01-16 21:00:00+09:00,Npay,"₩33,000",paid
O101689,2026-01-19 07:00:00+09:00,쿠팡,"₩19,800",paid
O101690,2026/01/26 03:00 AM,Npay,33000원,paid
O101691,2026-01-01 20:00:00+09:00,Npay,33000원,paid
O101692,2026-01-13 14:00:00+09:00,Npay,"₩12,900",paid
O101693,,쿠팡,8900원,paid
O101694,2026/01/28 10:00 AM,coupang,"₩8,900",paid
O101695,2026-01-19 20:00:00+09:00,쿠팡,"₩19,800",paid
O101696,2026-01-17 02:00:00+09:00,네이버페이,"-₩8,900(환불)",refund
O101697,2026-01-22 02:00:00+09:00,Npay,"₩33,000",paid
O101698,2026-01-11 16:00:00+09:00,쿠팡,33000원,paid
O101699,2026-01-24 17:00:00+09:00,네이버페이,8900원,paid
O101700,2026-01-22 22:00:00+09:00,네이버페이,"₩19,800",paid
O101701,2026-01-07 17:00:00+09:00,네이버페이,"₩19,800",paid
O101702,2026-01-07 18:00:00+09:00,coupang,"₩12,900",paid
O101703,2026-01-22 19:00:00+09:00,네이버페이,"₩12,900",paid
O101704,2026/01/12 06:00 AM,Npay,"₩12,900",paid
O101705,2026-01-21 11:00:00+09:00,기타,"₩19,800",paid
O101706,2026-01-09 15:00:00+09:00,coupang,45000원,paid
O101707,2026-01-23 10:00:00+09:00,Npay,19800원,paid
O101708,2026-01-25 07:00:00+09:00,쿠팡,33000원,paid
O101709,2026-01-03 11:00:00+09:00,coupang,12900원,paid
O101710,2026/01/18 09:00 PM,Npay,"₩19,800",paid
O101711,2026/01/28 08:00 AM,네이버페이,19800원,paid
O101712,2026/01/26 04:00 AM,Npay,8900원,paid
O101713,2026/01/13 08:00 PM,쿠팡,8900원,paid
O101714,2026/01/22 03:00 PM,coupang,45000원,paid
O101715,2026-01-25 14:00:00+09:00,네이버페이,"-₩8,900(환불)",refund
O101716,2026/01/02 02:00 AM,네이버페이,"-₩8,900(환불)",refund
O101717,2026/01/29 01:00 PM,네이버페이,33000원,paid
O101718,2026-01-24 09:00:00+09:00,Npay,33000원,paid
O101719,2026-01-09 06:00:00+09:00,Npay,"₩8,900",paid
O101720,2026/01/17 02:00 AM,Npay,45000원,paid
O101721,2026-01-15 12:00:00+09:00,네이버페이,"₩45,000",paid
O101722,2026-01-29 20:00:00+09:00,쿠팡,"₩45,000",paid
O101723,2026-01-23 07:00:00+09:00,Npay,"₩8,900",paid
O101724,2026-01-16 17:00:00+09:00,coupang,45000원,paid
O101725,2026-01-24 05:00:00+09:00,네이버페이,19800원,paid
O101726,2026-01-22 22:00:00+09:00,coupang,"₩8,900",paid
O101727,2026-01-07 08:00:00+09:00,쿠팡,"-₩19,800(환불)",refund
O101728,2026-01-09 13:00:00+09:00,네이버페이,"₩33,000",paid
O101729,2026-01-19 22:00:00+09:00,네이버페이,"₩12,900",paid
O101730,2026-01-12 08:00:00+09:00,Npay,"₩45,000",paid
O101731,2026-01-10 19:00:00+09:00,네이버페이,"-₩33,000(환불)",refund
O101732,2026-01-22 16:00:00+09:00,coupang,"-₩45,000(환불)",refund
O101733,,coupang,12900원,paid
O101734,2026-01-21 20:00:00+09:00,쿠팡,8900원,paid
O101735,2026-01-05 20:00:00+09:00,기타,"-₩8,900(환불)",refund
O101736,2026/01/17 01:00 AM,쿠팡,"₩12,900",paid
O101737,2026-01-15 07:00:00+09:00,Npay,8900원,paid
O101738,2026-01-25 07:00:00+09:00,Npay,19800원,paid
O101739,2026-01-17 10:00:00+09:00,Npay,8900원,paid
O101740,2026-01-03 15:00:00+09:00,coupang,"₩19,800",paid
O101741,2026-01-30 20:00:00+09:00,Npay,19800원,paid
O101742,2026/01/31 12:00 AM,기타,12900원,paid
O101743,2026/01/03 11:00 PM,coupang,45000원,paid
O101744,2026-01-12 09:00:00+09:00,쿠팡,19800원,paid
O101745,2026-01-14 07:00:00+09:00,쿠팡,"₩33,000",paid
O101746,,쿠팡,"₩12,900",paid
O101747,2026-01-16 05:00:00+09:00,쿠팡,"₩19,800",paid
O101748,2026-01-21 14:00:00+09:00,coupang,19800원,paid
O101749,,Npay,33000원,paid
O101749,2026-01-07 21:00:00+09:00,쿠팡,45000원,paid
O101751,2026-01-23 15:00:00+09:00,네이버페이,19800원,paid
O101752,2026-01-01 10:00:00+09:00,coupang,"₩8,900",paid
O101753,2026-01-13 12:00:00+09:00,네이버페이,33000원,paid
O101754,2026-01-05 05:00:00+09:00,기타,"₩8,900",paid
O101755,2026-01-18 16:00:00+09:00,Npay,"₩45,000",paid
O101756,2026/01/17 07:00 AM,쿠팡,33000원,paid
O101757,2026/01/09 09:00 PM,Npay,45000원,paid
O101758,,쿠팡,12900원,paid
O101759,2026-01-04 15:00:00+09:00,Npay,"₩19,800",paid
O101760,2026/01/24 12:00 AM,네이버페이,"₩33,000",paid
O101761,2026/01/17 04:00 PM,네이버페이,45000원,paid
O101762,2026-01-25 11:00:00+09:00,쿠팡,"₩8,900",paid
O101763,2026-01-02 21:00:00+09:00,네이버페이,19800원,paid
O101764,2026-01-28 23:00:00+09:00,네이버페이,"₩45,000",paid
O101765,,Npay,8900원,paid
O101766,2026-01-25 15:00:00+09:00,Npay,19800원,paid
O101767,,Npay,"₩45,000",paid
O101768,,Npay,33000원,paid
O101769,,coupang,33000원,paid
O101770,2026-01-28 11:00:00+09:00,쿠팡,"₩45,000",paid
O101771,,쿠팡,8900원,paid
O101772,2026/01/30 05:00 PM,네이버페이,"₩12,900",paid
O101773,2026-01-11 01:00:00+09:00,쿠팡,45000원,paid
O101774,2026-01-01 01:00:00+09:00,coupang,"-₩33,000(환불)",refund
O101775,2026-01-10 08:00:00+09:00,Npay,12900원,paid
O101776,2026-01-25 12:00:00+09:00,쿠팡,45000원,paid
O101777,2026-01-05 19:00:00+09:00,네이버페이,"₩33,000",paid
O101778,2026-01-28 17:00:00+09:00,네이버페이,45000원,paid
O101779,2026-01-05 06:00:00+09:00,쿠팡,8900원,paid
O101780,2026/01/09 01:00 AM,Npay,"-₩33,000",cancel
O101781,2026/01/07 09:00 PM,네이버페이,"₩12,900",paid
O101782,2026/01/04 05:00 PM,coupang,45000원,paid
O101783,2026-01-29 13:00:00+09:00,coupang,12900원,paid
O101784,,쿠팡,"₩19,800",paid
O101785,2026-01-06 22:00:00+09:00,Npay,12900원,paid
O101786,2026/01/05 09:00 AM,쿠팡,"₩12,900",paid
O101787,2026-01-18 19:00:00+09:00,coupang,12900원,paid
O101788,2026-01-13 16:00:00+09:00,Npay,"₩12,900",paid
O101789,2026-01-14 04:00:00+09:00,coupang,"₩12,900",paid
O101790,2026-01-27 10:00:00+09:00,기타,"-₩8,900(환불)",refund
O101791,2026-01-01 08:00:00+09:00,쿠팡,"₩19,800",paid
O101792,2026-01-04 00:00:00+09:00,Npay,"₩8,900",paid
O101793,2026-01-15 22:00:00+09:00,Npay,8900원,paid
O101794,2026-01-10 06:00:00+09:00,Npay,"₩8,900",paid
O101795,2026-01-18 07:00:00+09:00,기타,"₩33,000",paid
O101796,2026-01-24 00:00:00+09:00,Npay,8900원,paid
O101797,2026-01-16 09:00:00+09:00,Npay,45000원,paid
O101798,2026-01-30 19:00:00+09:00,Npay,"₩12,900",paid
O101799,2026/01/11 11:00 PM,coupang,33000원,paid
O101800,2026-01-29 17:00:00+09:00,네이버페이,"-₩8,900(환불)",refund
O101801,2026/01/14 05:00 AM,쿠팡,12900원,paid
O101802,2026-01-04 11:00:00+09:00,쿠팡,"₩45,000",paid
O101803,2026-01-14 05:00:00+09:00,기타,"₩19,800",paid
O101804,2026-01-05 14:00:00+09:00,네이버페이,"₩12,900",paid
O101805,2026-01-11 10:00:00+09:00,coupang,"₩8,900",paid
O101806,2026/01/16 10:00 PM,기타,8900원,paid
O101807,2026-01-01 06:00:00+09:00,Npay,12900원,paid
O101808,2026-01-20 02:00:00+09:00,네이버페이,33000원,paid
O101809,2026-01-04 11:00:00+09:00,coupang,45000원,paid
O101810,2026-01-09 15:00:00+09:00,coupang,"₩33,000",paid
O101811,2026-01-17 05:00:00+09:00,Npay,19800원,paid
O101812,2026/01/14 01:00 AM,Npay,19800원,paid
O101813,2026-01-01 21:00:00+09:00,네이버페이,33000원,paid
O101814,2026-01-18 01:00:00+09:00,기타,33000원,paid
O101815,2026-01-22 10:00:00+09:00,네이버페이,"₩19,800",paid
O101816,2026-01-06 06:00:00+09:00,네이버페이,8900원,paid
O101817,2026/01/30 03:00 AM,쿠팡,8900원,paid
O101818,2026-01-01 13:00:00+09:00,Npay,12900원,paid
O101819,2026-01-01 11:00:00+09:00,Npay,"₩33,000",paid
O101820,2026-01-04 14:00:00+09:00,네이버페이,19800원,paid
O101821,2026-01-22 19:00:00+09:00,쿠팡,45000원,paid
O101822,2026-01-23 08:00:00+09:00,Npay,"-₩45,000(환불)",refund
O101823,2026-01-13 12:00:00+09:00,Npay,"₩8,900",paid
O101824,2026-01-11 02:00:00+09:00,Npay,"₩33,000",paid
O101825,2026-01-06 01:00:00+09:00,쿠팡,33000원,paid
O101826,2026/01/07 02:00 AM,coupang,"₩45,000",paid
O101827,,네이버페이,"₩19,800",paid
O101828,2026/01/15 07:00 PM,coupang,"₩8,900",paid
O101829,,coupang,"₩45,000",paid
O101830,2026-01-27 06:00:00+09:00,Npay,33000원,paid
O101831,2026/01/13 08:00 PM,Npay,8900원,paid
O101832,2026-01-29 22:00:00+09:00,기타,"₩19,800",paid
O101833,2026-01-12 23:00:00+09:00,네이버페이,45000원,paid
O101834,,쿠팡,"₩33,000",paid
O101835,2026-01-25 17:00:00+09:00,coupang,"-₩33,000",cancel
O101836,2026-01-28 13:00:00+09:00,coupang,"-₩19,800",cancel
O101837,2026-01-23 20:00:00+09:00,네이버페이,19800원,paid
O101838,2026/01/15 03:00 PM,Npay,"₩33,000",paid
O101839,2026-01-13 23:00:00+09:00,쿠팡,"₩33,000",paid
O101840,2026-01-03 10:00:00+09:00,네이버페이,"₩33,000",paid
O101841,2026-01-27 18:00:00+09:00,Npay,"₩19,800",paid
O101842,2026/01/30 05:00 PM,coupang,12900원,paid
O101843,2026/01/02 10:00 AM,기타,"₩8,900",paid
O101844,2026/01/19 12:00 PM,Npay,"₩12,900",paid
O101845,2026-01-04 20:00:00+09:00,네이버페이,"₩8,900",paid
O101846,2026-01-09 14:00:00+09:00,기타,"₩19,800",paid
O101847,2026-01-15 16:00:00+09:00,Npay,"₩45,000",paid
O101848,2026-01-14 19:00:00+09:00,네이버페이,"₩45,000",paid
O101849,2026/01/07 02:00 PM,쿠팡,12900원,paid
O101850,2026-01-01 23:00:00+09:00,기타,"₩19,800",paid
O101851,2026-01-17 19:00:00+09:00,기타,"₩33,000",paid
O101852,2026-01-22 11:00:00+09:00,네이버페이,"₩19,800",paid
O101853,2026-01-16 03:00:00+09:00,쿠팡,8900원,paid
O101854,2026/01/16 09:00 PM,네이버페이,33000원,paid
O101855,2026-01-23 03:00:00+09:00,네이버페이,"-₩33,000(환불)",refund
O101856,2026-01-07 07:00:00+09:00,쿠팡,33000원,paid
O101857,2026-01-24 09:00:00+09:00,네이버페이,"₩19,800",paid
O101858,2026-01-29 16:00:00+09:00,Npay,12900원,paid
O101859,2026-01-26 07:00:00+09:00,coupang,8900원,paid
O101860,2026-01-26 16:00:00+09:00,쿠팡,"₩45,000",paid
O101861,2026-01-18 11:00:00+09:00,coupang,8900원,paid
O101862,2026-01-11 09:00:00+09:00,네이버페이,"₩19,800",paid
O101863,2026-01-05 20:00:00+09:00,coupang,"₩12,900",paid
O101864,2026-01-22 07:00:00+09:00,쿠팡,"₩12,900",paid
O101865,2026-01-25 01:00:00+09:00,네이버페이,"₩33,000",paid
O101866,2026-01-14 22:00:00+09:00,쿠팡,19800원,paid
O101867,2026-01-18 09:00:00+09:00,coupang,"₩19,800",paid
O101868,2026-01-13 06:00:00+09:00,Npay,45000원,paid
O101869,2026-01-16 10:00:00+09:00,네이버페이,"-₩19,800",cancel
O101870,2026-01-08 17:00:00+09:00,coupang,33000원,paid
O101871,2026-01-11 05:00:00+09:00,네이버페이,8900원,paid
O101872,2026/01/27 12:00 PM,coupang,45000원,paid
O101873,,Npay,"-₩33,000(환불)",refund
O101874,2026-01-27 18:00:00+09:00,coupang,45000원,paid
O101875,2026-01-10 20:00:00+09:00,Npay,12900원,paid
O101876,2026-01-23 01:00:00+09:00,coupang,19800원,paid
O101877,2026-01-23 23:00:00+09:00,쿠팡,"-₩45,000(환불)",refund
O101878,2026-01-01 20:00:00+09:00,coupang,"₩45,000",paid
O101879,2026-01-22 15:00:00+09:00,coupang,8900원,paid
O101880,2026-01-05 03:00:00+09:00,Npay,"₩8,900",paid
O101881,2026/01/20 09:00 PM,네이버페이,"-₩45,000(환불)",refund
O101882,2026-01-25 22:00:00+09:00,네이버페이,"₩33,000",paid
O101883,2026/01/13 09:00 AM,coupang,"₩19,800",paid
O101884,2026-01-22 21:00:00+09:00,네이버페이,12900원,paid
O101885,2026-01-14 21:00:00+09:00,쿠팡,"₩45,000",paid
O101886,2026/01/01 01:00 AM,coupang,19800원,paid
O101887,,쿠팡,45000원,paid
O101888,2026-01-13 04:00:00+09:00,네이버페이,"₩12,900",paid
O101889,2026-01-24 00:00:00+09:00,쿠팡,19800원,paid
O101890,2026-01-14 05:00:00+09:00,쿠팡,"₩33,000",paid
O101891,2026-01-21 21:00:00+09:00,네이버페이,8900원,paid
O101892,2026-01-16 20:00:00+09:00,네이버페이,"₩45,000",paid
O101893,2026-01-26 22:00:00+09:00,쿠팡,12900원,paid
O101894,2026/01/01 01:00 PM,네이버페이,"₩45,000",paid
O101895,2026-01-21 23:00:00+09:00,Npay,"-₩12,900(환불)",refund
O101896,2026-01-10 14:00:00+09:00,coupang,"₩12,900",paid
O101897,2026-01-04 11:00:00+09:00,Npay,"₩8,900",paid
O101898,2026-01-06 09:00:00+09:00,Npay,19800원,paid
O101899,2026/01/07 12:00 AM,coupang,33000원,paid
O101900,2026/01/02 03:00 AM,Npay,"₩45,000",paid
O101901,,쿠팡,45000원,paid
O101902,2026-01-07 18:00:00+09:00,coupang,"₩45,000",paid
O101903,2026-01-10 12:00:00+09:00,coupang,8900원,paid
O101904,2026/01/11 08:00 PM,Npay,"₩33,000",paid
O101905,2026-01-19 16:00:00+09:00,네이버페이,45000원,paid
O101906,2026/01/18 03:00 PM,기타,12900원,paid
O101907,2026-01-20 03:00:00+09:00,coupang,"₩12,900",paid
O101908,2026/01/29 03:00 AM,네이버페이,19800원,paid
O101909,2026/01/13 12:00 PM,Npay,33000원,paid
O101910,2026-01-13 14:00:00+09:00,Npay,19800원,paid
O101911,2026-01-12 22:00:00+09:00,coupang,"₩12,900",paid
O101912,2026-01-17 10:00:00+09:00,coupang,"₩33,000",paid
O101913,2026-01-01 09:00:00+09:00,쿠팡,"₩12,900",paid
O101914,2026-01-30 10:00:00+09:00,네이버페이,"₩12,900",paid
O101915,2026/01/27 05:00 AM,쿠팡,"₩12,900",paid
O101916,2026-01-12 05:00:00+09:00,Npay,33000원,paid
O101917,2026-01-25 15:00:00+09:00,네이버페이,"-₩8,900(환불)",refund
O101918,2026-01-26 04:00:00+09:00,coupang,"-₩8,900",cancel
O101919,2026-01-16 00:00:00+09:00,coupang,"-₩8,900(환불)",refund
O101920,2026-01-11 16:00:00+09:00,네이버페이,"₩12,900",paid
O101921,2026-01-06 12:00:00+09:00,Npay,"₩19,800",paid
O101922,2026-01-12 11:00:00+09:00,쿠팡,33000원,paid
O101923,2026-01-29 10:00:00+09:00,Npay,45000원,paid
O101924,2026-01-22 08:00:00+09:00,기타,"₩8,900",paid
O101925,2026-01-14 00:00:00+09:00,쿠팡,8900원,paid
O101926,2026-01-24 23:00:00+09:00,Npay,19800원,paid
O101927,2026-01-12 19:00:00+09:00,기타,"-₩33,000(환불)",refund
O101928,2026/01/06 12:00 AM,네이버페이,"-₩8,900",cancel
O101929,2026-01-05 10:00:00+09:00,Npay,"₩12,900",paid
O101930,2026/01/29 02:00 PM,coupang,19800원,paid
O101931,2026-01-09 11:00:00+09:00,Npay,12900원,paid
O101932,2026-01-07 20:00:00+09:00,쿠팡,8900원,paid
O101933,2026-01-13 16:00:00+09:00,coupang,33000원,paid
O101934,2026-01-21 16:00:00+09:00,coupang,"₩45,000",paid
O101935,2026-01-27 07:00:00+09:00,쿠팡,"₩8,900",paid
O101936,2026/01/24 03:00 AM,쿠팡,"₩33,000",paid
O101937,2026-01-07 11:00:00+09:00,기타,"₩19,800",paid
O101938,2026/01/16 06:00 AM,쿠팡,12900원,paid
O101939,2026/01/30 10:00 PM,쿠팡,"-₩45,000(환불)",refund
O101940,2026-01-26 19:00:00+09:00,네이버페이,"-₩12,900(환불)",refund
O101941,2026-01-11 10:00:00+09:00,coupang,33000원,paid
O101942,2026-01-14 21:00:00+09:00,Npay,45000원,paid
O101943,2026-01-27 17:00:00+09:00,네이버페이,"₩12,900",paid
O101944,2026-01-22 06:00:00+09:00,네이버페이,"₩33,000",paid
O101945,2026-01-13 04:00:00+09:00,coupang,45000원,paid
O101946,2026-01-01 19:00:00+09:00,Npay,33000원,paid
O101947,2026-01-12 17:00:00+09:00,쿠팡,33000원,paid
O101948,2026-01-01 00:00:00+09:00,coupang,19800원,paid
O101949,2026-01-05 22:00:00+09:00,네이버페이,33000원,paid
O101950,2026-01-02 10:00:00+09:00,쿠팡,19800원,paid
O101951,2026/01/09 05:00 AM,쿠팡,45000원,paid
O101952,2026-01-21 04:00:00+09:00,쿠팡,"₩8,900",paid
O101953,2026-01-03 10:00:00+09:00,쿠팡,"₩19,800",paid
O101954,2026-01-07 16:00:00+09:00,쿠팡,"₩12,900",paid
O101955,2026/01/29 06:00 PM,네이버페이,"₩12,900",paid
O101956,2026-01-09 13:00:00+09:00,Npay,19800원,paid
O101957,2026-01-01 11:00:00+09:00,네이버페이,12900원,paid
O101958,,네이버페이,"₩12,900",paid
O101959,2026-01-12 11:00:00+09:00,네이버페이,"₩45,000",paid
O101960,,쿠팡,19800원,paid
O101961,2026/01/11 01:00 AM,쿠팡,"₩45,000",paid
O101962,2026-01-09 23:00:00+09:00,네이버페이,"-₩19,800(환불)",refund
O101963,2026-01-11 10:00:00+09:00,coupang,12900원,paid
O101964,2026-01-06 05:00:00+09:00,Npay,33000원,paid
O101965,2026-01-10 00:00:00+09:00,coupang,33000원,paid
O101966,2026-01-13 17:00:00+09:00,coupang,8900원,paid
O101967,2026-01-08 16:00:00+09:00,Npay,45000원,paid
O101968,2026-01-02 14:00:00+09:00,쿠팡,"₩33,000",paid
O101969,2026-01-10 06:00:00+09:00,쿠팡,45000원,paid
O101970,,coupang,12900원,paid
O101971,2026-01-21 14:00:00+09:00,쿠팡,33000원,paid
O101972,2026-01-18 18:00:00+09:00,coupang,45000원,paid
O101973,2026-01-08 09:00:00+09:00,네이버페이,"₩12,900",paid
O101974,2026/01/18 07:00 PM,쿠팡,"-₩12,900(환불)",refund
O101975,2026/01/13 05:00 AM,네이버페이,"₩33,000",paid
O101976,,쿠팡,"-₩12,900",cancel
O101977,2026-01-16 23:00:00+09:00,Npay,"₩8,900",paid
O101978,2026-01-27 13:00:00+09:00,coupang,8900원,paid
O101979,2026-01-13 19:00:00+09:00,기타,"₩45,000",paid
O101980,2026-01-14 23:00:00+09:00,기타,45000원,paid
O101981,2026/01/16 02:00 PM,coupang,33000원,paid
O101982,2026-01-01 07:00:00+09:00,Npay,"₩45,000",paid
O101983,2026-01-15 04:00:00+09:00,coupang,"₩8,900",paid
O101984,2026-01-06 08:00:00+09:00,네이버페이,33000원,paid
O101985,2026/01/28 08:00 PM,Npay,45000원,paid
O101986,2026-01-15 15:00:00+09:00,쿠팡,"-₩12,900(환불)",refund
O101987,2026-01-15 21:00:00+09:00,coupang,8900원,paid
O101988,2026-01-22 12:00:00+09:00,네이버페이,"₩12,900",paid
O101989,2026-01-21 14:00:00+09:00,기타,"-₩19,800(환불)",refund
O101990,2026-01-04 13:00:00+09:00,쿠팡,"₩19,800",paid
O101991,2026-01-08 06:00:00+09:00,네이버페이,45000원,paid
O101992,2026-01-09 00:00:00+09:00,Npay,"₩8,900",paid
O101993,2026-01-13 22:00:00+09:00,네이버페이,"₩8,900",paid
O101994,2026-01-05 22:00:00+09:00,Npay,"₩8,900",paid
O101995,2026/01/10 01:00 AM,쿠팡,"₩8,900",paid
O101996,2026-01-18 18:00:00+09:00,네이버페이,"₩19,800",paid
O101997,2026-01-18 05:00:00+09:00,기타,"₩19,800",paid
O101998,2026-01-05 17:00:00+09:00,Npay,45000원,paid
O101999,2026/01/07 12:00 AM,네이버페이,33000원,paid
O101999,2026-01-23 09:00:00+09:00,네이버페이,"₩45,000",paid
O102001,2026/01/27 11:00 PM,Npay,"-₩19,800(환불)",refund
O102002,2026-01-13 14:00:00+09:00,coupang,12900원,paid
O102003,2026-01-25 11:00:00+09:00,네이버페이,33000원,paid
O102004,2026-01-15 08:00:00+09:00,쿠팡,"₩33,000",paid
O102005,2026-01-01 00:00:00+09:00,coupang,"-₩33,000(환불)",refund
O102006,2026-01-07 02:00:00+09:00,coupang,19800원,paid
O102007,2026/01/12 10:00 PM,쿠팡,"₩19,800",paid
O102008,2026/01/28 05:00 AM,쿠팡,8900원,paid
O102009,2026-01-03 04:00:00+09:00,Npay,"₩19,800",paid
O102010,2026-01-13 15:00:00+09:00,coupang,33000원,paid
O102011,2026-01-03 20:00:00+09:00,coupang,33000원,paid
O102012,2026-01-16 00:00:00+09:00,네이버페이,"₩19,800",paid
O102013,,쿠팡,"-₩8,900(환불)",refund
O102014,2026-01-10 03:00:00+09:00,Npay,12900원,paid
O102015,2026-01-30 07:00:00+09:00,Npay,"₩12,900",paid
O102016,2026-01-24 22:00:00+09:00,네이버페이,"₩12,900",paid
O102017,2026/01/25 08:00 AM,쿠팡,45000원,paid
O102018,2026-01-07 16:00:00+09:00,Npay,19800원,paid
O102019,2026/01/29 08:00 AM,coupang,45000원,paid
O102020,2026-01-04 16:00:00+09:00,coupang,"₩19,800",paid
O102021,2026-01-29 15:00:00+09:00,네이버페이,"₩8,900",paid
O102022,2026-01-25 08:00:00+09:00,coupang,"₩19,800",paid
O102023,2026-01-25 12:00:00+09:00,Npay,"₩33,000",paid
O102024,2026-01-07 14:00:00+09:00,Npay,"₩8,900",paid
O102025,2026/01/21 08:00 AM,네이버페이,45000원,paid
O102026,2026-01-14 11:00:00+09:00,네이버페이,"₩19,800",paid
O102027,2026-01-26 09:00:00+09:00,Npay,12900원,paid
O102028,2026/01/16 08:00 PM,네이버페이,"₩45,000",paid
O102029,2026-01-05 05:00:00+09:00,쿠팡,"₩8,900",paid
O102030,2026-01-21 13:00:00+09:00,쿠팡,12900원,paid
O102031,2026-01-27 19:00:00+09:00,coupang,"-₩19,800(환불)",refund
O102032,2026/01/26 01:00 PM,기타,"₩19,800",paid
O102033,2026/01/01 06:00 PM,coupang,33000원,paid
O102034,2026-01-19 21:00:00+09:00,네이버페이,"₩12,900",paid
O102035,2026/01/21 01:00 AM,네이버페이,"-₩45,000(환불)",refund
O102036,,coupang,"₩45,000",paid
O102037,2026-01-17 12:00:00+09:00,네이버페이,"₩45,000",paid
O102038,2026-01-12 14:00:00+09:00,Npay,"₩8,900",paid
O102039,2026-01-16 04:00:00+09:00,쿠팡,19800원,paid
O102040,2026-01-14 18:00:00+09:00,Npay,"₩33,000",paid
O102041,2026-01-27 16:00:00+09:00,Npay,"₩19,800",paid
O102042,2026-01-15 07:00:00+09:00,기타,"₩8,900",paid
O102043,2026-01-19 22:00:00+09:00,coupang,"₩8,900",paid
O102044,2026-01-26 00:00:00+09:00,Npay,"₩8,900",paid
O102045,2026/01/28 06:00 AM,쿠팡,"₩8,900",paid
O102046,,Npay,"-₩45,000(환불)",refund
O102047,,Npay,"₩8,900",paid
O102048,2026-01-30 14:00:00+09:00,기타,8900원,paid
O102049,2026/01/06 10:00 PM,네이버페이,"₩45,000",paid
O102050,2026-01-26 04:00:00+09:00,쿠팡,"-₩12,900(환불)",refund
O102051,2026-01-20 16:00:00+09:00,네이버페이,"₩8,900",paid
O102052,2026-01-18 08:00:00+09:00,coupang,45000원,paid
O102053,2026-01-13 16:00:00+09:00,쿠팡,12900원,paid
O102054,2026-01-21 16:00:00+09:00,쿠팡,19800원,paid
O102055,2026/01/13 02:00 AM,coupang,"₩33,000",paid
O102056,,쿠팡,"₩33,000",paid
O102057,,Npay,"₩12,900",paid
O102058,2026-01-26 21:00:00+09:00,coupang,"₩45,000",paid
O102059,2026-01-01 02:00:00+09:00,네이버페이,45000원,paid
O102060,2026/01/04 12:00 PM,Npay,"₩8,900",paid
O102061,2026-01-14 15:00:00+09:00,네이버페이,19800원,paid
O102062,2026-01-19 17:00:00+09:00,기타,"₩12,900",paid
O102063,2026-01-19 21:00:00+09:00,coupang,"₩12,900",paid
O102064,2026-01-27 04:00:00+09:00,쿠팡,"₩8,900",paid
O102065,2026-01-10 04:00:00+09:00,coupang,45000원,paid
O102066,2026-01-07 09:00:00+09:00,쿠팡,8900원,paid
O102067,2026-01-28 16:00:00+09:00,coupang,"₩8,900",paid
O102068,2026/01/01 11:00 AM,Npay,"₩8,900",paid
O102069,,네이버페이,12900원,paid
O102070,2026-01-13 15:00:00+09:00,Npay,"₩12,900",paid
O102071,2026-01-13 04:00:00+09:00,네이버페이,"₩19,800",paid
O102072,,기타,"₩19,800",paid
O102073,2026-01-02 18:00:00+09:00,네이버페이,33000원,paid
O102074,,Npay,"₩8,900",paid
O102075,,Npay,"₩12,900",paid
O102076,2026-01-21 17:00:00+09:00,네이버페이,"₩12,900",paid
O102077,2026-01-16 03:00:00+09:00,Npay,"₩19,800",paid
O102078,2026/01/18 06:00 PM,coupang,8900원,paid
O102079,2026-01-01 20:00:00+09:00,네이버페이,"-₩19,800(환불)",refund
O102080,2026-01-17 22:00:00+09:00,네이버페이,8900원,paid
O102081,2026-01-26 18:00:00+09:00,Npay,8900원,paid
O102082,2026-01-14 23:00:00+09:00,네이버페이,"₩33,000",paid
O102083,2026-01-05 20:00:00+09:00,네이버페이,45000원,paid
O102084,2026-01-06 03:00:00+09:00,Npay,"₩12,900",paid
O102085,2026-01-17 14:00:00+09:00,쿠팡,12900원,paid
O102086,2026/01/30 06:00 PM,coupang,"-₩12,900(환불)",refund
O102087,2026-01-03 02:00:00+09:00,기타,"₩45,000",paid
O102088,2026-01-14 11:00:00+09:00,쿠팡,"₩8,900",paid
O102089,2026-01-06 20:00:00+09:00,네이버페이,33000원,paid
O102090,2026-01-20 13:00:00+09:00,쿠팡,12900원,paid
O102091,,coupang,"₩8,900",paid
O102092,2026-01-16 12:00:00+09:00,쿠팡,33000원,paid
O102093,2026-01-24 11:00:00+09:00,기타,12900원,paid
O102094,2026-01-21 13:00:00+09:00,기타,"₩19,800",paid
O102095,2026-01-23 10:00:00+09:00,쿠팡,"-₩12,900(환불)",refund
O102096,2026-01-28 20:00:00+09:00,coupang,"₩45,000",paid
O102097,2026-01-07 11:00:00+09:00,coupang,33000원,paid
O102098,,coupang,"₩12,900",paid
O102099,2026-01-27 23:00:00+09:00,Npay,8900원,paid
O102100,,쿠팡,33000원,paid
O102101,2026-01-05 09:00:00+09:00,쿠팡,"-₩8,900(환불)",refund
O102102,,네이버페이,12900원,paid
O102103,2026-01-28 21:00:00+09:00,Npay,19800원,paid
O102104,2026-01-28 09:00:00+09:00,네이버페이,"₩19,800",paid
O102105,2026-01-01 01:00:00+09:00,Npay,"-₩8,900(환불)",refund
O102106,,coupang,"-₩45,000",cancel
O102107,,coupang,33000원,paid
O102108,2026-01-04 17:00:00+09:00,쿠팡,12900원,paid
O102109,2026-01-15 08:00:00+09:00,쿠팡,33000원,paid
O102110,2026-01-15 13:00:00+09:00,네이버페이,19800원,paid
O102111,,Npay,8900원,paid
O102112,2026/01/11 10:00 PM,Npay,"₩33,000",paid
O102113,2026-01-15 14:00:00+09:00,Npay,33000원,paid
O102114,2026-01-05 11:00:00+09:00,기타,"₩8,900",paid
O102115,2026-01-25 09:00:00+09:00,Npay,19800원,paid
O102116,2026-01-02 14:00:00+09:00,네이버페이,"₩19,800",paid
O102117,2026-01-07 14:00:00+09:00,coupang,"₩19,800",paid
O102118,2026-01-25 06:00:00+09:00,기타,"₩33,000",paid
O102119,2026-01-13 23:00:00+09:00,coupang,45000원,paid
O102120,2026-01-11 00:00:00+09:00,Npay,12900원,paid
O102121,2026-01-19 12:00:00+09:00,Npay,"₩33,000",paid
O102122,2026-01-13 09:00:00+09:00,coupang,"-₩45,000(환불)",refund
O102123,2026-01-02 11:00:00+09:00,네이버페이,19800원,paid
O102124,2026-01-04 11:00:00+09:00,Npay,12900원,paid
O102125,2026-01-19 19:00:00+09:00,쿠팡,"₩19,800",paid
O102126,2026-01-17 00:00:00+09:00,coupang,"₩45,000",paid
O102127,,Npay,"₩45,000",paid
O102128,2026-01-16 15:00:00+09:00,네이버페이,"₩45,000",paid
O102129,2026-01-29 12:00:00+09:00,네이버페이,8900원,paid
O102130,2026-01-16 01:00:00+09:00,Npay,"₩33,000",paid
O102131,,coupang,45000원,paid
O102132,2026/01/06 08:00 PM,네이버페이,45000원,paid
O102133,2026-01-05 21:00:00+09:00,네이버페이,45000원,paid
O102134,2026-01-12 12:00:00+09:00,쿠팡,"₩8,900",paid
O102135,2026-01-10 03:00:00+09:00,기타,"-₩8,900(환불)",refund
O102136,2026-01-02 01:00:00+09:00,Npay,"₩33,000",paid
O102137,2026-01-22 16:00:00+09:00,coupang,8900원,paid
O102138,2026-01-01 09:00:00+09:00,쿠팡,45000원,paid
O102139,2026-01-16 17:00:00+09:00,기타,33000원,paid
O102140,2026-01-27 08:00:00+09:00,쿠팡,33000원,paid
O102141,2026-01-27 12:00:00+09:00,Npay,"₩19,800",paid
O102142,2026-01-29 09:00:00+09:00,coupang,"-₩12,900(환불)",refund
O102143,2026-01-25 07:00:00+09:00,Npay,"₩12,900",paid
O102144,2026/01/07 07:00 AM,네이버페이,12900원,paid
O102145,,coupang,12900원,paid
O102146,2026-01-03 00:00:00+09:00,쿠팡,33000원,paid
O102147,2026-01-07 09:00:00+09:00,Npay,"₩8,900",paid
O102148,2026-01-13 04:00:00+09:00,쿠팡,"₩19,800",paid
O102149,2026/01/25 03:00 AM,쿠팡,"-₩45,000",cancel
O102150,2026-01-03 01:00:00+09:00,쿠팡,19800원,paid
O102151,2026-01-28 15:00:00+09:00,네이버페이,"-₩45,000(환불)",refund
O102152,2026-01-23 02:00:00+09:00,coupang,"₩33,000",paid
O102153,2026-01-26 11:00:00+09:00,Npay,"-₩19,800",cancel
O102154,2026-01-03 11:00:00+09:00,쿠팡,"-₩19,800",cancel
O102155,2026-01-07 22:00:00+09:00,coupang,19800원,paid
O102156,2026-01-09 09:00:00+09:00,쿠팡,"₩12,900",paid
O102157,2026-01-07 01:00:00+09:00,Npay,"-₩12,900(환불)",refund
O102158,2026-01-29 03:00:00+09:00,coupang,19800원,paid
O102159,2026-01-19 06:00:00+09:00,쿠팡,"₩12,900",paid
O102160,2026-01-11 01:00:00+09:00,네이버페이,"₩33,000",paid
O102161,2026-01-25 04:00:00+09:00,coupang,"₩8,900",paid
O102162,2026/01/29 02:00 PM,네이버페이,"₩8,900",paid
O102163,2026-01-24 08:00:00+09:00,쿠팡,"₩33,000",paid
O102164,2026-01-21 02:00:00+09:00,쿠팡,"-₩45,000(환불)",refund
O102165,2026/01/05 11:00 AM,쿠팡,"₩33,000",paid
O102166,2026-01-10 09:00:00+09:00,쿠팡,8900원,paid
O102167,2026/01/29 12:00 AM,coupang,"₩19,800",paid
O102168,2026-01-27 06:00:00+09:00,네이버페이,45000원,paid
O102169,2026/01/28 12:00 PM,기타,"-₩45,000(환불)",refund
O102170,2026-01-28 13:00:00+09:00,Npay,"₩19,800",paid
O102171,2026-01-18 23:00:00+09:00,coupang,"₩45,000",paid
O102172,2026-01-28 06:00:00+09:00,쿠팡,8900원,paid
O102173,2026-01-18 10:00:00+09:00,네이버페이,"₩8,900",paid
O102174,2026-01-19 22:00:00+09:00,쿠팡,"₩45,000",paid
O102175,2026-01-07 15:00:00+09:00,네이버페이,12900원,paid
O102176,2026-01-22 18:00:00+09:00,쿠팡,"₩45,000",paid
O102177,2026/01/28 01:00 AM,쿠팡,8900원,paid
O102178,2026/01/25 01:00 PM,쿠팡,33000원,paid
O102179,2026-01-04 04:00:00+09:00,Npay,"₩19,800",paid
O102180,2026-01-22 04:00:00+09:00,Npay,"-₩12,900(환불)",refund
O102181,2026-01-19 08:00:00+09:00,기타,"₩19,800",paid
O102182,2026-01-11 13:00:00+09:00,coupang,"₩12,900",paid
O102183,,coupang,45000원,paid
O102184,2026-01-11 22:00:00+09:00,네이버페이,"₩45,000",paid
O102185,2026-01-25 20:00:00+09:00,쿠팡,33000원,paid
O102186,2026-01-28 09:00:00+09:00,네이버페이,45000원,paid
O102187,2026-01-24 01:00:00+09:00,쿠팡,"₩8,900",paid
O102188,2026-01-16 13:00:00+09:00,coupang,8900원,paid
O102189,2026-01-27 12:00:00+09:00,기타,45000원,paid
O102190,2026-01-07 22:00:00+09:00,기타,"₩33,000",paid
O102191,2026-01-20 02:00:00+09:00,네이버페이,33000원,paid
O102192,2026-01-12 15:00:00+09:00,기타,"₩45,000",paid
O102193,2026-01-30 03:00:00+09:00,Npay,33000원,paid
O102194,2026-01-13 13:00:00+09:00,쿠팡,"₩8,900",paid
O102195,2026/01/23 02:00 AM,네이버페이,"₩45,000",paid
O102196,2026-01-25 03:00:00+09:00,coupang,"₩12,900",paid
O102197,2026/01/10 01:00 AM,coupang,"₩33,000",paid
O102198,2026-01-05 05:00:00+09:00,coupang,12900원,paid
O102199,2026/01/24 01:00 AM,네이버페이,"-₩45,000(환불)",refund
O102200,2026/01/12 11:00 PM,쿠팡,45000원,paid
O102201,2026/01/07 10:00 PM,기타,"-₩12,900",cancel
O102202,2026-01-26 20:00:00+09:00,coupang,"₩19,800",paid
O102203,2026-01-02 11:00:00+09:00,네이버페이,"₩8,900",paid
O102204,2026-01-15 16:00:00+09:00,Npay,8900원,paid
O102205,2026/01/29 03:00 AM,네이버페이,19800원,paid
O102206,2026-01-04 00:00:00+09:00,쿠팡,45000원,paid
O102207,2026-01-27 23:00:00+09:00,네이버페이,45000원,paid
O102208,2026-01-15 16:00:00+09:00,네이버페이,19800원,paid
O102209,2026-01-03 21:00:00+09:00,coupang,"₩12,900",paid
O102210,2026/01/18 04:00 PM,기타,"₩33,000",paid
O102211,2026-01-30 11:00:00+09:00,쿠팡,45000원,paid
O102212,2026-01-24 08:00:00+09:00,Npay,"₩19,800",paid
O102213,2026-01-27 17:00:00+09:00,기타,33000원,paid
O102214,2026-01-22 12:00:00+09:00,네이버페이,"₩12,900",paid
O102215,2026-01-18 19:00:00+09:00,coupang,33000원,paid
O102216,2026-01-23 10:00:00+09:00,네이버페이,"₩19,800",paid
O102217,2026/01/07 03:00 PM,Npay,"₩12,900",paid
O102218,2026-01-07 04:00:00+09:00,Npay,12900원,paid
O102219,2026-01-10 13:00:00+09:00,coupang,45000원,paid
O102220,2026-01-30 15:00:00+09:00,쿠팡,"₩12,900",paid
O102221,2026-01-24 09:00:00+09:00,쿠팡,"₩45,000",paid
O102222,2026-01-03 18:00:00+09:00,네이버페이,19800원,paid
O102223,2026-01-16 20:00:00+09:00,쿠팡,"₩12,900",paid
O102224,2026-01-03 09:00:00+09:00,네이버페이,"-₩8,900(환불)",refund
O102225,2026-01-11 18:00:00+09:00,쿠팡,"-₩19,800(환불)",refund
O102226,2026-01-15 05:00:00+09:00,기타,"₩19,800",paid
O102227,2026-01-06 09:00:00+09:00,coupang,"₩8,900",paid
O102228,,네이버페이,19800원,paid
O102229,2026-01-26 13:00:00+09:00,coupang,"₩45,000",paid
O102230,2026-01-09 16:00:00+09:00,네이버페이,12900원,paid
O102231,2026-01-15 17:00:00+09:00,네이버페이,12900원,paid
O102232,2026-01-20 14:00:00+09:00,coupang,33000원,paid
O102233,2026-01-05 19:00:00+09:00,coupang,45000원,paid
O102234,2026-01-11 23:00:00+09:00,Npay,"₩19,800",paid
O102235,,coupang,"₩45,000",paid
O102236,2026-01-19 09:00:00+09:00,네이버페이,8900원,paid
O102237,2026-01-23 19:00:00+09:00,Npay,"₩8,900",paid
O102238,2026-01-19 20:00:00+09:00,네이버페이,33000원,paid
O102239,,Npay,"₩12,900",paid
O102240,2026-01-12 22:00:00+09:00,네이버페이,12900원,paid
O102241,2026-01-13 14:00:00+09:00,쿠팡,"₩8,900",paid
O102242,2026-01-13 22:00:00+09:00,coupang,19800원,paid
O102243,2026-01-09 15:00:00+09:00,쿠팡,"-₩12,900(환불)",refund
O102244,2026-01-26 17:00:00+09:00,네이버페이,"₩45,000",paid
O102245,2026-01-19 13:00:00+09:00,네이버페이,"₩19,800",paid
O102246,,네이버페이,"-₩45,000(환불)",refund
O102247,,coupang,"₩12,900",paid
O102248,,네이버페이,"₩8,900",paid
O102249,2026-01-01 11:00:00+09:00,기타,45000원,paid
O102249,2026/01/28 08:00 AM,coupang,12900원,paid
O102251,2026/01/17 03:00 PM,네이버페이,"₩19,800",paid
O102252,2026-01-27 23:00:00+09:00,쿠팡,"-₩33,000(환불)",refund
O102253,2026/01/22 10:00 AM,네이버페이,"₩45,000",paid
O102254,2026/01/28 07:00 AM,쿠팡,"₩8,900",paid
O102255,2026/01/23 01:00 PM,네이버페이,12900원,paid
O102256,2026-01-10 20:00:00+09:00,네이버페이,"₩45,000",paid
O102257,2026-01-12 14:00:00+09:00,Npay,"₩45,000",paid
O102258,,네이버페이,"₩12,900",paid
O102259,2026-01-27 02:00:00+09:00,coupang,8900원,paid
O102260,2026-01-05 07:00:00+09:00,coupang,8900원,paid
O102261,,네이버페이,"₩8,900",paid
O102262,2026-01-22 12:00:00+09:00,쿠팡,19800원,paid
O102263,2026/01/11 07:00 AM,쿠팡,12900원,paid
O102264,,Npay,"-₩33,000(환불)",refund
O102265,,기타,"₩8,900",paid
O102266,2026-01-27 08:00:00+09:00,네이버페이,"-₩12,900(환불)",refund
O102267,2026/01/12 09:00 PM,네이버페이,12900원,paid
O102268,2026-01-07 04:00:00+09:00,쿠팡,45000원,paid
O102269,,Npay,8900원,paid
O102270,,네이버페이,"₩45,000",paid
O102271,,네이버페이,"₩33,000",paid
O102272,,coupang,45000원,paid
O102273,,coupang,8900원,paid
O102274,2026-01-23 21:00:00+09:00,Npay,"₩33,000",paid
O102275,2026-01-21 19:00:00+09:00,네이버페이,8900원,paid
O102276,2026-01-22 04:00:00+09:00,Npay,19800원,paid
O102277,2026/01/28 05:00 AM,네이버페이,33000원,paid
O102278,2026-01-21 00:00:00+09:00,네이버페이,"₩19,800",paid
O102279,2026-01-28 14:00:00+09:00,기타,33000원,paid
O102280,2026-01-05 17:00:00+09:00,기타,"₩19,800",paid
O102281,2026/01/25 01:00 AM,coupang,"₩19,800",paid
O102282,2026-01-16 00:00:00+09:00,네이버페이,"₩33,000",paid
O102283,,coupang,8900원,paid
O102284,2026-01-19 16:00:00+09:00,네이버페이,"₩33,000",paid
O102285,2026-01-08 11:00:00+09:00,기타,33000원,paid
O102286,2026-01-30 05:00:00+09:00,coupang,"₩45,000",paid
O102287,2026-01-17 22:00:00+09:00,네이버페이,"₩8,900",paid
O102288,2026-01-28 17:00:00+09:00,쿠팡,"-₩19,800(환불)",refund
O102289,2026/01/09 03:00 AM,coupang,"₩8,900",paid
O102290,2026-01-20 09:00:00+09:00,기타,12900원,paid
O102291,2026/01/13 10:00 PM,coupang,45000원,paid
O102292,2026-01-11 21:00:00+09:00,Npay,"₩33,000",paid
O102293,2026-01-18 10:00:00+09:00,Npay,33000원,paid
O102294,2026-01-17 21:00:00+09:00,네이버페이,12900원,paid
O102295,2026-01-06 22:00:00+09:00,네이버페이,19800원,paid
O102296,2026-01-15 05:00:00+09:00,coupang,"₩8,900",paid
O102297,2026-01-14 03:00:00+09:00,쿠팡,"₩45,000",paid
O102298,2026/01/05 04:00 AM,Npay,12900원,paid
O102299,2026-01-11 03:00:00+09:00,쿠팡,"₩12,900",paid
O102300,2026-01-21 09:00:00+09:00,Npay,"₩12,900",paid
O102301,2026-01-01 11:00:00+09:00,네이버페이,"₩45,000",paid
O102302,2026/01/10 10:00 PM,Npay,45000원,paid
O102303,2026-01-24 08:00:00+09:00,네이버페이,45000원,paid
O102304,2026/01/02 05:00 PM,네이버페이,8900원,paid
O102305,2026-01-29 05:00:00+09:00,Npay,19800원,paid
O102306,2026-01-25 17:00:00+09:00,coupang,19800원,paid
O102307,2026-01-18 20:00:00+09:00,네이버페이,"₩19,800",paid
O102308,2026-01-07 13:00:00+09:00,기타,33000원,paid
O102309,2026-01-09 23:00:00+09:00,네이버페이,"₩12,900",paid
O102310,2026-01-28 21:00:00+09:00,coupang,"₩33,000",paid
O102311,2026-01-20 05:00:00+09:00,쿠팡,"₩8,900",paid
O102312,2026-01-06 13:00:00+09:00,coupang,45000원,paid
O102313,2026/01/03 06:00 PM,coupang,19800원,paid
O102314,2026-01-01 06:00:00+09:00,네이버페이,"-₩45,000(환불)",refund
O102315,2026-01-22 21:00:00+09:00,쿠팡,"₩8,900",paid
O102316,2026-01-04 00:00:00+09:00,Npay,"₩8,900",paid
O102317,2026-01-17 14:00:00+09:00,쿠팡,33000원,paid
O102318,2026-01-17 20:00:00+09:00,coupang,8900원,paid
O102319,2026/01/29 02:00 AM,Npay,"₩19,800",paid
O102320,2026-01-25 01:00:00+09:00,쿠팡,"₩12,900",paid
O102321,2026-01-06 09:00:00+09:00,네이버페이,12900원,paid
O102322,2026-01-20 09:00:00+09:00,네이버페이,33000원,paid
O102323,2026-01-09 13:00:00+09:00,네이버페이,19800원,paid
O102324,2026/01/12 01:00 AM,coupang,45000원,paid
O102325,2026-01-23 08:00:00+09:00,쿠팡,"₩45,000",paid
O102326,2026-01-11 12:00:00+09:00,네이버페이,19800원,paid
O102327,2026-01-13 00:00:00+09:00,coupang,19800원,paid
O102328,2026/01/07 07:00 PM,coupang,8900원,paid
O102329,2026/01/04 10:00 PM,네이버페이,8900원,paid
O102330,2026-01-05 13:00:00+09:00,쿠팡,12900원,paid
O102331,2026/01/14 11:00 PM,기타,"₩19,800",paid
O102332,2026-01-10 21:00:00+09:00,네이버페이,"₩33,000",paid
O102333,2026/01/16 08:00 PM,Npay,"₩19,800",paid
O102334,2026-01-19 03:00:00+09:00,Npay,"₩33,000",paid
O102335,2026-01-21 02:00:00+09:00,Npay,"-₩8,900(환불)",refund
O102336,2026-01-02 00:00:00+09:00,coupang,"₩45,000",paid
O102337,2026-01-28 04:00:00+09:00,Npay,45000원,paid
O102338,2026-01-05 20:00:00+09:00,기타,45000원,paid
O102339,2026/01/21 01:00 AM,네이버페이,"₩19,800",paid
O102340,2026-01-17 07:00:00+09:00,쿠팡,"₩45,000",paid
O102341,2026-01-23 08:00:00+09:00,기타,33000원,paid
O102342,2026-01-04 06:00:00+09:00,coupang,8900원,paid
O102343,2026-01-25 03:00:00+09:00,기타,45000원,paid
O102344,2026-01-08 04:00:00+09:00,기타,"-₩12,900",cancel
O102345,2026-01-01 11:00:00+09:00,네이버페이,45000원,paid
O102346,2026-01-06 07:00:00+09:00,기타,12900원,paid
O102347,2026-01-26 07:00:00+09:00,네이버페이,8900원,paid
O102348,2026-01-04 19:00:00+09:00,쿠팡,8900원,paid
O102349,2026-01-28 04:00:00+09:00,쿠팡,33000원,paid
O102350,2026-01-23 14:00:00+09:00,쿠팡,"₩45,000",paid
O102351,2026-01-23 03:00:00+09:00,쿠팡,12900원,paid
O102352,2026-01-28 09:00:00+09:00,네이버페이,12900원,paid
O102353,2026-01-19 14:00:00+09:00,기타,"₩33,000",paid
O102354,2026-01-17 05:00:00+09:00,쿠팡,"₩33,000",paid
O102355,2026-01-28 23:00:00+09:00,Npay,"₩12,900",paid
O102356,2026-01-02 18:00:00+09:00,Npay,"₩8,900",paid
O102357,2026-01-11 13:00:00+09:00,Npay,8900원,paid
O102358,2026-01-06 09:00:00+09:00,Npay,"₩8,900",paid
O102359,2026-01-03 11:00:00+09:00,네이버페이,45000원,paid
O102360,2026-01-28 14:00:00+09:00,Npay,19800원,paid
O102361,2026-01-20 10:00:00+09:00,기타,19800원,paid
O102362,,네이버페이,"₩45,000",paid
O102363,2026-01-22 12:00:00+09:00,기타,"-₩19,800(환불)",refund
O102364,2026-01-20 10:00:00+09:00,네이버페이,33000원,paid
O102365,2026/01/15 08:00 AM,네이버페이,"₩12,900",paid
O102366,2026-01-27 17:00:00+09:00,네이버페이,12900원,paid
O102367,2026/01/16 09:00 PM,coupang,"₩8,900",paid
O102368,2026/01/29 05:00 PM,Npay,"₩45,000",paid
O102369,2026-01-11 12:00:00+09:00,네이버페이,33000원,paid
O102370,,쿠팡,19800원,paid
O102371,2026-01-20 06:00:00+09:00,Npay,"₩8,900",paid
O102372,2026-01-20 00:00:00+09:00,coupang,8900원,paid
O102373,2026-01-04 10:00:00+09:00,기타,"₩45,000",paid
O102374,,쿠팡,33000원,paid
O102375,2026-01-07 04:00:00+09:00,coupang,19800원,paid
O102376,2026-01-14 16:00:00+09:00,쿠팡,"-₩8,900(환불)",refund
O102377,2026-01-07 11:00:00+09:00,네이버페이,19800원,paid
O102378,2026-01-08 21:00:00+09:00,네이버페이,45000원,paid
O102379,2026-01-21 13:00:00+09:00,Npay,19800원,paid
O102380,2026/01/11 10:00 PM,쿠팡,45000원,paid
O102381,2026-01-04 07:00:00+09:00,Npay,33000원,paid
O102382,2026/01/17 03:00 PM,기타,"₩8,900",paid
O102383,2026-01-26 08:00:00+09:00,Npay,19800원,paid
O102384,2026/01/11 07:00 PM,기타,33000원,paid
O102385,,coupang,19800원,paid
O102386,2026-01-23 23:00:00+09:00,네이버페이,"-₩33,000(환불)",refund
O102387,2026-01-05 04:00:00+09:00,기타,"₩19,800",paid
O102388,2026/01/15 10:00 PM,쿠팡,"₩45,000",paid
O102389,2026-01-16 19:00:00+09:00,기타,"₩45,000",paid
O102390,2026-01-10 04:00:00+09:00,Npay,33000원,paid
O102391,2026-01-18 11:00:00+09:00,coupang,"₩33,000",paid
O102392,2026/01/06 03:00 AM,기타,"₩8,900",paid
O102393,2026-01-18 13:00:00+09:00,coupang,19800원,paid
O102394,2026-01-10 14:00:00+09:00,Npay,12900원,paid
O102395,2026-01-29 17:00:00+09:00,쿠팡,"₩45,000",paid
O102396,2026/01/03 02:00 PM,쿠팡,12900원,paid
O102397,2026-01-21 04:00:00+09:00,coupang,33000원,paid
O102398,2026/01/27 03:00 AM,coupang,33000원,paid
O102399,2026-01-30 06:00:00+09:00,Npay,"₩33,000",paid
O102400,2026-01-24 21:00:00+09:00,기타,19800원,paid
O102401,2026-01-21 02:00:00+09:00,coupang,12900원,paid
O102402,2026-01-22 14:00:00+09:00,네이버페이,19800원,paid
O102403,,coupang,12900원,paid
O102404,2026-01-04 19:00:00+09:00,Npay,"₩12,900",paid
O102405,2026-01-22 21:00:00+09:00,coupang,33000원,paid
O102406,2026-01-19 22:00:00+09:00,coupang,19800원,paid
O102407,2026/01/25 09:00 PM,기타,"₩19,800",paid
O102408,2026-01-27 20:00:00+09:00,기타,"₩12,900",paid
O102409,2026-01-22 05:00:00+09:00,coupang,"₩19,800",paid
O102410,2026-01-08 14:00:00+09:00,coupang,19800원,paid
O102411,2026-01-17 01:00:00+09:00,Npay,"₩45,000",paid
O102412,2026/01/24 09:00 PM,기타,"₩33,000",paid
O102413,2026-01-17 20:00:00+09:00,Npay,33000원,paid
O102414,2026-01-11 05:00:00+09:00,coupang,"₩19,800",paid
O102415,2026-01-25 14:00:00+09:00,쿠팡,"-₩33,000(환불)",refund
O102416,,coupang,"₩19,800",paid
O102417,2026/01/28 01:00 AM,Npay,"₩19,800",paid
O102418,2026/01/20 02:00 PM,쿠팡,"₩12,900",paid
O102419,2026-01-18 14:00:00+09:00,coupang,"-₩33,000(환불)",refund
O102420,2026/01/03 04:00 PM,coupang,12900원,paid
O102421,2026/01/01 12:00 PM,네이버페이,"₩8,900",paid
O102422,,Npay,"₩19,800",paid
O102423,2026/01/11 01:00 AM,기타,19800원,paid
O102424,2026/01/21 12:00 PM,Npay,"-₩45,000(환불)",refund
O102425,2026-01-09 20:00:00+09:00,네이버페이,8900원,paid
O102426,2026-01-29 20:00:00+09:00,네이버페이,33000원,paid
O102427,2026/01/15 01:00 AM,쿠팡,19800원,paid
O102428,2026-01-08 04:00:00+09:00,Npay,8900원,paid
O102429,2026-01-28 23:00:00+09:00,쿠팡,33000원,paid
O102430,2026-01-07 19:00:00+09:00,Npay,"₩33,000",paid
O102431,2026-01-20 08:00:00+09:00,쿠팡,45000원,paid
O102432,2026-01-21 16:00:00+09:00,coupang,12900원,paid
O102433,2026-01-30 03:00:00+09:00,네이버페이,"₩33,000",paid
O102434,2026/01/17 10:00 AM,쿠팡,"₩45,000",paid
O102435,2026-01-30 06:00:00+09:00,기타,"₩45,000",paid
O102436,2026-01-13 19:00:00+09:00,coupang,"₩33,000",paid
O102437,2026-01-08 14:00:00+09:00,coupang,"-₩12,900(환불)",refund
O102438,2026/01/27 04:00 AM,쿠팡,"₩19,800",paid
O102439,2026-01-22 05:00:00+09:00,네이버페이,"-₩8,900(환불)",refund
O102440,2026/01/30 11:00 AM,Npay,"₩12,900",paid
O102441,2026-01-23 17:00:00+09:00,Npay,"₩19,800",paid
O102442,2026-01-24 11:00:00+09:00,쿠팡,"-₩8,900",cancel
O102443,2026/01/26 11:00 PM,Npay,"₩45,000",paid
O102444,2026-01-25 17:00:00+09:00,coupang,"₩12,900",paid
O102445,2026-01-10 10:00:00+09:00,coupang,19800원,paid
O102446,2026-01-19 03:00:00+09:00,Npay,"₩33,000",paid
O102447,2026/01/18 01:00 PM,네이버페이,12900원,paid
O102448,2026/01/24 01:00 AM,기타,"₩19,800",paid
O102449,2026/01/01 08:00 PM,쿠팡,45000원,paid
O102450,,쿠팡,33000원,paid
O102451,2026/01/17 12:00 PM,쿠팡,19800원,paid
O102452,2026-01-27 00:00:00+09:00,기타,"₩19,800",paid
O102453,2026-01-05 08:00:00+09:00,Npay,"-₩8,900(환불)",refund
O102454,2026-01-08 23:00:00+09:00,네이버페이,8900원,paid
O102455,2026-01-01 16:00:00+09:00,coupang,"₩33,000",paid
O102456,2026-01-05 23:00:00+09:00,기타,"₩19,800",paid
O102457,2026-01-17 08:00:00+09:00,네이버페이,12900원,paid
O102458,2026-01-18 16:00:00+09:00,coupang,"-₩19,800",cancel
O102459,2026-01-06 08:00:00+09:00,네이버페이,12900원,paid
O102460,2026-01-06 09:00:00+09:00,coupang,"₩33,000",paid
O102461,2026-01-24 19:00:00+09:00,네이버페이,"₩12,900",paid
O102462,,coupang,"₩12,900",paid
O102463,2026-01-02 04:00:00+09:00,쿠팡,"-₩45,000(환불)",refund
O102464,2026-01-05 00:00:00+09:00,Npay,45000원,paid
O102465,2026-01-01 09:00:00+09:00,쿠팡,45000원,paid
O102466,2026/01/11 01:00 AM,네이버페이,33000원,paid
O102467,2026-01-10 15:00:00+09:00,Npay,"₩45,000",paid
O102468,,네이버페이,"₩45,000",paid
O102469,2026-01-30 18:00:00+09:00,Npay,"₩19,800",paid
O102470,,coupang,45000원,paid
O102471,2026-01-04 06:00:00+09:00,coupang,"₩19,800",paid
O102472,2026-01-08 04:00:00+09:00,기타,33000원,paid
O102473,2026/01/20 10:00 AM,네이버페이,"₩8,900",paid
O102474,2026-01-25 04:00:00+09:00,Npay,"₩12,900",paid
O102475,2026-01-18 07:00:00+09:00,네이버페이,"₩8,900",paid
O102476,2026-01-19 16:00:00+09:00,쿠팡,"₩45,000",paid
O102477,2026-01-04 14:00:00+09:00,coupang,"₩33,000",paid
O102478,2026-01-05 04:00:00+09:00,coupang,"-₩19,800(환불)",refund
O102479,2026/01/01 07:00 AM,네이버페이,"₩19,800",paid
O102480,2026/01/09 07:00 AM,Npay,"₩8,900",paid
O102481,2026-01-22 00:00:00+09:00,coupang,33000원,paid
O102482,2026-01-04 14:00:00+09:00,쿠팡,"₩8,900",paid
O102483,2026/01/02 06:00 PM,Npay,"₩12,900",paid
O102484,2026/01/17 12:00 AM,Npay,"₩33,000",paid
O102485,2026/01/26 08:00 PM,네이버페이,19800원,paid
O102486,,coupang,45000원,paid
O102487,,기타,19800원,paid
O102488,2026-01-21 02:00:00+09:00,네이버페이,8900원,paid
O102489,2026-01-28 15:00:00+09:00,쿠팡,33000원,paid
O102490,2026-01-01 16:00:00+09:00,쿠팡,19800원,paid
O102491,2026-01-27 20:00:00+09:00,쿠팡,"₩33,000",paid
O102492,2026-01-07 03:00:00+09:00,쿠팡,19800원,paid
O102493,2026-01-12 12:00:00+09:00,기타,"₩19,800",paid
O102494,2026-01-10 15:00:00+09:00,coupang,"₩33,000",paid
O102495,2026-01-16 05:00:00+09:00,네이버페이,45000원,paid
O102496,2026-01-10 11:00:00+09:00,Npay,"-₩12,900(환불)",refund
O102497,2026-01-28 02:00:00+09:00,쿠팡,12900원,paid
O102498,2026-01-19 03:00:00+09:00,coupang,8900원,paid
O102499,2026/01/17 02:00 PM,쿠팡,12900원,paid
O102499,2026/01/09 06:00 PM,coupang,19800원,paid
O102501,2026-01-17 06:00:00+09:00,Npay,12900원,paid
O102502,2026/01/21 06:00 PM,Npay,12900원,paid
O102503,2026-01-23 11:00:00+09:00,네이버페이,33000원,paid
O102504,2026-01-24 10:00:00+09:00,coupang,19800원,paid
O102505,2026-01-21 10:00:00+09:00,Npay,45000원,paid
O102506,2026-01-19 09:00:00+09:00,기타,"₩33,000",paid
O102507,2026-01-11 20:00:00+09:00,기타,8900원,paid
O102508,,coupang,"-₩8,900(환불)",refund
O102509,2026/01/15 03:00 PM,쿠팡,"₩33,000",paid
O102510,2026-01-22 15:00:00+09:00,쿠팡,45000원,paid
O102511,2026-01-14 07:00:00+09:00,Npay,8900원,paid
O102512,2026-01-06 17:00:00+09:00,쿠팡,12900원,paid
O102513,2026-01-23 21:00:00+09:00,쿠팡,8900원,paid
O102514,2026-01-26 22:00:00+09:00,쿠팡,"₩12,900",paid
O102515,2026-01-16 07:00:00+09:00,coupang,12900원,paid
O102516,2026/01/10 03:00 AM,Npay,"₩12,900",paid
O102517,2026-01-15 00:00:00+09:00,네이버페이,"₩8,900",paid
O102518,2026-01-10 06:00:00+09:00,네이버페이,45000원,paid
O102519,2026-01-27 23:00:00+09:00,네이버페이,"₩45,000",paid
O102520,2026-01-15 23:00:00+09:00,coupang,8900원,paid
O102521,2026-01-14 16:00:00+09:00,쿠팡,33000원,paid
O102522,2026/01/20 06:00 AM,기타,"₩19,800",paid
O102523,2026-01-24 08:00:00+09:00,쿠팡,19800원,paid
O102524,2026-01-16 21:00:00+09:00,Npay,"-₩19,800(환불)",refund
O102525,2026-01-25 13:00:00+09:00,네이버페이,"-₩12,900(환불)",refund
O102526,2026-01-26 16:00:00+09:00,네이버페이,"₩33,000",paid
O102527,2026-01-08 00:00:00+09:00,네이버페이,"₩8,900",paid
O102528,2026-01-10 00:00:00+09:00,쿠팡,"₩45,000",paid
O102529,2026-01-16 17:00:00+09:00,쿠팡,"₩12,900",paid
O102530,2026-01-05 22:00:00+09:00,Npay,"₩8,900",paid
O102531,2026-01-08 21:00:00+09:00,네이버페이,19800원,paid
O102532,2026/01/16 09:00 AM,네이버페이,33000원,paid
O102533,2026-01-07 04:00:00+09:00,Npay,"₩33,000",paid
O102534,2026-01-29 03:00:00+09:00,쿠팡,"₩12,900",paid
O102535,2026-01-28 03:00:00+09:00,네이버페이,"₩45,000",paid
O102536,2026-01-21 07:00:00+09:00,기타,8900원,paid
O102537,2026-01-16 13:00:00+09:00,쿠팡,33000원,paid
O102538,2026-01-29 20:00:00+09:00,쿠팡,"₩19,800",paid
O102539,2026-01-07 15:00:00+09:00,Npay,33000원,paid
O102540,2026/01/15 02:00 PM,Npay,"₩8,900",paid
O102541,2026/01/12 11:00 PM,쿠팡,33000원,paid
O102542,2026-01-12 23:00:00+09:00,Npay,"₩45,000",paid
O102543,2026-01-10 09:00:00+09:00,쿠팡,"₩45,000",paid
O102544,2026-01-22 18:00:00+09:00,네이버페이,8900원,paid
O102545,2026-01-22 17:00:00+09:00,Npay,"₩45,000",paid
O102546,2026/01/12 08:00 AM,Npay,"₩45,000",paid
O102547,2026-01-17 17:00:00+09:00,네이버페이,"₩33,000",paid
O102548,2026-01-08 14:00:00+09:00,쿠팡,19800원,paid
O102549,2026-01-28 16:00:00+09:00,coupang,8900원,paid
O102550,2026-01-21 07:00:00+09:00,coupang,"₩33,000",paid
O102551,2026/01/06 03:00 AM,Npay,12900원,paid
O102552,2026-01-27 01:00:00+09:00,Npay,8900원,paid
O102553,2026-01-18 05:00:00+09:00,기타,"₩19,800",paid
O102554,2026-01-08 03:00:00+09:00,네이버페이,"₩19,800",paid
O102555,2026-01-12 23:00:00+09:00,쿠팡,33000원,paid
O102556,2026-01-19 02:00:00+09:00,쿠팡,"₩19,800",paid
O102557,2026-01-29 13:00:00+09:00,쿠팡,"₩19,800",paid
O102558,2026-01-05 16:00:00+09:00,Npay,"₩19,800",paid
O102559,,coupang,"₩12,900",paid
O102560,2026/01/23 03:00 PM,Npay,"₩19,800",paid
O102561,2026-01-10 05:00:00+09:00,Npay,33000원,paid
O102562,2026-01-27 06:00:00+09:00,Npay,"-₩8,900(환불)",refund
O102563,2026-01-02 14:00:00+09:00,Npay,33000원,paid
O102564,2026-01-21 16:00:00+09:00,기타,"₩12,900",paid
O102565,2026-01-10 16:00:00+09:00,Npay,8900원,paid
O102566,2026-01-23 01:00:00+09:00,네이버페이,"₩45,000",paid
O102567,2026-01-07 04:00:00+09:00,기타,8900원,paid
O102568,,쿠팡,"-₩8,900(환불)",refund
O102569,2026-01-28 12:00:00+09:00,쿠팡,"₩8,900",paid
O102570,2026-01-27 13:00:00+09:00,Npay,33000원,paid
O102571,2026-01-13 13:00:00+09:00,네이버페이,"₩33,000",paid
O102572,2026/01/15 11:00 PM,coupang,"-₩45,000(환불)",refund
O102573,2026-01-10 21:00:00+09:00,Npay,"₩19,800",paid
O102574,2026/01/27 10:00 PM,쿠팡,"₩19,800",paid
O102575,2026-01-28 14:00:00+09:00,coupang,"₩33,000",paid
O102576,2026-01-10 19:00:00+09:00,Npay,"-₩33,000(환불)",refund
O102577,,쿠팡,"₩45,000",paid
O102578,2026-01-11 15:00:00+09:00,Npay,8900원,paid
O102579,2026/01/25 09:00 PM,Npay,"₩8,900",paid
O102580,2026-01-28 13:00:00+09:00,쿠팡,33000원,paid
O102581,2026/01/10 06:00 PM,네이버페이,"₩33,000",paid
O102582,,Npay,12900원,paid
O102583,,네이버페이,8900원,paid
O102584,2026-01-20 09:00:00+09:00,네이버페이,"₩33,000",paid
O102585,2026-01-23 12:00:00+09:00,Npay,33000원,paid
O102586,2026-01-09 20:00:00+09:00,coupang,"₩12,900",paid
O102587,,네이버페이,"₩8,900",paid
O102588,2026/01/19 03:00 AM,Npay,19800원,paid
O102589,2026-01-12 18:00:00+09:00,네이버페이,12900원,paid
O102590,2026/01/24 09:00 AM,coupang,33000원,paid
O102591,,네이버페이,"-₩45,000(환불)",refund
O102592,2026/01/20 06:00 AM,네이버페이,"-₩45,000",cancel
O102593,2026-01-17 22:00:00+09:00,쿠팡,"₩33,000",paid
O102594,2026-01-04 15:00:00+09:00,네이버페이,"₩33,000",paid
O102595,2026-01-02 19:00:00+09:00,쿠팡,45000원,paid
O102596,2026-01-20 04:00:00+09:00,Npay,33000원,paid
O102597,2026-01-12 13:00:00+09:00,네이버페이,"₩12,900",paid
O102598,,coupang,8900원,paid
O102599,2026-01-18 12:00:00+09:00,네이버페이,19800원,paid
O102600,2026-01-30 04:00:00+09:00,기타,"₩12,900",paid
O102601,2026-01-15 16:00:00+09:00,Npay,8900원,paid
O102602,2026-01-29 23:00:00+09:00,쿠팡,"₩19,800",paid
O102603,2026-01-22 10:00:00+09:00,Npay,"₩12,900",paid
O102604,2026-01-30 06:00:00+09:00,coupang,"₩8,900",paid
O102605,2026-01-27 05:00:00+09:00,coupang,12900원,paid
O102606,2026-01-01 18:00:00+09:00,Npay,"-₩8,900(환불)",refund
O102607,2026-01-01 22:00:00+09:00,쿠팡,"-₩12,900",cancel
O102608,2026-01-18 04:00:00+09:00,네이버페이,"₩8,900",paid
O102609,2026-01-02 05:00:00+09:00,coupang,"₩33,000",paid
O102610,2026-01-05 11:00:00+09:00,네이버페이,"-₩45,000(환불)",refund
O102611,,coupang,"₩8,900",paid
O102612,2026-01-12 16:00:00+09:00,네이버페이,"₩33,000",paid
O102613,2026-01-06 07:00:00+09:00,Npay,8900원,paid
O102614,2026-01-10 12:00:00+09:00,기타,"-₩33,000(환불)",refund
O102615,2026/01/05 02:00 PM,coupang,"-₩45,000(환불)",refund
O102616,2026-01-06 15:00:00+09:00,쿠팡,"₩45,000",paid
O102617,,Npay,"-₩8,900(환불)",refund
O102618,2026-01-08 17:00:00+09:00,coupang,19800원,paid
O102619,2026-01-28 07:00:00+09:00,coupang,8900원,paid
O102620,,네이버페이,"₩12,900",paid
O102621,2026-01-06 08:00:00+09:00,쿠팡,45000원,paid
O102622,2026-01-11 20:00:00+09:00,쿠팡,"₩12,900",paid
O102623,2026-01-22 10:00:00+09:00,네이버페이,"₩45,000",paid
O102624,2026-01-19 16:00:00+09:00,Npay,"-₩45,000(환불)",refund
O102625,2026-01-05 07:00:00+09:00,Npay,45000원,paid
O102626,2026/01/21 02:00 AM,coupang,12900원,paid
O102627,2026-01-10 07:00:00+09:00,쿠팡,33000원,paid
O102628,2026/01/21 10:00 AM,coupang,12900원,paid
O102629,2026-01-20 16:00:00+09:00,Npay,33000원,paid
O102630,2026-01-01 09:00:00+09:00,쿠팡,"₩8,900",paid
O102631,2026-01-17 20:00:00+09:00,Npay,33000원,paid
O102632,2026-01-13 13:00:00+09:00,기타,"₩8,900",paid
O102633,2026-01-10 14:00:00+09:00,coupang,19800원,paid
O102634,2026-01-03 17:00:00+09:00,Npay,33000원,paid
O102635,2026-01-05 15:00:00+09:00,쿠팡,"₩45,000",paid
O102636,,coupang,12900원,paid
O102637,2026/01/17 08:00 AM,Npay,"₩33,000",paid
O102638,2026-01-21 19:00:00+09:00,네이버페이,"₩8,900",paid
O102639,2026-01-25 21:00:00+09:00,기타,"-₩33,000",cancel
O102640,2026-01-10 17:00:00+09:00,네이버페이,19800원,paid
O102641,2026-01-26 01:00:00+09:00,Npay,"-₩12,900(환불)",refund
O102642,2026-01-14 01:00:00+09:00,쿠팡,"₩12,900",paid
O102643,2026-01-24 13:00:00+09:00,기타,"₩45,000",paid
O102644,2026-01-01 11:00:00+09:00,Npay,"₩45,000",paid
O102645,2026/01/09 04:00 PM,coupang,"-₩8,900(환불)",refund
O102646,2026-01-01 13:00:00+09:00,coupang,"₩8,900",paid
O102647,2026/01/27 08:00 AM,네이버페이,"-₩33,000",cancel
O102648,2026-01-18 09:00:00+09:00,기타,"₩33,000",paid
O102649,2026-01-19 04:00:00+09:00,네이버페이,"₩45,000",paid
O102650,2026-01-16 16:00:00+09:00,기타,33000원,paid
O102651,2026/01/01 07:00 PM,네이버페이,12900원,paid
O102652,2026-01-25 10:00:00+09:00,네이버페이,45000원,paid
O102653,2026-01-03 21:00:00+09:00,Npay,12900원,paid
O102654,,Npay,"₩8,900",paid
O102655,2026-01-05 04:00:00+09:00,쿠팡,"₩19,800",paid
O102656,2026/01/30 01:00 AM,네이버페이,"₩45,000",paid
O102657,2026-01-06 11:00:00+09:00,쿠팡,"₩8,900",paid
O102658,2026-01-26 22:00:00+09:00,네이버페이,45000원,paid
O102659,2026-01-16 20:00:00+09:00,Npay,19800원,paid
O102660,2026-01-06 11:00:00+09:00,네이버페이,"₩12,900",paid
O102661,2026-01-01 19:00:00+09:00,쿠팡,"₩45,000",paid
O102662,2026-01-23 07:00:00+09:00,쿠팡,"₩45,000",paid
O102663,2026-01-10 10:00:00+09:00,네이버페이,"₩8,900",paid
O102664,2026/01/07 09:00 AM,쿠팡,"₩12,900",paid
O102665,2026-01-20 12:00:00+09:00,Npay,8900원,paid
O102666,2026-01-17 20:00:00+09:00,coupang,12900원,paid
O102667,2026-01-09 09:00:00+09:00,coupang,"₩45,000",paid
O102668,2026-01-02 13:00:00+09:00,Npay,"₩19,800",paid
O102669,2026-01-08 19:00:00+09:00,coupang,"₩12,900",paid
O102670,2026-01-03 08:00:00+09:00,coupang,"₩45,000",paid
O102671,2026-01-01 19:00:00+09:00,coupang,45000원,paid
O102672,,기타,12900원,paid
O102673,2026-01-05 22:00:00+09:00,coupang,"₩12,900",paid
O102674,2026-01-25 06:00:00+09:00,기타,19800원,paid
O102675,2026-01-22 11:00:00+09:00,coupang,"₩8,900",paid
O102676,2026-01-10 04:00:00+09:00,네이버페이,"-₩19,800(환불)",refund
O102677,2026/01/22 09:00 PM,네이버페이,12900원,paid
O102678,2026-01-22 10:00:00+09:00,coupang,"₩19,800",paid
O102679,2026-01-14 23:00:00+09:00,기타,45000원,paid
O102680,2026-01-30 01:00:00+09:00,쿠팡,33000원,paid
O102681,2026-01-03 06:00:00+09:00,Npay,"₩12,900",paid
O102682,2026/01/21 07:00 PM,Npay,"₩19,800",paid
O102683,2026-01-23 07:00:00+09:00,쿠팡,"₩45,000",paid
O102684,2026-01-07 17:00:00+09:00,네이버페이,"₩45,000",paid
O102685,2026/01/28 09:00 PM,Npay,"₩8,900",paid
O102686,2026-01-25 17:00:00+09:00,쿠팡,"₩8,900",paid
O102687,2026-01-07 14:00:00+09:00,coupang,"₩19,800",paid
O102688,,coupang,"₩8,900",paid
O102689,2026-01-03 11:00:00+09:00,네이버페이,12900원,paid
O102690,2026-01-14 06:00:00+09:00,Npay,33000원,paid
O102691,2026/01/09 06:00 PM,coupang,45000원,paid
O102692,2026-01-17 21:00:00+09:00,네이버페이,"₩8,900",paid
O102693,2026-01-28 15:00:00+09:00,coupang,"-₩8,900",cancel
O102694,2026-01-05 12:00:00+09:00,coupang,8900원,paid
O102695,2026-01-04 03:00:00+09:00,Npay,"₩33,000",paid
O102696,2026-01-23 13:00:00+09:00,네이버페이,"₩45,000",paid
O102697,2026-01-14 01:00:00+09:00,쿠팡,12900원,paid
O102698,2026-01-05 20:00:00+09:00,Npay,"₩19,800",paid
O102699,2026-01-30 07:00:00+09:00,Npay,12900원,paid
O102700,2026/01/01 06:00 PM,쿠팡,33000원,paid
O102701,2026-01-18 23:00:00+09:00,기타,"₩8,900",paid
O102702,2026/01/29 12:00 PM,네이버페이,"₩12,900",paid
O102703,2026/01/15 01:00 PM,coupang,"₩8,900",paid
O102704,,coupang,"₩33,000",paid
O102705,2026-01-05 16:00:00+09:00,Npay,"₩12,900",paid
O102706,,Npay,19800원,paid
O102707,2026-01-21 00:00:00+09:00,네이버페이,"₩19,800",paid
O102708,2026-01-07 01:00:00+09:00,네이버페이,12900원,paid
O102709,2026/01/27 03:00 AM,Npay,33000원,paid
O102710,2026-01-05 16:00:00+09:00,coupang,33000원,paid
O102711,2026-01-20 19:00:00+09:00,쿠팡,8900원,paid
O102712,2026/01/13 02:00 PM,네이버페이,19800원,paid
O102713,2026-01-05 21:00:00+09:00,Npay,"₩45,000",paid
O102714,2026-01-07 16:00:00+09:00,기타,"-₩12,900",cancel
O102715,2026-01-17 16:00:00+09:00,쿠팡,"₩19,800",paid
O102716,2026-01-09 05:00:00+09:00,coupang,"₩8,900",paid
O102717,2026/01/11 07:00 PM,기타,8900원,paid
O102718,2026-01-28 11:00:00+09:00,쿠팡,"₩45,000",paid
O102719,2026/01/02 10:00 PM,쿠팡,"₩12,900",paid
O102720,2026/01/17 02:00 PM,coupang,12900원,paid
O102721,2026-01-30 13:00:00+09:00,쿠팡,19800원,paid
O102722,,Npay,19800원,paid
O102723,,coupang,12900원,paid
O102724,2026/01/06 03:00 AM,coupang,"₩19,800",paid
O102725,,네이버페이,45000원,paid
O102726,2026-01-06 16:00:00+09:00,네이버페이,"₩19,800",paid
O102727,2026-01-26 01:00:00+09:00,네이버페이,"₩8,900",paid
O102728,2026-01-17 15:00:00+09:00,coupang,"₩33,000",paid
O102729,2026-01-22 00:00:00+09:00,Npay,"₩33,000",paid
O102730,2026-01-21 19:00:00+09:00,기타,"-₩12,900(환불)",refund
O102731,2026-01-24 20:00:00+09:00,쿠팡,12900원,paid
O102732,2026-01-06 17:00:00+09:00,coupang,"₩19,800",paid
O102733,2026-01-03 01:00:00+09:00,coupang,12900원,paid
O102734,2026-01-26 18:00:00+09:00,네이버페이,"-₩45,000(환불)",refund
O102735,2026-01-27 00:00:00+09:00,쿠팡,19800원,paid
O102736,2026-01-11 13:00:00+09:00,쿠팡,"₩8,900",paid
O102737,2026-01-27 05:00:00+09:00,coupang,45000원,paid
O102738,2026-01-30 13:00:00+09:00,네이버페이,"₩19,800",paid
O102739,2026-01-24 10:00:00+09:00,쿠팡,"₩8,900",paid
O102740,2026-01-18 17:00:00+09:00,네이버페이,"₩33,000",paid
O102741,2026-01-23 18:00:00+09:00,coupang,"₩19,800",paid
O102742,2026-01-13 13:00:00+09:00,coupang,"₩12,900",paid
O102743,,Npay,12900원,paid
O102744,2026-01-15 12:00:00+09:00,coupang,"₩33,000",paid
O102745,2026-01-03 00:00:00+09:00,coupang,"₩19,800",paid
O102746,2026-01-04 01:00:00+09:00,Npay,8900원,paid
O102747,2026-01-30 07:00:00+09:00,네이버페이,8900원,paid
O102748,2026/01/11 08:00 PM,네이버페이,"₩33,000",paid
O102749,2026-01-15 19:00:00+09:00,기타,19800원,paid
O102749,2026-01-25 05:00:00+09:00,네이버페이,12900원,paid
O102751,2026-01-26 01:00:00+09:00,쿠팡,33000원,paid
O102752,2026-01-11 19:00:00+09:00,Npay,"₩19,800",paid
O102753,2026-01-27 13:00:00+09:00,기타,33000원,paid
O102754,2026-01-13 06:00:00+09:00,쿠팡,"₩19,800",paid
O102755,2026-01-27 16:00:00+09:00,coupang,"₩19,800",paid
O102756,2026-01-14 00:00:00+09:00,Npay,12900원,paid
O102757,,네이버페이,"₩45,000",paid
O102758,2026-01-08 13:00:00+09:00,네이버페이,"₩12,900",paid
O102759,2026/01/29 01:00 PM,네이버페이,45000원,paid
O102760,2026-01-16 03:00:00+09:00,기타,"₩8,900",paid
O102761,,네이버페이,19800원,paid
O102762,,네이버페이,12900원,paid
O102763,2026/01/23 02:00 PM,쿠팡,"₩12,900",paid
O102764,,Npay,45000원,paid
O102765,2026-01-28 15:00:00+09:00,기타,"₩12,900",paid
O102766,2026-01-23 19:00:00+09:00,coupang,"₩19,800",paid
O102767,2026-01-17 23:00:00+09:00,기타,"₩45,000",paid
O102768,,Npay,45000원,paid
O102769,2026-01-18 05:00:00+09:00,coupang,33000원,paid
O102770,2026/01/15 05:00 AM,쿠팡,"₩12,900",paid
O102771,2026/01/10 03:00 AM,쿠팡,"₩12,900",paid
O102772,2026/01/07 06:00 PM,쿠팡,12900원,paid
O102773,2026-01-10 03:00:00+09:00,Npay,8900원,paid
O102774,2026/01/12 05:00 AM,coupang,"₩12,900",paid
O102775,2026-01-27 07:00:00+09:00,기타,45000원,paid
O102776,2026-01-17 15:00:00+09:00,coupang,33000원,paid
O102777,2026-01-08 13:00:00+09:00,Npay,"₩19,800",paid
O102778,2026-01-26 17:00:00+09:00,coupang,"₩33,000",paid
O102779,2026-01-09 12:00:00+09:00,네이버페이,45000원,paid
O102780,2026-01-25 05:00:00+09:00,Npay,"₩12,900",paid
O102781,2026-01-24 03:00:00+09:00,coupang,45000원,paid
O102782,2026-01-10 11:00:00+09:00,coupang,45000원,paid
O102783,2026-01-29 23:00:00+09:00,coupang,45000원,paid
O102784,2026/01/26 06:00 PM,네이버페이,45000원,paid
O102785,,쿠팡,12900원,paid
O102786,2026-01-11 09:00:00+09:00,쿠팡,"₩45,000",paid
O102787,2026-01-19 08:00:00+09:00,기타,12900원,paid
O102788,,기타,"₩12,900",paid
O102789,2026/01/09 03:00 AM,네이버페이,"-₩45,000(환불)",refund
O102790,2026-01-29 17:00:00+09:00,쿠팡,"₩45,000",paid
O102791,2026-01-22 14:00:00+09:00,네이버페이,8900원,paid
O102792,2026/01/03 09:00 PM,네이버페이,"₩8,900",paid
O102793,2026-01-27 14:00:00+09:00,Npay,8900원,paid
O102794,2026-01-17 14:00:00+09:00,네이버페이,12900원,paid
O102795,,네이버페이,"₩33,000",paid
O102796,2026-01-09 10:00:00+09:00,Npay,"₩45,000",paid
O102797,2026/01/07 03:00 AM,쿠팡,"₩12,900",paid
O102798,2026-01-20 15:00:00+09:00,기타,"₩12,900",paid
O102799,2026-01-28 06:00:00+09:00,coupang,19800원,paid
O102800,2026-01-09 06:00:00+09:00,쿠팡,12900원,paid
O102801,2026/01/18 05:00 PM,Npay,"₩33,000",paid
O102802,2026/01/28 05:00 PM,coupang,"₩19,800",paid
O102803,,네이버페이,"₩33,000",paid
O102804,2026/01/06 09:00 PM,Npay,12900원,paid
O102805,2026-01-14 00:00:00+09:00,네이버페이,"₩8,900",paid
O102806,2026-01-07 20:00:00+09:00,쿠팡,45000원,paid
O102807,2026-01-14 01:00:00+09:00,Npay,8900원,paid
O102808,2026-01-01 20:00:00+09:00,쿠팡,8900원,paid
O102809,2026-01-04 09:00:00+09:00,네이버페이,"₩12,900",paid
O102810,2026-01-25 04:00:00+09:00,네이버페이,33000원,paid
O102811,2026-01-06 10:00:00+09:00,쿠팡,45000원,paid
O102812,2026-01-25 22:00:00+09:00,기타,"₩12,900",paid
O102813,2026-01-13 16:00:00+09:00,네이버페이,8900원,paid
O102814,2026-01-16 10:00:00+09:00,coupang,12900원,paid
O102815,2026-01-16 23:00:00+09:00,coupang,"₩45,000",paid
O102816,2026/01/19 12:00 PM,네이버페이,45000원,paid
O102817,2026-01-18 16:00:00+09:00,네이버페이,"₩33,000",paid
O102818,2026-01-07 16:00:00+09:00,쿠팡,19800원,paid
O102819,,쿠팡,"₩33,000",paid
O102820,2026-01-27 04:00:00+09:00,쿠팡,12900원,paid
O102821,2026-01-30 11:00:00+09:00,쿠팡,"-₩45,000(환불)",refund
O102822,2026-01-21 09:00:00+09:00,Npay,"₩12,900",paid
O102823,2026/01/14 02:00 PM,Npay,"-₩19,800(환불)",refund
O102824,2026/01/25 09:00 PM,coupang,"-₩12,900(환불)",refund
O102825,2026/01/13 12:00 AM,coupang,8900원,paid
O102826,2026-01-25 16:00:00+09:00,Npay,"₩45,000",paid
O102827,,coupang,"₩12,900",paid
O102828,2026-01-24 20:00:00+09:00,네이버페이,8900원,paid
O102829,,네이버페이,8900원,paid
O102830,2026-01-15 17:00:00+09:00,네이버페이,"₩19,800",paid
O102831,,쿠팡,"-₩12,900",cancel
O102832,2026-01-02 18:00:00+09:00,기타,"₩12,900",paid
O102833,2026-01-29 08:00:00+09:00,쿠팡,45000원,paid
O102834,2026-01-18 14:00:00+09:00,쿠팡,"₩12,900",paid
O102835,,기타,45000원,paid
O102836,2026-01-08 08:00:00+09:00,기타,"₩19,800",paid
O102837,2026/01/23 12:00 AM,기타,19800원,paid
O102838,2026-01-26 09:00:00+09:00,coupang,"₩19,800",paid
O102839,2026-01-21 13:00:00+09:00,기타,19800원,paid
O102840,2026-01-09 05:00:00+09:00,네이버페이,"₩12,900",paid
O102841,2026-01-26 09:00:00+09:00,Npay,8900원,paid
O102842,,네이버페이,45000원,paid
O102843,2026/01/22 12:00 PM,Npay,8900원,paid
O102844,2026-01-22 09:00:00+09:00,쿠팡,33000원,paid
O102845,2026-01-01 21:00:00+09:00,Npay,33000원,paid
O102846,2026-01-05 15:00:00+09:00,Npay,33000원,paid
O102847,2026-01-03 08:00:00+09:00,기타,12900원,paid
O102848,2026-01-03 17:00:00+09:00,Npay,19800원,paid
O102849,2026-01-05 01:00:00+09:00,쿠팡,19800원,paid
O102850,2026-01-06 23:00:00+09:00,Npay,45000원,paid
O102851,2026-01-19 02:00:00+09:00,네이버페이,8900원,paid
O102852,2026-01-27 12:00:00+09:00,쿠팡,"₩33,000",paid
O102853,2026-01-29 06:00:00+09:00,쿠팡,"₩12,900",paid
O102854,2026-01-04 13:00:00+09:00,coupang,"-₩33,000(환불)",refund
O102855,2026-01-25 11:00:00+09:00,기타,8900원,paid
O102856,2026/01/15 07:00 AM,coupang,19800원,paid
O102857,2026-01-13 05:00:00+09:00,Npay,"₩45,000",paid
O102858,2026/01/24 06:00 PM,네이버페이,"₩33,000",paid
O102859,2026-01-28 01:00:00+09:00,쿠팡,"₩45,000",paid
O102860,2026-01-26 10:00:00+09:00,쿠팡,"₩12,900",paid
O102861,2026-01-30 07:00:00+09:00,네이버페이,"₩8,900",paid
O102862,2026-01-11 02:00:00+09:00,쿠팡,12900원,paid
O102863,2026-01-24 08:00:00+09:00,Npay,"-₩8,900(환불)",refund
O102864,2026-01-02 07:00:00+09:00,Npay,"₩8,900",paid
O102865,2026-01-17 06:00:00+09:00,쿠팡,"₩33,000",paid
O102866,2026-01-12 12:00:00+09:00,coupang,"₩45,000",paid
O102867,2026-01-23 03:00:00+09:00,쿠팡,"₩12,900",paid
O102868,,기타,12900원,paid
O102869,2026/01/16 10:00 PM,coupang,12900원,paid
O102870,2026-01-03 19:00:00+09:00,coupang,12900원,paid
O102871,2026-01-09 21:00:00+09:00,네이버페이,"₩12,900",paid
O102872,2026-01-28 06:00:00+09:00,쿠팡,"₩8,900",paid
O102873,2026-01-16 15:00:00+09:00,기타,"₩33,000",paid
O102874,2026-01-09 20:00:00+09:00,coupang,45000원,paid
O102875,2026-01-04 06:00:00+09:00,쿠팡,"₩33,000",paid
O102876,2026-01-27 03:00:00+09:00,네이버페이,8900원,paid
O102877,,coupang,"₩45,000",paid
O102878,2026-01-16 20:00:00+09:00,coupang,19800원,paid
O102879,2026-01-29 07:00:00+09:00,coupang,33000원,paid
O102880,2026-01-03 09:00:00+09:00,쿠팡,"₩12,900",paid
O102881,2026-01-02 01:00:00+09:00,쿠팡,"₩45,000",paid
O102882,2026-01-19 14:00:00+09:00,Npay,33000원,paid
O102883,2026-01-03 17:00:00+09:00,Npay,19800원,paid
O102884,,네이버페이,"₩33,000",paid
O102885,2026-01-02 19:00:00+09:00,기타,"-₩8,900(환불)",refund
O102886,2026-01-05 00:00:00+09:00,coupang,"₩8,900",paid
O102887,2026-01-24 01:00:00+09:00,기타,12900원,paid
O102888,2026-01-10 10:00:00+09:00,기타,"₩12,900",paid
O102889,2026-01-29 06:00:00+09:00,Npay,"₩19,800",paid
O102890,2026-01-19 03:00:00+09:00,Npay,"₩45,000",paid
O102891,2026/01/26 12:00 AM,기타,33000원,paid
O102892,2026-01-16 18:00:00+09:00,쿠팡,"₩33,000",paid
O102893,2026/01/08 09:00 AM,쿠팡,"₩33,000",paid
O102894,2026-01-18 18:00:00+09:00,기타,"-₩33,000",cancel
O102895,2026/01/30 12:00 PM,Npay,33000원,paid
O102896,2026/01/13 06:00 PM,네이버페이,"₩12,900",paid
O102897,2026-01-21 23:00:00+09:00,Npay,"₩33,000",paid
O102898,2026/01/12 03:00 AM,Npay,33000원,paid
O102899,2026/01/25 09:00 AM,coupang,"₩45,000",paid
O102900,2026/01/01 07:00 AM,coupang,"-₩12,900(환불)",refund
O102901,2026-01-22 03:00:00+09:00,기타,19800원,paid
O102902,2026-01-20 19:00:00+09:00,쿠팡,"₩45,000",paid
O102903,2026-01-13 08:00:00+09:00,쿠팡,33000원,paid
O102904,2026/01/07 07:00 PM,coupang,45000원,paid
O102905,2026-01-21 04:00:00+09:00,네이버페이,"₩8,900",paid
O102906,,네이버페이,"₩33,000",paid
O102907,2026-01-03 23:00:00+09:00,기타,8900원,paid
O102908,2026-01-24 14:00:00+09:00,쿠팡,12900원,paid
O102909,2026-01-24 06:00:00+09:00,coupang,"₩33,000",paid
O102910,,기타,"₩8,900",paid
O102911,2026-01-05 07:00:00+09:00,coupang,12900원,paid
O102912,2026-01-09 17:00:00+09:00,coupang,12900원,paid
O102913,2026-01-24 01:00:00+09:00,네이버페이,12900원,paid
O102914,2026/01/20 11:00 AM,coupang,12900원,paid
O102915,2026-01-19 21:00:00+09:00,coupang,19800원,paid
O102916,2026-01-12 03:00:00+09:00,coupang,"₩45,000",paid
O102917,2026-01-17 01:00:00+09:00,쿠팡,45000원,paid
O102918,2026-01-17 02:00:00+09:00,네이버페이,"₩19,800",paid
O102919,2026-01-11 18:00:00+09:00,네이버페이,19800원,paid
O102920,2026-01-12 18:00:00+09:00,coupang,"₩33,000",paid
O102921,2026-01-27 01:00:00+09:00,Npay,45000원,paid
O102922,2026/01/02 03:00 PM,Npay,8900원,paid
O102923,2026/01/21 05:00 AM,기타,"₩12,900",paid
O102924,2026-01-10 03:00:00+09:00,Npay,"₩8,900",paid
O102925,2026/01/06 08:00 AM,Npay,"₩19,800",paid
O102926,2026-01-22 15:00:00+09:00,기타,19800원,paid
O102927,2026-01-26 12:00:00+09:00,coupang,33000원,paid
O102928,2026-01-29 15:00:00+09:00,Npay,"-₩33,000(환불)",refund
O102929,2026-01-26 18:00:00+09:00,쿠팡,12900원,paid
O102930,2026-01-26 12:00:00+09:00,coupang,12900원,paid
O102931,2026-01-11 19:00:00+09:00,coupang,"₩12,900",paid
O102932,2026-01-16 05:00:00+09:00,Npay,"-₩33,000(환불)",refund
O102933,2026-01-23 15:00:00+09:00,coupang,8900원,paid
O102934,2026/01/28 12:00 AM,Npay,"₩8,900",paid
O102935,2026-01-22 19:00:00+09:00,Npay,33000원,paid
O102936,2026-01-01 15:00:00+09:00,Npay,"₩33,000",paid
O102937,2026/01/06 08:00 AM,기타,19800원,paid
O102938,2026-01-24 22:00:00+09:00,네이버페이,"₩12,900",paid
O102939,,네이버페이,33000원,paid
O102940,,네이버페이,"₩45,000",paid
O102941,2026-01-28 21:00:00+09:00,기타,"₩12,900",paid
O102942,2026-01-12 04:00:00+09:00,Npay,"₩33,000",paid
O102943,2026-01-07 17:00:00+09:00,네이버페이,8900원,paid
O102944,2026-01-11 19:00:00+09:00,coupang,"₩8,900",paid
O102945,2026-01-05 05:00:00+09:00,네이버페이,"₩19,800",paid
O102946,2026-01-22 01:00:00+09:00,Npay,"₩19,800",paid
O102947,2026-01-24 18:00:00+09:00,Npay,8900원,paid
O102948,2026-01-11 06:00:00+09:00,coupang,"₩8,900",paid
O102949,2026/01/27 03:00 PM,coupang,8900원,paid
O102950,2026-01-23 08:00:00+09:00,Npay,"₩8,900",paid
O102951,2026-01-06 10:00:00+09:00,coupang,"₩19,800",paid
O102952,2026-01-15 16:00:00+09:00,쿠팡,"₩19,800",paid
O102953,2026-01-09 03:00:00+09:00,coupang,"₩19,800",paid
O102954,2026-01-28 17:00:00+09:00,coupang,"₩12,900",paid
O102955,2026-01-16 21:00:00+09:00,Npay,19800원,paid
O102956,2026-01-27 20:00:00+09:00,네이버페이,33000원,paid
O102957,2026-01-10 10:00:00+09:00,쿠팡,"₩12,900",paid
O102958,2026-01-30 04:00:00+09:00,쿠팡,"-₩12,900(환불)",refund
O102959,2026/01/20 07:00 PM,기타,"₩19,800",paid
O102960,2026-01-20 20:00:00+09:00,네이버페이,"₩45,000",paid
O102961,2026-01-12 00:00:00+09:00,coupang,8900원,paid
O102962,2026-01-16 11:00:00+09:00,기타,"-₩33,000(환불)",refund
O102963,,Npay,45000원,paid
O102964,2026/01/19 01:00 AM,네이버페이,"₩8,900",paid
O102965,2026-01-27 21:00:00+09:00,Npay,"₩19,800",paid
O102966,2026-01-09 18:00:00+09:00,쿠팡,19800원,paid
O102967,2026-01-24 19:00:00+09:00,쿠팡,"₩8,900",paid
O102968,2026-01-16 16:00:00+09:00,쿠팡,"₩12,900",paid
O102969,2026-01-17 10:00:00+09:00,기타,"₩45,000",paid
O102970,2026-01-19 17:00:00+09:00,쿠팡,"₩12,900",paid
O102971,2026/01/16 03:00 AM,Npay,"-₩8,900(환불)",refund
O102972,2026-01-20 00:00:00+09:00,네이버페이,"₩33,000",paid
O102973,2026/01/10 09:00 AM,coupang,8900원,paid
O102974,2026-01-06 10:00:00+09:00,네이버페이,"₩8,900",paid
O102975,2026-01-25 11:00:00+09:00,쿠팡,8900원,paid
O102976,2026-01-20 19:00:00+09:00,Npay,33000원,paid
O102977,2026-01-12 12:00:00+09:00,쿠팡,"₩19,800",paid
O102978,2026-01-07 11:00:00+09:00,Npay,45000원,paid
O102979,2026-01-10 01:00:00+09:00,네이버페이,33000원,paid
O102980,2026-01-08 21:00:00+09:00,Npay,33000원,paid
O102981,2026/01/18 08:00 AM,쿠팡,8900원,paid
O102982,2026/01/29 02:00 AM,Npay,19800원,paid
O102983,2026-01-29 19:00:00+09:00,coupang,33000원,paid
O102984,2026-01-23 17:00:00+09:00,Npay,19800원,paid
O102985,2026-01-02 16:00:00+09:00,coupang,33000원,paid
O102986,2026-01-13 18:00:00+09:00,기타,"₩45,000",paid
O102987,2026/01/15 01:00 AM,Npay,19800원,paid
O102988,2026-01-14 01:00:00+09:00,네이버페이,"₩8,900",paid
O102989,2026-01-04 02:00:00+09:00,coupang,19800원,paid
O102990,2026-01-12 14:00:00+09:00,쿠팡,19800원,paid
O102991,2026-01-08 07:00:00+09:00,쿠팡,19800원,paid
O102992,2026/01/28 01:00 PM,네이버페이,"₩8,900",paid
O102993,2026/01/12 08:00 AM,쿠팡,19800원,paid
O102994,2026/01/26 07:00 PM,coupang,12900원,paid
O102995,2026-01-28 02:00:00+09:00,Npay,"₩12,900",paid
O102996,2026/01/13 12:00 AM,네이버페이,19800원,paid
O102997,2026-01-12 07:00:00+09:00,coupang,19800원,paid
O102998,2026-01-03 17:00:00+09:00,네이버페이,33000원,paid
O102999,2026-01-21 02:00:00+09:00,Npay,45000원,paid
O102999,2026-01-11 07:00:00+09:00,쿠팡,45000원,paid
O103001,2026-01-07 11:00:00+09:00,네이버페이,12900원,paid
O103002,2026-01-02 22:00:00+09:00,coupang,"₩33,000",paid
O103003,2026-01-19 21:00:00+09:00,네이버페이,8900원,paid
O103004,2026-01-09 08:00:00+09:00,Npay,"-₩12,900",cancel
O103005,2026-01-28 11:00:00+09:00,Npay,"₩8,900",paid
O103006,2026-01-06 03:00:00+09:00,기타,"₩33,000",paid
O103007,2026-01-01 00:00:00+09:00,기타,"₩12,900",paid
O103008,2026/01/27 03:00 PM,coupang,"-₩12,900(환불)",refund
O103009,2026-01-08 22:00:00+09:00,네이버페이,8900원,paid
O103010,2026/01/25 02:00 AM,네이버페이,"₩8,900",paid
O103011,2026-01-22 11:00:00+09:00,쿠팡,33000원,paid
O103012,2026-01-19 09:00:00+09:00,네이버페이,"₩33,000",paid
O103013,2026-01-06 22:00:00+09:00,쿠팡,"₩33,000",paid
O103014,2026-01-08 22:00:00+09:00,Npay,8900원,paid
O103015,2026-01-23 04:00:00+09:00,Npay,"₩12,900",paid
O103016,2026-01-10 10:00:00+09:00,쿠팡,19800원,paid
O103017,2026/01/14 12:00 AM,Npay,19800원,paid
O103018,2026-01-27 04:00:00+09:00,Npay,45000원,paid
O103019,2026-01-13 13:00:00+09:00,coupang,"₩12,900",paid
O103020,2026-01-28 05:00:00+09:00,coupang,"₩19,800",paid
O103021,2026/01/20 03:00 AM,coupang,8900원,paid
O103022,2026-01-17 16:00:00+09:00,네이버페이,"₩19,800",paid
O103023,2026/01/23 10:00 PM,쿠팡,33000원,paid
O103024,2026-01-17 08:00:00+09:00,Npay,"-₩12,900",cancel
O103025,2026-01-09 14:00:00+09:00,기타,"₩19,800",paid
O103026,2026-01-09 17:00:00+09:00,Npay,"₩12,900",paid
O103027,2026/01/05 06:00 PM,Npay,19800원,paid
O103028,2026-01-27 21:00:00+09:00,쿠팡,"₩12,900",paid
O103029,2026/01/11 10:00 AM,Npay,"₩45,000",paid
O103030,2026-01-10 02:00:00+09:00,기타,33000원,paid
O103031,2026-01-17 22:00:00+09:00,네이버페이,"₩33,000",paid
O103032,2026/01/19 10:00 AM,Npay,45000원,paid
O103033,2026-01-26 02:00:00+09:00,네이버페이,12900원,paid
O103034,2026-01-15 17:00:00+09:00,네이버페이,"₩12,900",paid
O103035,2026-01-24 05:00:00+09:00,Npay,33000원,paid
O103036,2026-01-23 21:00:00+09:00,쿠팡,12900원,paid
O103037,2026-01-06 21:00:00+09:00,기타,8900원,paid
O103038,2026-01-26 11:00:00+09:00,네이버페이,45000원,paid
O103039,2026-01-21 20:00:00+09:00,Npay,"₩8,900",paid
O103040,2026/01/30 05:00 AM,Npay,"-₩33,000",cancel
O103041,2026-01-23 18:00:00+09:00,네이버페이,"₩12,900",paid
O103042,2026-01-28 10:00:00+09:00,네이버페이,"₩45,000",paid
O103043,2026-01-23 13:00:00+09:00,Npay,"₩33,000",paid
O103044,2026-01-22 02:00:00+09:00,Npay,33000원,paid
O103045,2026-01-25 19:00:00+09:00,쿠팡,"₩33,000",paid
O103046,2026-01-12 16:00:00+09:00,coupang,"₩8,900",paid
O103047,2026/01/18 03:00 PM,Npay,33000원,paid
O103048,2026/01/12 05:00 AM,coupang,"₩45,000",paid
O103049,2026-01-07 09:00:00+09:00,Npay,33000원,paid
O103050,,Npay,"-₩8,900(환불)",refund
O103051,2026-01-28 13:00:00+09:00,Npay,"-₩12,900(환불)",refund
O103052,2026-01-04 10:00:00+09:00,네이버페이,33000원,paid
O103053,2026-01-26 21:00:00+09:00,네이버페이,12900원,paid
O103054,2026-01-18 17:00:00+09:00,네이버페이,"₩19,800",paid
O103055,2026-01-12 10:00:00+09:00,쿠팡,"₩33,000",paid
O103056,2026/01/30 04:00 PM,coupang,"₩8,900",paid
O103057,,네이버페이,"₩33,000",paid
O103058,2026-01-08 04:00:00+09:00,네이버페이,19800원,paid
O103059,2026-01-14 14:00:00+09:00,네이버페이,"₩33,000",paid
O103060,2026-01-30 21:00:00+09:00,coupang,8900원,paid
O103061,2026-01-03 14:00:00+09:00,쿠팡,"₩33,000",paid
O103062,2026-01-04 00:00:00+09:00,Npay,"₩33,000",paid
O103063,2026-01-27 11:00:00+09:00,네이버페이,"₩33,000",paid
O103064,2026-01-16 14:00:00+09:00,쿠팡,"₩8,900",paid
O103065,2026-01-27 08:00:00+09:00,쿠팡,"₩33,000",paid
O103066,2026/01/22 03:00 AM,Npay,"-₩12,900",cancel
O103067,2026-01-17 13:00:00+09:00,Npay,"₩45,000",paid
O103068,2026-01-05 23:00:00+09:00,Npay,19800원,paid
O103069,2026-01-19 04:00:00+09:00,쿠팡,8900원,paid
O103070,,coupang,19800원,paid
O103071,2026-01-20 08:00:00+09:00,쿠팡,8900원,paid
O103072,2026-01-12 21:00:00+09:00,네이버페이,"₩45,000",paid
O103073,2026-01-12 00:00:00+09:00,네이버페이,"₩8,900",paid
O103074,2026-01-14 07:00:00+09:00,쿠팡,"₩33,000",paid
O103075,2026/01/29 12:00 AM,coupang,"₩45,000",paid
O103076,2026-01-16 15:00:00+09:00,쿠팡,"₩45,000",paid
O103077,2026-01-04 16:00:00+09:00,Npay,"₩45,000",paid
O103078,2026-01-28 05:00:00+09:00,coupang,8900원,paid
O103079,2026-01-09 10:00:00+09:00,기타,"-₩12,900",cancel
O103080,2026-01-14 21:00:00+09:00,네이버페이,33000원,paid
O103081,2026/01/10 05:00 AM,쿠팡,8900원,paid
O103082,2026-01-02 16:00:00+09:00,coupang,12900원,paid
O103083,2026/01/30 11:00 AM,쿠팡,"₩33,000",paid
O103084,,쿠팡,33000원,paid
O103085,2026-01-22 09:00:00+09:00,Npay,"-₩19,800(환불)",refund
O103086,2026/01/27 12:00 PM,Npay,"₩8,900",paid
O103087,2026/01/26 09:00 PM,기타,8900원,paid
O103088,2026-01-25 21:00:00+09:00,기타,19800원,paid
O103089,2026-01-27 07:00:00+09:00,Npay,"-₩12,900",cancel
O103090,2026-01-06 06:00:00+09:00,쿠팡,"₩45,000",paid
O103091,2026-01-11 14:00:00+09:00,쿠팡,45000원,paid
O103092,2026-01-29 22:00:00+09:00,Npay,8900원,paid
O103093,2026-01-01 15:00:00+09:00,네이버페이,"₩45,000",paid
O103094,,쿠팡,12900원,paid
O103095,2026-01-03 13:00:00+09:00,네이버페이,19800원,paid
O103096,2026-01-18 23:00:00+09:00,coupang,19800원,paid
O103097,,네이버페이,8900원,paid
O103098,2026-01-12 03:00:00+09:00,기타,8900원,paid
O103099,2026-01-02 10:00:00+09:00,coupang,"₩33,000",paid
O103100,2026-01-24 23:00:00+09:00,쿠팡,"₩8,900",paid
O103101,2026-01-21 13:00:00+09:00,쿠팡,19800원,paid
O103102,,기타,"₩45,000",paid
O103103,2026-01-20 12:00:00+09:00,coupang,45000원,paid
O103104,2026-01-28 12:00:00+09:00,네이버페이,12900원,paid
O103105,2026-01-14 12:00:00+09:00,coupang,"₩45,000",paid
O103106,2026-01-13 15:00:00+09:00,coupang,33000원,paid
O103107,2026-01-12 11:00:00+09:00,쿠팡,"₩33,000",paid
O103108,2026/01/29 11:00 AM,쿠팡,8900원,paid
O103109,2026-01-09 08:00:00+09:00,쿠팡,"₩8,900",paid
O103110,2026-01-19 12:00:00+09:00,네이버페이,12900원,paid
O103111,2026-01-14 11:00:00+09:00,coupang,12900원,paid
O103112,2026-01-02 10:00:00+09:00,네이버페이,"₩19,800",paid
O103113,2026-01-21 01:00:00+09:00,기타,"₩33,000",paid
O103114,2026-01-20 23:00:00+09:00,Npay,"₩33,000",paid
O103115,2026/01/03 04:00 PM,쿠팡,"₩19,800",paid
O103116,2026-01-01 07:00:00+09:00,쿠팡,"₩33,000",paid
O103117,2026-01-13 12:00:00+09:00,기타,"₩12,900",paid
O103118,2026-01-15 06:00:00+09:00,네이버페이,"₩8,900",paid
O103119,2026-01-18 22:00:00+09:00,Npay,33000원,paid
O103120,2026-01-18 15:00:00+09:00,네이버페이,33000원,paid
O103121,2026-01-14 19:00:00+09:00,coupang,"₩33,000",paid
O103122,2026-01-19 05:00:00+09:00,쿠팡,33000원,paid
O103123,2026-01-25 11:00:00+09:00,Npay,"₩33,000",paid
O103124,,Npay,"₩8,900",paid
O103125,2026-01-24 06:00:00+09:00,쿠팡,"₩33,000",paid
O103126,2026-01-22 22:00:00+09:00,coupang,33000원,paid
O103127,2026-01-28 10:00:00+09:00,쿠팡,"₩8,900",paid
O103128,2026-01-02 01:00:00+09:00,coupang,8900원,paid
O103129,2026-01-26 04:00:00+09:00,coupang,19800원,paid
O103130,2026/01/17 09:00 PM,쿠팡,8900원,paid
O103131,2026-01-10 15:00:00+09:00,coupang,45000원,paid
O103132,2026/01/23 04:00 AM,네이버페이,12900원,paid
O103133,2026-01-23 21:00:00+09:00,네이버페이,"₩12,900",paid
O103134,2026-01-22 00:00:00+09:00,Npay,"₩45,000",paid
O103135,2026-01-28 20:00:00+09:00,coupang,19800원,paid
O103136,2026/01/08 10:00 AM,쿠팡,"₩33,000",paid
O103137,2026-01-06 11:00:00+09:00,네이버페이,"₩8,900",paid
O103138,2026-01-19 22:00:00+09:00,Npay,"₩33,000",paid
O103139,2026-01-15 11:00:00+09:00,coupang,"₩8,900",paid
O103140,2026/01/23 11:00 AM,Npay,19800원,paid
O103141,2026-01-17 21:00:00+09:00,네이버페이,33000원,paid
O103142,2026-01-04 03:00:00+09:00,coupang,"₩45,000",paid
O103143,2026-01-25 02:00:00+09:00,Npay,"₩19,800",paid
O103144,2026-01-21 11:00:00+09:00,coupang,19800원,paid
O103145,2026-01-09 01:00:00+09:00,네이버페이,12900원,paid
O103146,2026-01-07 17:00:00+09:00,네이버페이,"₩33,000",paid
O103147,2026-01-15 10:00:00+09:00,네이버페이,"₩45,000",paid
O103148,2026-01-16 00:00:00+09:00,coupang,19800원,paid
O103149,2026-01-25 07:00:00+09:00,쿠팡,"₩19,800",paid
O103150,2026-01-04 14:00:00+09:00,쿠팡,"₩12,900",paid
O103151,2026-01-11 21:00:00+09:00,기타,"-₩12,900",cancel
O103152,2026-01-09 21:00:00+09:00,네이버페이,12900원,paid
O103153,2026-01-28 16:00:00+09:00,Npay,"₩33,000",paid
O103154,2026-01-24 20:00:00+09:00,네이버페이,"₩45,000",paid
O103155,2026/01/11 09:00 PM,네이버페이,"₩8,900",paid
O103156,2026-01-12 18:00:00+09:00,쿠팡,"₩8,900",paid
O103157,2026-01-27 23:00:00+09:00,Npay,33000원,paid
O103158,2026-01-20 10:00:00+09:00,기타,19800원,paid
O103159,2026-01-16 19:00:00+09:00,Npay,"₩33,000",paid
O103160,2026-01-16 01:00:00+09:00,coupang,19800원,paid
O103161,2026-01-19 16:00:00+09:00,기타,"₩45,000",paid
O103162,2026-01-19 08:00:00+09:00,Npay,"-₩45,000",cancel
O103163,2026/01/04 08:00 PM,Npay,"₩19,800",paid
O103164,2026-01-26 20:00:00+09:00,Npay,33000원,paid
O103165,2026-01-18 15:00:00+09:00,Npay,33000원,paid
O103166,2026-01-06 21:00:00+09:00,Npay,33000원,paid
O103167,2026-01-13 02:00:00+09:00,네이버페이,"₩8,900",paid
O103168,2026-01-18 23:00:00+09:00,쿠팡,"₩8,900",paid
O103169,2026-01-29 16:00:00+09:00,Npay,"-₩19,800(환불)",refund
O103170,2026-01-28 04:00:00+09:00,쿠팡,"-₩19,800(환불)",refund
O103171,2026/01/30 04:00 AM,네이버페이,45000원,paid
O103172,2026-01-03 00:00:00+09:00,기타,"₩19,800",paid
O103173,2026-01-13 13:00:00+09:00,coupang,45000원,paid
O103174,2026-01-08 21:00:00+09:00,네이버페이,"₩19,800",paid
O103175,2026-01-06 15:00:00+09:00,Npay,12900원,paid
O103176,2026/01/24 02:00 AM,기타,12900원,paid
O103177,2026-01-17 19:00:00+09:00,기타,19800원,paid
O103178,2026-01-26 01:00:00+09:00,네이버페이,19800원,paid
O103179,2026-01-15 04:00:00+09:00,coupang,12900원,paid
O103180,2026-01-30 07:00:00+09:00,쿠팡,"₩8,900",paid
O103181,2026-01-14 05:00:00+09:00,네이버페이,"₩12,900",paid
O103182,2026-01-26 17:00:00+09:00,네이버페이,8900원,paid
O103183,2026-01-16 02:00:00+09:00,쿠팡,"₩33,000",paid
O103184,2026-01-16 21:00:00+09:00,Npay,"₩33,000",paid
O103185,2026-01-10 16:00:00+09:00,쿠팡,19800원,paid
O103186,2026-01-15 07:00:00+09:00,쿠팡,8900원,paid
O103187,2026-01-23 20:00:00+09:00,Npay,45000원,paid
O103188,2026-01-24 00:00:00+09:00,기타,12900원,paid
O103189,2026-01-23 00:00:00+09:00,coupang,33000원,paid
O103190,2026/01/24 06:00 PM,coupang,33000원,paid
O103191,2026-01-08 14:00:00+09:00,네이버페이,33000원,paid
O103192,2026-01-02 16:00:00+09:00,쿠팡,"-₩33,000(환불)",refund
O103193,2026/01/23 10:00 PM,coupang,"₩45,000",paid
O103194,2026-01-17 12:00:00+09:00,쿠팡,12900원,paid
O103195,2026-01-30 07:00:00+09:00,네이버페이,12900원,paid
O103196,2026-01-21 13:00:00+09:00,네이버페이,"₩12,900",paid
O103197,2026-01-28 10:00:00+09:00,coupang,"₩45,000",paid
O103198,2026-01-14 20:00:00+09:00,coupang,12900원,paid
O103199,,쿠팡,"-₩12,900(환불)",refund
O103200,2026-01-24 05:00:00+09:00,네이버페이,19800원,paid
O103201,2026-01-24 04:00:00+09:00,Npay,33000원,paid
O103202,2026-01-01 00:00:00+09:00,기타,45000원,paid
O103203,2026/01/07 11:00 PM,쿠팡,33000원,paid
O103204,2026-01-26 19:00:00+09:00,coupang,"₩19,800",paid
O103205,2026-01-01 18:00:00+09:00,coupang,"₩8,900",paid
O103206,,Npay,"-₩12,900(환불)",refund
O103207,,네이버페이,"₩19,800",paid
O103208,2026-01-19 23:00:00+09:00,기타,45000원,paid
O103209,2026-01-05 12:00:00+09:00,네이버페이,33000원,paid
O103210,2026-01-12 03:00:00+09:00,네이버페이,8900원,paid
O103211,2026-01-19 12:00:00+09:00,네이버페이,"₩45,000",paid
O103212,2026-01-10 23:00:00+09:00,Npay,8900원,paid
O103213,2026-01-13 12:00:00+09:00,쿠팡,"-₩33,000(환불)",refund
O103214,2026-01-26 01:00:00+09:00,coupang,33000원,paid
O103215,2026/01/05 06:00 AM,쿠팡,"₩12,900",paid
O103216,,coupang,12900원,paid
O103217,2026-01-19 20:00:00+09:00,쿠팡,19800원,paid
O103218,2026-01-22 15:00:00+09:00,쿠팡,33000원,paid
O103219,2026-01-07 08:00:00+09:00,네이버페이,"₩8,900",paid
O103220,2026-01-08 05:00:00+09:00,coupang,45000원,paid
O103221,2026-01-15 06:00:00+09:00,coupang,45000원,paid
O103222,2026-01-28 21:00:00+09:00,쿠팡,"₩45,000",paid
O103223,2026/01/18 10:00 PM,Npay,19800원,paid
O103224,2026-01-29 16:00:00+09:00,쿠팡,"₩19,800",paid
O103225,2026-01-29 14:00:00+09:00,네이버페이,33000원,paid
O103226,2026-01-28 09:00:00+09:00,Npay,45000원,paid
O103227,2026-01-14 11:00:00+09:00,coupang,12900원,paid
O103228,2026/01/29 12:00 AM,coupang,"₩19,800",paid
O103229,2026-01-27 14:00:00+09:00,coupang,"₩12,900",paid
O103230,2026-01-18 11:00:00+09:00,Npay,"₩12,900",paid
O103231,2026-01-25 17:00:00+09:00,기타,8900원,paid
O103232,2026/01/21 04:00 AM,쿠팡,"₩8,900",paid
O103233,2026-01-28 10:00:00+09:00,Npay,45000원,paid
O103234,2026-01-18 03:00:00+09:00,Npay,"₩45,000",paid
O103235,2026-01-04 11:00:00+09:00,coupang,33000원,paid
O103236,2026-01-05 16:00:00+09:00,쿠팡,"₩8,900",paid
O103237,2026-01-14 19:00:00+09:00,coupang,"-₩12,900",cancel
O103238,,Npay,"₩33,000",paid
O103239,2026-01-28 06:00:00+09:00,쿠팡,"₩19,800",paid
O103240,,coupang,"₩8,900",paid
O103241,2026-01-05 08:00:00+09:00,coupang,"₩8,900",paid
O103242,2026-01-09 09:00:00+09:00,네이버페이,12900원,paid
O103243,2026-01-19 17:00:00+09:00,Npay,"₩45,000",paid
O103244,2026/01/12 01:00 AM,coupang,19800원,paid
O103245,2026/01/09 05:00 PM,쿠팡,"₩12,900",paid
O103246,2026-01-24 10:00:00+09:00,기타,"₩19,800",paid
O103247,2026-01-05 21:00:00+09:00,네이버페이,45000원,paid
O103248,,Npay,"-₩19,800(환불)",refund
O103249,2026-01-16 16:00:00+09:00,coupang,"₩45,000",paid
O103249,2026-01-23 22:00:00+09:00,쿠팡,45000원,paid
O103251,2026-01-23 11:00:00+09:00,coupang,45000원,paid
O103252,2026-01-04 11:00:00+09:00,Npay,"₩33,000",paid
O103253,2026-01-19 21:00:00+09:00,네이버페이,"₩45,000",paid
O103254,2026-01-28 18:00:00+09:00,coupang,12900원,paid
O103255,2026-01-27 04:00:00+09:00,Npay,"₩45,000",paid
O103256,2026-01-22 09:00:00+09:00,기타,"₩8,900",paid
O103257,2026-01-26 04:00:00+09:00,네이버페이,19800원,paid
O103258,2026-01-29 05:00:00+09:00,네이버페이,"₩12,900",paid
O103259,2026-01-17 02:00:00+09:00,쿠팡,45000원,paid
O103260,2026-01-15 13:00:00+09:00,쿠팡,33000원,paid
O103261,,Npay,"₩12,900",paid
O103262,2026-01-11 17:00:00+09:00,네이버페이,45000원,paid
O103263,2026-01-04 08:00:00+09:00,기타,"₩45,000",paid
O103264,2026-01-12 03:00:00+09:00,쿠팡,12900원,paid
O103265,,기타,8900원,paid
O103266,2026-01-10 18:00:00+09:00,네이버페이,45000원,paid
O103267,2026-01-13 22:00:00+09:00,coupang,"₩12,900",paid
O103268,2026/01/15 08:00 PM,쿠팡,33000원,paid
O103269,2026-01-09 20:00:00+09:00,Npay,33000원,paid
O103270,2026-01-24 21:00:00+09:00,coupang,33000원,paid
O103271,2026-01-03 00:00:00+09:00,네이버페이,"₩45,000",paid
O103272,2026-01-06 06:00:00+09:00,coupang,33000원,paid
O103273,2026-01-10 06:00:00+09:00,coupang,"₩33,000",paid
O103274,2026-01-12 14:00:00+09:00,네이버페이,33000원,paid
O103275,2026-01-17 23:00:00+09:00,쿠팡,"₩19,800",paid
O103276,2026-01-22 00:00:00+09:00,네이버페이,8900원,paid
O103277,2026/01/13 05:00 AM,Npay,19800원,paid
O103278,2026-01-12 12:00:00+09:00,기타,"₩8,900",paid
O103279,2026-01-19 05:00:00+09:00,네이버페이,"-₩8,900",cancel
O103280,2026/01/05 10:00 AM,coupang,"₩33,000",paid
O103281,2026-01-28 09:00:00+09:00,기타,"₩33,000",paid
O103282,2026-01-18 11:00:00+09:00,쿠팡,8900원,paid
O103283,2026/01/26 10:00 AM,네이버페이,33000원,paid
O103284,2026-01-18 20:00:00+09:00,coupang,"₩45,000",paid
O103285,2026-01-16 14:00:00+09:00,coupang,"-₩33,000(환불)",refund
O103286,2026/01/04 12:00 AM,Npay,19800원,paid
O103287,,기타,"-₩12,900",cancel
O103288,2026/01/02 05:00 AM,네이버페이,"₩19,800",paid
O103289,2026-01-08 19:00:00+09:00,쿠팡,"₩33,000",paid
O103290,2026-01-16 03:00:00+09:00,네이버페이,"-₩33,000(환불)",refund
O103291,2026-01-19 18:00:00+09:00,네이버페이,33000원,paid
O103292,2026-01-09 02:00:00+09:00,기타,45000원,paid
O103293,2026-01-07 11:00:00+09:00,쿠팡,"₩12,900",paid
O103294,2026-01-08 03:00:00+09:00,쿠팡,12900원,paid
O103295,2026-01-02 16:00:00+09:00,coupang,"₩45,000",paid
O103296,2026-01-03 14:00:00+09:00,coupang,8900원,paid
O103297,2026-01-01 22:00:00+09:00,coupang,45000원,paid
O103298,2026-01-15 23:00:00+09:00,Npay,8900원,paid
O103299,2026/01/04 02:00 AM,쿠팡,12900원,paid
O103300,2026/01/24 07:00 AM,coupang,"₩12,900",paid
O103301,2026/01/28 11:00 PM,Npay,"-₩12,900(환불)",refund
O103302,2026-01-05 21:00:00+09:00,네이버페이,"₩19,800",paid
O103303,,Npay,"₩12,900",paid
O103304,2026-01-16 19:00:00+09:00,쿠팡,"-₩45,000(환불)",refund
O103305,2026-01-29 06:00:00+09:00,쿠팡,"-₩19,800(환불)",refund
O103306,2026-01-13 01:00:00+09:00,기타,19800원,paid
O103307,2026-01-19 07:00:00+09:00,네이버페이,33000원,paid
O103308,2026/01/28 07:00 PM,Npay,"₩12,900",paid
O103309,,기타,8900원,paid
O103310,2026-01-09 03:00:00+09:00,기타,19800원,paid
O103311,2026-01-18 12:00:00+09:00,네이버페이,"₩33,000",paid
O103312,2026-01-24 15:00:00+09:00,기타,"₩45,000",paid
O103313,,Npay,"-₩45,000(환불)",refund
O103314,2026-01-24 06:00:00+09:00,네이버페이,"₩8,900",paid
O103315,2026-01-07 03:00:00+09:00,쿠팡,8900원,paid
O103316,2026-01-28 20:00:00+09:00,쿠팡,12900원,paid
O103317,2026-01-09 09:00:00+09:00,쿠팡,12900원,paid
O103318,2026/01/19 11:00 AM,네이버페이,33000원,paid
O103319,2026/01/18 10:00 AM,coupang,"₩19,800",paid
O103320,2026-01-18 18:00:00+09:00,쿠팡,33000원,paid
O103321,2026/01/20 10:00 PM,Npay,"₩12,900",paid
O103322,2026-01-20 18:00:00+09:00,coupang,"₩33,000",paid
O103323,2026-01-06 05:00:00+09:00,네이버페이,12900원,paid
O103324,2026/01/17 10:00 AM,쿠팡,8900원,paid
O103325,2026-01-24 23:00:00+09:00,Npay,45000원,paid
O103326,2026-01-14 12:00:00+09:00,Npay,33000원,paid
O103327,2026-01-17 07:00:00+09:00,기타,"₩33,000",paid
O103328,2026-01-29 15:00:00+09:00,Npay,"-₩33,000(환불)",refund
O103329,2026-01-27 03:00:00+09:00,네이버페이,"₩33,000",paid
O103330,2026-01-19 07:00:00+09:00,쿠팡,12900원,paid
O103331,2026-01-09 11:00:00+09:00,쿠팡,"-₩33,000(환불)",refund
O103332,2026/01/21 05:00 AM,Npay,"₩12,900",paid
O103333,2026-01-02 06:00:00+09:00,네이버페이,45000원,paid
O103334,2026-01-17 03:00:00+09:00,coupang,12900원,paid
O103335,,네이버페이,"₩19,800",paid
O103336,2026-01-19 01:00:00+09:00,기타,8900원,paid
O103337,2026-01-16 15:00:00+09:00,Npay,"₩8,900",paid
O103338,2026-01-15 07:00:00+09:00,기타,"₩8,900",paid
O103339,2026-01-19 10:00:00+09:00,coupang,"-₩45,000(환불)",refund
O103340,2026-01-25 02:00:00+09:00,coupang,"₩45,000",paid
O103341,2026/01/04 02:00 AM,Npay,"₩19,800",paid
O103342,2026-01-24 04:00:00+09:00,coupang,"-₩45,000(환불)",refund
O103343,2026-01-28 17:00:00+09:00,네이버페이,12900원,paid
O103344,2026-01-07 10:00:00+09:00,Npay,"₩45,000",paid
O103345,2026-01-18 21:00:00+09:00,Npay,"₩33,000",paid
O103346,2026-01-16 02:00:00+09:00,coupang,19800원,paid
O103347,2026-01-19 15:00:00+09:00,Npay,"₩19,800",paid
O103348,2026/01/10 05:00 PM,쿠팡,"₩8,900",paid
O103349,2026-01-24 10:00:00+09:00,네이버페이,"₩45,000",paid
O103350,2026-01-11 21:00:00+09:00,쿠팡,"₩19,800",paid
O103351,2026/01/06 04:00 AM,Npay,12900원,paid
O103352,2026-01-11 04:00:00+09:00,네이버페이,"₩8,900",paid
O103353,2026-01-23 13:00:00+09:00,coupang,"₩45,000",paid
O103354,2026-01-21 04:00:00+09:00,coupang,"₩12,900",paid
O103355,2026-01-06 01:00:00+09:00,네이버페이,"₩33,000",paid
O103356,,coupang,"₩12,900",paid
O103357,2026-01-23 20:00:00+09:00,네이버페이,"-₩12,900(환불)",refund
O103358,2026-01-08 01:00:00+09:00,Npay,"-₩45,000(환불)",refund
O103359,2026-01-06 03:00:00+09:00,기타,"₩45,000",paid
O103360,2026/01/02 10:00 AM,Npay,12900원,paid
O103361,2026-01-04 14:00:00+09:00,Npay,"₩45,000",paid
O103362,2026/01/27 09:00 PM,쿠팡,"₩45,000",paid
O103363,,Npay,45000원,paid
O103364,2026-01-09 08:00:00+09:00,coupang,8900원,paid
O103365,,쿠팡,"-₩45,000",cancel
O103366,2026-01-04 04:00:00+09:00,네이버페이,12900원,paid
O103367,2026/01/03 10:00 AM,쿠팡,45000원,paid
O103368,2026/01/18 10:00 PM,Npay,19800원,paid
O103369,2026-01-27 13:00:00+09:00,쿠팡,"₩8,900",paid
O103370,2026-01-21 19:00:00+09:00,기타,"₩19,800",paid
O103371,2026/01/05 12:00 PM,기타,"₩45,000",paid
O103372,2026/01/12 01:00 PM,쿠팡,"₩33,000",paid
O103373,2026/01/03 07:00 PM,쿠팡,33000원,paid
O103374,2026-01-03 20:00:00+09:00,네이버페이,8900원,paid
O103375,2026-01-07 20:00:00+09:00,네이버페이,33000원,paid
O103376,2026-01-21 08:00:00+09:00,네이버페이,"₩45,000",paid
O103377,2026-01-13 16:00:00+09:00,coupang,45000원,paid
O103378,2026/01/29 01:00 AM,Npay,45000원,paid
O103379,,쿠팡,8900원,paid
O103380,2026/01/16 06:00 PM,Npay,33000원,paid
O103381,2026/01/15 06:00 AM,쿠팡,"₩45,000",paid
O103382,2026-01-24 01:00:00+09:00,네이버페이,8900원,paid
O103383,2026-01-15 17:00:00+09:00,Npay,19800원,paid
O103384,2026/01/18 07:00 AM,네이버페이,45000원,paid
O103385,2026/01/05 12:00 PM,쿠팡,12900원,paid
O103386,2026/01/24 10:00 AM,Npay,"-₩8,900(환불)",refund
O103387,2026-01-21 16:00:00+09:00,쿠팡,33000원,paid
O103388,2026-01-15 04:00:00+09:00,네이버페이,33000원,paid
O103389,2026-01-16 22:00:00+09:00,기타,"₩8,900",paid
O103390,2026-01-23 04:00:00+09:00,Npay,"₩8,900",paid
O103391,2026-01-13 11:00:00+09:00,coupang,"₩12,900",paid
O103392,2026-01-06 18:00:00+09:00,쿠팡,33000원,paid
O103393,2026/01/15 10:00 PM,쿠팡,"₩12,900",paid
O103394,2026-01-21 18:00:00+09:00,쿠팡,33000원,paid
O103395,2026-01-17 00:00:00+09:00,coupang,8900원,paid
O103396,2026/01/26 03:00 AM,기타,"₩45,000",paid
O103397,2026-01-12 15:00:00+09:00,쿠팡,"₩19,800",paid
O103398,2026-01-27 12:00:00+09:00,coupang,"₩8,900",paid
O103399,2026-01-21 02:00:00+09:00,네이버페이,"₩19,800",paid
O103400,2026/01/05 02:00 PM,Npay,19800원,paid
O103401,2026/01/06 06:00 PM,네이버페이,"₩19,800",paid
O103402,2026/01/19 02:00 AM,coupang,"₩45,000",paid
O103403,,네이버페이,"₩12,900",paid
O103404,2026/01/12 08:00 AM,네이버페이,"₩33,000",paid
O103405,2026-01-05 02:00:00+09:00,coupang,"₩33,000",paid
O103406,2026-01-05 07:00:00+09:00,네이버페이,12900원,paid
O103407,2026-01-09 21:00:00+09:00,coupang,"₩45,000",paid
O103408,2026-01-28 15:00:00+09:00,Npay,12900원,paid
O103409,2026-01-07 20:00:00+09:00,coupang,12900원,paid
O103410,2026-01-22 15:00:00+09:00,쿠팡,33000원,paid
O103411,2026-01-12 19:00:00+09:00,coupang,"₩12,900",paid
O103412,2026-01-22 12:00:00+09:00,기타,33000원,paid
O103413,2026-01-28 08:00:00+09:00,기타,"-₩19,800(환불)",refund
O103414,2026-01-26 12:00:00+09:00,기타,"-₩8,900(환불)",refund
O103415,2026-01-07 19:00:00+09:00,기타,12900원,paid
O103416,2026-01-28 10:00:00+09:00,Npay,33000원,paid
O103417,2026-01-03 15:00:00+09:00,Npay,33000원,paid
O103418,2026/01/04 06:00 PM,쿠팡,"₩8,900",paid
O103419,2026-01-05 20:00:00+09:00,쿠팡,"₩33,000",paid
O103420,2026-01-12 02:00:00+09:00,Npay,"₩45,000",paid
O103421,2026-01-29 12:00:00+09:00,coupang,45000원,paid
O103422,2026/01/24 06:00 AM,Npay,"₩33,000",paid
O103423,2026/01/06 07:00 PM,coupang,45000원,paid
O103424,,기타,8900원,paid
O103425,2026-01-28 12:00:00+09:00,Npay,"₩19,800",paid
O103426,2026/01/17 10:00 AM,네이버페이,"₩45,000",paid
O103427,2026-01-21 06:00:00+09:00,네이버페이,"₩8,900",paid
O103428,2026-01-20 19:00:00+09:00,쿠팡,"₩8,900",paid
O103429,2026-01-22 12:00:00+09:00,쿠팡,45000원,paid
O103430,2026-01-08 15:00:00+09:00,Npay,"-₩19,800(환불)",refund
O103431,,coupang,"₩12,900",paid
O103432,,네이버페이,"₩19,800",paid
O103433,2026-01-22 19:00:00+09:00,쿠팡,45000원,paid
O103434,2026-01-25 05:00:00+09:00,Npay,12900원,paid
O103435,2026-01-23 00:00:00+09:00,Npay,45000원,paid
O103436,2026-01-07 02:00:00+09:00,네이버페이,8900원,paid
O103437,,네이버페이,"₩19,800",paid
O103438,2026-01-13 15:00:00+09:00,Npay,45000원,paid
O103439,2026-01-26 19:00:00+09:00,coupang,"₩12,900",paid
O103440,2026-01-25 05:00:00+09:00,Npay,45000원,paid
O103441,2026-01-29 22:00:00+09:00,쿠팡,"₩19,800",paid
O103442,2026-01-10 11:00:00+09:00,네이버페이,"₩19,800",paid
O103443,2026-01-05 05:00:00+09:00,네이버페이,"₩12,900",paid
O103444,2026-01-25 10:00:00+09:00,쿠팡,19800원,paid
O103445,2026-01-18 08:00:00+09:00,네이버페이,33000원,paid
O103446,2026-01-09 23:00:00+09:00,쿠팡,8900원,paid
O103447,2026-01-17 22:00:00+09:00,네이버페이,19800원,paid
O103448,2026-01-17 14:00:00+09:00,coupang,"₩45,000",paid
O103449,2026/01/30 06:00 PM,네이버페이,"₩19,800",paid
O103450,2026-01-30 07:00:00+09:00,쿠팡,33000원,paid
O103451,2026-01-21 18:00:00+09:00,Npay,"-₩8,900(환불)",refund
O103452,2026-01-20 08:00:00+09:00,쿠팡,33000원,paid
O103453,2026-01-29 18:00:00+09:00,쿠팡,"₩45,000",paid
O103454,2026/01/04 09:00 AM,coupang,"₩45,000",paid
O103455,2026-01-26 03:00:00+09:00,네이버페이,33000원,paid
O103456,2026-01-29 14:00:00+09:00,coupang,8900원,paid
O103457,2026/01/16 04:00 AM,Npay,"₩12,900",paid
O103458,2026/01/07 06:00 PM,Npay,"₩8,900",paid
O103459,2026-01-02 23:00:00+09:00,네이버페이,12900원,paid
O103460,2026-01-22 06:00:00+09:00,coupang,45000원,paid
O103461,2026-01-14 16:00:00+09:00,네이버페이,8900원,paid
O103462,2026-01-05 19:00:00+09:00,coupang,"₩12,900",paid
O103463,2026-01-15 00:00:00+09:00,네이버페이,33000원,paid
O103464,2026-01-07 02:00:00+09:00,네이버페이,"₩45,000",paid
O103465,2026-01-24 22:00:00+09:00,Npay,"₩33,000",paid
O103466,2026-01-14 10:00:00+09:00,coupang,"₩12,900",paid
O103467,2026-01-19 10:00:00+09:00,쿠팡,45000원,paid
O103468,2026/01/01 12:00 PM,네이버페이,45000원,paid
O103469,2026/01/21 01:00 PM,Npay,33000원,paid
O103470,2026-01-30 04:00:00+09:00,네이버페이,"₩12,900",paid
O103471,2026-01-12 22:00:00+09:00,쿠팡,"-₩45,000(환불)",refund
O103472,2026-01-30 23:00:00+09:00,Npay,45000원,paid
O103473,2026/01/05 05:00 PM,기타,"₩19,800",paid
O103474,2026-01-20 23:00:00+09:00,기타,45000원,paid
O103475,2026-01-01 21:00:00+09:00,기타,"₩12,900",paid
O103476,2026-01-15 12:00:00+09:00,Npay,45000원,paid
O103477,2026-01-29 10:00:00+09:00,coupang,12900원,paid
O103478,2026/01/24 01:00 PM,기타,"-₩8,900(환불)",refund
O103479,,Npay,12900원,paid
O103480,2026-01-06 05:00:00+09:00,Npay,"₩8,900",paid
O103481,2026-01-12 12:00:00+09:00,네이버페이,"₩33,000",paid
O103482,2026/01/09 11:00 AM,coupang,8900원,paid
O103483,,쿠팡,8900원,paid
O103484,2026/01/29 08:00 AM,coupang,33000원,paid
O103485,2026/01/28 03:00 PM,Npay,8900원,paid
O103486,2026-01-23 18:00:00+09:00,쿠팡,19800원,paid
O103487,,Npay,"₩33,000",paid
O103488,2026-01-12 21:00:00+09:00,Npay,"₩45,000",paid
O103489,2026/01/03 08:00 AM,coupang,"₩19,800",paid
O103490,2026/01/13 02:00 PM,기타,"₩8,900",paid
O103491,2026/01/07 06:00 PM,coupang,"₩45,000",paid
O103492,2026-01-01 18:00:00+09:00,쿠팡,"₩19,800",paid
O103493,2026/01/16 09:00 AM,Npay,"₩12,900",paid
O103494,2026/01/11 11:00 PM,coupang,45000원,paid
O103495,2026/01/05 04:00 PM,coupang,33000원,paid
O103496,2026/01/21 07:00 AM,네이버페이,"₩45,000",paid
O103497,2026-01-14 14:00:00+09:00,쿠팡,"₩12,900",paid
O103498,2026-01-23 13:00:00+09:00,기타,"₩33,000",paid
O103499,2026-01-27 22:00:00+09:00,Npay,"₩33,000",paid
O103499,2026/01/25 02:00 AM,coupang,19800원,paid
O103501,2026-01-03 16:00:00+09:00,coupang,8900원,paid
O103502,2026-01-13 03:00:00+09:00,네이버페이,19800원,paid
O103503,2026-01-02 00:00:00+09:00,네이버페이,12900원,paid
O103504,,네이버페이,"₩8,900",paid
O103505,2026-01-01 00:00:00+09:00,네이버페이,"₩8,900",paid
O103506,2026/01/23 08:00 PM,coupang,"₩12,900",paid
O103507,2026-01-06 20:00:00+09:00,coupang,"-₩45,000(환불)",refund
O103508,2026-01-27 23:00:00+09:00,Npay,19800원,paid
O103509,2026-01-08 19:00:00+09:00,기타,"₩12,900",paid
O103510,2026-01-06 07:00:00+09:00,기타,"-₩12,900(환불)",refund
O103511,2026-01-09 08:00:00+09:00,쿠팡,12900원,paid
O103512,2026-01-06 06:00:00+09:00,쿠팡,"-₩33,000(환불)",refund
O103513,2026/01/11 04:00 PM,Npay,19800원,paid
O103514,2026-01-29 03:00:00+09:00,기타,"₩45,000",paid
O103515,2026-01-23 18:00:00+09:00,Npay,"-₩19,800(환불)",refund
O103516,2026-01-09 01:00:00+09:00,Npay,"₩8,900",paid
O103517,2026/01/30 06:00 AM,Npay,"₩45,000",paid
O103518,2026-01-05 07:00:00+09:00,coupang,"₩12,900",paid
O103519,2026-01-23 06:00:00+09:00,네이버페이,"₩12,900",paid
O103520,2026-01-12 00:00:00+09:00,네이버페이,"₩12,900",paid
O103521,2026-01-16 23:00:00+09:00,coupang,45000원,paid
O103522,2026/01/11 07:00 PM,네이버페이,8900원,paid
O103523,2026-01-18 05:00:00+09:00,coupang,"₩8,900",paid
O103524,2026-01-15 21:00:00+09:00,Npay,19800원,paid
O103525,2026-01-04 02:00:00+09:00,coupang,"-₩8,900(환불)",refund
O103526,2026-01-15 18:00:00+09:00,쿠팡,33000원,paid
O103527,2026-01-25 07:00:00+09:00,coupang,12900원,paid
O103528,2026-01-08 19:00:00+09:00,쿠팡,33000원,paid
O103529,2026-01-29 12:00:00+09:00,coupang,"-₩19,800(환불)",refund
O103530,2026-01-13 01:00:00+09:00,쿠팡,"₩8,900",paid
O103531,2026-01-02 20:00:00+09:00,coupang,12900원,paid
O103532,2026-01-24 20:00:00+09:00,쿠팡,12900원,paid
O103533,2026-01-04 10:00:00+09:00,네이버페이,"-₩12,900",cancel
O103534,2026-01-06 02:00:00+09:00,coupang,"-₩8,900(환불)",refund
O103535,2026-01-15 21:00:00+09:00,Npay,"₩19,800",paid
O103536,2026-01-22 23:00:00+09:00,쿠팡,"-₩45,000",cancel
O103537,2026/01/03 05:00 PM,Npay,"₩12,900",paid
O103538,2026-01-28 08:00:00+09:00,coupang,"₩8,900",paid
O103539,2026-01-16 14:00:00+09:00,Npay,"₩12,900",paid
O103540,2026-01-07 17:00:00+09:00,쿠팡,45000원,paid
O103541,2026-01-16 19:00:00+09:00,Npay,"₩45,000",paid
O103542,2026-01-28 07:00:00+09:00,coupang,45000원,paid
O103543,2026-01-15 21:00:00+09:00,coupang,33000원,paid
O103544,2026-01-08 19:00:00+09:00,쿠팡,45000원,paid
O103545,2026-01-14 09:00:00+09:00,쿠팡,8900원,paid
O103546,2026-01-19 17:00:00+09:00,Npay,19800원,paid
O103547,2026-01-20 17:00:00+09:00,Npay,12900원,paid
O103548,2026-01-01 12:00:00+09:00,coupang,12900원,paid
O103549,2026-01-08 15:00:00+09:00,네이버페이,"₩33,000",paid
O103550,2026-01-05 14:00:00+09:00,네이버페이,8900원,paid
O103551,2026-01-22 03:00:00+09:00,Npay,"₩45,000",paid
O103552,2026-01-13 01:00:00+09:00,기타,"₩33,000",paid
O103553,2026-01-13 06:00:00+09:00,네이버페이,"₩45,000",paid
O103554,2026-01-19 18:00:00+09:00,Npay,"₩33,000",paid
O103555,2026-01-09 22:00:00+09:00,기타,45000원,paid
O103556,2026-01-27 07:00:00+09:00,Npay,8900원,paid
O103557,2026-01-24 14:00:00+09:00,쿠팡,19800원,paid
O103558,2026/01/02 02:00 AM,Npay,"-₩8,900(환불)",refund
O103559,2026-01-27 05:00:00+09:00,Npay,"₩45,000",paid
O103560,2026-01-10 14:00:00+09:00,coupang,"₩12,900",paid
O103561,2026/01/24 12:00 PM,Npay,45000원,paid
O103562,2026-01-14 08:00:00+09:00,기타,"₩45,000",paid
O103563,2026-01-10 16:00:00+09:00,coupang,"₩19,800",paid
O103564,2026-01-28 21:00:00+09:00,기타,"₩19,800",paid
O103565,2026-01-19 04:00:00+09:00,네이버페이,"₩33,000",paid
O103566,2026-01-23 04:00:00+09:00,네이버페이,"₩33,000",paid
O103567,2026-01-17 18:00:00+09:00,coupang,"₩12,900",paid
O103568,2026-01-03 04:00:00+09:00,coupang,"₩33,000",paid
O103569,2026-01-14 00:00:00+09:00,Npay,45000원,paid
O103570,2026-01-12 16:00:00+09:00,coupang,"₩33,000",paid
O103571,2026-01-02 06:00:00+09:00,Npay,45000원,paid
O103572,2026-01-15 00:00:00+09:00,coupang,8900원,paid
O103573,2026/01/08 02:00 PM,Npay,12900원,paid
O103574,2026-01-01 22:00:00+09:00,네이버페이,8900원,paid
O103575,2026/01/23 03:00 PM,네이버페이,"₩45,000",paid
O103576,2026/01/19 01:00 PM,coupang,8900원,paid
O103577,2026/01/04 01:00 AM,Npay,"₩19,800",paid
O103578,2026/01/01 09:00 AM,네이버페이,19800원,paid
O103579,2026-01-21 03:00:00+09:00,쿠팡,33000원,paid
O103580,2026-01-19 23:00:00+09:00,쿠팡,"-₩12,900(환불)",refund
O103581,2026-01-24 13:00:00+09:00,네이버페이,"₩8,900",paid
O103582,,네이버페이,"-₩33,000",cancel
O103583,2026-01-28 11:00:00+09:00,네이버페이,"₩33,000",paid
O103584,2026/01/07 03:00 PM,기타,"₩45,000",paid
O103585,2026-01-01 13:00:00+09:00,쿠팡,"₩33,000",paid
O103586,2026-01-08 09:00:00+09:00,네이버페이,"₩33,000",paid
O103587,2026-01-18 03:00:00+09:00,Npay,19800원,paid
O103588,2026-01-03 04:00:00+09:00,기타,45000원,paid
O103589,2026-01-17 23:00:00+09:00,Npay,"₩33,000",paid
O103590,2026/01/01 09:00 PM,기타,12900원,paid
O103591,2026-01-02 05:00:00+09:00,네이버페이,33000원,paid
O103592,2026/01/30 06:00 AM,네이버페이,12900원,paid
O103593,2026-01-11 19:00:00+09:00,쿠팡,12900원,paid
O103594,2026-01-09 12:00:00+09:00,coupang,"₩45,000",paid
O103595,2026-01-03 10:00:00+09:00,coupang,"₩33,000",paid
O103596,2026/01/20 02:00 PM,쿠팡,19800원,paid
O103597,2026-01-20 09:00:00+09:00,네이버페이,"₩45,000",paid
O103598,2026-01-01 11:00:00+09:00,Npay,19800원,paid
O103599,2026-01-27 06:00:00+09:00,네이버페이,33000원,paid
O103600,,네이버페이,33000원,paid
O103601,2026-01-15 17:00:00+09:00,coupang,"₩45,000",paid
O103602,,쿠팡,8900원,paid
O103603,2026-01-04 02:00:00+09:00,쿠팡,8900원,paid
O103604,,coupang,"₩19,800",paid
O103605,2026-01-24 08:00:00+09:00,Npay,19800원,paid
O103606,2026/01/25 02:00 PM,네이버페이,"₩45,000",paid
O103607,2026-01-19 08:00:00+09:00,coupang,8900원,paid
O103608,2026/01/11 12:00 AM,네이버페이,19800원,paid
O103609,2026-01-07 09:00:00+09:00,기타,"-₩8,900(환불)",refund
O103610,2026-01-04 23:00:00+09:00,Npay,45000원,paid
O103611,2026/01/13 05:00 AM,네이버페이,33000원,paid
O103612,2026-01-09 16:00:00+09:00,네이버페이,19800원,paid
O103613,2026-01-15 06:00:00+09:00,coupang,"₩8,900",paid
O103614,2026/01/04 03:00 PM,네이버페이,45000원,paid
O103615,2026-01-17 05:00:00+09:00,Npay,33000원,paid
O103616,2026-01-14 12:00:00+09:00,coupang,19800원,paid
O103617,2026-01-07 12:00:00+09:00,기타,19800원,paid
O103618,2026-01-28 19:00:00+09:00,기타,"₩33,000",paid
O103619,2026-01-28 02:00:00+09:00,네이버페이,45000원,paid
O103620,2026-01-27 08:00:00+09:00,네이버페이,12900원,paid
O103621,2026/01/25 12:00 AM,coupang,"₩8,900",paid
O103622,2026/01/26 06:00 PM,쿠팡,"₩8,900",paid
O103623,2026/01/28 10:00 AM,쿠팡,8900원,paid
O103624,,Npay,"₩8,900",paid
O103625,2026/01/29 01:00 AM,쿠팡,45000원,paid
O103626,2026-01-18 19:00:00+09:00,네이버페이,19800원,paid
O103627,2026-01-19 19:00:00+09:00,Npay,33000원,paid
O103628,2026/01/26 11:00 AM,쿠팡,"-₩8,900(환불)",refund
O103629,2026-01-06 20:00:00+09:00,쿠팡,"₩45,000",paid
O103630,2026-01-04 10:00:00+09:00,coupang,"-₩45,000",cancel
O103631,2026-01-08 08:00:00+09:00,Npay,45000원,paid
O103632,2026-01-09 05:00:00+09:00,Npay,45000원,paid
O103633,2026-01-26 23:00:00+09:00,네이버페이,19800원,paid
O103634,2026-01-24 15:00:00+09:00,Npay,"₩19,800",paid
O103635,2026-01-29 18:00:00+09:00,Npay,33000원,paid
O103636,2026-01-18 12:00:00+09:00,네이버페이,"₩12,900",paid
O103637,2026/01/17 04:00 PM,Npay,33000원,paid
O103638,2026-01-30 01:00:00+09:00,쿠팡,"-₩33,000",cancel
O103639,2026-01-20 14:00:00+09:00,coupang,"-₩12,900(환불)",refund
O103640,2026-01-10 01:00:00+09:00,coupang,"₩19,800",paid
O103641,,네이버페이,45000원,paid
O103642,2026/01/08 06:00 AM,쿠팡,"₩33,000",paid
O103643,2026-01-01 22:00:00+09:00,네이버페이,12900원,paid
O103644,2026-01-10 18:00:00+09:00,쿠팡,"₩8,900",paid
O103645,2026-01-01 12:00:00+09:00,네이버페이,"-₩12,900",cancel
O103646,2026/01/05 04:00 AM,쿠팡,8900원,paid
O103647,2026-01-23 07:00:00+09:00,coupang,12900원,paid
O103648,2026/01/22 06:00 PM,coupang,"₩33,000",paid
O103649,2026-01-19 19:00:00+09:00,coupang,"₩33,000",paid
O103650,2026-01-18 22:00:00+09:00,Npay,"₩8,900",paid
O103651,2026-01-26 05:00:00+09:00,Npay,"₩45,000",paid
O103652,2026-01-30 16:00:00+09:00,쿠팡,33000원,paid
O103653,2026-01-23 04:00:00+09:00,coupang,45000원,paid
O103654,2026-01-28 03:00:00+09:00,Npay,"₩19,800",paid
O103655,2026-01-13 04:00:00+09:00,쿠팡,"₩12,900",paid
O103656,2026/01/05 04:00 AM,네이버페이,12900원,paid
O103657,2026/01/21 09:00 PM,coupang,33000원,paid
O103658,,쿠팡,"-₩33,000(환불)",refund
O103659,2026/01/23 11:00 AM,쿠팡,"₩33,000",paid
O103660,2026/01/24 12:00 AM,coupang,"₩8,900",paid
O103661,2026-01-15 18:00:00+09:00,Npay,12900원,paid
O103662,2026-01-13 14:00:00+09:00,coupang,"₩33,000",paid
O103663,2026/01/21 03:00 PM,쿠팡,8900원,paid
O103664,2026/01/28 09:00 AM,쿠팡,"₩8,900",paid
O103665,2026/01/10 10:00 AM,coupang,45000원,paid
O103666,2026/01/10 07:00 PM,coupang,33000원,paid
O103667,2026-01-19 22:00:00+09:00,Npay,45000원,paid
O103668,,네이버페이,"₩45,000",paid
O103669,2026-01-09 17:00:00+09:00,쿠팡,"₩45,000",paid
O103670,2026-01-17 12:00:00+09:00,Npay,"-₩8,900(환불)",refund
O103671,2026-01-05 03:00:00+09:00,기타,"-₩12,900(환불)",refund
O103672,2026-01-02 06:00:00+09:00,네이버페이,"₩45,000",paid
O103673,2026-01-22 23:00:00+09:00,coupang,8900원,paid
O103674,2026-01-28 00:00:00+09:00,coupang,"-₩45,000",cancel
O103675,,네이버페이,"₩8,900",paid
O103676,2026-01-07 21:00:00+09:00,Npay,"₩33,000",paid
O103677,2026-01-20 02:00:00+09:00,네이버페이,33000원,paid
O103678,2026-01-05 03:00:00+09:00,네이버페이,33000원,paid
O103679,2026-01-26 20:00:00+09:00,coupang,"₩45,000",paid
O103680,2026-01-08 04:00:00+09:00,coupang,"-₩45,000",cancel
O103681,2026/01/07 05:00 PM,쿠팡,45000원,paid
O103682,2026-01-11 22:00:00+09:00,기타,"₩33,000",paid
O103683,2026-01-12 09:00:00+09:00,coupang,"₩45,000",paid
O103684,2026-01-01 02:00:00+09:00,coupang,"₩33,000",paid
O103685,2026-01-02 03:00:00+09:00,coupang,8900원,paid
O103686,2026-01-14 13:00:00+09:00,coupang,19800원,paid
O103687,2026-01-07 04:00:00+09:00,쿠팡,"-₩19,800(환불)",refund
O103688,,coupang,"₩12,900",paid
O103689,2026/01/21 07:00 AM,coupang,12900원,paid
O103690,2026/01/19 05:00 AM,네이버페이,"₩33,000",paid
O103691,2026-01-03 16:00:00+09:00,네이버페이,"₩8,900",paid
O103692,2026-01-15 19:00:00+09:00,coupang,"₩19,800",paid
O103693,2026-01-23 04:00:00+09:00,Npay,12900원,paid
O103694,2026/01/11 11:00 AM,쿠팡,12900원,paid
O103695,2026-01-10 18:00:00+09:00,쿠팡,12900원,paid
O103696,2026-01-10 10:00:00+09:00,네이버페이,45000원,paid
O103697,2026-01-22 20:00:00+09:00,Npay,19800원,paid
O103698,2026-01-14 00:00:00+09:00,네이버페이,"₩12,900",paid
O103699,2026-01-03 00:00:00+09:00,기타,33000원,paid
O103700,2026/01/05 09:00 PM,기타,19800원,paid
O103701,2026/01/03 05:00 AM,쿠팡,8900원,paid
O103702,2026-01-28 01:00:00+09:00,기타,45000원,paid
O103703,2026-01-24 12:00:00+09:00,기타,"-₩19,800(환불)",refund
O103704,2026/01/02 07:00 PM,Npay,12900원,paid
O103705,2026-01-03 04:00:00+09:00,네이버페이,12900원,paid
O103706,2026-01-25 09:00:00+09:00,기타,"₩12,900",paid
O103707,2026-01-24 05:00:00+09:00,coupang,"₩8,900",paid
O103708,2026-01-22 20:00:00+09:00,네이버페이,"-₩12,900(환불)",refund
O103709,2026-01-29 04:00:00+09:00,쿠팡,"₩19,800",paid
O103710,2026/01/05 05:00 AM,coupang,45000원,paid
O103711,2026-01-17 13:00:00+09:00,쿠팡,12900원,paid
O103712,,쿠팡,12900원,paid
O103713,2026/01/29 02:00 AM,Npay,12900원,paid
O103714,2026/01/17 02:00 AM,Npay,"₩19,800",paid
O103715,2026-01-05 14:00:00+09:00,기타,"₩33,000",paid
O103716,2026-01-26 13:00:00+09:00,Npay,"-₩8,900(환불)",refund
O103717,2026/01/01 04:00 PM,쿠팡,"₩45,000",paid
O103718,2026-01-08 13:00:00+09:00,네이버페이,"₩12,900",paid
O103719,2026/01/23 07:00 AM,Npay,45000원,paid
O103720,2026-01-23 12:00:00+09:00,네이버페이,"₩33,000",paid
O103721,2026/01/08 02:00 AM,기타,"₩33,000",paid
O103722,2026-01-18 00:00:00+09:00,쿠팡,"-₩33,000(환불)",refund
O103723,2026-01-16 17:00:00+09:00,Npay,"₩12,900",paid
O103724,2026/01/08 07:00 PM,Npay,"-₩8,900(환불)",refund
O103725,2026-01-10 13:00:00+09:00,coupang,"₩12,900",paid
O103726,2026/01/05 10:00 PM,coupang,8900원,paid
O103727,2026-01-07 11:00:00+09:00,쿠팡,"₩33,000",paid
O103728,2026-01-29 14:00:00+09:00,쿠팡,"₩12,900",paid
O103729,2026-01-20 08:00:00+09:00,네이버페이,8900원,paid
O103730,2026-01-05 07:00:00+09:00,coupang,"₩12,900",paid
O103731,2026-01-26 03:00:00+09:00,네이버페이,"₩19,800",paid
O103732,2026-01-30 01:00:00+09:00,쿠팡,8900원,paid
O103733,2026-01-21 21:00:00+09:00,네이버페이,"₩33,000",paid
O103734,,Npay,"-₩45,000(환불)",refund
O103735,2026-01-29 09:00:00+09:00,Npay,"-₩8,900",cancel
O103736,,쿠팡,12900원,paid
O103737,2026/01/08 06:00 AM,Npay,"₩19,800",paid
O103738,,쿠팡,"₩33,000",paid
O103739,2026-01-18 12:00:00+09:00,네이버페이,19800원,paid
O103740,2026/01/06 01:00 PM,네이버페이,45000원,paid
O103741,2026-01-17 06:00:00+09:00,Npay,"-₩12,900(환불)",refund
O103742,2026-01-21 20:00:00+09:00,네이버페이,19800원,paid
O103743,2026-01-28 16:00:00+09:00,네이버페이,"₩45,000",paid
O103744,2026-01-02 08:00:00+09:00,coupang,19800원,paid
O103745,2026-01-03 06:00:00+09:00,네이버페이,"-₩12,900(환불)",refund
O103746,2026-01-22 14:00:00+09:00,Npay,19800원,paid
O103747,2026-01-27 13:00:00+09:00,Npay,8900원,paid
O103748,,coupang,"₩12,900",paid
O103749,2026-01-22 23:00:00+09:00,기타,"-₩33,000(환불)",refund
O103749,2026-01-30 23:00:00+09:00,coupang,"₩33,000",paid
O103751,,Npay,8900원,paid
O103752,2026-01-16 12:00:00+09:00,coupang,"₩12,900",paid
O103753,,coupang,19800원,paid
O103754,2026-01-27 22:00:00+09:00,기타,"₩19,800",paid
O103755,2026-01-10 11:00:00+09:00,coupang,"₩33,000",paid
O103756,2026/01/26 10:00 PM,쿠팡,12900원,paid
O103757,2026/01/13 06:00 PM,쿠팡,8900원,paid
O103758,2026-01-20 00:00:00+09:00,쿠팡,"-₩8,900(환불)",refund
O103759,2026-01-07 15:00:00+09:00,기타,"₩33,000",paid
O103760,2026-01-14 18:00:00+09:00,네이버페이,"₩45,000",paid
O103761,2026/01/10 08:00 AM,coupang,8900원,paid
O103762,2026-01-21 23:00:00+09:00,네이버페이,33000원,paid
O103763,2026-01-19 23:00:00+09:00,Npay,45000원,paid
O103764,2026/01/02 08:00 PM,네이버페이,8900원,paid
O103765,2026-01-09 21:00:00+09:00,Npay,12900원,paid
O103766,2026-01-03 10:00:00+09:00,기타,45000원,paid
O103767,2026-01-27 19:00:00+09:00,coupang,12900원,paid
O103768,2026-01-26 15:00:00+09:00,네이버페이,33000원,paid
O103769,2026-01-09 02:00:00+09:00,쿠팡,"₩33,000",paid
O103770,2026-01-21 08:00:00+09:00,기타,"₩45,000",paid
O103771,2026/01/07 12:00 PM,Npay,12900원,paid
O103772,2026-01-26 09:00:00+09:00,Npay,"-₩8,900(환불)",refund
O103773,,쿠팡,"₩33,000",paid
O103774,2026-01-18 03:00:00+09:00,네이버페이,33000원,paid
O103775,2026-01-09 12:00:00+09:00,기타,12900원,paid
O103776,2026-01-04 06:00:00+09:00,coupang,"₩12,900",paid
O103777,2026-01-06 03:00:00+09:00,coupang,"₩45,000",paid
O103778,2026/01/20 02:00 PM,쿠팡,19800원,paid
O103779,2026-01-10 01:00:00+09:00,기타,19800원,paid
O103780,2026/01/22 11:00 AM,기타,8900원,paid
O103781,2026-01-26 01:00:00+09:00,네이버페이,19800원,paid
O103782,2026-01-05 07:00:00+09:00,쿠팡,19800원,paid
O103783,2026/01/17 08:00 AM,기타,"₩12,900",paid
O103784,2026-01-27 06:00:00+09:00,네이버페이,19800원,paid
O103785,2026-01-27 20:00:00+09:00,기타,19800원,paid
O103786,2026/01/26 07:00 AM,Npay,8900원,paid
O103787,2026-01-19 01:00:00+09:00,Npay,12900원,paid
O103788,,Npay,"₩19,800",paid
O103789,2026-01-06 22:00:00+09:00,Npay,"₩33,000",paid
O103790,2026-01-23 11:00:00+09:00,쿠팡,12900원,paid
O103791,2026-01-12 13:00:00+09:00,Npay,19800원,paid
O103792,2026-01-10 16:00:00+09:00,Npay,"₩45,000",paid
O103793,2026/01/23 12:00 AM,기타,33000원,paid
O103794,2026-01-24 18:00:00+09:00,Npay,12900원,paid
O103795,2026/01/04 05:00 PM,쿠팡,45000원,paid
O103796,,네이버페이,"₩19,800",paid
O103797,2026-01-09 06:00:00+09:00,Npay,"-₩12,900",cancel
O103798,2026-01-16 01:00:00+09:00,기타,8900원,paid
O103799,2026-01-19 08:00:00+09:00,Npay,"₩8,900",paid
O103800,2026-01-02 01:00:00+09:00,Npay,12900원,paid
O103801,2026-01-02 00:00:00+09:00,기타,"₩33,000",paid
O103802,2026-01-17 09:00:00+09:00,Npay,"-₩45,000(환불)",refund
O103803,2026-01-22 02:00:00+09:00,Npay,45000원,paid
O103804,,기타,19800원,paid
O103805,2026-01-15 02:00:00+09:00,네이버페이,"₩45,000",paid
O103806,2026-01-12 02:00:00+09:00,쿠팡,"₩45,000",paid
O103807,2026-01-20 04:00:00+09:00,coupang,"-₩19,800(환불)",refund
O103808,2026/01/29 08:00 PM,네이버페이,8900원,paid
O103809,,Npay,8900원,paid
O103810,2026/01/15 11:00 PM,coupang,45000원,paid
O103811,2026-01-03 19:00:00+09:00,네이버페이,33000원,paid
O103812,2026-01-18 03:00:00+09:00,쿠팡,8900원,paid
O103813,2026/01/21 10:00 AM,coupang,19800원,paid
O103814,2026/01/03 12:00 AM,네이버페이,45000원,paid
O103815,2026-01-29 14:00:00+09:00,기타,"₩33,000",paid
O103816,2026-01-24 11:00:00+09:00,Npay,8900원,paid
O103817,2026/01/05 05:00 AM,네이버페이,8900원,paid
O103818,2026-01-09 23:00:00+09:00,네이버페이,"₩45,000",paid
O103819,2026-01-19 05:00:00+09:00,Npay,"₩45,000",paid
O103820,2026/01/30 03:00 AM,Npay,"₩45,000",paid
O103821,2026/01/24 04:00 PM,Npay,"₩8,900",paid
O103822,2026-01-24 06:00:00+09:00,네이버페이,33000원,paid
O103823,2026-01-07 14:00:00+09:00,네이버페이,12900원,paid
O103824,2026-01-21 08:00:00+09:00,Npay,33000원,paid
O103825,2026/01/29 01:00 PM,네이버페이,"₩19,800",paid
O103826,2026-01-11 01:00:00+09:00,Npay,45000원,paid
O103827,2026-01-01 04:00:00+09:00,coupang,"₩8,900",paid
O103828,2026-01-25 19:00:00+09:00,쿠팡,19800원,paid
O103829,2026-01-16 00:00:00+09:00,coupang,12900원,paid
O103830,2026-01-20 02:00:00+09:00,coupang,12900원,paid
O103831,2026-01-11 07:00:00+09:00,coupang,"₩12,900",paid
O103832,2026-01-24 13:00:00+09:00,쿠팡,"₩33,000",paid
O103833,2026/01/29 12:00 AM,Npay,12900원,paid
O103834,,coupang,"-₩8,900(환불)",refund
O103835,2026/01/01 02:00 PM,쿠팡,"₩45,000",paid
O103836,2026/01/24 08:00 PM,coupang,"-₩33,000(환불)",refund
O103837,2026-01-06 01:00:00+09:00,네이버페이,"₩33,000",paid
O103838,2026-01-12 12:00:00+09:00,Npay,19800원,paid
O103839,2026-01-24 05:00:00+09:00,coupang,"-₩12,900",cancel
O103840,2026-01-19 20:00:00+09:00,네이버페이,12900원,paid
O103841,2026-01-17 05:00:00+09:00,Npay,8900원,paid
O103842,2026-01-13 05:00:00+09:00,쿠팡,"₩33,000",paid
O103843,2026-01-24 21:00:00+09:00,쿠팡,"₩12,900",paid
O103844,2026-01-25 21:00:00+09:00,coupang,"₩45,000",paid
O103845,,네이버페이,"₩19,800",paid
O103846,2026/01/09 05:00 PM,쿠팡,"₩19,800",paid
O103847,2026/01/25 01:00 PM,쿠팡,"₩45,000",paid
O103848,2026-01-30 17:00:00+09:00,네이버페이,"-₩33,000(환불)",refund
O103849,2026-01-13 13:00:00+09:00,coupang,19800원,paid
O103850,2026-01-10 06:00:00+09:00,기타,33000원,paid
O103851,2026-01-01 02:00:00+09:00,기타,12900원,paid
O103852,2026-01-22 13:00:00+09:00,Npay,"₩8,900",paid
O103853,2026-01-04 20:00:00+09:00,네이버페이,8900원,paid
O103854,2026-01-22 15:00:00+09:00,네이버페이,45000원,paid
O103855,2026-01-18 19:00:00+09:00,Npay,"₩33,000",paid
O103856,2026-01-21 12:00:00+09:00,Npay,"₩33,000",paid
O103857,,coupang,8900원,paid
O103858,2026-01-26 19:00:00+09:00,Npay,8900원,paid
O103859,2026-01-07 16:00:00+09:00,coupang,8900원,paid
O103860,2026/01/31 12:00 AM,쿠팡,"-₩33,000(환불)",refund
O103861,2026/01/14 06:00 PM,coupang,"₩12,900",paid
O103862,2026-01-14 20:00:00+09:00,Npay,12900원,paid
O103863,,네이버페이,"₩45,000",paid
O103864,,쿠팡,12900원,paid
O103865,2026-01-28 19:00:00+09:00,coupang,8900원,paid
O103866,2026-01-21 11:00:00+09:00,coupang,19800원,paid
O103867,2026-01-25 05:00:00+09:00,쿠팡,"₩45,000",paid
O103868,2026-01-29 08:00:00+09:00,Npay,33000원,paid
O103869,2026-01-12 07:00:00+09:00,네이버페이,"-₩45,000(환불)",refund
O103870,2026-01-25 03:00:00+09:00,쿠팡,12900원,paid
O103871,2026-01-11 11:00:00+09:00,coupang,12900원,paid
O103872,2026-01-24 07:00:00+09:00,네이버페이,33000원,paid
O103873,2026-01-29 23:00:00+09:00,Npay,45000원,paid
O103874,2026-01-30 02:00:00+09:00,Npay,12900원,paid
O103875,2026-01-04 17:00:00+09:00,네이버페이,19800원,paid
O103876,2026-01-19 13:00:00+09:00,쿠팡,45000원,paid
O103877,2026-01-14 19:00:00+09:00,기타,"₩19,800",paid
O103878,2026-01-06 18:00:00+09:00,coupang,"₩8,900",paid
O103879,2026-01-15 20:00:00+09:00,Npay,"₩45,000",paid
O103880,2026-01-26 00:00:00+09:00,네이버페이,"₩19,800",paid
O103881,2026-01-12 09:00:00+09:00,Npay,"₩19,800",paid
O103882,2026-01-01 18:00:00+09:00,쿠팡,"₩33,000",paid
O103883,2026-01-13 22:00:00+09:00,기타,12900원,paid
O103884,2026-01-07 09:00:00+09:00,네이버페이,"₩33,000",paid
O103885,2026-01-17 05:00:00+09:00,네이버페이,"₩45,000",paid
O103886,,Npay,"-₩33,000(환불)",refund
O103887,2026-01-26 19:00:00+09:00,Npay,"₩12,900",paid
O103888,2026-01-24 18:00:00+09:00,쿠팡,19800원,paid
O103889,2026-01-06 04:00:00+09:00,coupang,"₩12,900",paid
O103890,2026-01-15 17:00:00+09:00,Npay,"₩12,900",paid
O103891,2026-01-12 08:00:00+09:00,coupang,"₩8,900",paid
O103892,2026-01-26 18:00:00+09:00,기타,"₩33,000",paid
O103893,2026-01-11 04:00:00+09:00,Npay,"₩12,900",paid
O103894,2026-01-19 17:00:00+09:00,Npay,"₩12,900",paid
O103895,2026-01-11 06:00:00+09:00,coupang,45000원,paid
O103896,2026-01-22 15:00:00+09:00,쿠팡,19800원,paid
O103897,2026-01-06 20:00:00+09:00,기타,"₩12,900",paid
O103898,2026-01-16 01:00:00+09:00,쿠팡,12900원,paid
O103899,2026-01-01 07:00:00+09:00,coupang,45000원,paid
O103900,2026-01-20 21:00:00+09:00,기타,8900원,paid
O103901,2026-01-15 15:00:00+09:00,Npay,"₩33,000",paid
O103902,2026-01-21 14:00:00+09:00,네이버페이,"-₩33,000(환불)",refund
O103903,,Npay,33000원,paid
O103904,2026-01-18 18:00:00+09:00,Npay,45000원,paid
O103905,2026-01-02 14:00:00+09:00,Npay,"₩19,800",paid
O103906,2026-01-25 16:00:00+09:00,coupang,"₩19,800",paid
O103907,2026-01-08 18:00:00+09:00,Npay,45000원,paid
O103908,2026-01-25 19:00:00+09:00,네이버페이,"₩12,900",paid
O103909,2026-01-25 23:00:00+09:00,네이버페이,12900원,paid
O103910,2026-01-04 20:00:00+09:00,coupang,"₩19,800",paid
O103911,,Npay,"₩19,800",paid
O103912,2026-01-02 19:00:00+09:00,Npay,"₩19,800",paid
O103913,2026-01-06 16:00:00+09:00,coupang,"₩45,000",paid
O103914,2026-01-18 12:00:00+09:00,기타,19800원,paid
O103915,2026-01-04 01:00:00+09:00,쿠팡,45000원,paid
O103916,2026-01-23 19:00:00+09:00,Npay,"₩12,900",paid
O103917,,기타,"₩19,800",paid
O103918,,coupang,8900원,paid
O103919,2026-01-07 11:00:00+09:00,coupang,19800원,paid
O103920,2026-01-11 14:00:00+09:00,coupang,33000원,paid
O103921,2026-01-08 02:00:00+09:00,Npay,"₩8,900",paid
O103922,2026-01-08 01:00:00+09:00,coupang,"₩33,000",paid
O103923,2026/01/14 09:00 AM,네이버페이,"-₩33,000(환불)",refund
O103924,2026-01-24 14:00:00+09:00,Npay,"₩33,000",paid
O103925,2026-01-19 23:00:00+09:00,네이버페이,12900원,paid
O103926,2026-01-26 02:00:00+09:00,쿠팡,"₩19,800",paid
O103927,2026-01-26 12:00:00+09:00,기타,"₩33,000",paid
O103928,2026-01-07 10:00:00+09:00,쿠팡,33000원,paid
O103929,2026/01/15 12:00 PM,네이버페이,"₩45,000",paid
O103930,2026-01-19 18:00:00+09:00,네이버페이,"₩8,900",paid
O103931,2026/01/28 04:00 AM,Npay,"₩33,000",paid
O103932,2026-01-08 04:00:00+09:00,Npay,45000원,paid
O103933,2026/01/01 09:00 AM,coupang,19800원,paid
O103934,,쿠팡,"₩45,000",paid
O103935,2026/01/19 05:00 AM,Npay,"₩8,900",paid
O103936,2026/01/11 06:00 AM,coupang,"₩33,000",paid
O103937,2026-01-28 18:00:00+09:00,쿠팡,"-₩45,000(환불)",refund
O103938,2026-01-23 17:00:00+09:00,쿠팡,8900원,paid
O103939,2026/01/21 06:00 PM,Npay,"₩12,900",paid
O103940,,기타,"₩45,000",paid
O103941,2026-01-28 23:00:00+09:00,쿠팡,"₩12,900",paid
O103942,2026-01-26 00:00:00+09:00,쿠팡,"₩8,900",paid
O103943,2026-01-26 04:00:00+09:00,coupang,"-₩33,000(환불)",refund
O103944,2026-01-14 14:00:00+09:00,네이버페이,"-₩33,000",cancel
O103945,,쿠팡,"₩45,000",paid
O103946,2026-01-27 04:00:00+09:00,쿠팡,8900원,paid
O103947,2026/01/26 05:00 AM,네이버페이,"₩8,900",paid
O103948,,네이버페이,"₩8,900",paid
O103949,2026/01/26 10:00 AM,쿠팡,"₩12,900",paid
O103950,,네이버페이,45000원,paid
O103951,2026-01-15 22:00:00+09:00,coupang,"₩12,900",paid
O103952,2026-01-26 02:00:00+09:00,쿠팡,19800원,paid
O103953,2026-01-30 21:00:00+09:00,Npay,33000원,paid
O103954,2026-01-01 16:00:00+09:00,네이버페이,"-₩19,800(환불)",refund
O103955,2026/01/12 09:00 AM,쿠팡,12900원,paid
O103956,2026-01-29 12:00:00+09:00,네이버페이,"₩8,900",paid
O103957,2026-01-05 19:00:00+09:00,네이버페이,"₩33,000",paid
O103958,2026-01-29 20:00:00+09:00,coupang,8900원,paid
O103959,2026-01-04 18:00:00+09:00,네이버페이,"₩45,000",paid
O103960,2026-01-04 09:00:00+09:00,coupang,"-₩33,000(환불)",refund
O103961,2026/01/14 11:00 AM,coupang,8900원,paid
O103962,2026-01-05 17:00:00+09:00,쿠팡,8900원,paid
O103963,2026-01-03 09:00:00+09:00,쿠팡,45000원,paid
O103964,2026-01-07 09:00:00+09:00,Npay,33000원,paid
O103965,2026/01/17 07:00 PM,coupang,33000원,paid
O103966,2026/01/27 03:00 AM,네이버페이,8900원,paid
O103967,2026-01-12 01:00:00+09:00,Npay,"-₩45,000(환불)",refund
O103968,2026-01-14 02:00:00+09:00,coupang,"₩33,000",paid
O103969,2026-01-30 18:00:00+09:00,Npay,8900원,paid
O103970,2026-01-02 16:00:00+09:00,네이버페이,19800원,paid
O103971,2026-01-05 08:00:00+09:00,쿠팡,45000원,paid
O103972,2026-01-09 00:00:00+09:00,Npay,"₩45,000",paid
O103973,2026-01-17 16:00:00+09:00,네이버페이,"₩12,900",paid
O103974,2026-01-12 13:00:00+09:00,네이버페이,"₩45,000",paid
O103975,2026-01-15 17:00:00+09:00,기타,"₩45,000",paid
O103976,2026-01-25 03:00:00+09:00,기타,12900원,paid
O103977,2026-01-30 12:00:00+09:00,네이버페이,45000원,paid
O103978,2026-01-11 15:00:00+09:00,Npay,"₩8,900",paid
O103979,2026/01/28 02:00 AM,기타,"₩19,800",paid
O103980,2026-01-28 12:00:00+09:00,Npay,45000원,paid
O103981,2026-01-05 02:00:00+09:00,coupang,8900원,paid
O103982,2026-01-25 11:00:00+09:00,Npay,8900원,paid
O103983,2026/01/12 05:00 PM,네이버페이,8900원,paid
O103984,2026-01-17 18:00:00+09:00,네이버페이,"₩8,900",paid
O103985,2026-01-05 12:00:00+09:00,coupang,12900원,paid
O103986,2026-01-30 03:00:00+09:00,Npay,33000원,paid
O103987,2026-01-09 06:00:00+09:00,Npay,"₩12,900",paid
O103988,2026-01-13 14:00:00+09:00,coupang,"₩8,900",paid
O103989,2026-01-14 14:00:00+09:00,네이버페이,"-₩8,900(환불)",refund
O103990,2026-01-07 09:00:00+09:00,쿠팡,12900원,paid
O103991,2026/01/23 11:00 PM,Npay,"₩45,000",paid
O103992,2026-01-27 20:00:00+09:00,Npay,33000원,paid
O103993,2026/01/17 08:00 PM,coupang,"₩45,000",paid
O103994,2026-01-20 05:00:00+09:00,네이버페이,45000원,paid
O103995,2026/01/06 11:00 AM,쿠팡,"-₩19,800(환불)",refund
O103996,2026-01-04 11:00:00+09:00,Npay,"₩45,000",paid
O103997,2026-01-17 14:00:00+09:00,쿠팡,"₩19,800",paid
O103998,,네이버페이,8900원,paid
O103999,2026-01-05 12:00:00+09:00,기타,8900원,paid
