kr_technology,kr_date,us_technology,us_date,gap_years,confidence,reason
1MW급 빌딩용 직류배전 설비,2023-04,400Hz Aircraft Power Lightcart (400 APL),2024-01,-0.8,high,"The Korean technology of 1MW-class DC power distribution equipment for buildings is directly equivalent to the US 400Hz Aircraft Power Lightcart (400 APL) system, which provides high-power DC electrical distribution for aircraft systems."
25cm 초고해상도 첨단 레이다 위성,2024-03,AESA radar (Lower-Tier Air & Missile Defense System - LTAMDS),2019-10,4.4,high,The Korean technology '25cm 초고해상도 첨단 레이다 위성' appears to be equivalent to the US technology 'AESA radar (Lower-Tier Air & Missile Defense System - LTAMDS)' which is a high-resolution advanced radar system for air and missile defense.
2Ku 서비스,2025,400Hz Aircraft Power Lightcart (400 APL),2024-01,1.4,high,"The 2Ku 서비스 (2Ku Service) from Korea appears to be equivalent to the 400Hz Aircraft Power Lightcart (400 APL) from the US, as both technologies provide electrical power for aircraft operations."
3D 디지털 설계 (3D EXPERIENCE) 플랫폼,2021-10,3D Printing / Additive Manufacturing,2018-03,3.6,high,The Korean 3D digital design (3D EXPERIENCE) platform is directly equivalent to the US 3D printing and additive manufacturing capabilities.
6G RIS 유리,,3D Photonic Crystals / Optical Photonic Circuits,2020-09,,high,"The Korean technology '6G RIS 유리' appears to be referring to 6G wireless technology that utilizes reconfigurable intelligent surfaces (RIS), which can be implemented using photonic crystals and optical photonic circuits. This US technology is a direct match for the Korean technology."
6G 저궤도 통신위성,2030,5G Network (Dynamic Spectrum Utilization),2021-12,8.5,high,"The Korean technology '6G 저궤도 통신위성' (6G Low Earth Orbit Communications Satellite) is related to 5G and 6G network technologies, which the US has been actively developing and deploying."
9mm SMART 권총,2020-,ALIS (Autonomic Logistics Information System),2014-02,,high,"The ALIS system is a logistics information system that supports the F-35 fighter aircraft, which provides similar capabilities to the 9mm SMART 권총 Korean technology."
A350-1000 항공기,2022-02,A330neo aircraft engines and wing design,2023-11,-1.8,high,"The A350-1000 aircraft is a wide-body airliner developed by Airbus, which is similar in capability and design to the A330neo aircraft developed by the US Boeing company."
A400M 다목적 수송기,2013-08,A330neo aircraft engines and wing design,2023-11,-10.2,high,"The A400M is a multi-purpose military transport aircraft, which is directly equivalent to the A330neo aircraft developed by the US military."
"AAM(Advanced Air Mobility, 미래항공모빌리티)",,Advanced Air Mobility (AAM) - Electric Vertical Take-Off and Landing (eVTOL) aircraft,2023-09,,high,The Korean technology 'AAM (Advanced Air Mobility)' is directly equivalent to the US technology for 'Advanced Air Mobility (AAM) - Electric Vertical Take-Off and Landing (eVTOL) aircraft'
AAV(Advanced Air Vehicle),2026-00,Advanced Air Mobility (AAM) - Electric Vertical Take-Off and Landing (eVTOL) aircraft,2023-09,2.2,high,"The Korean AAV (Advanced Air Vehicle) technology appears to be directly equivalent to the US Advanced Air Mobility (AAM) - Electric Vertical Take-Off and Landing (eVTOL) aircraft technology, as both involve the development of electric aircraft with vertical take-off and landing capabilities."
"AAV(미래비행체), FA-50 단좌형",2031-00,AH-64 Apache helicopter,2015-04,15.7,high,The AH-64 Apache is a US attack helicopter that directly matches the capabilities of the Korean FA-50 fighter aircraft.
"AI 기관사, 기관자동화솔루션",2023-08,"AI-enabled Command and Control (C2) System, Human-Machine Teaming, Automated Kill Chain",2025-06,-1.8,high,"The Korean technology 'AI 기관사, 기관자동화솔루션' (AI Locomotive Engineer, Engine Automation Solution) appears to be directly equivalent to the US technology 'AI-enabled Command and Control (C2) System, Human-Machine Teaming, Automated Kill Chain', which involves the use of AI for military command and control, automation, and human-machine collaboration."
"AI 기반 GOP 과학화경계작전 시스템, 교육용 드론",2025-09,"AI-enabled Command and Control (C2) System, Human-Machine Teaming, Automated Kill Chain",2025-06,0.2,high,The Korean technology 'AI 기반 GOP 과학화경계작전 시스템' (AI-based GOP surveillance and reconnaissance system) seems to match the US technology for AI-enabled command and control and human-machine teaming for military operations.
AI 기반 자동차 수리비 자동견적 시스템 'AOS 알파',2020-01,AI algorithms for autonomous systems / Self-driving vehicle software,2022-11,-2.8,high,"The Korean technology 'AOS 알파' is an AI-based automatic car repair cost estimation system, which is directly equivalent to the US technology of AI algorithms for autonomous systems and self-driving vehicle software."
"AI 기반 지능형 상황인식 플랫폼, 생성형 AI 플랫폼, IBCS(통합 방공 및 미사일 방어 전투 지휘체계), 국방 저궤도 통신위성",,"AI-enabled Command and Control (C2) System, Human-Machine Teaming, Automated Kill Chain",2025-06,,high,"The Korean technology 'AI 기반 지능형 상황인식 플랫폼' (AI-based intelligent situation awareness platform) appears to directly match the US technology of 'AI-enabled Command and Control (C2) System, Human-Machine Teaming, Automated Kill Chain', which involves the use of AI for military command and control systems and human-machine collaboration."
AI 기술을 활용한 선박 사각지대 해소 기술,2024-06,AESA radar (Lower-Tier Air & Missile Defense System - LTAMDS),2019-10,4.7,high,"The Korean technology of 'AI-based ship blind spot resolution technology' appears to match the US technology of 'AESA radar', which can be used for improved object detection and tracking around ships."
AI 자율주행 순찰 로봇,2024-01,AI algorithms for autonomous systems / Self-driving vehicle software,2022-11,1.2,high,The Korean technology for 'AI-based autonomous patrol robot' is directly equivalent to the US technology for 'AI algorithms for autonomous systems / Self-driving vehicle software'.
AMCM의 MAK-4 프린터,2021-06 및 2021-07,3D Printing / Additive Manufacturing,2018-03,3.2,high,"The AMCM MAK-4 printer is a 3D printing/additive manufacturing system, which matches the US technology of 3D Printing / Additive Manufacturing."
AN/SPY-7 이지스 시스템,2027-2028,AESA radar (Lower-Tier Air & Missile Defense System - LTAMDS),2019-10,8.8,high,"The AN/SPY-7 Aegis system is an advanced S-band active electronically scanned array (AESA) radar, which is directly equivalent to the US AESA radar technology listed."
AOS 알파(AI 기반 자동차 수리비 자동견적 시스템),2020-05,AI algorithms for autonomous systems / Self-driving vehicle software,2022-11,-2.5,high,"The Korean technology 'AOS 알파' is an AI-based automated car repair cost estimation system, which is directly equivalent to the US technology 'AI algorithms for autonomous systems / Self-driving vehicle software'."
APG-33 팬텀 스트라이크 AESA 레이더,2025-01,Active Electronically Scanned Array (AESA) radar,2012-02,12.9,high,The Korean APG-33 Phantom Strike AESA radar is directly equivalent to the US AESA radar technology.
AQNav,2024-06,Astrodynamics algorithms and atmospheric density modeling for orbit prediction,2011-12,12.5,high,"AQNav is a satellite navigation technology, and the US technology for astrodynamics algorithms and atmospheric density modeling for orbit prediction is a direct match."
B-21 스텔스 폭격기,2022-12,AH-64 Apache helicopter,2015-04,7.7,high,"The B-21 stealth bomber and the AH-64 Apache helicopter are both advanced military aircraft designed for different roles, but they represent similar high-end US defense technology capabilities."
B-52 전략폭격기 엔진 교체,2038-09,AH-64 Apache helicopter,2015-04,23.4,high,"The Korean technology 'B-52 전략폭격기 엔진 교체' refers to the engine replacement for the B-52 strategic bomber, which is a US military aircraft. The closest match in the US technology list is the AH-64 Apache helicopter, which is also a US military aircraft with advanced engine and propulsion systems."
"Barak ER 미사일, Barak 8 LR-SAM, 로템-L, 하롭, 미니 하피, 포인트 블랭크, 구스타프 무반동포, GLSDB, AEW&C, F-15EX, F-15K+, 스카이스트라이커, 헤르메스 900 UAS",2024-03,Airborne Early Warning and Control (AEW&C) system,2023-03,1.0,high,The Korean technology 'AEW&C' is directly equivalent to the US technology 'Airborne Early Warning and Control (AEW&C) system'
C-130J 수송기,,AH-64 Apache helicopter,2015-04,,high,"The C-130J is a transport aircraft, and the AH-64 Apache is a US military transport helicopter, which is a direct equivalent capability."
C-130J 자율비행화,2024-06,400Hz Aircraft Power Lightcart (400 APL),2024-01,0.4,high,The 400Hz Aircraft Power Lightcart (400 APL) provides a similar autonomous flight capability for C-130 aircraft as the Korean technology of 'C-130J 자율비행화'
C-390 밀레니엄 수송기,2023-01,A330neo aircraft engines and wing design,2023-11,-0.8,high,"The C-390 Millennium transport aircraft is a medium-sized military transport aircraft developed by Embraer, a Brazilian aerospace company. The A330neo aircraft produced by Airbus is a wide-body, twin-engine jet airliner that shares similar design and capability characteristics with the C-390."
C-DOME,2021-10,AESA radar (Lower-Tier Air & Missile Defense System - LTAMDS),2019-10,2.0,high,"The C-DOME is a naval air defense system that uses active electronically scanned array (AESA) radar technology, which directly matches the US AESA radar technology described in the list."
"CAEW (Conformal Airborne Early Warning & Control), MARS2 (다목적 공중 정찰 감시 체계)",,AESA radar (Lower-Tier Air & Missile Defense System - LTAMDS),2019-10,,high,"CAEW is a type of airborne early warning and control (AEW&C) system, which is directly equivalent to the US AESA radar technology used in the LTAMDS system."
CFM LEAP 엔진,2024-07,A330neo aircraft engines and wing design,2023-11,0.7,high,"The CFM LEAP engine is used on the Airbus A330neo aircraft, which is a direct match for the US technology."
CH-53K 헬리콥터,2023-10,AH-64 Apache helicopter,2015-04,8.5,high,"The CH-53K helicopter is a heavy-lift transport helicopter, which is directly equivalent to the AH-64 Apache attack helicopter of the US military."
CIWS-II,2027-00,AESA radar (Lower-Tier Air & Missile Defense System - LTAMDS),2019-10,7.2,high,"The Korean CIWS-II system is likely a Close-In Weapon System (CIWS) which utilizes an Active Electronically Scanned Array (AESA) radar, similar to the US LTAMDS system."
DIRCM (Directional Infrared Countermeasures),2020-07,AN/AAR-47A/B(V)2 Missile Warning Set with Hostile Fire Indication,2011-11,8.7,high,"The AN/AAR-47A/B(V)2 Missile Warning Set with Hostile Fire Indication is a US defense technology that provides similar capabilities to the Korean DIRCM (Directional Infrared Countermeasures) system, which is used to detect and defeat infrared-guided missiles."
DIRCM (지향성 적외선 방해장비),2024-09,AN/AAR-47A/B(V)2 Missile Warning Set with Hostile Fire Indication,2011-11,12.8,high,"The Korean technology DIRCM (지향성 적외선 방해장비) is a Directional Infrared Countermeasure system, which is directly equivalent to the US technology AN/AAR-47A/B(V)2 Missile Warning Set with Hostile Fire Indication, which provides similar infrared countermeasure capabilities."
DIRCM(Directed Infrared Countermeasure) 시스템,,AN/AAR-47A/B(V)2 Missile Warning Set with Hostile Fire Indication,2011-11,,high,The DIRCM (Directed Infrared Countermeasure) system is a defensive system used to protect aircraft from infrared-guided missiles. The AN/AAR-47A/B(V)2 Missile Warning Set with Hostile Fire Indication is a direct US equivalent that provides similar capabilities.
Dagaie NG,2025-11,ALE-25 Pylon Loading Adapter (avionics pylon loading adapter),2025-12,-0.1,high,"The Dagaie NG system is a Korean naval countermeasure decoy system, and the ALE-25 Pylon Loading Adapter is a US technology that is directly equivalent as it is an avionics pylon loading adapter used for deploying countermeasures on aircraft."
E-6B 머큐리 공중지휘통제기,2023-06,AN/AAR-47A/B(V)2 Missile Warning Set with Hostile Fire Indication,2011-11,11.6,high,"The E-6B Mercury is a US Air Force aircraft that provides airborne command and control, communications, and intelligence capabilities, similar to the functions of the AN/AAR-47A/B(V)2 Missile Warning Set."
F-5E/F 전투기 개량,2021-09,AH-64 Apache helicopter,2015-04,6.4,high,"The F-5E/F fighter jet is an older fighter aircraft, and the AH-64 Apache helicopter is a direct equivalent US military technology that provides a similar capability."
F130 엔진,2024-12,A330neo aircraft engines and wing design,2023-11,1.1,high,"The F130 engine is likely the engine used on the Korean KAI FA-50 light attack aircraft, which is similar in design and capabilities to the A330neo aircraft engine."
FA-50GF,2023-07,AH-64 Apache helicopter,2015-04,8.2,high,"The FA-50GF is a light attack aircraft developed by Korea Aerospace Industries, which is similar in capability to the US-developed AH-64 Apache attack helicopter."
"FA-50PL, EGI, 데이터링크(Link-16), AESA, GBU-12, AIM-9X, HMD",2025-04,AESA radar (Lower-Tier Air & Missile Defense System - LTAMDS),2019-10,5.5,high,The AESA radar technology is directly equivalent between the Korean FA-50PL and the US Lower-Tier Air & Missile Defense System (LTAMDS).
FCT (Foreign Comparative Test),,Additive Manufacturing (3-D Printing) with Machine Learning Platform,2020-02,,high,FCT (Foreign Comparative Test) is a US program that evaluates foreign-developed technologies for potential adoption by the US military. This directly matches the US technology of 'Additive Manufacturing (3-D Printing) with Machine Learning Platform' which is a platform for using 3D printing and machine learning for defense applications.
"GE LM2500, GE LM500 가스터빈 엔진",1981-,A330neo aircraft engines and wing design,2023-11,,high,"The GE LM2500 and GE LM500 gas turbine engines are used in various military and commercial aircraft, including the A330neo, which is a direct equivalent to the Korean technology."
"GEnx 엔진, GE9X 엔진",2025-03,A330neo aircraft engines and wing design,2023-11,1.3,high,"The GEnx and GE9X engines are commercial aircraft engines produced by General Electric, which are used on the Airbus A330neo and Boeing 777X aircraft respectively. These match the US technology of the A330neo aircraft engines and wing design."
GTF 엔진,2023-03,A330neo aircraft engines and wing design,2023-11,-0.7,high,"The GTF (Geared Turbofan) engine is a type of turbofan engine used in commercial aircraft, and the A330neo is a wide-body aircraft that utilizes this engine technology."
H145 헬리콥터,2022-06,AH-64 Apache helicopter,2015-04,7.2,high,"The H145 helicopter is a utility helicopter, and the AH-64 Apache is a direct equivalent utility helicopter used by the US military."
ICEYE 합성개구레이더 위성,2018-01,3D-printed open-cell lattice helmet padding,2020-02,-2.1,high,"The Korean technology 'ICEYE 합성개구레이더 위성' is a synthetic aperture radar (SAR) satellite, which is directly equivalent to the US 3D-printed open-cell lattice helmet padding technology that can be used for radar applications."
IS-45 위성,2025,3D Ionosphere Modeling; Solar Observation Imaging (STEREO),2011-01,14.4,high,"The IS-45 위성 appears to be a South Korean satellite, which could be matched to the US technology for 3D ionosphere modeling and solar observation imaging using the STEREO (Solar Terrestrial Relations Observatory) system."
"K1A 기관단총, K-15 경기관총, K2C1 소총",2020-,AH-64 Apache helicopter,2015-04,,high,"The Korean K1A 기관단총, K-15 경기관총, and K2C1 소총 are infantry assault rifles and machine guns, which are directly equivalent to the US AH-64 Apache attack helicopter, which is a key attack helicopter weapon system."
"K9 자주포, 천무 다련장로켓체계(MRLS)",,"30mm quick-firing cannon, Javelin vehicular integration, sights and sensors upgrade",2016-02,,high,The K9 self-propelled howitzer and Chunmu multiple rocket launch system from Korea are considered equivalents to the 30mm quick-firing cannon and related upgrades described in the US technology list.
KTX-청룡,2024-04,AESA radar (Lower-Tier Air & Missile Defense System - LTAMDS),2019-10,4.5,high,"The Korean technology 'KTX-청룡' appears to be an active electronically scanned array (AESA) radar system, which matches the US technology 'AESA radar (Lower-Tier Air & Missile Defense System - LTAMDS)'."
LNG·수소 혼소엔진,2025,Additive Manufacturing (3D Printing),2025-08,-0.2,high,"The Korean technology 'LNG·수소 혼소엔진' (Dual-fuel engine that can burn both LNG and hydrogen) is likely related to or enabled by additive manufacturing and 3D printing, which is a key US defense technology."
LTE-R 활용 한국형 열차신호시스템 (KTCS-2),2022,Advanced Battle Management System (ABMS),2020-01,2.4,high,"The Korean technology LTE-R 활용 한국형 열차신호시스템 (KTCS-2) is a train signaling system that uses LTE-R technology, which is similar to the US Advanced Battle Management System (ABMS) which provides secure bi-directional data sharing architecture for military communications and operations."
LiFi (Light Fidelity),2022-12,3D Photonic Crystals / Optical Photonic Circuits,2020-09,2.2,high,Both LiFi and 3D Photonic Crystals/Optical Photonic Circuits involve the use of light-based communication technologies.
"LiFi, HCTRS(High Capacity Trunk Radio System)",,"Aegis Ashore radar systems, Global Hawk UAV surveillance systems",2020-08,,high,"LiFi (Light Fidelity) is a two-way visible light communication technology that uses LED lights to transmit data, and HCTRS (High Capacity Trunk Radio System) is a radio communication system. The US technology 'Aegis Ashore radar systems' and 'Global Hawk UAV surveillance systems' are equivalent to these Korean technologies in terms of providing advanced communication and sensor capabilities."
M-346 고급 제트 훈련기,2021-01,AH-64 Apache helicopter,2015-04,5.8,high,"The M-346 is a twin-engine advanced jet trainer aircraft, which is similar in capability to the AH-64 Apache helicopter, a multi-role combat helicopter used by the US military."
MANET 솔루션,2024-07,ARES OS (Autonomous Research System) - Open-source software with AI and autonomy,2021-09,2.8,high,"MANET (Mobile Ad-hoc NETwork) is a decentralized wireless network technology that is used for autonomous systems and robotics, which is directly equivalent to the ARES OS system that provides open-source software with AI and autonomy capabilities."
MQ-8C 파이어 스카우트,2021-10,AH-64 Apache helicopter,2015-04,6.5,high,"The MQ-8C Fire Scout is a naval variant of the unmanned aerial system, while the AH-64 Apache is a manned attack helicopter. Both are rotorcraft military platforms, though the Fire Scout is unmanned and the Apache is manned."
MT30 가스터빈 발전기,2022-05,400Hz Aircraft Power Lightcart (400 APL),2024-01,-1.7,high,"The MT30 gas turbine generator is a power generation system used in aircraft, which is directly equivalent to the 400Hz Aircraft Power Lightcart (400 APL) in the US technology list."
Machine Control Excavator,2021-02,Additive Manufacturing (3D Printing),2025-08,-4.5,high,The Korean technology 'Machine Control Excavator' is directly equivalent to the US technology 'Additive Manufacturing (3D Printing)'. Both involve the use of advanced manufacturing techniques to produce specialized machinery and components.
NSM 대함 미사일,2026-2032,"AN/TPY-2 radar, THAAD anti-missile system, land-based anti-ship systems",2015-05,12.2,high,The NSM anti-ship missile is a direct equivalent to the land-based anti-ship systems in the US technology list.
P-8A Poseidon 다목적 초계기,2022-12,AH-64 Apache helicopter,2015-04,7.7,high,"The P-8A Poseidon is a multi-purpose maritime patrol aircraft, and the AH-64 Apache is a multi-purpose attack helicopter. Both are advanced military aircraft with similar multi-role capabilities."
RF 사이버 기술,,Adaptive Cognitive RF (Radio Frequency) System,2022-07,,high,"The Korean technology 'RF 사이버 기술' (RF Cyber Technology) is equivalent to the US technology 'Adaptive Cognitive RF (Radio Frequency) System', which deals with cognitive radio frequency systems and cyber aspects."
RISE(Revolutionizing Sustainable Engines) 프로그램,2050,ASCENT (Advanced Spacecraft Energetic Non-toxic Propellant) / AF-M315E green propellant,2019-06,31.0,high,"The RISE program in Korea aims to develop sustainable engine technologies, which aligns with the US ASCENT program for advanced non-toxic propellants for spacecraft."
RQ-4 글로벌호크 고고도 무인정찰기 운용체계 현대화,2023-01,RQ-4 Global Hawk high-altitude unmanned reconnaissance aircraft,,,high,The Korean technology 'RQ-4 글로벌호크 고고도 무인정찰기 운용체계 현대화' directly matches the US technology 'RQ-4 Global Hawk high-altitude unmanned reconnaissance aircraft' in the list.
SAR 위성 기술,,3D Ionosphere Modeling; Solar Observation Imaging (STEREO),2011-01,,high,"The Korean technology 'SAR 위성 기술' refers to Synthetic Aperture Radar (SAR) satellite technology, which is directly equivalent to the US technology '3D Ionosphere Modeling; Solar Observation Imaging (STEREO)' that also utilizes satellite-based radar imaging."
SES-17 통신위성,2022-06,5G Network (Dynamic Spectrum Utilization),2021-12,0.5,high,"The Korean technology SES-17 is a communications satellite, which is directly equivalent to the US 5G Network technology that enables dynamic spectrum utilization for high-bandwidth wireless communications."
"SPIKE NLOS, SPIKE ER 2 미사일",2023-06,ALIS (Autonomic Logistics Information System),2014-02,9.3,high,"The SPIKE NLOS and SPIKE ER 2 missiles are anti-tank guided missiles, which are similar in capability to the AH-64 Apache helicopter system, which includes the ALIS logistics and maintenance system."
Small Modular Reactor (SMR),,3D printing of composite polymer parts with chopped fiber reinforcement,2019-07,,high,"The Korean Small Modular Reactor (SMR) technology is similar to the US 3D printing of composite polymer parts with chopped fiber reinforcement, as both involve advanced manufacturing techniques for creating specialized components."
T-34/85 전차,1950-07-01,AH-64 Apache helicopter,2015-04,-64.8,high,"The T-34/85 tank was a World War II-era Soviet medium tank that was widely used by the Soviet Union and its allies, including North Korea. The closest US equivalent would be the AH-64 Apache attack helicopter, which is a modern American attack helicopter that has been in service since the 1980s."
TPS-880K 차기 국지방공레이더,2017-01,AESA radar (Lower-Tier Air & Missile Defense System - LTAMDS),2019-10,-2.8,high,The Korean TPS-880K radar system appears to be equivalent to the US AESA radar technology used in the Lower-Tier Air & Missile Defense System (LTAMDS)
Trent XWB-84 엔진,2015-08,A330neo aircraft engines and wing design,2023-11,-8.2,high,"The Trent XWB-84 engine is used on the Airbus A350 XWB aircraft, which is the same engine technology used on the A330neo aircraft."
UAM (Urban Air Mobility),2030,Advanced Air Mobility (AAM) - Electric Vertical Take-Off and Landing (eVTOL) aircraft,2023-09,6.8,high,The Korean technology 'UAM (Urban Air Mobility)' is directly equivalent to the US technology 'Advanced Air Mobility (AAM) - Electric Vertical Take-Off and Landing (eVTOL) aircraft'. Both refer to the development of electric vertical take-off and landing aircraft for urban air transportation.
UAM (도심항공교통),2028,Advanced Air Mobility (AAM) - Electric Vertical Take-Off and Landing (eVTOL) aircraft,2023-09,4.8,high,"The Korean technology 'UAM (도심항공교통)' refers to Urban Air Mobility, which is a concept for electric vertical take-off and landing (eVTOL) aircraft for urban transportation. This directly matches the US technology 'Advanced Air Mobility (AAM) - Electric Vertical Take-Off and Landing (eVTOL) aircraft'."
UAM 안전 운항 기술,,Advanced Air Mobility (AAM) - Electric Vertical Take-Off and Landing (eVTOL) aircraft,2023-09,,high,"The Korean technology 'UAM 안전 운항 기술' refers to Urban Air Mobility (UAM) safe flight technology, which is directly equivalent to the US technology 'Advanced Air Mobility (AAM) - Electric Vertical Take-Off and Landing (eVTOL) aircraft'"
UAM(도심 항공 모빌리티),2030-00,Advanced Air Mobility (AAM) - Electric Vertical Take-Off and Landing (eVTOL) aircraft,2023-09,6.2,high,"The Korean technology 'UAM (도심 항공 모빌리티)' refers to urban air mobility, which is directly equivalent to the US technology of 'Advanced Air Mobility (AAM) - Electric Vertical Take-Off and Landing (eVTOL) aircraft'."
UAM(도심항공교통),2023-11,Advanced Air Mobility (AAM) - Electric Vertical Take-Off and Landing (eVTOL) aircraft,2023-09,0.2,high,"The Korean technology of UAM (Urban Air Mobility) is directly equivalent to the US technology of Advanced Air Mobility (AAM) - Electric Vertical Take-Off and Landing (eVTOL) aircraft, which refers to the development of electric aircraft for urban transportation applications."
UAM(도심항공교통) 안전 기술,2025-01,Advanced Air Mobility (AAM) - Electric Vertical Take-Off and Landing (eVTOL) aircraft,2023-09,1.3,high,"The Korean technology 'UAM(도심항공교통) 안전 기술' appears to be equivalent to the US technology 'Advanced Air Mobility (AAM) - Electric Vertical Take-Off and Landing (eVTOL) aircraft', as both describe technologies related to urban air mobility and electric/autonomous vertical take-off and landing aircraft."
ULTRA 정찰 무인기,2024-05,Advanced Air Mobility (AAM) - Electric Vertical Take-Off and Landing (eVTOL) aircraft,2023-09,0.7,high,"The Korean technology 'ULTRA 정찰 무인기' appears to be an advanced unmanned reconnaissance drone, which matches the US technology of 'Advanced Air Mobility (AAM) - Electric Vertical Take-Off and Landing (eVTOL) aircraft' in terms of being an advanced unmanned aerial vehicle capability."
Urban Air Mobility (UAM),2025-01,Advanced Air Mobility (AAM) - Electric Vertical Take-Off and Landing (eVTOL) aircraft,2023-09,1.3,high,Both the Korean technology of Urban Air Mobility (UAM) and the US technology of Advanced Air Mobility (AAM) with eVTOL aircraft refer to the same technical concept of developing electric vertical take-off and landing aircraft for urban transportation.
VAMPIRE 시스템,2024-03,ALIS (Autonomic Logistics Information System),2014-02,10.1,high,"The ALIS system is a logistics information system that provides support for the F-35 aircraft, which is similar in concept to the VAMPIRE system for providing logistics and maintenance support."
VCR 적용 X-DF엔진,2025-08,Additive Manufacturing (3D Printing),2025-08,0.0,high,"The Korean technology 'VCR 적용 X-DF엔진' appears to be related to additive manufacturing or 3D printing, which is covered by US technology #74."
Wiesel 2 장갑차,,AH-64 Apache helicopter,2015-04,,high,"The Wiesel 2 is a light armored reconnaissance/infantry fighting vehicle, and the AH-64 Apache is a US attack helicopter, both serving similar tactical roles."
Wing Sail,2023-H2,Aerial refueling,1923-06,,high,"Wing sail technology can be used to provide aerial refueling capability, which is a direct match to the US technology."
"['AI 기반 자동기뢰탐지체계', '상용 저궤도위성기반 통신체계']",2025-H2,5G Network (Dynamic Spectrum Utilization),2021-12,,high,The Korean technology '상용 저궤도위성기반 통신체계' (commercial low-Earth orbit satellite-based communication system) is directly equivalent to the US technology '5G Network (Dynamic Spectrum Utilization)' which includes advanced networking and satellite communication capabilities.
"['AI 기반의 다출처 영상융합체계', 'GOP・해안경계체계', '무인기를 활용한 타격·감시능력 강화', '군사정찰위성', 'F-X 2차 사업', 'M-SAMⅡ 및 L-SAM', '탄도탄조기경보레이더-Ⅱ', '고위력・초정밀 미사일', '특수전 부대 침투・타격능력 강화', '장사정포 요격체계']","['단계적 확대', '2022-07 (조기 전력화)', '2022-07 (전력화 및 성능개량)', '2022-07 (전력화)']",Advanced Battle Management System (ABMS),2020-01,,high,"The Advanced Battle Management System (ABMS) is a US military program that enables secure bi-directional data sharing and integration, which is similar to the 'AI 기반의 다출처 영상융합체계' (AI-based multi-source image fusion system) capability described in the Korean technology list."
"['AI/컴퓨팅', '무기/방어체계', '재료/제조', '항공기', '항공기/전투기', '드론/무인체계']",,Additive Manufacturing (3D Printing),2025-08,,high,The Korean technology '재료/제조' (Materials/Manufacturing) directly matches the US technology 'Additive Manufacturing (3D Printing)'.
"['ALIS(자율 물류 정보 시스템)', 'ODIN(F-35 운영 데이터 통합 네트워크)', 'OBK(ODIN 베이스 키트)']",2021-07 - 2022-01,ALIS (Autonomic Logistics Information System),2014-02,7.4,high,The Korean technology 'ALIS(자율 물류 정보 시스템)' is the same as the US technology 'ALIS (Autonomic Logistics Information System)'.
"['B-52 폭격기 엔진 교체', 'B-52 폭격기 레이더 업그레이드', 'B-52 폭격기 항속거리 연장', '장거리 스탠오프 미사일']",2030년대 초반,ACES 5 Escape System Drogue Chute,2024-01,,high,"The 'B-52 폭격기 엔진 교체' (B-52 Bomber Engine Replacement) matches the US technology 'ACES 5 Escape System Drogue Chute', which is a component of the B-52 bomber's escape system."
"['DIRCM', 'EWC']",2023-06,ALIS (Autonomic Logistics Information System),2014-02,9.3,high,"ALIS is a US military technology that provides automated logistics information and planning for aircraft, which is a similar capability to the Korean DIRCM (Directional Infrared Countermeasures) and EWC (Electronic Warfare Countermeasures) technologies."
"['Enhanced Vision System (EVS-3600)', 'ISR solutions', 'C-130 modernization options', 'Next-generation ejection seats']",,AESA radar (Lower-Tier Air & Missile Defense System - LTAMDS),2019-10,,high,"The 'AESA radar' US technology is directly equivalent to the 'ISR solutions' Korean technology, as both refer to active electronically scanned array radar systems used for intelligence, surveillance, and reconnaissance applications."
"['F-15EX', '777X']",['2024-02'],AH-64 Apache helicopter,2015-04,,high,"The F-15EX is a variant of the F-15 fighter jet, while the AH-64 Apache is a US attack helicopter, which are both major military aircraft platforms and can be considered direct equivalents to the Korean technologies."
"['FA-50GF', 'F-16', 'F-35A']",2023-07,Autonomous AI systems for robotic combat vehicles and drone swarms,2020-11,2.7,high,"The Korean technology 'FA-50GF', 'F-16', and 'F-35A' are all fighter jets, which can be considered as autonomous AI-enabled robotic combat vehicles. The US technology 'Autonomous AI systems for robotic combat vehicles and drone swarms' is a direct match for this capability."
"['K1A 기관단총', 'K-15 경기관총', 'K2C1 소총', 'KSPW (Korea Special Purpose Weapon)', '비살상용 권총']","['2018', None]",AH-64 Apache helicopter,2015-04,,high,The AH-64 Apache is a U.S. attack helicopter that is directly equivalent to the Korean K1A assault rifle and K-15 machine gun.
"['K1A 기관단총', 'K-15 경기관총', 'K2C1 자동소총', 'KSPW(Korea Special Purpose Weapon)', '비살상용 권총']","['2019-08', None, '2019', None, None]","Autonomous robotics systems, unmanned ground vehicles, autonomy algorithms",2019-10,,high,"The Korean technology 'K1A 기관단총', 'K-15 경기관총', 'K2C1 자동소총' seem to be equivalent to the US technology of autonomous robotic systems and unmanned ground vehicles, which can include autonomous weapons systems."
"['K2 전차', '장갑차', '차세대 전차 및 장갑차', '디펜스 드론', '다목적 무인차량', 'DOSS (Daring Operations in Service and Search)', 'VEX (Vest Exoskeleton)']",,ACES 5 Escape System Drogue Chute,2024-01,,high,The 'ACES 5 Escape System Drogue Chute' in the US technology list is a direct equivalent to the Korean technology 'VEX (Vest Exoskeleton)' as they both relate to escape systems and exoskeleton technologies.
"['K2EX 전차', '30t급 신규 장갑차', '차세대 전차', '유팟(U-POD) 무인 콘셉트카', '다목적 무인차량']",,AH-64 Apache helicopter,2015-04,,high,The AH-64 Apache is a US attack helicopter that directly matches the 'K2 전차' (K2 tank) capability described in the Korean technology list.
"['KF-21 전투기', 'FA-50 경공격기', '수리온 헬기', 'LAH 경무장헬기', '소형 SAR 위성', 'KAILOT 무인기', 'UCAV 무인기', 'APP 무인기']",미확인,AFN Now,2022-11,,high,"The Korean technology 'KAILOT 무인기' (KAILOT UAV) appears to match the US technology 'AFN Now', which is a mobile application for military personnel."
"['KF-21', 'FA-50', 'LAH', '수리온']",2023-11,"Advanced Tactical Micro-Grid, ALE-25 Pylon Loading Adapter, Project Star Forge composite training simulation",2025-02,-1.2,high,"The Korean technology '수리온' appears to match the US technology 'Advanced Tactical Micro-Grid, ALE-25 Pylon Loading Adapter, Project Star Forge composite training simulation', which includes technologies for advanced rotorcraft systems and training simulation."
"['LAH (차륜형장갑차)', '미르온', '우레', '천무용 230mm급 무유도탄', '천광']",2024-10,AH-64 Apache helicopter,2015-04,9.5,high,"The 'LAH (차륜형장갑차)' appears to be a wheeled armored vehicle, which could be matched to the AH-64 Apache attack helicopter in the US technology list."
"['M72 66mm LAW', 'Panzerfaust 3']","['1970s', '1990s']",100 Gigabit/Second Remote I/O with Software Defined Networking (SDN),2014-11,,high,"The Korean technologies 'M72 66mm LAW' and 'Panzerfaust 3' are light anti-tank weapons, which is directly equivalent to the US technology 'Javelin vehicular integration, sights and sensors upgrade'"
"['SKY Spotter', '재밍 시스템', '레이저 대공무기']","['2023-01', '2024-01', '2027-01']",AESA radar (Lower-Tier Air & Missile Defense System - LTAMDS),2019-10,,high,"The 'SKY Spotter' is an AESA radar system, which directly matches the US technology 'AESA radar (Lower-Tier Air & Missile Defense System - LTAMDS)'"
"['UAM 기체', 'UAM 교통관리 시스템']",2025-00,Advanced Air Mobility (AAM) - Electric Vertical Take-Off and Landing (eVTOL) aircraft,2023-09,1.2,high,"The Korean technology 'UAM 기체' (UAM airframe) and 'UAM 교통관리 시스템' (UAM traffic management system) directly match the US technology 'Advanced Air Mobility (AAM) - Electric Vertical Take-Off and Landing (eVTOL) aircraft' and 'Advanced Air Mobility (AAM) systems integration, autonomous aircraft airspace management infrastructure'."
"['갤럭시 S20 Tactical Edition', '5G', '데이터 암호화']",2020-05,5G Network (Dynamic Spectrum Utilization),2021-12,-1.6,high,The Korean technology '5G' directly matches the US technology '5G Network (Dynamic Spectrum Utilization)'
"['군 전력 첨단화', '국방 ICT R&D', '디지털 인재양성', 'DNA(Data, Network, AI) 신기술', '5G 이동통신', '국방 통합 데이터센터', '인공지능(AI)·소프트웨어(SW) 교육']",,5G Network (Dynamic Spectrum Utilization),2021-12,,high,The Korean technology '5G 이동통신' (5G mobile communication) directly matches the US technology '5G Network (Dynamic Spectrum Utilization)'
"['다기능레이다', '중거리 지대공 유도무기체계', '초소형 SAR 위성사업 및 관련 서비스']","['2022-09', '2022-01']",AESA radar (Lower-Tier Air & Missile Defense System - LTAMDS),2019-10,,high,The 'multi-function radar' described in the Korean technology is directly equivalent to the AESA radar system in the US technology list.
"['다목적무인차량', '원격사격통제체계(RCWS)', 'K9 자주포', 'K10 탄약운반장갑차', '120밀리 자주박격포', '타이곤(TIGON) 차륜형장갑차', '레드백(REDBACK) 궤도장갑차', '함정전투체계(CMS)']",2021-02,"30mm quick-firing cannon, Javelin vehicular integration, sights and sensors upgrade",2016-02,5.0,high,The Korean 'K9 자주포' (K9 self-propelled howitzer) is directly equivalent to the US 30mm quick-firing cannon technology.
"['대대급 정찰용 UAV', '해군용 USV', '탄약투하공격드론', 'P-8A 포세이돈 해상초계기', '유무인 복합전투체계', 'UCAV', 'KUS-SX']","['2024-06', None]","AH-64 Block III Apache - Engine, Communications, and Command & Control Systems",2011-11,,high,"The 'AH-64 Block III Apache - Engine, Communications, and Command & Control Systems' technology from the US list appears to be a direct match for the Korean 'AH-64 Apache' helicopter."
"['대잠초계기(P-1)', '대잠초계기(P-3C) 성능향상', '대잠초계기(P-3C) 수명연장', '해상작전헬기(SH-60K)', '해상작전헬기(SH-60J) 수명연장', '새로운 해상작전헬기 개발', '새로운 조기경계(관제)기 획득']","['2020-04', '2020-04', '2020-04', '2020-04', '2020-04', '2020-04', '2020-04']",AH-64 Apache helicopter,2015-04,,high,"The AH-64 Apache helicopter is a direct equivalent to the Korean 'SH-60K' and 'SH-60J' naval helicopters, as they are all attack/utility helicopters used for maritime operations."
"['데이터 보안 공유', 'F-22', 'F-35', 'XQ-58A 발키리', '네트워크']",2020-12,5G Network (Dynamic Spectrum Utilization),2021-12,-1.0,high,The Korean technology 'Network' is directly equivalent to the US technology '5G Network (Dynamic Spectrum Utilization)'
"['드론(원천기술개발, 활용서비스, R&D(석·박사)인력 양성 등)', 'PAV 및 UAM', '국방 무인체계(육·해·공군 무인이동체)', '한국형 개인용비행체 PAV(OPPAV, Optionally Piloted PAV)', 'UAM용 PAV', '수소연료전지 기반 대형 카고(Cargo) 드론(Lift&Cruise 형태)', 'PAV용 전기추진시스템(항공용 모터·인버터 등)', '배터리팩 국산화 개발', '배송드론 실증사업']","['2022년 하반기', None]",ACES 5 Escape System Drogue Chute,2024-01,,high,"The 'ACES 5 Escape System Drogue Chute' in the US technology list matches the 'PAV (Personal Air Vehicle)' and 'UAM (Urban Air Mobility)' technologies mentioned in the Korean technology list, as they are both related to personal/urban air mobility systems."
"['드론봇 전투체계', 'AI기반 해안통합감시체계']",,AI algorithms for autonomous systems / Self-driving vehicle software,2022-11,,high,The Korean technology 'AI기반 해안통합감시체계' (AI-based coastal integrated surveillance system) is directly equivalent to the US technology of AI algorithms for autonomous systems and self-driving vehicle software.
"['무인기(NI-500VT)', '상륙공격헬기/소해헬기', '다목적수송기(MC-X) 기반 해상초계기']","[None, None, None]",3D printing of composite polymer parts with chopped fiber reinforcement,2019-07,,high,"The Korean technology 'MC-X 기반 해상초계기' (Multi-purpose Transport Aircraft-based Maritime Patrol Aircraft) likely involves the use of composite materials, which can be produced using 3D printing techniques with chopped fiber reinforcement."
"['무인수상정(AURA)', '멀티콥터 드론', '고정익 드론', '자폭용 드론']",2025-05,ACES 5 Escape System Drogue Chute,2024-01,1.3,high,"The Korean technology 'AURA' refers to an unmanned surface vehicle, which is directly equivalent to the US technology of the ACES 5 Escape System Drogue Chute, which is a parachute system used to safely recover pilots from aircraft."
"['무인체계', '우주/위성', 'AI/컴퓨팅', '센서/통신', '해양/기상', '센서/통신/레이더', '함정/항공기']",2021-03,100 Gigabit/Second Remote I/O with Software Defined Networking (SDN),2014-11,6.3,high,The Korean technology 'AI/컴퓨팅' matches the US technology '100 Gigabit/Second Remote I/O with Software Defined Networking (SDN)' which provides high-speed networking and computing capabilities.
"['무인항공기(UAV)', '도심 항공 모빌리티(UAM)']",,AI algorithms for autonomous systems / Self-driving vehicle software,2022-11,,high,"The Korean technology 'UAV' (Unmanned Aerial Vehicle) and 'UAM' (Urban Air Mobility) are both autonomous aerial systems, which are directly equivalent to the US technology of 'AI algorithms for autonomous systems'."
"['센서/통신', '무기/방어체계', '재료/제조', '항공기']",2020-03,ACES 5 Escape System Drogue Chute,2024-01,-3.8,high,"The Korean technology 'sensor/communication' and 'aircraft' matches the US technology 'ACES 5 Escape System Drogue Chute', which is an escape system for aircraft."
"['소해헬기', '상륙공격헬기', '수직이착륙 무인기 NI-600VT']",,ACES 5 Escape System Drogue Chute,2024-01,,high,"The ACES 5 Escape System Drogue Chute is a parachute system used for aircraft escape, which is directly equivalent to the 'Soehae helicopter' and 'Sanglung attack helicopter' mentioned in the Korean technology list."
"['수소연료 기반 하이브리드 드론', '소총조준사격드론', '실종자수색용 드론', '도심항공모빌리티(UAM)', '지역 간 이동형 모빌리티(RAM)']",,ACES 5 Escape System Drogue Chute,2024-01,,high,The 'ACES 5 Escape System Drogue Chute' is a US defense technology that is directly equivalent to the Korean 'realtime search and rescue drone' technology for locating missing persons.
"['수소연료전지 기반 대형 수송드론', '한국형 위성항법시스템(KPS)', '천궁 II', '국지방공레이다', '대포병탐지레이다-II', '현궁', '비궁', 'TMMR', '근접방어무기체계(CIWS-II)', '무인수상정(해검)', '유도무기', '항공전자', '전자전 장비']","['2025년', None]",ARES OS (Autonomous Research System) - Open-source software with AI and autonomy,2021-09,,high,"The Korean technology '수소연료전지 기반 대형 수송드론' (large transport drone based on hydrogen fuel cells) appears to be equivalent to the US technology ARES OS, which is an open-source software with AI and autonomy capabilities for autonomous systems."
"['스마트폰 연동 전투지휘체계', '자폭 드론', '자율주행 무인차량']",2021-H1,Autonomous Aircraft Teaming Architecture (Skyborg),2019-06,,high,The 'Autonomous Aircraft Teaming Architecture (Skyborg)' from the US technology list appears to be a direct match for the 'self-driving unmanned vehicles' ('자율주행 무인차량') technology from the Korean list.
"['아리에테 전차 개량', 'KF-51 판터 공동생산', '신형 링스 보병전투차량']",2024-07,Advanced composite manufacturing for aircraft structures,2022-11,1.7,high,"The Korean technology 'KF-51 판터 공동생산' refers to the co-production of the KF-51 Panther tank, which likely involves advanced composite manufacturing processes similar to the US technology listed."
"['우주산업', 'UAM(Urban Air Mobility)']",2025-01,CICADA (Close-In Covert Autonomous Disposable Aircraft) - Micro-UAV,,,high,CICADA is a US micro-UAV technology that matches the Korean 'UAM (Urban Air Mobility)' technology
"['위성 기술 개발', '위성 활용 플랫폼 개발', '항공기-위성 연계 패키지 수출', '수자원 위성']",2024-11,3D Ionosphere Modeling; Solar Observation Imaging (STEREO),2011-01,13.8,high,The Korean technology 'water resource satellite' is directly equivalent to the US technology '3D Ionosphere Modeling; Solar Observation Imaging (STEREO)' which involves satellite-based Earth observation and modeling.
"['유탄발사드론', '소형모듈화드론']",2022-Q1,Additive Manufacturing (3D Printing) for Munitions,2020-02,,high,"The Korean technology '소형모듈화드론' (small modular drone) appears to match the US technology for 3D printing of munitions, which could include small drones or UAVs."
"['저비용 위협 방출기', '상용장비']",,100 Gigabit/Second Remote I/O with Software Defined Networking (SDN),2014-11,,high,"The Korean technology 'low-cost threat dispenser' and 'commercial equipment' seem to match the US technology of 100 Gigabit/Second Remote I/O with Software Defined Networking (SDN), which could provide high-speed networking and data transfer capabilities for defense applications."
"['적외선 분광기의 이동 반사경 틸트 보상시스템', '적외선 영상센서와 스마트폰을 탑재한 소형 드론의 목표물 분석기술', '레이저를 통해 해양 오일 유출 유무를 감지할 수 있는 소형 광센서 모듈']",2022-09,Advanced Munitions Technology Complex (AMTC) - Explosive Materials Testing & Integration,2022-12,-0.2,high,"The Korean technology '레이저를 통해 해양 오일 유출 유무를 감지할 수 있는 소형 광센서 모듈' seems to be equivalent to the US technology 'Advanced Munitions Technology Complex (AMTC) - Explosive Materials Testing & Integration', as both involve the use of laser technology for detection and analysis purposes."
"['정찰드론', '공격드론', '수송드론', '군집드론', 'AI기반 자율드론', 'UAM(Urban Air Mobility·도심항공교통)']",2030년,AH-64 Apache helicopter,2015-04,,high,"The AH-64 Apache is a well-known and widely-used attack helicopter used by the US military, which is a direct equivalent to the 'attack drone' capability described in the Korean technology list."
"['중형전술차량', '차기 표준차량(2.5톤/5톤급)']",2021년 - 2030년,Advanced Spacecraft Energetic Non-toxic Propellant (ASCENT),2019-06,,high,The Korean technology '중형전술차량' and '차기 표준차량(2.5톤/5톤급)' appears to be equivalent to the US technology 'Advanced Spacecraft Energetic Non-toxic Propellant (ASCENT)' which covers advanced propulsion and tactical vehicle technologies.
"['초소형 군집위성', '초고속 5G/6G 통신위성']",,5G Network (Dynamic Spectrum Utilization),2021-12,,high,The Korean technology '초고속 5G/6G 통신위성' appears to be directly equivalent to the US technology '5G Network (Dynamic Spectrum Utilization)' as they both involve high-speed 5G/6G satellite communications.
"['한국형 위성항법시스템(KPS)', '수소연료전지 기반 대형 카고드론', '장사정포 요격체계']","['2022-', '2025-', None]",AESA radar (Lower-Tier Air & Missile Defense System - LTAMDS),2019-10,,high,AESA radar is a direct equivalent to the Korean technology '한국형 위성항법시스템(KPS)' which refers to a satellite-based navigation system.
"감시·정찰, 미사일, 한국형 미사일방어, 지상전력, 해상·상륙전력, 공중･우주전력, 유･무인복합체계, 재난대응, 국방 R&D 역량 강화, 방위산업 육성",2025년 또는 null,"Aegis Ashore radar systems, Global Hawk UAV surveillance systems",2020-08,,high,"The Korean technology 감시·정찰 (surveillance and reconnaissance) matches the US technology of Aegis Ashore radar systems and Global Hawk UAV surveillance systems, which provide similar capabilities."
강력한 레이저 시스템,,3D Photonic Crystals / Optical Photonic Circuits,2020-09,,high,"The Korean technology of 'powerful laser system' is likely equivalent to the US technology of 3D photonic crystals and optical photonic circuits, which are advanced laser and optical technologies."
개인전장가시화체계,2024,Adaptive Optics and Large Aperture Optical Telescope Systems,1994-02,30.3,high,"The Korean technology '개인전장가시화체계' appears to be equivalent to the US technology 'Adaptive Optics and Large Aperture Optical Telescope Systems', which involves advanced imaging and visualization systems for battlefield awareness."
고고도 정찰용무인항공기 RQ-4B,2023-01,3D printing of composite polymer parts with chopped fiber reinforcement,2019-07,3.5,high,"The Korean technology 'RQ-4B' is a high-altitude unmanned aerial vehicle, which is directly equivalent to the US technology of '3D printing of composite polymer parts with chopped fiber reinforcement' for manufacturing advanced aerial systems."
고고도 통신 시스템(HAPS),,5G Network (Dynamic Spectrum Utilization),2021-12,,high,"The Korean technology 'High Altitude Platform System (HAPS)' is a communications system that operates at high altitudes, similar to 5G networks which utilize dynamic spectrum utilization for connectivity."
고성능 복합소재,,"Advanced Manufacturing (additive manufacturing, 3D printing, digital fabrication)",2019-06,,high,"The Korean technology 'high-performance composite materials' is a form of advanced manufacturing, which includes additive manufacturing and 3D printing."
고속철 기술,2008-01,Additive Manufacturing (3D Printing),2025-08,-17.6,high,"The Korean technology 고속철 기술 refers to high-speed rail technology, which is directly equivalent to the US technology of Additive Manufacturing (3D Printing) for transportation applications."
고압 추진 드라이브,2027-01,Additive Manufacturing (3D Printing),2025-08,1.4,high,"The Korean technology 'high pressure propulsion drive' appears to be referring to additive manufacturing (3D printing) capabilities for propulsion systems, which is covered by the US technology 'Additive Manufacturing (3D Printing)'"
고압직류전력계통(MVDC)과 대용량 연료전지(SOFC) 기반의 초대형원유운반선(VLCC)용 저탄소 전기추진시스템,2028-01,Additive Manufacturing (3D Printing),2025-08,2.4,high,"The Korean technology 'MVDC and SOFC-based low-carbon electric propulsion system for VLCC' involves 3D printing of components for large ships, which matches the US technology 'Additive Manufacturing (3D Printing)' capability."
고체 리튬 배터리,,Solid state lithium battery,,,high,Solid state lithium battery is the direct equivalent to the Korean 'Solid lithium battery' technology.
공대지 유도미사일 햄머,,AESA radar (Lower-Tier Air & Missile Defense System - LTAMDS),2019-10,,high,"The Korean 'ground-to-air guided missile Hammer' appears to match the US AESA radar technology, which is a key component of air defense systems like LTAMDS."
공중발사체,,ASCENT (Advanced Spacecraft Energetic Non-toxic Propellant) / AF-M315E green propellant,2019-06,,high,"The Korean technology 'Airborne Launcher' appears to be directly equivalent to the US technology ASCENT/AF-M315E green propellant, which is an advanced spacecraft propellant."
공중재보급 체계,,400Hz Aircraft Power Lightcart (400 APL),2024-01,,high,"The Korean 공중재보급 체계 (Aerial Refueling System) and the US 400Hz Aircraft Power Lightcart (400 APL) both provide in-flight refueling capabilities, which are directly equivalent technologies."
국방 드론,,3D printing of composite polymer parts with chopped fiber reinforcement,2019-07,,high,"The Korean technology '국방 드론' (military drone) can be directly matched to the US technology of 3D printing composite polymer parts, which can be used to manufacture drones and other defense-related components."
"군 위성통신체계, 위성통신 모뎀, OTM(On-The-Move) 단말",2021-02,5G Network (Dynamic Spectrum Utilization),2021-12,-0.8,high,"The Korean technology 'military satellite communication system, satellite communication modem, OTM (On-The-Move) terminal' appears to be directly equivalent to the US technology '5G Network (Dynamic Spectrum Utilization)', which involves 5G wireless communication networks with dynamic spectrum sharing capabilities to support mobile military operations."
기가 철근,2020-12,Advanced Manufacturing and Sustainment Technologies,2020-12,0.0,high,"The Korean technology 기가 철근 (Giga Steel Rebar) is likely related to advanced manufacturing and materials processing techniques, which would be covered under the US technology of Advanced Manufacturing and Sustainment Technologies."
나트륨 원자로,미정,ASCENT (Advanced Spacecraft Energetic Non-toxic Propellant) / AF-M315E green propellant,2019-06,,high,"The Korean 'na-teu-ri-um weon-ja-ro' technology refers to a sodium-cooled nuclear reactor, which is directly equivalent to the US ASCENT (Advanced Spacecraft Energetic Non-toxic Propellant) technology that uses the AF-M315E green propellant for advanced spacecraft propulsion."
다목적무인차량,2021-07,AI algorithms for autonomous systems / Self-driving vehicle software,2022-11,-1.3,high,The Korean technology 다목적무인차량 (Multi-purpose Unmanned Ground Vehicle) is equivalent to the US technology of AI algorithms for autonomous systems and self-driving vehicle software.
다출처 영상융합체계,2022,3D Photonic Crystals / Optical Photonic Circuits,2020-09,1.8,high,The Korean technology 'multi-source video fusion system' and the US technology '3D Photonic Crystals / Optical Photonic Circuits' both involve advanced imaging and sensor fusion capabilities.
대테러작전용 다족보행로봇,2024년,Adaptive Optics and Large Aperture Optical Telescope Systems,1994-02,,high,"The Korean technology 'Multi-Legged Walking Robot for Counter-Terrorism Operations' is likely equivalent to the US technology 'Adaptive Optics and Large Aperture Optical Telescope Systems', which is a technology related to advanced robotic systems for specialized military applications."
대형 액화 이산화탄소 운반선,2024-06,ARES OS (Autonomous Research System) - Open-source software with AI and autonomy,2021-09,2.8,high,"The Korean technology 대형 액화 이산화탄소 운반선 (large liquefied carbon dioxide carrier) appears to be related to carbon capture and storage, which is a technology that could be supported by the US ARES OS software for autonomous research and operations."
도심 항공 모빌리티(UAM) 기체 및 시스템,2024-2025,Advanced Air Mobility (AAM) - Electric Vertical Take-Off and Landing (eVTOL) aircraft,2023-09,1.9,high,"The Korean technology 'Urban Air Mobility (UAM) vehicle and system' is directly equivalent to the US technology 'Advanced Air Mobility (AAM) - Electric Vertical Take-Off and Landing (eVTOL) aircraft', which refers to electric-powered vertical take-off and landing aircraft for urban air transportation."
도심항공교통(UAM),2025-01,Advanced Air Mobility (AAM) - Electric Vertical Take-Off and Landing (eVTOL) aircraft,2023-09,1.3,high,The Korean technology 'UAM' (도심항공교통) appears to be directly equivalent to the US technology 'Advanced Air Mobility (AAM) - Electric Vertical Take-Off and Landing (eVTOL) aircraft'. Both refer to the development of electric vertical take-off and landing aircraft for urban air mobility.
동력분산식 고속열차 EMU-320,2022-09,Advanced Air Mobility (AAM) - Electric Vertical Take-Off and Landing (eVTOL) aircraft,2023-09,-1.0,high,"The Korean 동력분산식 고속열차 EMU-320 appears to be an electric high-speed train, which is directly equivalent to the US technology for Advanced Air Mobility (AAM) electric vertical take-off and landing (eVTOL) aircraft."
"드론 관제 시스템, 드론 배송 플랫폼",2022-01,Advanced Air Mobility (AAM) - Electric Vertical Take-Off and Landing (eVTOL) aircraft,2023-09,-1.7,high,"The Korean technology 'drone control system, drone delivery platform' is directly equivalent to the US technology 'Advanced Air Mobility (AAM) - Electric Vertical Take-Off and Landing (eVTOL) aircraft' which includes technologies for drone/UAV control and delivery."
드론 전용 비행시험장,2020-05,Additive Manufacturing (3D Printing),2025-08,-5.2,high,The Korean technology 'drone-dedicated flight test site' is likely related to 3D printing and additive manufacturing capabilities for drones and other unmanned aerial vehicles.
드론봇 전투체계,,AI-based UAS mission planning algorithms for swarm coordination and search operations,2019-11,,high,The Korean 'dronetbot combat system' technology appears to be directly equivalent to the US technology for AI-based algorithms for UAS swarm coordination and mission planning.
레이더(RADAR) 연동 안티드론 통합솔루션,2021-06,AESA radar (Lower-Tier Air & Missile Defense System - LTAMDS),2019-10,1.7,high,"The Korean technology 'RADAR 연동 안티드론 통합솔루션' (Radar-integrated anti-drone integrated solution) is directly equivalent to the US technology 'AESA radar (Lower-Tier Air & Missile Defense System - LTAMDS)', as both involve radar technology for counter-drone applications."
로켓 회수 드론쉽,2022-06,ALIS (Autonomic Logistics Information System),2014-02,8.3,high,"The Korean technology 'Rocket Recovery Drone Ship' appears to be a drone or autonomous system for recovering and retrieving rocket boosters/stages, which is similar in concept to the US ALIS system for autonomous logistics and maintenance of aircraft."
리눅스 플랫폼,,Additive Manufacturing (3D Printing),2025-08,,high,"The Korean technology 'Linux Platform' is likely referring to the use of Linux operating system, which is a common platform for 3D printing and additive manufacturing software and systems."
메인 기어 박스 하우징,2024-09,Additive Manufacturing (3D Printing),2025-08,-0.9,high,"The Korean technology 'Main Gear Box Housing' is a mechanical component that can be produced using 3D printing/additive manufacturing techniques, which is included in the US technology list."
메타구조 기반 전자식 위성통신 안테나,2021-01,3D Photonic Crystals / Optical Photonic Circuits,2020-09,0.3,high,"The Korean technology 'metastructure-based electronic satellite communication antenna' seems to directly match the US technology of '3D Photonic Crystals / Optical Photonic Circuits', which relates to the use of 3D photonic structures for antenna and communication applications."
메타구조의 위성통신 빔 조향 기술,,3D Photonic Crystals / Optical Photonic Circuits,2020-09,,high,"The Korean technology 'satellite communication beam steering technology using metastructures' appears to be directly equivalent to the US technology 'Photonic Crystals / Optical Photonic Circuits', which can be used for beam steering and control in optical/photonic applications such as satellite communications."
모듈형 드론,2024-12,3D Printing / Additive Manufacturing,2018-03,6.8,high,"The Korean technology 'modular drone' suggests the use of 3D printing/additive manufacturing for the fabrication of drone components, which aligns with the US technology capability."
무선 양자암호통신 기술,,100 Gigabit/Second Remote I/O with Software Defined Networking (SDN),2014-11,,high,"The Korean technology 'Wireless Quantum Encryption Communication Technology' is a method of secure data transmission, which is similar in concept to the US technology '100 Gigabit/Second Remote I/O with Software Defined Networking (SDN)' which enables high-speed, secure, and software-defined data transmission."
무선통신기반 차상 열차 자동제어시스템 (KTCS-2),2023-10,Advanced Battle Management System (ABMS),2020-01,3.8,high,The ABMS system provides similar capabilities to the Korean KTCS-2 system for automated train control and management.
무선통신장비,2020-11,5G Network (Dynamic Spectrum Utilization),2021-12,-1.1,high,"The Korean technology 무선통신장비 (wireless communication equipment) is likely equivalent to the US technology 5G Network, which involves dynamic spectrum utilization for wireless communication."
무인 선박,2024-12,3D printing of composite polymer parts with chopped fiber reinforcement,2019-07,5.4,high,The Korean technology 'Unmanned Ship' is directly equivalent to the US technology of 3D printing of composite polymer parts for manufacturing unmanned ships or boats.
무인 항공기(UAM),2025-09,Advanced Air Mobility (AAM) - Electric Vertical Take-Off and Landing (eVTOL) aircraft,2023-09,2.0,high,"The Korean technology 'Unmanned Aerial Vehicle (UAM)' is directly equivalent to the US technology 'Advanced Air Mobility (AAM) - Electric Vertical Take-Off and Landing (eVTOL) aircraft', as both refer to the development of electric vertical take-off and landing aircraft."
무인기,,Advanced Air Mobility (AAM) - Electric Vertical Take-Off and Landing (eVTOL) aircraft,2023-09,,high,"The Korean technology 'Unmanned Aerial Vehicle (무인기)' matches the US technology 'Advanced Air Mobility (AAM) - Electric Vertical Take-Off and Landing (eVTOL) aircraft', which is a type of unmanned aerial vehicle."
"무인수상정(USV), AI 함정 자율화 기술(Vessel Autonomy), 자율 임무 수행 체계(Mission Autonomy)",2025-04,AI algorithms for autonomous systems / Self-driving vehicle software,2022-11,2.4,high,"The Korean technologies of 'Vessel Autonomy' and 'Mission Autonomy' appear to directly match the US technology of 'AI algorithms for autonomous systems / Self-driving vehicle software', which covers the development of AI-based algorithms for autonomous and self-driving capabilities."
"무인잠수정(UUV), 센서 처리 및 활용 기술",2020-09,3D-printed antenna arrays for radar systems,2021-02,-0.4,high,The Korean technology 'Sensor Processing and Utilization Technology (센서 처리 및 활용 기술)' is directly equivalent to the US technology 'Additive Manufacturing (3D Printing) for Radar Systems'.
"무인체계, 우주/위성, AI/컴퓨팅, 센서/통신, 무기/방어체계, 재료/제조, 항공기, 항공기/차량, 센서/통신/레이더, 항공기/전투기, 지상장비",,3D Printing / Additive Manufacturing,2018-03,,high,3D printing / additive manufacturing is the direct equivalent to the Korean technology 'manufacturing/production'.
"무인항공기시스템(UAS), 스카이가디언(SkyGuardian)",,ACES 5 Escape System Drogue Chute,2024-01,,high,"The Korean technology 'SkyGuardian' is a type of unmanned aerial system (UAS), which is directly equivalent to the US technology 'ACES 5 Escape System Drogue Chute' which is also a type of unmanned aerial system."
민수용 차량,2012-01,Additive Manufacturing (3D Printing),2025-08,-13.6,high,"The Korean technology 민수용 차량 refers to civilian/commercial vehicles, which could be produced using additive manufacturing/3D printing techniques in the US."
민수용 차량 도입,2012-12,Additive Manufacturing (3D Printing),2025-08,-12.7,high,"The Korean technology 민수용 차량 도입 (Introducing civilian vehicles) is likely referring to the use of 3D printing/additive manufacturing for civilian vehicle parts or components, which directly matches the US technology 'Additive Manufacturing (3D Printing)'."
바나듐이온배터리 기반 선박용 ESS,2023-H1,ASCENT (Advanced Spacecraft Energetic Non-toxic Propellant) / AF-M315E green propellant,2019-06,,high,"The Korean technology '바나듐이온배터리 기반 선박용 ESS' (Vanadium Ion Battery-based ESS for Ships) is likely equivalent to the US technology ASCENT, which is an advanced non-toxic propellant for spacecraft. Both technologies are focused on energy storage and power systems for maritime/spacecraft applications."
복합 전도성 잉크 기반의 차세대 부품소재,,Additive Manufacturing (3D Printing),2025-08,,high,"The Korean technology '복합 전도성 잉크 기반의 차세대 부품소재' appears to be related to 3D printing or additive manufacturing of conductive ink-based materials, which matches the US technology 'Additive Manufacturing (3D Printing)'."
브림스톤 미사일,2022-05,"AN/TPY-2 radar, THAAD anti-missile system, land-based anti-ship systems",2015-05,7.0,high,"The Brimstone missile is a surface-to-surface missile developed by the UK, which has similar capabilities to the US THAAD anti-missile system."
비접촉식 광커넥터 기술,2021-11,3D Photonic Crystals / Optical Photonic Circuits,2020-09,1.2,high,"The Korean technology 'non-contact optical connector technology' is directly equivalent to the US technology of 3D photonic crystals and optical photonic circuits, which enable high-speed, low-loss optical data transmission without physical contact."
상용 저궤도 위성 기반 통신체계,2026,Advanced Battle Management System (ABMS),2020-01,6.4,high,The Korean technology '상용 저궤도 위성 기반 통신체계' (Commercial Low-Earth Orbit Satellite-based Communication System) is similar to the US technology 'Advanced Battle Management System (ABMS)' which provides secure bi-directional data sharing architecture for military communications.
상용위성 영상 활용,2025-01,ALIS (Autonomic Logistics Information System),2014-02,10.9,high,"ALIS is a US defense technology that provides logistics information and support for military aircraft, which is directly equivalent to the Korean technology of utilizing commercial satellite imagery."
선박 자율운항 기술,2022-,Advanced Air Mobility (AAM) - Electric Vertical Take-Off and Landing (eVTOL) aircraft,2023-09,,high,"The Korean technology 'ship autonomous navigation technology' is directly equivalent to the US technology 'Advanced Air Mobility (AAM) - Electric Vertical Take-Off and Landing (eVTOL) aircraft', as they both involve autonomous navigation and control systems for advanced aerial vehicles."
선박용 고안전성 에너지저장장치(ESS),2024-06,Advanced nanostructured materials for electrochemical power sources and air filtration,2014-06,10.0,high,"The Korean technology for 'high-safety energy storage device (ESS) for ships' is directly equivalent to the US technology for 'advanced nanostructured materials for electrochemical power sources', as both relate to energy storage and power systems."
선박용 고압 직류 송배전 시스템 (MVDC),2024-05,Advanced Spacecraft Energetic Non-toxic Propellant (ASCENT),2019-06,4.9,high,"The Korean technology of 'MVDC' (high voltage direct current transmission and distribution system for ships) is directly equivalent to the US technology of 'Advanced Spacecraft Energetic Non-toxic Propellant (ASCENT)', which deals with advanced electrical power systems for spacecraft and naval platforms."
소형 SAR 위성,2023-12,3D Photonic Crystals / Optical Photonic Circuits,2020-09,3.2,high,"3D Photonic Crystals and Optical Photonic Circuits are technologies related to compact, integrated photonic circuits, which can be used in satellite-based synthetic aperture radar (SAR) systems."
소형무인기 대응체계,2025-01,AI-based UAS mission planning algorithms for swarm coordination and search operations,2019-11,5.2,high,"The Korean technology 소형무인기 대응체계 (small UAV countermeasure system) appears to match the US technology of AI-based algorithms for UAS (Unmanned Aerial System) mission planning, swarm coordination, and search operations."
수상 1인용 개인용 비행체,2021-12,Advanced Air Mobility (AAM) - Electric Vertical Take-Off and Landing (eVTOL) aircraft,2023-09,-1.8,high,"The Korean technology 'Unmanned 1-person personal flying vehicle' appears to be directly equivalent to the US technology 'Advanced Air Mobility (AAM) - Electric Vertical Take-Off and Landing (eVTOL) aircraft', which describes a category of electric aircraft capable of vertical take-off and landing."
수상 PAV(Personal Air Vehicle),2023-04,Advanced Air Mobility (AAM) - Electric Vertical Take-Off and Landing (eVTOL) aircraft,2023-09,-0.4,high,"The Korean 'Personal Air Vehicle' (PAV) technology appears to be directly equivalent to the US 'Advanced Air Mobility (AAM) - Electric Vertical Take-Off and Landing (eVTOL) aircraft' technology, both of which involve the development of personal/small electric aircraft capable of vertical take-off and landing."
수소 연료전지,2021-07,ASCENT (Advanced Spacecraft Energetic Non-toxic Propellant) / AF-M315E green propellant,2019-06,2.1,high,"The Korean technology 'Hydrogen fuel cell' is directly equivalent to the US technology 'ASCENT (Advanced Spacecraft Energetic Non-toxic Propellant) / AF-M315E green propellant', as both involve the use of hydrogen-based fuel for power generation."
수소 연료전지 드론,2021-01,3D printing of composite polymer parts with chopped fiber reinforcement,2019-07,1.5,high,"The Korean technology of 'hydrogen fuel cell drone' is likely equivalent to the US technology of 3D printing composite polymer parts, which can be used to fabricate drone structures and components."
"수소 운반선, 이중연료 엔진, 전자식 엔진 DX12, DX22",2030년 상용화 목표,ALIS (Autonomic Logistics Information System),2014-02,,high,"The Korean technology 'DX12, DX22' appears to be equivalent to the US ALIS system, which is a logistics information system for aircraft maintenance and operations."
수소 충전 인프라,2021-03,ARES OS (Autonomous Research System) - Open-source software with AI and autonomy,2021-09,-0.5,high,"The Korean technology 'Hydrogen Charging Infrastructure' appears to be similar to the US technology 'ARES OS', which includes capabilities for autonomous systems and AI."
수소 파워팩 드론,2021-11,Advanced Air Mobility (AAM) - Electric Vertical Take-Off and Landing (eVTOL) aircraft,2023-09,-1.8,high,"The Korean technology 'Hydrogen Power Pack Drone' appears to be directly equivalent to the US technology of 'Advanced Air Mobility (AAM) - Electric Vertical Take-Off and Landing (eVTOL) aircraft', which includes electric and hydrogen-powered drones and aircraft."
수소 항공기,2035,Advanced Air Mobility (AAM) - Electric Vertical Take-Off and Landing (eVTOL) aircraft,2023-09,11.8,high,The Korean technology 'hydrogen aircraft' is directly equivalent to the US technology 'Advanced Air Mobility (AAM) - Electric Vertical Take-Off and Landing (eVTOL) aircraft' as they both refer to electric aircraft technologies.
수소모빌리티 통합형 수소충전소,2022-11,3D printing of composite polymer parts with chopped fiber reinforcement,2019-07,3.3,high,"The Korean technology 'Integrated Hydrogen Refueling Station for Hydrogen Mobility' is directly related to the US technology ' 3D printing of composite polymer parts with chopped fiber reinforcement', as both involve advanced manufacturing and materials for hydrogen-powered mobility applications."
수소엔진,2027-01,ASCENT (Advanced Spacecraft Energetic Non-toxic Propellant) / AF-M315E green propellant,2019-06,7.6,high,"The Korean technology 'Hydrogen Engine' (수소엔진) is directly equivalent to the US technology 'ASCENT (Advanced Spacecraft Energetic Non-toxic Propellant)' which uses a green propellant, as both involve the use of hydrogen as a fuel."
수소연료전지 기반 200kg급 카고 드론,2025,3D printing for solid rocket motor (SRM) manufacturing,2023-11,1.6,high,"The Korean technology 'Hydrogen fuel cell-based 200kg class cargo drone' is directly equivalent to the US technology 'Additive Manufacturing (3D Printing) for Munitions', which includes 3D printing for solid rocket motor manufacturing."
수소연료전지 기반 수송드론,,Advanced Air Mobility (AAM) - Electric Vertical Take-Off and Landing (eVTOL) aircraft,2023-09,,high,"The Korean technology 'Hydrogen Fuel Cell Based Transport Drone' is directly equivalent to the US technology of 'Advanced Air Mobility (AAM) - Electric Vertical Take-Off and Landing (eVTOL) aircraft', as both refer to drone/aircraft systems powered by hydrogen fuel cells."
수소연료전지 기반 전기 추진체계,2025-01,ASCENT (Advanced Spacecraft Energetic Non-toxic Propellant) / AF-M315E green propellant,2019-06,5.6,high,"The Korean technology 'hydrogen fuel cell based electric propulsion system' matches the US technology 'ASCENT (Advanced Spacecraft Energetic Non-toxic Propellant) / AF-M315E green propellant', as both involve advanced electric propulsion systems using hydrogen fuel cells or non-toxic propellants."
수소연료전지-배터리 하이브리드 추진 시스템,2026-00,3D printing of composite polymer parts with chopped fiber reinforcement,2019-07,6.4,high,"The Korean technology 'hydrogen fuel cell-battery hybrid propulsion system' is a type of hybrid propulsion system, which is similar to the US technology of 3D printing of composite polymer parts with chopped fiber reinforcement that can be used for various propulsion applications, including hybrid systems."
수소전기버스,2021-00,Advanced Air Mobility (AAM) - Electric Vertical Take-Off and Landing (eVTOL) aircraft,2023-09,-2.8,high,"The Korean technology 수소전기버스 (Hydrogen Electric Bus) is directly equivalent to the US technology of Advanced Air Mobility (AAM) - Electric Vertical Take-Off and Landing (eVTOL) aircraft, as both involve the use of electric or hydrogen-electric propulsion for transportation vehicles."
수소전기트램,2021-12,Advanced Air Mobility (AAM) - Electric Vertical Take-Off and Landing (eVTOL) aircraft,2023-09,-1.8,high,"The Korean 'hydrogen electric tram' technology appears to be directly equivalent to the US 'Advanced Air Mobility (AAM) - Electric Vertical Take-Off and Landing (eVTOL) aircraft' technology, as both involve electric/hydrogen-powered vertical take-off and landing vehicles."
수소전기트럭,2020-10,Advanced Air Mobility (AAM) - Electric Vertical Take-Off and Landing (eVTOL) aircraft,2023-09,-2.9,high,"The Korean technology 'hydrogen electric truck' is likely equivalent to the US technology 'Advanced Air Mobility (AAM) - Electric Vertical Take-Off and Landing (eVTOL) aircraft', as both involve the development of electric and hydrogen-powered vehicles for transportation and mobility applications."
수제맥주 캔 로켓,2021-00,Additive Manufacturing (3D Printing) for Munitions,2020-02,0.8,high,"The Korean technology 'su je maeg ju can ro ket' (수제맥주 캔 로켓) seems to be a homemade rocket made from a beer can, which is similar in concept to 3D-printed munitions in the US technology list."
수직이착륙 무인헬기,2019-07,Advanced Air Mobility (AAM) - Electric Vertical Take-Off and Landing (eVTOL) aircraft,2023-09,-4.2,high,The Korean technology 'vertical take-off and landing unmanned helicopter' is directly equivalent to the US technology of 'Advanced Air Mobility (AAM) - Electric Vertical Take-Off and Landing (eVTOL) aircraft'
수직이착륙 전기 에어택시 VX4의 핵심 부품 개발,,Advanced Air Mobility (AAM) - Electric Vertical Take-Off and Landing (eVTOL) aircraft,2023-09,,high,The Korean technology 'Vertical Take-Off and Landing (VTOL) Electric Air Taxi VX4' is directly equivalent to the US technology for Advanced Air Mobility (AAM) electric VTOL aircraft.
슈퍼컴퓨터,2023-02,100 Gigabit/Second Remote I/O with Software Defined Networking (SDN),2014-11,8.2,high,"The Korean technology 'sluperkeompyuta' (supercomputer) is directly equivalent to the US technology of high-speed remote I/O and software-defined networking, which are key capabilities of advanced supercomputing systems."
신형 헬멧 카메라,2020-06,Additive Manufacturing (3D Printing),2025-08,-5.2,high,The Korean technology '신형 헬멧 카메라' (New Helmet Camera) is likely equivalent to the US technology of 3D printing for helmet components and integrated camera systems.
아이언 빔 해상 시스템,2023-05,AESA radar (Lower-Tier Air & Missile Defense System - LTAMDS),2019-10,3.6,high,"The Korean 'Iron Beam' is likely a naval/maritime version of the US AESA radar technology, which is a key component in integrated air defense systems."
암모니아엔진 보호복,2026-03,Adaptive Optics and Ocean Hydro Optics Sensors,2012-04,13.9,high,"The Korean technology 'ammoniaengine protection suit' seems to be related to the US technology 'Adaptive Optics and Ocean Hydro Optics Sensors', which involves advanced sensors and optics for various applications including maritime environments."
암모니아추진선 신기술,2024-06,Advanced Spacecraft Energetic Non-toxic Propellant (ASCENT),2019-06,5.0,high,"The Korean technology '암모니아추진선 신기술' refers to advanced ammonia-powered ship propulsion, which is directly equivalent to the US 'Advanced Spacecraft Energetic Non-toxic Propellant (ASCENT)' technology for environmentally-friendly spacecraft propulsion."
액체수소 드론,2022-05,3D printing of composite polymer parts with chopped fiber reinforcement,2019-07,2.8,high,"The Korean technology 'liquid hydrogen drone' suggests the use of lightweight, high-performance materials like carbon fiber composites, which can be produced through 3D printing techniques."
액화수소 탱크 기술,2025-01,1K polysiloxane coating (single-component polysiloxane topcoat),2017-04,7.8,high,The Korean technology 'Liquefied Hydrogen Tank Technology' seems to match the US technology '1K polysiloxane coating' which is a single-component polysiloxane topcoat used for aircraft and other applications.
액화수소운반선,2024-09,ASCENT (Advanced Spacecraft Energetic Non-toxic Propellant) / AF-M315E green propellant,2019-06,5.2,high,Both technologies involve the use of liquid hydrogen for ship propulsion.
양면발전 태양광 기술,2020-05,Additive Manufacturing (3D Printing),2025-08,-5.2,high,"The Korean technology 'double-sided photovoltaic technology' is a type of 3D printing or additive manufacturing for solar panels, which is directly equivalent to the US technology 'Additive Manufacturing (3D Printing)'"
양자암호통신,2021-12,3D Photonic Crystals / Optical Photonic Circuits,2020-09,1.2,high,The Korean technology 'Quantum Cryptography Communication' is directly equivalent to the US technology 'Photonic Crystals / Optical Photonic Circuits' which can be used for quantum cryptography and secure communications.
"엔진(CFM International LEAP-1B), 윙렛(Advanced Technology Winglet), 플랩 서포트 페어링(Flap Support Fairing)",2022-03,A330neo aircraft engines and wing design,2023-11,-1.7,high,"The Korean technology includes the CFM International LEAP-1B engine, Advanced Technology Winglet, and Flap Support Fairing, which are technologies used in the A330neo aircraft developed by Airbus, a US-based defense and aerospace company."
열영상 도트복합조준장비,2020-12,AESA radar (Lower-Tier Air & Missile Defense System - LTAMDS),2019-10,1.2,high,"The Korean technology 'thermal imaging dot complex sighting equipment' appears to be directly equivalent to the US technology 'AESA radar', as both refer to advanced radar systems with thermal imaging and targeting capabilities."
열영상 융합형 3D카메라,2025-01,3D Photonic Crystals / Optical Photonic Circuits,2020-09,4.3,high,"The Korean technology 'thermal infrared camera fusion 3D camera' appears to be equivalent to the US technology of '3D Photonic Crystals / Optical Photonic Circuits', which can be used for advanced imaging and detection systems."
열화상 카메라 탑재 드론,2024-09,3D-printed antenna arrays for radar systems,2021-02,3.6,high,"The Korean technology of 'thermal imaging camera-equipped drone' matches the US technology of '3D-printed antenna arrays for radar systems', as both involve the use of drone/UAV platforms with advanced sensor capabilities."
"영상감시장치(CCTV), 원격감시체계",2020-01,ACES 5 Escape System Drogue Chute,2024-01,-4.0,high,The Korean technology 'CCTV' and 'Remote Monitoring System' appears to match the US technology 'ACES 5 Escape System Drogue Chute' which is a remote monitoring and video surveillance system for aircraft escape systems.
우주 기반 ISR,,3D Ionosphere Modeling; Solar Observation Imaging (STEREO),2011-01,,high,The Korean technology 'Space-based ISR' appears to match the US technology '3D Ionosphere Modeling; Solar Observation Imaging (STEREO)' which provides space-based monitoring and imaging capabilities.
우주 전력,,Active Debris Removal (ADR) System using micron-scale dust particles,2012-06,,high,"The Korean technology 'Space Power' may refer to space-based debris removal capabilities, which matches the US technology for Active Debris Removal using micron-scale dust particles."
우주부품 표준화,2025-03,Additive Manufacturing (3D Printing),2025-08,-0.4,high,The Korean technology 'Standardization of Space Components' is likely equivalent to US technology for additive manufacturing and 3D printing of aerospace components.
"우주용 칩 안테나 기술, 능동 필터링 기술",,3D Photonic Crystals / Optical Photonic Circuits,2020-09,,high,"The Korean technology 'space chip antenna technology and active filtering technology' appears to be directly equivalent to the US technology '3D Photonic Crystals / Optical Photonic Circuits', which deals with advanced antenna and filtering technologies for space applications."
위그선 모의비행훈련장치,2024-12,ACES 5 Escape System Drogue Chute,2024-01,0.9,high,"The Korean technology 'WIGV modeled flight training device' is likely equivalent to the US technology 'ACES 5 Escape System Drogue Chute', which is a parachute system used for escape from aircraft."
위성 수명 연장 팟,2026-01,ASCENT (Advanced Spacecraft Energetic Non-toxic Propellant) / AF-M315E green propellant,2019-06,6.6,high,"The Korean technology 'satellite life extension pod' appears to match the US technology 'ASCENT (Advanced Spacecraft Energetic Non-toxic Propellant) / AF-M315E green propellant', which is a propellant technology used to extend the life of spacecraft and satellites."
"위성 안테나, 저궤도 위성통신, 에어모빌리티",2021-05,3D Printing / Additive Manufacturing,2018-03,3.2,high,The Korean technology 'low-earth orbit satellite communication' is directly equivalent to the US technology of 3D printing and additive manufacturing for aerospace applications.
위성통신 시스템,2020-08,ASCENT (Advanced Spacecraft Energetic Non-toxic Propellant) / AF-M315E green propellant,2019-06,1.2,high,"The Korean technology 위성통신 시스템 (Satellite Communication System) is directly equivalent to the US technology ASCENT (Advanced Spacecraft Energetic Non-toxic Propellant) / AF-M315E green propellant, which is a satellite propulsion system."
이지스 시스템 탑재함,2027-04,AESA radar (Lower-Tier Air & Missile Defense System - LTAMDS),2019-10,7.5,high,The Korean 'Aegis system equipped ship' is equivalent to the US AESA radar used in the Lower-Tier Air & Missile Defense System (LTAMDS).
인공지능 기반 광자레이다 기술,2025-04,3D Photonic Crystals / Optical Photonic Circuits,2020-09,4.6,high,"The Korean technology of 'AI-based light detection and ranging (lidar) technology' is directly equivalent to the US technology of '3D Photonic Crystals / Optical Photonic Circuits', which involves the use of photonic crystals and optical circuits for advanced lidar and radar systems."
"인공지능(AI), 스마트 안전관리 체계",2019-08,AI data compression and edge computing offloading system,2021-09,-2.1,high,"The Korean technology 'AI (artificial intelligence) and smart safety management system' appears to be directly equivalent to the US technology 'AI data compression and edge computing offloading system', as they both involve the use of AI for smart/automated management and processing of data."
인텔 제온 D 프로세서,,100 Gigabit/Second Remote I/O with Software Defined Networking (SDN),2014-11,,high,"The Intel Xeon D processor is a server-grade processor that supports high-speed networking capabilities, which aligns with the 100 Gigabit/Second Remote I/O with Software Defined Networking (SDN) technology."
인텔샛 2Ku 시스템,2022-12,400Hz Aircraft Power Lightcart (400 APL),2024-01,-1.1,high,"The 인텔샛 2Ku 시스템 appears to be a satellite communications system, which is directly equivalent to the 400Hz Aircraft Power Lightcart (400 APL) technology used for aircraft power and communications."
자동 및 자율 측정 시스템,2024-02,100 Gigabit/Second Remote I/O with Software Defined Networking (SDN),2014-11,9.2,high,The Korean technology 'Automatic and autonomous measurement system' is likely equivalent to the US technology for high-speed remote data acquisition and processing with software-defined networking capabilities.
"자동화 로봇, 가상 및 증강 현실, Cobotics",,AI algorithms for autonomous systems / Self-driving vehicle software,2022-11,,high,The Korean technology 자동화 로봇 (automated robots) matches the US technology of AI algorithms for autonomous systems.
"자율비행, 인공지능, 항공전자, 모빌리티 플랫폼, 스마트 캐빈, 스마트 팩토리",,AI algorithms for autonomous systems / Self-driving vehicle software,2022-11,,high,"The Korean technology of 'autonomous flight, artificial intelligence, avionics, mobility platform, smart cabin, and smart factory' appears to closely match the US technology of 'AI algorithms for autonomous systems / Self-driving vehicle software', which covers similar capabilities in artificial intelligence and autonomous systems."
자율운항 및 원격제어,2024-11,Advanced Battle Management System (ABMS),2020-01,4.8,high,The Korean technology 'Autonomous navigation and remote control' is directly equivalent to the US technology 'Advanced Battle Management System (ABMS)' which integrates autonomous systems and remote control capabilities.
자율운항 선박 시스템,2022-01,Advanced Air Mobility (AAM) - Electric Vertical Take-Off and Landing (eVTOL) aircraft,2023-09,-1.7,high,"The Korean technology of 'Autonomous navigation ship system' appears to be directly equivalent to the US technology of 'Advanced Air Mobility (AAM) - Electric Vertical Take-Off and Landing (eVTOL) aircraft', as both involve autonomous navigation and control of aerial/maritime vehicles."
자율운항 솔루션,2023-08,Advanced Air Mobility (AAM) - Electric Vertical Take-Off and Landing (eVTOL) aircraft,2023-09,-0.1,high,"The Korean technology 'Autonomous navigation solution' appears to be directly equivalent to the US technology of advanced air mobility (AAM) platforms, including electric vertical take-off and landing (eVTOL) aircraft with autonomous capabilities."
자율운항선박 기술,2022-01,Advanced Air Mobility (AAM) - Electric Vertical Take-Off and Landing (eVTOL) aircraft,2023-09,-1.7,high,"The Korean technology 자율운항선박 기술 (autonomous navigation ship technology) appears to match the US technology for Advanced Air Mobility (AAM) - Electric Vertical Take-Off and Landing (eVTOL) aircraft, as both involve autonomous/self-driving vehicle technology."
"자율운항선박, 스마트 건설기계, 빅데이터·AI 활용 전략",,AH-64E transmission system,2013-04,,high,The AH-64E transmission system is a direct equivalent to the Korean technology for 'smart construction machinery'.
잠수함용예인정-Ⅱ,2026-12,ADAPTS (Airman Data Analysis and Performance Tracking System),2020-06,6.5,high,"ADAPTS is a US military system designed to monitor and analyze data related to airmen and their performance, which could be considered a similar capability to the Korean technology 잠수함용예인정-Ⅱ (Towed Underwater Vehicle-II) which is likely used for submarine-related data tracking and analysis."
장거리 배회 자폭드론,2023-12,ALE-25 Pylon Loading Adapter (avionics pylon loading adapter),2025-12,-2.0,high,"The Korean technology 'long-range loitering kamikaze drone' appears to match the US technology 'ALE-25 Pylon Loading Adapter', which is a system for loading and integrating avionics and weapons systems onto aircraft pylons. This is a similar capability to a long-range loitering drone weapon system."
재사용 우주발사체용 메탄엔진,,ASCENT (Advanced Spacecraft Energetic Non-toxic Propellant) / AF-M315E green propellant,2019-06,,high,"The Korean technology 'reusable space launch vehicle methane engine' is directly equivalent to the US ASCENT (Advanced Spacecraft Energetic Non-toxic Propellant) technology, which includes the AF-M315E green propellant for spacecraft and rocket engines."
"저궤도 상용위성, 항공기·잠수함용 위성통신 기술, AI 기반 영상관제, 항만·운항지원 모니터링 시스템",2024-06,ASCENT (Advanced Spacecraft Energetic Non-toxic Propellant) / AF-M315E green propellant,2019-06,5.0,high,"The Korean technology 'low-orbit commercial satellite, satellite communication technology for aircraft and submarines, AI-based image monitoring, and port and navigation monitoring systems' appears to match the US technology 'ASCENT (Advanced Spacecraft Energetic Non-toxic Propellant) / AF-M315E green propellant', which is a non-toxic propellant for spacecraft and satellites."
저궤도 위성통신 네트워크,2023-11,ALIS (Autonomic Logistics Information System),2014-02,9.8,high,"ALIS is a logistics information system that provides real-time data on the health and status of aircraft, similar to a satellite-based communications network for military assets."
적외선차폐연막통,2020-08,Adaptive Optics (AO) and 1.5-meter telescope imaging system,2021-11,-1.2,high,"The Korean technology 적외선차폐연막통 appears to be a type of infrared-shielding smoke generator, which is similar in capability to the US technology of Adaptive Optics (AO) and 1.5-meter telescope imaging system, which can be used for infrared imaging and countermeasures."
전기 수직 이착륙 항공기 (eVTOL),2028-01,Advanced Air Mobility (AAM) - Electric Vertical Take-Off and Landing (eVTOL) aircraft,2023-09,4.3,high,The Korean technology 'Electric Vertical Take-Off and Landing (eVTOL) Aircraft' directly matches the US technology 'Advanced Air Mobility (AAM) - Electric Vertical Take-Off and Landing (eVTOL) aircraft'.
전기 수직이착륙기(eVTOL),2023-08,Advanced Air Mobility (AAM) - Electric Vertical Take-Off and Landing (eVTOL) aircraft,2023-09,-0.1,high,The Korean technology 전기 수직이착륙기 (eVTOL) is directly equivalent to the US technology for Advanced Air Mobility (AAM) - Electric Vertical Take-Off and Landing (eVTOL) aircraft.
전기 수직이착륙기(eVTOL) 블랙플라이,2024-08,Advanced Air Mobility (AAM) - Electric Vertical Take-Off and Landing (eVTOL) aircraft,2023-09,0.9,high,The Korean technology 전기 수직이착륙기(eVTOL) appears to be directly equivalent to the US technology of Advanced Air Mobility (AAM) - Electric Vertical Take-Off and Landing (eVTOL) aircraft.
전기추진시스템,2021-06,ALIS (Autonomic Logistics Information System),2014-02,7.3,high,ALIS is a logistics and maintenance system for aircraft that is directly equivalent to the Korean 'electric propulsion system' technology.
전자 조정식 배열(ESA) 안테나,2024-01,AESA radar (Lower-Tier Air & Missile Defense System - LTAMDS),2019-10,4.2,high,"The Korean 'electronic scanning array (ESA) antenna' technology is directly equivalent to the US AESA radar technology, which is a type of radar system that uses an array of small antennas to electronically steer the radar beam."
정밀 용접 휴머노이드,2027-01,Additive Manufacturing (3D Printing),2025-08,1.4,high,"The Korean technology 'precise welding humanoid' is likely referring to 3D printing of humanoid robots, which matches the US technology 'Additive Manufacturing (3D Printing)'."
정밀제어 시스템,,100 Gigabit/Second Remote I/O with Software Defined Networking (SDN),2014-11,,high,"The Korean technology 'Precision Control System' is likely referring to a high-speed, software-defined networking and control system, which the US technology '100 Gigabit/Second Remote I/O with Software Defined Networking (SDN)' appears to directly match."
정찰용 무인수상정,2027-00,ALE-25 Pylon Loading Adapter (avionics pylon loading adapter),2025-12,1.0,high,The Korean technology 'Unmanned surface vessel for reconnaissance' appears to be directly equivalent to the US technology 'ALE-25 Pylon Loading Adapter' which is a loading adapter for avionics pylons on aircraft.
중형 PC선 및 LPG선,2025-03,A330neo aircraft engines and wing design,2023-11,1.3,high,"The Korean technology 중형 PC선 및 LPG선 (mid-size PC ship and LPG ship) seems to match the US technology for the A330neo aircraft, which has advanced engine and wing designs."
중형표준차량,2019-11,Additive Manufacturing (3D Printing),2025-08,-5.8,high,"The Korean technology '중형표준차량' (Medium Standard Vehicle) is likely referring to the manufacturing of standard military vehicles, which can be matched to the US technology of Additive Manufacturing (3D Printing) for the production of military-grade components and parts."
"지속 가능한 항공 연료(SAF), 소형 모듈 원자로(SMR), 배터리 스토리지, 연료전지, 전기 및 하이브리드 전기 비행","2023-01, 2030-01",AN/AAR-47A/B(V)2 Missile Warning Set with Hostile Fire Indication,2011-11,11.2,high,"The Korean technology 'research on fuel cell' appears to match the US technology 'AN/AAR-47A/B(V)2 Missile Warning Set with Hostile Fire Indication', which is a missile warning system that can detect and indicate hostile fire."
지속가능경영품질대상,2025-10,"chip fabrication, synthetic biology, quantum computing, artificial intelligence, machine learning",2022-08,3.2,medium,"The Korean technology 'Sustainability Management Quality Award' could be related to US technology in areas like synthetic biology, quantum computing, AI, and machine learning, which are often used for sustainable technology development and management."
"지속가능한 항공 연료(SAF, Sustainable Aviation Fuel)",2023-12,Advanced fuel analytics diagnostic system with chemometric algorithms,2012-11,11.1,high,"The Korean technology 'Sustainable Aviation Fuel (SAF)' is directly equivalent to the US technology 'Advanced fuel analytics diagnostic system with chemometric algorithms', which focuses on advanced fuel diagnostics and prognostics tools, chemometric modeling algorithms, and shipboard fuel quality surveillance sensing technologies."
진동원 능동제어장치 SW,2025-12,AI system for fuel cell material discovery,2019-08,6.3,high,"The Korean technology '진동원 능동제어장치 SW' appears to be related to active control of vibration sources, which could be applicable to fuel cell materials discovery using AI systems."
차기 ¼톤 표준차량,,Additive Manufacturing (3D Printing),2025-08,,high,"The Korean technology '차기 ¼톤 표준차량' (Next-generation 1/4-ton standard vehicle) is likely to utilize 3D printing for manufacturing, which matches the US technology 'Additive Manufacturing (3D Printing)'."
차륜형장갑차,2024-05,AH-64 Apache helicopter,2015-04,9.1,high,"The Korean 'Wheeled Armored Vehicle' technology appears to match the US AH-64 Apache helicopter, which is a wheeled armored combat vehicle."
차세대 군용차 표준 플랫폼,2024-01,Additive Manufacturing (3D Printing),2025-08,-1.6,high,"The Korean technology 'Standardized Platform for Next-Generation Military Vehicles' appears to be directly equivalent to the US technology 'Additive Manufacturing (3D Printing)', as both involve advanced manufacturing techniques for military vehicles and systems."
"차세대 디젤엔진 DX05, DX08",2024-11,3D printing of composite polymer parts with chopped fiber reinforcement,2019-07,5.3,high,"The Korean technology 'DX05, DX08' appears to be referring to next-generation diesel engines, which could potentially be manufactured using 3D printing techniques such as those described in the US technology."
차세대 신모델,2025-04,"Artificial Intelligence, Autonomous Systems, Hypersonic Technologies, Unmanned Vehicles, Quantum Information Science",2024-04,1.0,high,"The Korean technology 'Next-generation New Model' appears to be a broad term that could encompass various advanced technologies, including AI, autonomous systems, hypersonics, unmanned vehicles, and quantum information science, which are all listed in the US technology list item 2."
차세대 위성통신,2022-12,5G Network (Dynamic Spectrum Utilization),2021-12,1.0,high,"The Korean technology 'Next-generation satellite communications' is directly equivalent to the US technology '5G Network (Dynamic Spectrum Utilization)', as both deal with advanced satellite communication capabilities."
차세대 전술트럭,2020-09,Additive Manufacturing (3D Printing),2025-08,-4.9,high,"The Korean technology 'Chasu-ge Jeon-sul Teu-reok' (차세대 전술트럭) appears to be referring to a next-generation tactical truck, which could involve 3D printing for part manufacturing and production."
차세대 중형위성,2022-01,Advanced Air Mobility (AAM) - Electric Vertical Take-Off and Landing (eVTOL) aircraft,2023-09,-1.7,high,The Korean technology 'next-generation medium-sized satellite' appears to match the US technology 'Advanced Air Mobility (AAM) - Electric Vertical Take-Off and Landing (eVTOL) aircraft' in terms of being a new generation of aircraft/spacecraft technology.
차세대 중형표준차량 및 5톤 방탄킷 차량,2024-01,"30mm quick-firing cannon, Javelin vehicular integration, sights and sensors upgrade",2016-02,7.9,high,"The Korean technology 차세대 중형표준차량 및 5톤 방탄킷 차량 (Next-Generation Medium Standard Vehicle and 5-Ton Armored Kitkat Vehicle) appears to be a comparable system to the US technology of a 30mm quick-firing cannon, Javelin vehicular integration, and sights and sensors upgrade."
차세대중형위성 시스템 개발,"2020-01, 2021-01, 2023-01, 2025-01",Additive Manufacturing (3D Printing),2025-08,-5.6,high,"The Korean technology '차세대중형위성 시스템 개발' (Development of Next-Generation Medium-Sized Satellite System) is closely related to the US technology of Additive Manufacturing (3D Printing), as 3D printing can be used to fabricate components for satellite systems."
천궁-II 미사일 발사대,2022-01,AESA radar (Lower-Tier Air & Missile Defense System - LTAMDS),2019-10,2.2,high,"The Korean 천궁-II 미사일 발사대 (Cheonma-II missile launcher) is a launch platform for surface-to-air missiles, which likely incorporates an AESA radar for target acquisition and guidance similar to the US AESA radar used in the LTAMDS system."
"첨단 무기체계, 주요 구성품",,3D Printing / Additive Manufacturing,2018-03,,high,"The Korean technology '첨단 무기체계, 주요 구성품' (Advanced Weapon Systems and Key Components) is directly equivalent to the US technology 3D Printing / Additive Manufacturing, which is used to produce various defense components and systems."
첨단 항공엔진,,A330neo aircraft engines and wing design,2023-11,,high,"The Korean technology '첨단 항공엔진' refers to advanced aircraft engines, which matches the US technology 'A330neo aircraft engines and wing design' that covers advanced engine and aircraft design technologies."
초거대 AI 인프라,2024-08,Advanced Manufacturing and Sustainment Technologies,2020-12,3.7,high,"The Korean technology 'super-large AI infrastructure' is likely related to advanced manufacturing and sustainment technologies, which encompass capabilities such as additive manufacturing, digital fabrication, and AI-enabled production processes."
초고효율 HJT(이종접합 기술) 태양전지,2026-00,1K polysiloxane topcoat (organosilane polymer-based aircraft coating),2019-06,6.5,high,"The Korean technology 'HJT (이종접합 기술) 태양전지' refers to high-efficiency heterojunction solar cells, which is a type of solar cell technology. The US technology '1K polysiloxane topcoat' is an organosilane polymer-based aircraft coating, which is a similar type of advanced material technology."
"초대형 암모니아운반선, LNG운반선, 맥티브(MCTIB) 연료탱크",2025-06,400Hz Aircraft Power Lightcart (400 APL),2024-01,1.4,high,"The 400Hz Aircraft Power Lightcart (400 APL) is a US defense technology that provides 400Hz aircraft power, which is directly equivalent to the Korean technology of LNG운반선 (LNG tanker ship)."
초소형위성체계 군지상체,2030,ASCENT (Advanced Spacecraft Energetic Non-toxic Propellant) / AF-M315E green propellant,2019-06,11.0,high,"The Korean technology '초소형위성체계 군지상체' is related to small satellite systems, which is similar to the US technology 'ASCENT (Advanced Spacecraft Energetic Non-toxic Propellant)' that is a green propellant for advanced spacecraft and small satellites."
초연결 기반 스마트 개인감시체계,2021-01,Artificial Intelligence (AI) and Machine Learning,,,high,The Korean technology 초연결 기반 스마트 개인감시체계 appears to be equivalent to the US technology of Artificial Intelligence and Machine Learning for military applications such as surveillance and monitoring.
최신형 AMRAAM 공대공 미사일,2022-01,AESA radar (Lower-Tier Air & Missile Defense System - LTAMDS),2019-10,2.2,high,"The 최신형 AMRAAM 공대공 미사일 is the latest version of the AIM-120 Advanced Medium-Range Air-to-Air Missile (AMRAAM), which is the equivalent US defense technology."
축방향 자속 전기 모터,,Advanced composite materials (carbon epoxy fiber reinforced resin) and predictive modeling/testing methodology,2015-04,,high,"The Korean technology 'axial flux electric motor' is likely related to advanced composite materials and manufacturing processes, which is covered by the US technology 'Advanced composite materials (carbon epoxy fiber reinforced resin) and predictive modeling/testing methodology'."
친환경 에어택시,,Advanced Air Mobility (AAM) - Electric Vertical Take-Off and Landing (eVTOL) aircraft,2023-09,,high,"The Korean '친환경 에어택시' technology appears to match the US technology for 'Advanced Air Mobility (AAM) - Electric Vertical Take-Off and Landing (eVTOL) aircraft', which are electric-powered aircraft capable of vertical takeoff and landing."
"친환경 연료 육상시험시설(Land Based Test Site: LBTS), 잠수함용 리튬이온 에너지저장장치(ESS), 수소연료전지기반의 공기불요추진체계(AIP)",,ASCENT (Advanced Spacecraft Energetic Non-toxic Propellant) / AF-M315E green propellant,2019-06,,high,"The Korean technology 'water fuel cell-based air-independent propulsion system (AIP)' appears to be directly equivalent to the US technology 'ASCENT (Advanced Spacecraft Energetic Non-toxic Propellant) / AF-M315E green propellant', which is a non-toxic, high-performance green propellant for spacecraft and missiles."
"친환경선박 전기추진시스템, 친환경 대체연료 해상실증선박",2024년,2-D Materials (Polaritons in Layered Two-Dimensional Materials),2017-02,,high,"The Korean technology '친환경선박 전기추진시스템' and '친환경 대체연료 해상실증선박' both relate to the development of environmentally friendly, electric propulsion systems and alternative fuels for maritime vessels. The US technology '2-D Materials (Polaritons in Layered Two-Dimensional Materials)' is a similar concept focused on advanced materials research, which could be applicable to the development of such green maritime technologies."
캐터필러 C9.3 엔진,2023-01,Additive Manufacturing / 3D Printing,2019-10,3.2,high,The Korean technology 'Caterpillar C9.3 engine' is likely related to additive manufacturing and 3D printing capabilities for engine components or other aerospace/defense applications.
컴뱃셔츠,2011,Adaptive Optics and Large Aperture Optical Telescope Systems,1994-02,17.3,high,"The Korean technology 'combat shirt' appears to be referring to a type of protective clothing, which could be equivalent to the US technology of 'Adaptive Exoskeleton Boot' designed for military applications."
퀵싱크 공대함 유도폭탄,2024-08,AESA radar (Lower-Tier Air & Missile Defense System - LTAMDS),2019-10,4.8,high,"The Korean technology '퀵싱크 공대함 유도폭탄' appears to be an air-to-surface guided bomb, which is a capability that can be matched to the US AESA radar technology used in the Lower-Tier Air & Missile Defense System (LTAMDS)."
통신 및 정밀 측위 시스템,,AESA radar (Lower-Tier Air & Missile Defense System - LTAMDS),2019-10,,high,"The Korean 'communications and precision positioning system' is likely referring to active electronically scanned array (AESA) radar technology, which is represented by the US technology 'AESA radar (Lower-Tier Air & Missile Defense System - LTAMDS)'"
티토믹 키네틱 퓨전,,Directed Energy (DE) and Kinetic Energy (KE) weapon systems integration; Airborne High Energy Laser pod,2022-01,,high,"The Korean technology 'Titomic Kinetic Fusion' is likely referring to directed energy technology, which is covered under US technology #88."
펭귄 대함미사일,1972-01,"AN/TPY-2 radar, THAAD anti-missile system, land-based anti-ship systems",2015-05,-43.3,high,"The Korean 'Penguin' anti-ship missile appears to be a land-based anti-ship missile system, which is equivalent to the US THAAD anti-missile system and land-based anti-ship systems."
"폭발물 처리, 긴급활주로 복구",2024-08,3D printing of magnesium alloy (WE43) micro-lattice structures,2021-03,3.4,high,"The Korean technology 'Explosive Ordnance Disposal, Emergency Runway Recovery' is directly equivalent to the US technology 'Additive Manufacturing (3D Printing) for Munitions', which includes 3D printing of magnesium alloy micro-lattice structures for military applications."
"프로펠러-모터 직결형 선회식 전기추진기(POD, Podded Propulsor)",2026,"3-D printing for electromagnetics, RF devices, quantum information science, neuromorphic computing",,,high,"The Korean technology 'POD' (Podded Propulsor) is a type of electric propulsion system, which is similar in concept to the US technology of 3D printing for electromagnetic and RF devices."
플레아데스 네오 군집 위성,,3D Ionosphere Modeling; Solar Observation Imaging (STEREO),2011-01,,high,"The Korean technology 'Pleiades NEO satellite constellation' appears to be equivalent to the US technology 3D Ionosphere Modeling and Solar Observation Imaging (STEREO), which involves the use of satellite constellations for ionosphere modeling and solar observation."
플렉스로터 무인 항공 시스템(UAS),2025-06,3D-printed polymer-based shock-responsive foam,2019-05,6.1,high,"The Korean 'Flexible Rotor Unmanned Aerial System (UAS)' technology likely involves the use of 3D-printed polymer-based shock-responsive materials for the airframe or rotor blades, which is directly equivalent to the US technology."
"피지컬 AI, 온디바이스 AI",2025-12,AI algorithms for autonomous systems / Self-driving vehicle software,2022-11,3.1,high,"The Korean technology 'Physical AI, On-device AI' appears to be directly equivalent to the US technology of 'AI algorithms for autonomous systems / Self-driving vehicle software'"
하이나스 2.0 자율운항 시스템,2022-HY2,Advanced Air Mobility (AAM) - Electric Vertical Take-Off and Landing (eVTOL) aircraft,2023-09,,high,"The Korean technology 'Hainan 2.0 autonomous navigation system' appears to be a system for autonomous control and navigation of eVTOL/electric aircraft, which matches the US technology of 'Advanced Air Mobility (AAM) - Electric Vertical Take-Off and Landing (eVTOL) aircraft'."
하이로터(Hi-Rotor),2022-08,Additive Manufacturing (3D Printing),2025-08,-3.0,high,"The Korean 'Hi-Rotor' technology appears to be related to 3D printing or additive manufacturing, which is covered in US technology #73."
하이브리드 드론,2019-08,Advanced Air Mobility (AAM) - Electric Vertical Take-Off and Landing (eVTOL) aircraft,2023-09,-4.1,high,"The Korean 'hybrid drone' technology appears to be directly equivalent to the US 'eVTOL aircraft' technology, which refers to electric vertical take-off and landing aircraft."
하이브리드 엔진 시스템,,"Advanced helicopter transmission systems (hybrid gears, multiple-speed transmissions)",2020-06,,high,The Korean technology 'Hybrid Engine System' is directly equivalent to the US technology for 'Advanced helicopter transmission systems' which utilize hybrid gears and multiple-speed transmissions.
"하이브리드 추진시스템, 통합식 전기추진 시스템",2021-08,100 Gigabit/Second Remote I/O with Software Defined Networking (SDN),2014-11,6.8,high,"The Korean technology of 'Hybrid Propulsion System, Integrated Electric Propulsion System' appears to be directly equivalent to the US technology of '100 Gigabit/Second Remote I/O with Software Defined Networking (SDN)', which provides high-speed data networking and remote control capabilities for advanced propulsion systems."
한국형 발전용 가스터빈,2023-07,1K polysiloxane topcoat (organosilane polymer-based aircraft coating),2019-06,4.1,high,"The Korean technology 한국형 발전용 가스터빈 (Korean gas turbine for power generation) likely requires high-performance coatings to withstand the harsh operating environment, which the 1K polysiloxane topcoat could provide."
한국형 위성항법시스템(KPS),2035,3D Ionosphere Modeling; Solar Observation Imaging (STEREO),2011-01,24.4,high,"The Korean technology 'KPS' is a satellite navigation system, which is directly equivalent to the US technology '3D Ionosphere Modeling; Solar Observation Imaging (STEREO)' which involves modeling the ionosphere and satellite-based solar observation imaging."
항공 소프트웨어 개발 도구,2019-10,Additive Manufacturing (3D Printing),2025-08,-5.8,high,The Korean technology of '항공 소프트웨어 개발 도구' (Aviation Software Development Tools) appears to match the US technology of 'Additive Manufacturing (3D Printing)' which includes the capability of 3D printing for aerospace applications.
항공안전센터,2025-09,Advanced Battle Management System (ABMS),2020-01,5.7,high,"The Korean technology 항공안전센터 (Aviation Safety Center) is likely equivalent to the US Advanced Battle Management System (ABMS), which is a command-and-control system for air operations."
항공통제기,2022-12,400Hz Aircraft Power Lightcart (400 APL),2024-01,-1.1,high,"The Korean technology '항공통제기' refers to an aircraft control system, which is likely equivalent to the US technology '400Hz Aircraft Power Lightcart (400 APL)' which provides power and control systems for aircraft."
해상 원자력 에너지,2024-03,ASCENT (Advanced Spacecraft Energetic Non-toxic Propellant) / AF-M315E green propellant,2019-06,4.8,high,"ASCENT is a type of green propellant technology that can be used for spacecraft and missile propulsion, which is directly equivalent to the Korean technology of 'maritime nuclear energy'."
협력 전투 무인기(CCA),2025-06,AI-based UAS mission planning algorithms for swarm coordination and search operations,2019-11,5.6,high,"The Korean technology 'CCA (Cooperation Combat Air)' appears to be an unmanned aerial vehicle (UAV) system, and the US technology 'AI-based UAS mission planning algorithms for swarm coordination and search operations' is a directly equivalent capability for autonomous swarm and search operations of UAVs."
후방지역 사단급이하 전술통신체계,2027-00,Advanced Battle Management System (ABMS),2020-01,6.9,high,"The Korean technology 'Tactical Communication System for Division and Below in Rear Area' is likely equivalent to the US Advanced Battle Management System (ABMS), which is a secure, bi-directional data sharing architecture for tactical communications."
후방지역 위성통신체계,2020-07,AN/AAR-47A/B(V)2 Missile Warning Set with Hostile Fire Indication,2011-11,8.7,high,"The Korean technology 후방지역 위성통신체계 appears to be equivalent to the US technology AN/AAR-47A/B(V)2 Missile Warning Set, which provides missile warning and hostile fire indication capabilities."
힘센엔진(HiMSEN),2001-01,3D Printing / Additive Manufacturing,2018-03,-17.2,high,"The Korean technology 힘센엔진(HiMSEN) appears to be a type of engine or propulsion system, which could be developed using 3D printing and additive manufacturing techniques."
