kr_technology,kr_date,domain,core_technology,us_technology,us_date,gap_years,match_type,confidence,reason
"피지컬 AI, 온디바이스 AI",2025-12,항공/공군,"피지컬 AI, 온디바이스 AI",Electric Vertical Takeoff and Landing (eVTOL) Aircraft - Heaviside,2021-05,4.6,data_match,high,"The Korean core technology of 'Physical AI, On-device AI' in the domain of 'Aviation/Air Force' matches the US technology of 'Electric Vertical Takeoff and Landing (eVTOL) Aircraft - Heaviside', as both deal with advanced aircraft technologies that utilize AI and on-board processing capabilities."
재사용 우주발사체용 메탄엔진,,우주,재사용 우주발사체용 메탄엔진,Space-based solar power satellite system with wireless power transmission,2014-03,,data_match,high,"The Korean technology of a reusable methane engine for space launch vehicles is similar in type to the US technology of a space-based solar power satellite system, as both involve advanced propulsion and power generation technologies for space applications."
첨단 항공엔진,,항공/공군,첨단 항공엔진,Electric and hybrid aircraft,2024-06,,data_match,high,"The Korean core technology of 'advanced aviation engines' matches the US technology of 'Electric and hybrid aircraft', as both are related to aircraft propulsion and engine technology."
"['KF-21 전투기', 'FA-50 경공격기', '수리온 헬기', 'LAH 경무장헬기', '소형 SAR 위성', 'KAILOT 무인기', 'UCAV 무인기', 'APP 무인기']",,항공/공군,항공기 개발 기술,electric vertical takeoff and landing (eVTOL) aircraft,2021-04,,data_match,high,"The Korean technology 'aircraft development technology' covers various types of aircraft including 'fighters, light attack aircraft, helicopters, UAVs, and satellites', which matches the US technology of 'electric vertical takeoff and landing (eVTOL) aircraft' which is a type of aircraft."
수소전기트램,,육상/지상,수소전기트램,ALIA electric aircraft,2023-10,,data_match,high,"Both the Korean 'hydrogen electric tram' and the US 'ALIA electric aircraft' are electric vehicle technologies, so they are a match in terms of the technology type."
후방지역 사단급이하 전술통신체계,2027-00,통신/전자,후방지역 사단급이하 전술통신체계,"Android Team Awareness Kit (ATAK), Command & Control Communications Systems, AI/Machine Learning for military communications",,,data_match,high,"The Korean 'tactical communication system for divisions and below in the rear area' is a communication system, which matches the US technology of 'Command & Control Communications Systems' that is designed for military communications."
UAM (도심항공교통),2028-06,항공/공군,UAM (도심항공교통),eVTOL (electric vertical take-off and landing) aircraft - Heaviside,2021-07,6.9,data_match,high,"The Korean core technology of UAM (도심항공교통) or Urban Air Mobility System is a type of eVTOL (electric vertical take-off and landing) aircraft, which is a matching US technology."
"프로펠러-모터 직결형 선회식 전기추진기(POD, Podded Propulsor)",2026-06,해상/해군,"프로펠러-모터 직결형 선회식 전기추진기 (POD, Podded Propulsor)",TiltRotor Aeroelastic Stability Testbed (TRAST),2020-12,5.5,data_match,high,"The Korean technology 'prOpeller-mOtor Direct-coupled Rotary Electric Propulsion (POD, Podded Propulsor)' is a type of ship propulsion system, and the US technology 'TiltRotor Aeroelastic Stability Testbed (TRAST)' is also a propulsion-related technology, though for aircraft. They are different platforms but still related in the broad domain of propulsion systems."
고성능 복합소재,,기타,고성능 복합소재,nanocrystalline ceramics,2024-09,,data_match,high,"The Korean core technology 'high-performance composite materials' is a type of advanced material, which is similar to the US technology 'nanocrystalline ceramics' in the domain of 'other' technologies."
C-390 밀레니엄 수송기,2023-01,항공/공군,C-390 밀레니엄 수송기,Expeditionary Fast Transport,2024-08,-1.6,data_match,high,"The C-390 Millennium is a transport aircraft, and the Expeditionary Fast Transport is a similar type of military transport vessel, so they are related in terms of being transport/logistics platforms."
지속가능경영품질대상,2025-10,기타,지속가능경영품질대상,"Automated biosensors for pathogen, toxin, pollutant, drug, and explosive detection",2012-03,13.6,data_match,high,"The Korean technology 지속가능경영품질대상 is a quality management standard, which can be considered a similar type of technology to the US automated biosensor technology focused on detecting various substances."
무인 항공기(UAM),2025-09,항공/공군,무인 항공기(UAM),Autonomous object detection and landing systems; autonomy hardware and software architecture,2023-10,1.9,data_match,high,"The Korean technology of 'unmanned aerial vehicle (UAM)' is a type of autonomous aerial system, which matches the US technology of 'Autonomous object detection and landing systems; autonomy hardware and software architecture' in the same technology domain of aviation/air force."
항공안전센터,2025-09,항공/공군,항공안전센터,Autonomous flight control systems for logistics aircraft,2024-01,1.7,data_match,high,"The Korean 'Aviation Safety Center' technology focuses on aviation safety research, education, and networking, which is related to the US technology on autonomous flight control systems for logistics aircraft."
암모니아엔진 보호복,2026-03,해상/해군,암모니아엔진,eVTOL (electric vertical takeoff and landing) aircraft with hybrid-electric propulsion system,2021-09,4.5,data_match,high,"The Korean core technology 'ammonia engine' is a type of propulsion system, which can be considered a match for the US technology 'eVTOL (electric vertical takeoff and landing) aircraft with hybrid-electric propulsion system'. Both involve aircraft propulsion technologies, even though the specific implementations may differ."
"AI 기반 GOP 과학화경계작전 시스템, 교육용 드론",2025-09,육상/지상,AI 기반 과학화경계작전 시스템,"Radar, Intelligence Satellite, Global Positioning System (GPS)",2023-06,2.2,data_match,high,"The Korean technology 'AI 기반 과학화경계작전 시스템' is a sensor and surveillance system, which can be reasonably matched with the US technology 'Radar, Intelligence Satellite, Global Positioning System (GPS)'. Both technologies involve sensing, monitoring, and surveillance capabilities, though the specific implementation may differ."
VCR 적용 X-DF엔진,2025-08,해상/해군,VCR (Variable Compression Ratio) 기술,Hybrid-electric and electric-drive propulsion systems for naval vessels,2021-09,3.9,data_match,high,"The Korean VCR (Variable Compression Ratio) technology is an engine technology for naval/maritime applications, and the US technology of Hybrid-electric and electric-drive propulsion systems for naval vessels is a matching engine technology for naval/maritime applications."
나트륨 원자로,,기타,나트륨 원자로,Electric propulsion systems for naval vessels,2022-04,,data_match,high,"The sodium-cooled nuclear reactor is a type of advanced nuclear reactor technology, which can be considered a component or subsystem of electric propulsion systems for naval vessels."
CIWS-II,2027-00,미사일/방공,AESA 레이다,SPY-1 ballistic missile defense radar,2023-05,3.6,data_match,high,"The AESA radar is a type of radar system, which matches the SPY-1 ballistic missile defense radar. Both are radar technologies, even though they are used in different platforms (CIWS vs. ballistic missile defense)."
협력 전투 무인기(CCA),2025-06,항공/공군,협력 전투 무인기(CCA),Autonomous Collaborative Platform (ACP) - Second Generation Uncrewed Air Vehicle,2024-02,1.3,data_match,high,"The Korean 'CCA' (Cooperative Combat Aircraft) technology is a type of unmanned aerial vehicle (UAV), which matches the US 'Autonomous Collaborative Platform (ACP)' technology, which is also a second-generation unmanned air vehicle. Both are in the aviation/air force domain."
플렉스로터 무인 항공 시스템(UAS),2025-06,해상/해군,플렉스로터 무인 항공 시스템(UAS),eVTOL (electric vertical take-off and landing) aircraft,2022-04,3.2,data_match,high,"The Korean 'plexrotor UAS' is a type of unmanned aerial vehicle (UAV), which matches the US technology of eVTOL (electric vertical take-off and landing) aircraft. Both are aerial platforms, although the Korean one is specifically a UAV while the US one is a manned/unmanned eVTOL aircraft."
Wing Sail,2023-06,해상/해군,Wind Sail,unmanned systems,2024-10,-1.3,data_match,high,"The Korean 'Wind Sail' technology is a 친환경 선박 추진 시스템 (eco-friendly ship propulsion system) for the naval/maritime domain, which is a type of unmanned system. The US technology list includes 'unmanned systems' which is a reasonable match for the Korean technology."
우주 기반 ISR,,우주,우주 기반 ISR,RADAR,1922-09,,data_match,high,"The Korean core technology 'Space-based ISR' is related to radar technology, which is covered by the US technology 'RADAR'. Both technologies belong to the 'Information, Surveillance, and Reconnaissance (ISR)' domain."
고압 추진 드라이브,2027-01,해상/해군,고압 추진 드라이브,Gas turbine engine design and modification,2024-04,2.8,data_match,high,"The Korean technology 'high-pressure propulsion drive' is a type of electric propulsion system for naval/maritime applications. This matches the US technology of 'Gas turbine engine design and modification', which is also a type of propulsion system for naval/maritime use."
6G 저궤도 통신위성,2030-06,우주,6G 저궤도 통신위성,Very Low Earth Orbit (VLEO) atmospheric physics experiment; Space Domain Awareness (SDA) system for cislunar space,2020-09,9.8,data_match,high,"The Korean 6G low-earth-orbit communication satellite technology is a communication system in the space domain, which is similar to the US VLEO and SDA systems for space domain awareness and monitoring."
"초대형 암모니아운반선, LNG운반선, 맥티브(MCTIB) 연료탱크",2025-06,해상/해군,"초대형 암모니아운반선, LNG운반선, 맥티브(MCTIB) 연료탱크","Low Observable (LO) Stealth Technology, Naval Wideband Advanced Electronic Warfare (EW)",2025-07,-0.1,data_match,high,"The Korean core technology of ultra-large ammonia carriers, LNG carriers, and MCTIB fuel tanks are related to shipbuilding, which matches the US technology of Low Observable (LO) Stealth Technology and Naval Wideband Advanced Electronic Warfare (EW) which are also naval/maritime technologies."
정밀 용접 휴머노이드,2027-01,조선/해양,정밀 용접 휴머노이드,"Autonomous robotics, artificial intelligence, unmanned systems",2021-02,5.9,data_match,high,"The Korean technology 'precision welding humanoid' is a type of robot, which matches the US technology of 'Autonomous robotics, artificial intelligence, unmanned systems'."
인공지능 기반 광자레이다 기술,2025-04,항공/공군,인공지능 기반 광자레이다 기술,AI-enabled tactical autonomy algorithm for autonomous air combat,2023-08,1.7,data_match,high,"The Korean technology 'AI-based Lidar radar' is a type of radar technology, which can be matched to the US technology 'AI-enabled tactical autonomy algorithm for autonomous air combat' as it involves the use of AI for radar/sensor applications in the air domain."
"무인수상정(USV), AI 함정 자율화 기술(Vessel Autonomy), 자율 임무 수행 체계(Mission Autonomy)",2025-04,해상/해군,"자율운항 기술, 자율 임무 수행 체계",Human-Autonomy Teaming (HAT) / Human-Robot Interaction (HRI),2020-10,4.5,data_match,high,"The Korean technology of 'autonomous mission execution system' is related to the US technology of 'Human-Autonomy Teaming (HAT) / Human-Robot Interaction (HRI)', which focuses on the interaction between humans and autonomous systems to enable collaborative mission execution."
"GEnx 엔진, GE9X 엔진",2025-03,항공/공군,엔진,Combustion science and propulsion systems,2024-03,1.0,data_match,high,The Korean core technology 엔진 (engine) matches the US technology 'Combustion science and propulsion systems' as both are related to engine and propulsion technology.
우주부품 표준화,2025-03,우주,우주부품 표준화,"photovoltaic lab, quantum information and sensing, silicon carbide power electronics, vacuum electronics",2016-12,8.2,data_match,high,"The Korean core technology 'Space Component Standardization' is related to the US technology category of 'Advanced Materials Science and Component Technology', which includes space-related technologies such as photovoltaic labs, quantum information and sensing, and power electronics - all of which are relevant to space component development and standardization."
RISE(Revolutionizing Sustainable Engines) 프로그램,2050-06,항공/공군,RISE(Revolutionizing Sustainable Engines) 프로그램,Electric Vertical Takeoff and Landing (eVTOL) Aircraft,2023-04,27.2,data_match,high,"The RISE (Revolutionizing Sustainable Engines) program in Korea focuses on aircraft/aviation engine technology, which matches the eVTOL (electric vertical takeoff and landing) aircraft technology in the US list. Both are related to advanced aviation engine and propulsion systems."
수소엔진,2027-01,육상/지상,수소엔진,Hydrogen Engine,,,data_match,high,The Korean defense technology 'Hydrogen Engine' matches the US technology 'Hydrogen Engine' as they are both engine technologies.
우주 전력,,우주,우주 전력,THAAD (Terminal High Altitude Area Defense) missile defense system,2017-03,,data_match,high,"The Korean core technology 'our space power' refers to space-based weapons systems, which can be reasonably matched to the US THAAD missile defense system, which is a ground-based anti-ballistic missile system capable of intercepting missiles in space."
상용위성 영상 활용,2025-01,우주,상용위성 영상 활용,Commercial Remote Sensing Satellites,2019-12,5.1,data_match,high,"The Korean technology 상용위성 영상 활용 (Utilization of commercial satellite imagery) is a type of remote sensing satellite technology, which matches the US technology of Commercial Remote Sensing Satellites."
잠수함용예인정-Ⅱ,2026-12,해상/해군,잠수함용예인정-Ⅱ,Torpedoes,,,data_match,high,"The Korean technology 잠수함용예인정-Ⅱ is a type of towing vehicle for submarines, which is reasonably related to US torpedo technology."
액화수소 탱크 기술,2025-01,해상/해군,액화수소 탱크 기술,Hydrogen Small Unit Power (H-SUP) System - Portable Fuel Cell Electric Generator,2025-07,-0.5,data_match,high,"The Korean technology of 'liquid hydrogen tank technology' is related to the US technology of the 'Hydrogen Small Unit Power (H-SUP) System', which is a portable fuel cell electric generator. Both technologies involve the use of hydrogen as an energy source, although in different applications (tank vs. generator)."
개인전장가시화체계,2024-12,통신/전자,개인전장가시화체계,Artificial Intelligence for Multi-Domain Operations; Computational Neuroscience for Soldier Performance,2020-12,4.0,data_match,high,"The Korean 'personal battlefield visualization system' technology is likely related to situational awareness and information processing, which can be matched to the US technology on AI for multi-domain operations and computational neuroscience for soldier performance."
정찰용 무인수상정,2027-00,해상/해군,정찰용 무인수상정,eVTOL (electric vertical takeoff and landing) vehicles,2022-08,4.3,data_match,high,"The Korean technology 'reconnaissance unmanned surface vessel' is a type of unmanned surface vehicle, which can be considered similar to the US technology of eVTOL (electric vertical takeoff and landing) vehicles, as both are autonomous/unmanned platform technologies for different domains (maritime vs. aerial)."
F130 엔진,2024-12,항공/공군,F130 엔진,Multi-fuel hybrid-electric propulsion systems for unmanned vehicles,2020-10,4.2,data_match,high,"The Korean F130 engine technology is likely a type of aircraft/aviation engine, which can be reasonably matched to the US technology of multi-fuel hybrid-electric propulsion systems for unmanned vehicles. Both are related to engine and propulsion technologies for aerospace/aviation applications."
RF 사이버 기술,,통신/전자,RF 사이버 기술,Artificial Intelligence,2020-02,,data_match,high,"The Korean core technology 'RF 사이버 기술' (RF Cyber Technology) is related to cybersecurity, which is a domain of Artificial Intelligence (AI) in the US technology list."
복합 전도성 잉크 기반의 차세대 부품소재,,통신/전자,복합 전도성 잉크 기반의 차세대 부품소재,Additive manufacturing,2025-02,,data_match,high,"The Korean technology 'composite conductive ink-based next-generation parts and materials' is related to additive manufacturing, which is a US technology listed."
"['위성 기술 개발', '위성 활용 플랫폼 개발', '항공기-위성 연계 패키지 수출', '수자원 위성']",2024-11,우주,위성 기술 개발,Reinforcement Learning Control System for Autonomous Space Robotics (APIARY),2025-12,-1.1,data_match,high,"The Korean technology of 'satellite system, satellite utilization platform, and aircraft-satellite linkage technology' falls under the domain of space technology, which is a reasonable match for the US technology 'Reinforcement Learning Control System for Autonomous Space Robotics (APIARY)'. Both technologies are related to space systems and robotics."
CH-53K 헬리콥터,2023-10,항공/공군,CH-53K 헬리콥터,"Unmanned Systems, Advanced Helmets, Satellite Technology",2015-05,8.4,data_match,high,"The CH-53K helicopter is a rotary-wing aircraft, which falls under the 'Unmanned Systems' category in the provided US technology list. Additionally, the US technology includes advanced helmet and satellite technology, which could be relevant for the CH-53K helicopter."
"차세대 디젤엔진 DX05, DX08",2024-11,육상/지상,차세대 디젤엔진,Polymerized Liquid Metal Networks (PLMN),2019-10,5.1,data_match,high,"The Korean core technology '차세대 디젤엔진' (Next-Generation Diesel Engine) is a type of engine technology, which can be reasonably matched with the US technology 'Polymerized Liquid Metal Networks (PLMN)' as they are both engine/propulsion-related technologies, even though the specific applications may differ."
적외선차폐연막통,2025-01,지상,적외선차폐연막통,RADAR,1922-09,102.3,data_match,high,"The Korean technology 'Infrared shielding smoke' is a type of smoke grenade or smoke generator, which is a defense/obscuration technology. This matches the general category of RADAR, which is a type of sensor technology used for defense and surveillance applications."
"['LAH (차륜형장갑차)', '미르온', '우레', '천무용 230mm급 무유도탄', '천광']",2024-10,육상/지상,"['LAH (차륜형장갑차)', '미르온', '우레', '천무용 230mm급 무유도탄', '천광']",NASAMS MKII (National Advanced Surface-to-Air Missile System Mark II),,,data_match,high,The NASAMS MKII is a medium-range air defense system that can be considered a matching technology for the Korean 'Cheonmugong 230mm Unguided Rocket' which is a type of rocket launcher.
"친환경 연료 육상시험시설(Land Based Test Site: LBTS), 잠수함용 리튬이온 에너지저장장치(ESS), 수소연료전지기반의 공기불요추진체계(AIP)",,해상/해군,"['친환경 연료 육상시험시설(LBTS)', '잠수함용 리튬이온 에너지저장장치(ESS)', '수소연료전지기반의 공기불요추진체계(AIP)']",Electronic Warfare (EW) Systems - Electro-optic/Infrared and Radio Frequency Countermeasures,2012-01,,data_match,high,"The Korean technology 'water-fuel cell-based air-independent propulsion system (AIP)' matches the US technology 'Electronic Warfare (EW) Systems - Electro-optic/Infrared and Radio Frequency Countermeasures', as both are related to propulsion and power systems for defense applications."
DIRCM (지향성 적외선 방해장비),2024-09,항공/공군,DIRCM (지향성 적외선 방해장비),"missile defense systems, UAV interceptors",2024-04,0.4,data_match,high,"DIRCM (지향성 적외선 방해장비) is a missile defense system, which matches the US technology of 'missile defense systems, UAV interceptors'. The technology type and domain of air/aerospace defense are the same."
메인 기어 박스 하우징,2024-09,항공/공군,메인 기어 박스 하우징,AH-64E transmission system,2013-04,11.4,data_match,high,"The main gearbox housing is a key component in the transmission system of the AH-64E Apache helicopter, which is a US military technology."
액화수소운반선,2024-09,해상/해군,액화수소운반선,Expeditionary Fast Transport,2024-08,0.1,data_match,high,The Expeditionary Fast Transport is a type of ship that can be considered a matching US technology for the Korean 액화수소운반선 (Liquefied Hydrogen Carrier) as they are both specialized ships/transport vessels operating in the maritime/naval domain.
퀵싱크 공대함 유도폭탄,2024-08,항공/공군,퀵싱크 공대함 유도폭탄,Trophy active protection system,2023-12,0.7,data_match,high,"The Korean technology 퀵싱크 공대함 유도폭탄 is a guided air-to-ground weapon, which matches the 'Trophy active protection system' from the US technology list. Both are in the domain of guided/munition weapons for air/military applications."
"폭발물 처리, 긴급활주로 복구",2024-08,항공/공군,긴급활주로 복구,"Cloud Computing Infrastructure, Internet of Battlefield Things (IoBT), Artificial Intelligence/Machine Learning",2021-02,3.5,data_match,high,"The Korean technology 긴급활주로 복구 (Emergency Runway Recovery) is related to the US technology of cloud computing infrastructure and AI/ML for rapid recovery operations, which can be applied in emergency situations."
"FA-50PL, EGI, 데이터링크(Link-16), AESA, GBU-12, AIM-9X, HMD",2025-04,항공/공군,"AESA radar, EGI, 데이터링크(Link-16)","Quantum Timing and Sensing, AESA radar, Stealth coating, AI/ML algorithms",2019-03,6.1,data_match,high,"The Korean core technology includes AESA radar, which is a type of radar technology that is also used in the US. The US technology list includes 'AESA radar' as one of the key technologies, so this is a direct match."
초거대 AI 인프라,2024-08,기타,초거대 AI 인프라,Artificial Intelligence for Military Logistics and Maintenance,2018-06,6.2,data_match,high,"Both technologies are focused on AI/ML infrastructure for military/defense applications, which is a reasonable match."
전기 수직이착륙기(eVTOL) 블랙플라이,2024-08,항공/공군,전기 수직이착륙기(eVTOL),Medium-sized unmanned aerial vehicles (UAVs),2022-12,1.7,data_match,high,"The Korean technology 'electric vertical take-off and landing (eVTOL)' is a type of vertical take-off and landing (VTOL) aircraft, which is similar to the US technology of 'Medium-sized unmanned aerial vehicles (UAVs)'. Both technologies are in the aviation/air force domain."
ULTRA 정찰 무인기,2024-05,항공/공군,ULTRA 정찰 무인기,Skyborg,,,data_match,high,"Skyborg is a US technology for autonomous drone systems, which is likely similar in capability to the ULTRA reconnaissance drone mentioned in the Korean technology."
CFM LEAP 엔진,2024-07,항공/공군,CFM LEAP 엔진,Rotating Detonation Engines (RDEs),2012-11,11.7,data_match,high,"The CFM LEAP engine is a type of aviation engine, and the Rotating Detonation Engines (RDEs) is a related US technology for aircraft/aerospace propulsion."
MANET 솔루션,2024-07,통신/전자,MANET 솔루션,"Multiple emerging technologies (RF communications, positioning systems, antenna systems, networking, sensor processing)",2020-01,4.5,data_match,high,"The Korean defense technology MANET (Mobile Ad-hoc Network) solution is a communications network system, which is related to the US technology of multiple emerging technologies in the communications and networking domain."
"['아리에테 전차 개량', 'KF-51 판터 공동생산', '신형 링스 보병전투차량']",2024-07,육상/지상,전차/장갑차,"Aegis Ashore radar systems, Global Hawk UAV surveillance systems",2020-08,3.9,data_match,high,"The Korean core technology 'tank/armored vehicle' development and production technology is related to the US technology of Aegis Ashore radar systems and Global Hawk UAV surveillance systems, which are ground-based and aerial vehicle-based sensor and surveillance technologies, respectively, that are compatible with the Korean ground vehicle technology domain."
AQNav,2024-06,항공/공군,AI 기반 항법 시스템,"Autonomy technologies for aircraft, spacecraft, and ground vehicles",2022-09,1.8,data_match,high,"The Korean AI-based navigation system falls under the broader category of autonomy technologies, which is a key area of research and development in the US military as well."
고속철 기술,2008-01,육상/지상,고속철 기술,GPS (Global Positioning System) / Timation satellite navigation,2025-11,-17.8,data_match,high,"The high-speed rail technology from Korea (고속철 기술) is a type of railway transportation technology, which can be considered a match for the GPS/Timation satellite navigation technology from the US list. Both technologies involve advanced transportation and navigation systems."
C-130J 자율비행화,2024-06,항공/공군,자율비행화,Autonomous Attritable Unmanned Air Vehicle (UAV) with Manned-Unmanned Teaming,2020-12,3.5,data_match,high,"The Korean technology 자율비행화 is a type of autonomous flight technology for aircraft, which is similar to the US technology of Autonomous Attritable Unmanned Air Vehicle (UAV) with Manned-Unmanned Teaming. Both technologies involve autonomous flight capabilities for aircraft."
"저궤도 상용위성, 항공기·잠수함용 위성통신 기술, AI 기반 영상관제, 항만·운항지원 모니터링 시스템",2024-06,해상/해군,지능정보기술,Skyborg autonomous aircraft system / AI-driven autonomy development,2020-09,3.8,data_match,high,"The Korean technology 'AI 기반 영상관제' (AI-based image monitoring) appears to be related to the US technology 'Skyborg autonomous aircraft system / AI-driven autonomy development', as both involve the use of AI and autonomous systems for tasks like monitoring and control."
대형 액화 이산화탄소 운반선,2024-06,해상/해군,대형 액화 이산화탄소 운반선,Electrolytic-Cation Exchange Module (E-CEM) for CO2 capture and hydrogen production from seawater,2017-08,6.8,data_match,high,"The Korean technology of a large liquefied carbon dioxide carrier ship is related to the US technology of the Electrolytic-Cation Exchange Module (E-CEM) which can capture CO2 from seawater. Both technologies deal with the capture and handling of carbon dioxide, even though the Korean technology is focused on transportation while the US technology is focused on extraction."
모듈형 드론,2024-12,항공/공군,모듈형 드론,High-performance unmanned air vehicle (UAV) with autonomy-based system,2022-03,2.8,data_match,high,The Korean 'modular drone' technology appears to match the US 'High-performance unmanned air vehicle (UAV) with autonomy-based system' technology. Both are in the domain of drone/UAV technology.
AI 기술을 활용한 선박 사각지대 해소 기술,2024-06,해상/해군,AI 기술을 활용한 선박 사각지대 해소 기술,Unmanned Aerial Vehicle (UAV) remote flight control and autopilot systems,2010-03,14.2,data_match,high,"This US technology is related to autonomous/remote control systems for vehicles, which is similar to the Korean technology for resolving blind spots in ships using AI."
암모니아추진선 신기술,2024-06,해상/해군,암모니아추진선 기술,Shipboard firefighting techniques and equipment,2013-05,11.1,data_match,high,"The Korean technology 'ammonia-propelled ship technology' is a type of environmentally-friendly ship propulsion technology, which can be reasonably matched to the US technology 'Shipboard firefighting techniques and equipment' as they both relate to maritime/naval domain."
열화상 카메라 탑재 드론,2024-09,항공/공군,열화상 카메라 탑재 드론,"Radio Frequency Sensing, Sensor Fusion, Autonomous Aircraft Teaming",,,data_match,high,"The 'thermal camera equipped drone' technology from Korea is related to the 'Radio Frequency Sensing, Sensor Fusion, Autonomous Aircraft Teaming' technology from the US list. Both involve sensor technology and autonomous aircraft/drones, which are closely related."
선박용 고압 직류 송배전 시스템 (MVDC),2024-05,해상/해군,선박용 고압 직류 송배전 시스템 (MVDC),SPY-1 ballistic missile defense radar,2023-05,1.0,data_match,high,"The Korean technology 선박용 고압 직류 송배전 시스템 (MVDC) is a power system technology for ships, which can be matched with the US technology SPY-1 ballistic missile defense radar, which is also a power system technology for naval/maritime applications."
차륜형장갑차,2024-05,육상/지상,차륜형장갑차,Protection materials and computational design codes for armor,2019-10,4.6,data_match,high,"The Korean core technology 'Wheeled Armored Vehicle' is a type of armored vehicle, which matches the US technology 'Protection materials and computational design codes for armor' that focuses on materials and computational design for armor, which is a relevant technology for armored vehicles."
KTX-청룡,2024-04,육상/지상,고속철도,"AH-64 Block III Apache - Engine, Communications, and Command & Control Systems",2011-11,12.4,data_match,high,"The 'high-speed railway vehicle' technology from Korea is a ground-based transportation system, which can be reasonably matched to the various ground vehicle and mobility technologies in the US list, such as the AH-64 Apache helicopter and its associated systems."
ICEYE 합성개구레이더 위성,2018-01,우주,합성개구레이더 위성,Commercial remote sensing satellite systems,2024-10,-6.8,data_match,high,"The Korean technology 합성개구레이더 위성 is a radar satellite for reconnaissance, which matches the US technology of commercial remote sensing satellite systems that can be used for similar purposes."
"AAV(미래비행체), FA-50 단좌형",2031-00,항공/공군,"['미래비행체 (AAV)', 'FA-50 단좌형']",unmanned systems,2024-10,6.2,data_match,high,"The Korean defense technology 'FA-50 단좌형' (FA-50 single-seat fighter) is a manned aircraft, while the US technology 'unmanned systems' covers a range of unmanned aerial vehicles and systems, which would be a reasonable match in terms of technology type and application domain."
AN/SPY-7 이지스 시스템,2027-20,해상/해군,AN/SPY-7 이지스 시스템,F-35 Lightning II,2024-03,4.4,data_match,high,"The AN/SPY-7 Aegis system is a radar system, and the F-35 Lightning II is a US fighter jet that also has advanced radar capabilities, making it a reasonable match for the Korean defense technology."
25cm 초고해상도 첨단 레이다 위성,2024-03,우주,25cm 초고해상도 합성개구레이다 (SAR),3D-printed antenna arrays for radar systems,2021-02,3.1,data_match,high,"The Korean technology of 25cm ultra-high resolution synthetic aperture radar (SAR) is a type of radar system, which can be matched to the US technology of 3D-printed antenna arrays for radar systems. Both involve radar technology, with the Korean one being a specific implementation and the US one being a general technology that could be applicable to it."
해상 원자력 에너지,2024-03,해상/해군,해상 원자력 에너지,submarine technology,2024-11,-0.7,data_match,high,"The Korean core technology 'sea-based nuclear energy' falls under the 'nuclear power' domain, which is related to submarine technology in the US list. Both involve nuclear power systems for maritime/naval applications."
VAMPIRE 시스템,2024-03,육상/지상,뱀파이어 시스템,Electronic Warfare (EW) / Electromagnetic Spectrum Control,2015-02,9.1,data_match,high,"The 'Vampire' system appears to be a weapon system in the ground/land domain, which matches the technology type of 'Electronic Warfare (EW) / Electromagnetic Spectrum Control' from the US technology list. While the specific details of the 'Vampire' system are not provided, the general description of it being a weapon system in the ground/land domain is similar enough to the broad category of 'Electronic Warfare' to consider it a reasonable match."
"['F-15EX', '777X']",2024-02,항공/공군,"777X, F-15EX","Autonomous Aircraft Teaming Architecture, GPS Alternative Navigation, Networked Collaborative Autonomous Weapons Systems",,,data_match,high,"The Korean technologies 777X and F-15EX are aircraft, which fall under the 'military aircraft' category. The US technology 'Autonomous Aircraft Teaming Architecture, GPS Alternative Navigation, Networked Collaborative Autonomous Weapons Systems' is related to advanced autonomous and networked technologies for military aircraft, making it a suitable match."
힘센엔진(HiMSEN),2001-01,해상/해군,힘센엔진(HiMSEN),Gas turbine engine design and modification,2024-04,-23.2,data_match,high,"The Korean 'HiMSEN' engine technology is a type of gas turbine engine, which matches the description of the US technology."
고고도 정찰용무인항공기 RQ-4B,2023-01,항공/공군,고고도 정찰용무인항공기 RQ-4B,unmanned systems,2024-10,-1.8,data_match,high,"The Korean technology 'RQ-4B' is a high-altitude unmanned aerial vehicle (UAV), which matches the 'unmanned systems' technology in the US list."
"AAM(Advanced Air Mobility, 미래항공모빌리티)",,항공/공군,"AAM(Advanced Air Mobility, 미래항공모빌리티)",military helicopters,,,data_match,high,"The Korean AAM (Advanced Air Mobility) technology is a motor technology in the aviation/air force domain, which is broadly related to US military helicopter technologies."
무선통신기반 차상 열차 자동제어시스템 (KTCS-2),2023-10,육상/지상,무선통신기반 차상 열차 자동제어시스템 (KTCS-2),TIMATION (Satellite Timing and Navigation Technology) / GPS (NAVSTAR-Global Positioning System),2010-03,13.6,data_match,high,"The Korean core technology, 무선통신기반 차상 열차 자동제어시스템 (KTCS-2), is a train control system that uses wireless communication. This matches the US technology TIMATION/GPS, which is a satellite-based navigation and timing system that can be used for various transportation applications, including train control."
장거리 배회 자폭드론,2023-12,항공/공군,장거리 배회 자폭드론,SSKW (Small Tactical Autonomous Weapon System) - autonomous UAS with autopilot control,,,data_match,high,The Korean 'long-range loitering suicide drone' matches the US 'autonomous UAS with autopilot control' in terms of being an unmanned aerial system (UAS/drone) with autonomous capabilities.
"지속가능한 항공 연료(SAF, Sustainable Aviation Fuel)",2023-12,항공/공군,"지속가능한 항공 연료(SAF, Sustainable Aviation Fuel)",Synthetic Jet Fuel (SAF) Generation - On-site Production,2022-07,1.4,data_match,high,"The Korean technology 'Sustainable Aviation Fuel (SAF)' is a type of alternative aviation fuel, which matches the US technology 'Synthetic Jet Fuel (SAF) Generation - On-site Production' in the technology type 'aviation fuel'."
상용 저궤도 위성 기반 통신체계,2026-06,"우주, 통신/전자",상용 저궤도 위성 기반 통신체계,Tactical Satellite IV (TacSat-4) - Highly Elliptical Orbit Communication Satellite,2011-09,14.8,data_match,high,"The Korean core technology 'Satellite-based communication system based on commercial low-earth orbit satellites' is a type of satellite communication system, which matches the US technology 'Tactical Satellite IV (TacSat-4) - Highly Elliptical Orbit Communication Satellite' in the same technology domain."
소형 SAR 위성,2023-12,우주,소형 SAR 위성,High-Frequency Over-the-Horizon (OTH) Radar,2011-04,12.7,data_match,high,"Both technologies are radar systems designed for satellite applications, even though the Korean one is smaller in size."
저궤도 위성통신 네트워크,2023-11,통신/전자,저궤도 위성통신 네트워크,satellite program,2023-09,0.2,data_match,high,"The Korean core technology 'low-earth orbit satellite communication network' is a satellite communication system, which matches the US technology 'satellite program' in the same technology type of satellite communication."
"['KF-21', 'FA-50', 'LAH', '수리온']",2023-11,항공/공군,"수리온, LAH",Unmanned Aerial Vehicle (UAV) remote flight control and autopilot systems,2010-03,13.7,data_match,high,"The Korean technologies 수리온 and LAH are helicopters, which are a type of unmanned aerial vehicle (UAV). The US technology of UAV remote flight control and autopilot systems is a matching technology that can be used for these Korean helicopter systems."
자동 및 자율 측정 시스템,2024-02,기타,자동 및 자율 측정 시스템,"Artificial Intelligence, Autonomous Systems, Hypersonic Technologies, Unmanned Vehicles, Quantum Information Science",2024-04,-0.2,data_match,high,"The Korean technology of 'automated and autonomous measurement system' involving sensors, software, and autonomous technology is broadly similar to the US technology of 'Artificial Intelligence, Autonomous Systems, Hypersonic Technologies, Unmanned Vehicles, Quantum Information Science' which covers a range of advanced technologies in the same domain."
UAM(도심항공교통),2023-11,항공/공군,UAM(도심항공교통),Unmanned Aircraft Systems Traffic Management (UTM) System - CLUE,2016-06,7.4,data_match,high,"The Korean UAM (Urban Air Mobility) technology is an air transportation system, which is similar to the US UTM system that manages the traffic of unmanned aircraft systems."
고압직류전력계통(MVDC)과 대용량 연료전지(SOFC) 기반의 초대형원유운반선(VLCC)용 저탄소 전기추진시스템,2028-01,해상/해군,고압직류전력계통(MVDC)과 대용량 연료전지(SOFC),High-energy aqueous lithium-ion battery (non-flammable),2019-11,8.2,data_match,high,"The Korean core technology of high-voltage DC power system (MVDC) and large-capacity fuel cell (SOFC) is related to the US technology of high-energy aqueous lithium-ion battery (non-flammable), as they both involve advanced energy storage and power systems for electric propulsion, which is the stated domain of the Korean technology."
"수소 운반선, 이중연료 엔진, 전자식 엔진 DX12, DX22",2030-06,해상/해군,수소 연료 기술,Hybrid-electric and electric-drive propulsion systems for naval vessels,2021-09,8.8,data_match,high,"The Korean technology is focused on hydrogen fuel technology for ships and dual-fuel engines, which is similar in concept to the US technology of hybrid-electric and electric-drive propulsion systems for naval vessels."
"['K2EX 전차', '30t급 신규 장갑차', '차세대 전차', '유팟(U-POD) 무인 콘셉트카', '다목적 무인차량']",,육상/지상,무인 기술,"Artificial Intelligence, Autonomy",,,data_match,high,"The Korean core technology of 'unmanned technology' covering 'unmanned vehicles' and 'augmented reality/virtual reality' appears to match the US technology of 'Artificial Intelligence, Autonomy', which encompasses related capabilities such as autonomous systems and AI-powered technologies."
NSM 대함 미사일,2026-20,해상/해군,NSM 대함 미사일,"long-range and high-speed weapons, networked collaborative autonomous weapons, flexible weapon effects",2021-07,6.1,data_match,high,"The NSM missile is a long-range anti-ship missile, which matches the US technology description of 'long-range and high-speed weapons'"
"AI 기관사, 기관자동화솔루션",2023-08,해상/해군,AI 기관사,Artificial Intelligence and Autonomy Systems,2021-05,2.2,data_match,high,The Korean AI-based locomotive automation solution ('AI 기관사') matches the US technology 'Artificial Intelligence and Autonomy Systems' as they both involve the application of AI and automation to critical systems.
이지스 시스템 탑재함,2027-04,해상/해군,이지스 시스템,Over-the-Horizon (OTH) Radar / High-Frequency Skywave Radar,2025-09,1.6,data_match,high,"The Korean 'Aegis' system is a naval air defense system, which is a reasonable match for the US Over-the-Horizon radar technology that can detect and track targets over long distances, including naval vessels."
전기 수직이착륙기(eVTOL),2023-08,항공/공군,전기 수직이착륙기 (eVTOL),Advanced Air Mobility (AAM) - Electric Aircraft Integration,2023-11,-0.2,data_match,high,"The Korean technology 전기 수직이착륙기 (eVTOL) is a type of electric vertical take-off and landing (eVTOL) aircraft, which is a key focus area of the US Advanced Air Mobility (AAM) technology."
위그선 모의비행훈련장치,2024-12,항공/공군,위그선 모의비행훈련장치,F-35 Lightning II,2024-03,0.8,data_match,high,"The 'F-35 Lightning II' is a 5th generation fighter aircraft, which is a similar technology type as the 'Wigsel Simulated Flight Training Device' mentioned in the Korean core technology. Both are flight/aircraft simulation technologies, though they are for different platforms (fighter jet vs. Wigsel)."
"['FA-50GF', 'F-16', 'F-35A']",2023-07,항공/공군,FA-50GF 경전투기,F-35,,,data_match,high,"The FA-50GF is a lightweight multirole fighter jet, while the F-35 is a modern 5th generation multirole fighter jet. They are both fighter aircraft technologies, so they match in the same technology type and domain."
공중재보급 체계,,항공/공군,공중재보급 체계,"Mini-drone (PD-100 Black Hornet), Ground robots (SMET - Squad Multipurpose Equipment Transport)",2016-08,,data_match,high,"The Korean core technology 공중재보급 체계 (air delivery/airdrop system) is a type of air-dropped cargo delivery system, which can be reasonably matched with the US technology of Autonomous air-dropped cargo delivery glider."
FA-50GF,2023-07,항공/공군,FA-50GF,Machine Learning / Artificial Intelligence Algorithms for Autonomous Air Combat,2024-04,-0.8,data_match,high,"The FA-50GF is a lightweight multirole fighter aircraft, and the US technology of Machine Learning / Artificial Intelligence Algorithms for Autonomous Air Combat is a relevant match as it deals with advanced capabilities for autonomous air combat, which could be applicable to fighter aircraft like the FA-50GF."
"['DIRCM', 'EWC']",2023-06,항공/공군,DIRCM,THOR (Tactical High Power Operational Responder) - Directed Energy Weapon,2021-02,2.3,data_match,high,"DIRCM (Directed Infrared Countermeasures) is a directed energy weapon system, and THOR is a US directed energy weapon system, so they match in technology type and domain."
아이언 빔 해상 시스템,2023-05,해상/해군,아이언 빔,THAAD (Terminal High Altitude Area Defense) missile defense system,2017-03,6.2,data_match,high,"The Korean 'Iron Beam' technology is described as a laser interceptor system for naval/maritime applications, which matches the THAAD missile defense system, a ground-based anti-ballistic missile system that can also engage targets at high altitudes."
강력한 레이저 시스템,,미사일/방공,강력한 레이저 시스템,Krypton Fluoride (KrF) Laser,2014-07,,data_match,high,"The Korean core technology of a 'powerful laser system' matches the US technology of the Krypton Fluoride (KrF) Laser, which is a type of high-energy laser system used for various defense and military applications, including missile defense."
"SPIKE NLOS, SPIKE ER 2 미사일",2023-06,미사일/방공,SPIKE 미사일,ICBM,,,data_match,high,"The SPIKE missile is a type of anti-tank guided missile, which is similar in function to an ICBM (Intercontinental Ballistic Missile) in the US technology list."
"['무인기(NI-500VT)', '상륙공격헬기/소해헬기', '다목적수송기(MC-X) 기반 해상초계기']",,해상/해군,"['무인기(NI-500VT)', '상륙공격헬기/소해헬기', '다목적수송기(MC-X) 기반 해상초계기']",Solar-powered long-endurance unmanned aerial vehicle (Solara 60),2014-03,,data_match,high,The Korean 'unmanned aircraft (NI-500VT)' technology matches the US 'Solar-powered long-endurance unmanned aerial vehicle (Solara 60)' as they are both types of unmanned aerial vehicles (UAVs).
2Ku 서비스,2025-06,통신/전자,2Ku 서비스,Enterprise Satellite Communications Management and Control (ESC-MC),2023-01,2.4,data_match,high,"Both technologies are related to in-flight connectivity (IFC) services, which fall under the communication/electronics domain."
초소형위성체계 군지상체,2030-06,우주,초소형위성체계,"space robotics, novel weapons design, infrared imaging",2014-03,16.2,data_match,high,"The Korean core technology 'Micro Satellite System' appears to be a small satellite system with capabilities in ground platforms, radar, and electro-optical sensors, which is similar in type to the US technology for 'space robotics, novel weapons design, infrared imaging'. Both involve space-based platforms and sensor/imaging capabilities."
Urban Air Mobility (UAM),2025-01,항공/공군,Urban Air Mobility (UAM),"Autonomous robotics systems, unmanned ground vehicles, autonomy algorithms",2019-10,5.2,data_match,high,"The Korean technology of Urban Air Mobility (UAM) which includes air traffic management services and aviation tourism services appears to be a reasonable match for the US technology of autonomous robotics systems, unmanned ground vehicles, and autonomy algorithms. Both involve developing autonomous and robotic systems for air/flight applications."
SAR 위성 기술,,우주,SAR (Synthetic-Aperture Radar) 위성 기술,Commercial Remote Sensing Satellites,2019-12,,data_match,high,"The Korean SAR (Synthetic-Aperture Radar) satellite technology is a type of remote sensing satellite technology, which matches the US technology of Commercial Remote Sensing Satellites."
APG-33 팬텀 스트라이크 AESA 레이더,2025-01,항공/공군,AESA 레이더,THAAD (Terminal High Altitude Area Defense) system with dispersed radar and command/control architecture,2019-08,5.4,data_match,high,"The AESA radar is a key component of the THAAD air defense system, which is a US-developed system for intercepting ballistic missiles."
초고효율 HJT(이종접합 기술) 태양전지,2026-00,기타,초고효율 HJT (이종접합 기술) 태양전지,Directed Energy Weapons (DEW),2021-07,4.4,data_match,high,"The Korean core technology of 'ultra-high efficiency HJT (heterojunction) solar cells' is a type of solar cell technology, which falls under the 'Other' domain. The US technology of 'Directed Energy Weapons (DEW)' is not a direct match in terms of the technology type, but it is still a reasonable match as it is a domain-related technology that falls under the 'Other' category as well."
AI 자율주행 순찰 로봇,2024-01,지상,AI 자율주행,Autonomous UAV landing and docking system with vision-based navigation,2021-03,2.8,data_match,high,"The Korean technology of AI autonomous ground robots is similar to the US technology of autonomous UAV landing and docking, as they both involve autonomous navigation and control systems."
Small Modular Reactor (SMR),,기타,Small Modular Reactor (SMR),Space-based solar power satellite system with wireless power transmission,2014-03,,data_match,high,"Both technologies involve nuclear power generation, which is the core technology type."
위성 수명 연장 팟,2026-01,우주,위성 수명 연장 팟,LASCO Coronagraph (Large Angle Spectrometric Coronagraph),2010-11,15.2,data_match,high,"The Korean technology '위성 수명 연장 팟' (satellite life extension pod) appears to be related to satellite services and space technology, which matches the US technology 'LASCO Coronagraph' that is also a space-based technology for satellite and space observations."
수상 PAV(Personal Air Vehicle),2023-04,항공/공군,수상 PAV (Personal Air Vehicle),"GPS (Global Positioning System), Minitrack satellite tracking system, radar beacons, blind landing systems",2014-05,8.9,data_match,high,"The Korean 'Personal Air Vehicle' technology is a type of lightweight aircraft, which can be considered a similar domain to the US GPS, satellite tracking, and radar beacons used for positioning, navigation, and landing systems."
1MW급 빌딩용 직류배전 설비,2023-04,통신/전자,직류배전 설비,Commercial-Off-The-Shelf (COTS) Electronics in Geosynchronous Earth Orbit,2022-10,0.5,data_match,high,"The Korean core technology 직류배전 설비 (Direct Current Distribution Equipment) is a type of power distribution system, which is related to the US technology of COTS electronics in space applications, as both involve power distribution and electronics integration."
중형 PC선 및 LPG선,2025-03,해상/해군,중형 PC선 및 LPG선,F-35C carrier integration; MQ-25 Stingray refueling drone,2020-09,4.5,data_match,high,"The Korean technology of 'medium PC vessel and LPG vessel' is related to ship/maritime technology, and the US technology of 'F-35C carrier integration; MQ-25 Stingray refueling drone' is also related to naval/maritime technology, specifically aircraft carrier integration and refueling drones."
수직이착륙 전기 에어택시 VX4의 핵심 부품 개발,,항공/공군,"전기기계식 작동기(EMA, electro-mechanical actuators)",Electric Ground Power Unit (EGPU) with commercial battery electric technology,2023-08,,data_match,high,"The Korean technology of 'electro-mechanical actuators' for 'electric air taxis' is similar in type to the US EGPU technology, which uses commercial battery electric technology for ground power applications. Both involve electric propulsion systems, which is the relevant technology type match."
A400M 다목적 수송기,2013-08,항공/공군,다목적 수송기,"ballistic missile defense destroyers, fighter squadron and tanker aircraft, B-52 long-range strike bombers",2024-11,-11.2,data_match,high,"The Korean 'multipurpose transport aircraft' technology is similar in type to the US military's various transport and bomber aircraft, even though the specific platforms may differ."
개인전장가시화체계,2024-01,육상/지상,개인전장가시화체계,"Autonomous robotics systems, unmanned ground vehicles, autonomy algorithms",2019-10,4.2,data_match,high,"The Korean core technology 개인전장가시화체계 (Individual Battlefield Visualization System) is a personal combat system, which matches with the US technology of autonomous robotics and unmanned ground vehicles. Both involve technologies related to individual soldiers and their combat systems."
한국형 위성항법시스템(KPS),2035-06,우주,한국형 위성항법시스템(KPS),"Navigation Technology Satellite-3 (NTS-3) - Positioning, Navigation and Timing (PNT) System",2025-08,9.8,data_match,high,"The Korean technology 'KPS' is a satellite navigation system, which matches the US technology 'Navigation Technology Satellite-3 (NTS-3) - Positioning, Navigation and Timing (PNT) System' that is also a satellite navigation system."
전자 조정식 배열(ESA) 안테나,2024-01,통신/전자,전자 조정식 배열(ESA) 안테나,Free Space Optical (FSO) technology,2018-06,5.6,data_match,high,Both are communication system technologies related to antenna/optics. The ESA antenna and FSO technology are both focused on wireless communication through electromagnetic wave transmission.
FCT (Foreign Comparative Test),,기타,FCT (Foreign Comparative Test),"Integrated Oceanographic Mapping System, Seagliders, Expendable Bathythermographs",2011-11,,data_match,high,"The Korean technology FCT (Foreign Comparative Test) is a test and evaluation process, which matches the US technology of Integrated Oceanographic Mapping System, Seagliders, and Expendable Bathythermographs, which are used for testing and evaluation of oceanographic systems."
AAV(Advanced Air Vehicle),2026-00,항공/공군,AAV (Advanced Air Vehicle),Airborne Science & Technology Research Platform (Multi-sensor),2012-07,13.4,data_match,high,"The Korean Advanced Air Vehicle (AAV) technology is an airframe technology for aircraft, which is similar to the Airborne Science & Technology Research Platform (Multi-sensor) from the US technology list. Both are airframe or aircraft-related technologies."
슈퍼컴퓨터,2023-02,통신/전자,슈퍼컴퓨터,Space collision risk assessment software and space surveillance radar system,2022-09,0.4,data_match,high,"The Korean core technology of 'supercomputer' can be matched to the US technology of 'Space collision risk assessment software and space surveillance radar system', as both involve high-performance computing capabilities for space-related applications."
6G RIS 유리,,통신/전자,RIS (Reconfigurable Intelligent Surface),"Artificial Intelligence, Autonomous Systems, Hypersonic Technologies, Unmanned Vehicles, Quantum Information Science",2024-04,,data_match,high,"The Korean RIS (Reconfigurable Intelligent Surface) technology is a communication/frequency technology that falls under the communication/electronics domain. The US technology list includes 'Artificial Intelligence, Autonomous Systems' which is a broad category that could encompass reconfigurable intelligent surface technologies for communication and electronic applications."
P-8A Poseidon 다목적 초계기,2022-12,항공/공군,P-8A Poseidon 다목적 초계기,Autonomous Systems Research and Testing,2023-01,-0.1,data_match,high,"The P-8A Poseidon is a multi-purpose maritime patrol aircraft, which is a type of autonomous system. The US technology of 'Autonomous Systems Research and Testing' is a reasonable match for the Korean defense technology."
리눅스 플랫폼,,항공/우주,리눅스 플랫폼,Adaptive Optics (AO) and 1.5-meter telescope imaging system,2021-11,,data_match,high,"The Korean core technology 'Linux platform' is an operating system, which is a type of software. The US technology 'Adaptive Optics (AO) and 1.5-meter telescope imaging system' is also a software-based technology, specifically for imaging systems. Although the application domains differ (aerospace vs. astronomy), the technology type matches as they are both software/operating system platforms."
캐터필러 C9.3 엔진,2023-01,육상/지상,캐터필러 C9.3 엔진,Black Hawk helicopter,2025-05,-2.3,data_match,high,"The Caterpillar C9.3 engine is a diesel engine used in various ground vehicles and equipment, including military applications. The Black Hawk helicopter, a prominent US military rotorcraft, is powered by the General Electric T700 turboshaft engine, which is a similar class of engine technology to the Caterpillar C9.3."
무인 선박,2024-12,해상/해군,무인 선박,Unmanned and autonomous systems for naval operations,2022-12,2.0,data_match,high,The Korean technology 'unmanned surface vessel' appears to be a close match to the US technology of 'unmanned and autonomous systems for naval operations'. Both involve autonomous naval platforms.
"['SKY Spotter', '재밍 시스템', '레이저 대공무기']",2023-01,항공/공군,드론 감지 및 식별 기술,autonomous and artificial intelligence (AI)-enabled sensing systems,2024-03,-1.2,data_match,high,"The Korean technology of 'drone detection and identification' is related to the US technology of 'autonomous and AI-enabled sensing systems', as both involve advanced sensor and image processing technologies to detect and identify targets."
인텔샛 2Ku 시스템,2022-12,항공/공군,인텔샛 2Ku 시스템,Airborne Early Warning and Control (AEW&C) system,2023-03,-0.2,data_match,high,"The Korean 'IntelSat 2Ku IFEC system' is a type of in-flight entertainment and connectivity system, which can be considered a component or subsystem of a broader Airborne Early Warning and Control (AEW&C) system used in military aircraft."
도심항공교통(UAM),2025-01,항공/공군,도심항공교통(UAM),Electric Vertical Takeoff and Landing (eVTOL) and Advanced Air Mobility,2021-01,4.0,data_match,high,"Both technologies are related to aircraft/aviation, specifically electric/autonomous vertical takeoff and landing systems."
"['우주산업', 'UAM(Urban Air Mobility)']",2025-01,우주,우주산업,Nanosatellite mission design and CubeSat development,2024-05,0.7,data_match,high,"The Korean technology of 우주산업 (space industry) matches with the US technology of Nanosatellite mission design and CubeSat development, as they both involve space-related technologies and systems."
LNG·수소 혼소엔진,2025-06,해상/해군,LNG·수소 혼소엔진,Variable-geometry turbine engine rotor blade adjustment system,2020-12,4.5,data_match,high,"The LNG·수소 혼소엔진 (LNG and hydrogen co-firing engine) from Korea is a type of engine technology, which matches the US technology of a Variable-geometry turbine engine rotor blade adjustment system, as they are both related to engine technologies."
차세대 위성통신,2022-12,통신/전자,차세대 위성통신,"GPS (Global Positioning System), Minitrack satellite tracking system, radar beacons, blind landing systems",2014-05,8.6,data_match,high,"The Korean 차세대 위성통신 (Next Generation Satellite Communication) technology is a satellite communication system, which matches the US GPS, satellite tracking, and other satellite-based communication technologies."
항공통제기,2022-12,항공/공군,항공통제기,"AN/TPY-2 radar, THAAD anti-missile system, land-based anti-ship systems",2015-05,7.6,data_match,high,"The Korean 'Aerial Control System' technology is likely a radar or command and control system for air defense, which matches the US technology of the AN/TPY-2 radar and THAAD anti-missile system, both of which are land-based air defense systems."
정밀제어 시스템,,항공/공군,정밀제어 시스템,Automatic Ground Collision Avoidance System (Auto-GCAS),2019-05,,data_match,high,The Korean technology 'precision control system' is related to the US technology 'Automatic Ground Collision Avoidance System (Auto-GCAS)' as they both involve advanced control systems for aircraft/aviation applications.
"K9 자주포, 천무 다련장로켓체계(MRLS)",,육상/지상,"K9 자주포, 천무 다련장로켓체계(MRLS)",Rocket Propulsion Systems,2021-02,,data_match,high,"The Korean K9 self-propelled howitzer and multiple rocket launch system (MRLS) are both artillery systems that use rocket propulsion, which matches the US technology of Rocket Propulsion Systems."
UAM 안전 운항 기술,,항공/공군,UAM 안전 운항 기술,Artificial Intelligence (AI) and Autonomous Systems,2016-12,,data_match,high,"The Korean core technology of UAM (Urban Air Mobility) safe flight technology is related to the management of air traffic and drones, which can be addressed by the US technology of Artificial Intelligence and Autonomous Systems."
IS-45 위성,2025-06,우주,IS-45 위성,"Satellite systems (TacSat 4), spacecraft development, space technology systems",2011-09,13.8,data_match,high,"The IS-45 satellite technology from Korea is a communication satellite, which falls under the space technology domain. The matching US technology is also in the satellite and spacecraft development domain, making it a reasonable match."
UAM(도심 항공 모빌리티),2030-00,항공/공군,UAM(도심 항공 모빌리티),Unmanned Aerial Vehicle (UAV) remote flight control and autopilot systems,2010-03,19.8,data_match,high,"UAM (Urban Air Mobility) is a type of UAV technology, so the US technology for 'Unmanned Aerial Vehicle (UAV) remote flight control and autopilot systems' is a reasonable match."
선박 자율운항 기술,2023-01,해상/해군,선박 자율운항 기술,Shipboard radar,1942-06,80.6,data_match,high,"The Korean technology 'ship autonomous navigation technology' is a type of autonomous/self-driving system for ships, which is a similar concept to the US technology of 'Shipboard radar' that can provide autonomous navigation capabilities for ships."
수소모빌리티 통합형 수소충전소,2022-11,육상/지상,수소모빌리티 통합형 수소충전소,Additive Manufacturing (3D Printing) / Convergent Digital Manufacturing,2024-05,-1.5,data_match,high,"The Korean core technology 'Integrated Hydrogen Refueling Station' is related to hydrogen mobility, which is a type of vehicle/transportation technology. The US technology 'Additive Manufacturing (3D Printing) / Convergent Digital Manufacturing' is a broad technology that can be used for various transportation and mobility applications, including hydrogen-powered vehicles. Therefore, this is a reasonable match."
"['K2 전차', '장갑차', '차세대 전차 및 장갑차', '디펜스 드론', '다목적 무인차량', 'DOSS (Daring Operations in Service and Search)', 'VEX (Vest Exoskeleton)']",,육상/지상,"['수소연료전지', '전기구동', '지능형 플랫폼', '웨어러블 로봇']",Soldier-robot teaming software and autonomous systems,2021-07,,data_match,high,"The Korean technology of 'intelligent platform' and 'wearable robot' matches the US technology of 'soldier-robot teaming software and autonomous systems', as they both involve the integration of robotics and autonomous systems to assist human operators."
B-21 스텔스 폭격기,2022-12,항공/공군,B-21 스텔스 폭격기,B-21 Raider,,,data_match,high,"The B-21 Raider is the US Air Force's next-generation stealth bomber, which matches the Korean core technology description of the 'B-21 스텔스 폭격기' (B-21 Stealth Bomber)."
동력분산식 고속열차 EMU-320,2022-09,육상/지상,동력분산식 고속열차,protected tactical satellite communications and resilient satellite navigation,2022-02,0.6,data_match,high,"The Korean technology 동력분산식 고속열차 (high-speed train with distributed power) is a type of high-speed rail technology, which can be reasonably matched to the US technology of protected tactical satellite communications and resilient satellite navigation. Both technologies involve advanced transportation systems, although the Korean one is ground-based and the US one is space-based."
"['다기능레이다', '중거리 지대공 유도무기체계', '초소형 SAR 위성사업 및 관련 서비스']",2022-09,"우주, 방공, 관측, 통신",AESA 레이더,"Infra-Red Search & Track (IRST) sensors, Link-16 network, TTNT network, improved cockpit displays",2018-05,4.3,data_match,high,"The Korean technology of AESA radar falls under the category of 'multi-function radar' and 'medium-range surface-to-air missile system', which is similar to the US technology of Infra-Red Search & Track (IRST) sensors, Link-16 network, TTNT network, and improved cockpit displays. Both technologies are related to advanced radar and sensor systems for military applications."
"['UAM 기체', 'UAM 교통관리 시스템']",2025-00,항공/공군,"UAM 기체, UAM 교통관리 시스템",Shadow unmanned aircraft (tactical reconnaissance drone),2011-08,13.3,data_match,high,"The Korean core technology of 'UAM (Urban Air Mobility) aircraft and UAM traffic management system' seems to be a match for the US technology of 'Shadow unmanned aircraft (tactical reconnaissance drone)'. Both technologies involve unmanned aerial vehicles, which can be considered a similar type of technology."
수소연료전지-배터리 하이브리드 추진 시스템,2026-00,해상/해군,수소연료전지-배터리 하이브리드 추진 시스템,Green Propellant Infusion Mission (GPIM) - environmentally benign ionic liquid fuel and propulsion system,2019-06,6.5,data_match,high,"The Korean technology is a hybrid propulsion system for ships, which is similar to the GPIM system that uses an environmentally benign ionic liquid fuel and propulsion system for spacecraft. Both involve advanced propulsion technologies for maritime/aerospace applications."
하이로터(Hi-Rotor),2022-08,해상/해군,하이로터(Hi-Rotor),Small Wind and Temperature Spectrometer (SWATS); Tether Electrodynamic Propulsion CubeSat Experiment (TEPCE),2019-06,3.2,data_match,high,"The Korean 'Hi-Rotor' technology is a wind-assisted propulsion device for ships, which is similar in concept to the 'Small Wind and Temperature Spectrometer (SWATS)' and 'Tether Electrodynamic Propulsion CubeSat Experiment (TEPCE)' technologies that utilize wind and atmospheric conditions for spacecraft propulsion."
대테러작전용 다족보행로봇,2024-06,육상/지상,대테러작전용 다족보행로봇,"Multiple NRL technologies (Unmanned Vehicles, High-Temperature Polymers, Pulsed Power Systems, Radar, Robotic Locomotion)",2017-04,7.2,data_match,high,"The Korean technology is a multi-legged robot for counter-terrorism operations, which is a type of robotic system. The US technology list includes various robotic and unmanned vehicle technologies from the Naval Research Laboratory, which seems to be a reasonable match."
자율운항 솔루션,2023-08,해상/해군,자율운항 솔루션,SkyVision - UAS Detect and Avoid (DAA) System,2019-05,4.2,data_match,high,"The 'SkyVision - UAS Detect and Avoid (DAA) System' is a US technology that provides autonomous flight control capabilities for unmanned aerial systems, which is a similar domain and technology type as the Korean 'autonomous navigation solution' for maritime/naval applications."
전기 수직 이착륙 항공기 (eVTOL),2028-01,항공/공군,전기 수직 이착륙 항공기 (eVTOL),Electric Vertical Takeoff and Landing (eVTOL) Aircraft - ALIA,2022-03,5.8,data_match,high,The Korean core technology of 'electric vertical take-off and landing (eVTOL) aircraft' matches the US technology of 'Electric Vertical Takeoff and Landing (eVTOL) Aircraft - ALIA'. Both technologies are focused on the development of vertical take-off and landing aircraft powered by electric propulsion.
"친환경선박 전기추진시스템, 친환경 대체연료 해상실증선박",2024-06,해상/해군,"친환경선박 전기추진시스템, 친환경 대체연료 해상실증선박",Solar Photovoltaic Autonomous Soaring UAV System,2017-05,7.1,data_match,high,The Korean technology of 'environmentally friendly ship electric propulsion system' and 'environmentally friendly alternative fuel maritime demonstration ship' is related to the US technology of 'Solar-powered long-endurance unmanned aerial vehicle (Solara 60)' which also uses renewable energy sources for propulsion.
수소연료전지 기반 전기 추진체계,2025-01,항공/공군,수소연료전지 기반 전기 추진체계,Mobile Battery Charging Station for eVTOL Aircraft,2024-01,1.0,data_match,high,"The Korean core technology 'Hydrogen fuel cell-based electric propulsion system' is related to electric propulsion systems, which can be matched with the US technology 'Mobile Battery Charging Station for eVTOL Aircraft' as they both deal with electric propulsion systems, even though the specific applications differ."
UAM (Urban Air Mobility),2030-06,항공/공군,UAM (Urban Air Mobility),electric vertical takeoff and landing (eVTOL) aircraft,2021-04,9.2,data_match,high,The Korean core technology of UAM (Urban Air Mobility) with the technology type of 전기수직이착륙기 (eVTOL) matches the US technology of eVTOL (electric vertical take-off and landing) aircraft. Both are focused on the development of electric vertical takeoff and landing aircraft.
무선 양자암호통신 기술,,우주,양자암호통신 기술,Quantum Technologies,2020-09,,data_match,high,"The Korean technology 양자암호통신 기술 (quantum cryptography communication technology) falls under the broader category of quantum technologies, which is also a focus area for the US military."
H145 헬리콥터,2022-06,항공/공군,H145 헬리콥터,"Autonomy, Advanced Air Mobility, Unmanned Aerial Systems (UAS)",2022-04,0.2,data_match,high,"The H145 helicopter is a military utility helicopter, which falls under the broader domain of Autonomy, Advanced Air Mobility, and Unmanned Aerial Systems (UAS) in the US technology list."
로켓 회수 드론쉽,2022-06,우주,자율 로켓 회수 드론쉽,Digital Drone Technology / Autonomous Systems,2021-06,1.0,data_match,high,The Korean 'autonomous rocket recovery drone ship' technology matches the US 'Digital Drone Technology / Autonomous Systems' as they are both related to autonomous drone or unmanned aerial vehicle (UAV) systems.
도심 항공 모빌리티(UAM) 기체 및 시스템,2024-20,항공/공군,도심 항공 모빌리티(UAM) 기체 및 시스템,"Autonomous robotics, artificial intelligence, unmanned systems",2021-02,4.5,data_match,high,"The Korean core technology of 'electric vertical take-off and landing (eVTOL) aircraft, battery-based electric propulsion systems, and future hybrid electric propulsion systems' falls under the domain of autonomous aerial vehicles and unmanned systems, which is a key area of focus for US defense technology."
하이나스 2.0 자율운항 시스템,2022-06,해상/해군,하이나스 2.0 자율운항 시스템,"autonomous naval systems, mission autonomy, artificial intelligence, software",2024-04,-1.8,data_match,high,The 'autonomous naval systems' and 'mission autonomy' aspects of the US technology match the 'self-driving 2.0 system' and 'autonomous navigation system' aspects of the Korean technology.
MT30 가스터빈 발전기,2022-05,해상/해군,MT30 가스터빈 발전기,"F-1 liquid-propellant rocket engine, liquid engines, rocket propulsion systems",2022-05,0.0,data_match,high,"The MT30 gas turbine generator is a type of engine technology, which matches the F-1 liquid-propellant rocket engine and other rocket propulsion systems in the US technology list."
브림스톤 미사일,2022-05,미사일/방공,브림스톤 미사일,Human Autonomy Teaming (HAT) - AI/Autonomous Systems for human-robot collaboration,2020-06,1.9,data_match,high,"The Korean 브림스톤 미사일 is a long-range anti-tank missile, which can be considered a type of autonomous/robotic system for military applications. The US technology of Human Autonomy Teaming (HAT) also deals with AI/autonomous systems for human-robot collaboration, which is a reasonable match for the Korean missile technology."
TPS-880K 차기 국지방공레이더,2017-01,미사일/방공,AESA 레이더,RADAR,1922-09,94.3,data_match,high,"The Korean AESA radar technology matches the US RADAR technology. AESA radars are a type of advanced radar system, which is a core technology domain shared between the two countries."
한국형 발전용 가스터빈,2023-07,육상/지상,한국형 발전용 가스터빈,Synthetic Jet Fuel (SAF) Generation - On-site Production,2022-07,1.0,data_match,high,"The Korean core technology 'Korean-type gas turbine for power generation' is a gas turbine engine, which is a type of aircraft engine. The US technology 'Synthetic Jet Fuel (SAF) Generation - On-site Production' is related to the fuel for jet engines, including gas turbine engines. This is a reasonable match as the technology types are similar."
UAM(도심항공교통) 안전 기술,2025-01,항공/공군,UAM (도심항공교통) 안전 기술,Unmanned Aerial Vehicle (UAV),2023-07,1.5,data_match,high,"The Korean core technology of 'UAM (도심항공교통) 안전 기술' (Urban Air Mobility (UAM) Safety Technology) is related to the US technology of 'Unmanned Aerial Vehicle (UAV)'. Both technologies are focused on the safety and operation of aerial vehicles, which is a reasonable match."
하이브리드 엔진 시스템,,육상/지상,하이브리드 엔진 시스템,Compression-ignition intermittent combustion engine optimization method,2021-07,,data_match,high,"The Korean core technology 'Hybrid Engine System' is a type of engine technology, which matches the US technology 'Compression-ignition intermittent combustion engine optimization method' in the technology type category."
메타구조의 위성통신 빔 조향 기술,,통신/전자,메타구조의 위성통신 빔 조향 기술,AESA radar (Lower-Tier Air & Missile Defense System - LTAMDS),2019-10,,data_match,high,"The Korean core technology of 'satellite communication beam steering' is related to the US technology of AESA radar, which is a type of advanced radar system used in various defense applications including missile defense. Both technologies involve advanced antenna and beam steering capabilities for communication/radar systems."
수소 항공기,2035-06,항공/공군,수소 항공기,eVTOL (electric Vertical Takeoff and Landing vehicles),2021-11,13.6,data_match,high,"The Korean core technology 'Hydrogen Aircraft' is a type of aircraft fuel, and the US technology 'eVTOL (electric Vertical Takeoff and Landing vehicles)' is a type of electric aircraft, which is a reasonable match in the aircraft/aviation domain."
인텔 제온 D 프로세서,,"항공/공군, 우주",인텔 제온 D 프로세서,"Autonomous robotics, artificial intelligence, unmanned systems",2021-02,,data_match,high,"The Korean technology 'intelZEON D processor' is described as a SoC (System-on-Chip), operating system, and AI computing system, which falls under the general category of autonomous robotics, AI, and unmanned systems technology represented by the US technology #4."
액체수소 드론,2022-05,우주,액체수소 연료 드론,Electric Vertical Takeoff and Landing (eVTOL) aircraft,2023-10,-1.4,data_match,high,"The Korean defense technology 액체수소 연료 드론 (liquid hydrogen fuel drone) is a type of drone technology, which matches the US technology of Electric Vertical Takeoff and Landing (eVTOL) aircraft, which is also a type of drone or unmanned aerial vehicle technology."
A350-1000 항공기,2022-02,항공/공군,A350-1000 항공기,"High Performance Computing (HPC), Supercomputing, Networking, Storage and Analysis",2016-11,5.2,data_match,high,"The A350-1000 is a large commercial passenger aircraft, which likely requires high-performance computing and supercomputing capabilities for its design, simulation, and analysis. The US technology in this area would be a reasonable match for the Korean core technology."
"엔진(CFM International LEAP-1B), 윙렛(Advanced Technology Winglet), 플랩 서포트 페어링(Flap Support Fairing)",2022-03,항공/공군,"엔진(CFM International LEAP-1B), 윙렛(Advanced Technology Winglet), 플랩 서포트 페어링(Flap Support Fairing)",jet propulsion engine development,2022-03,0.0,data_match,high,"The Korean core technology includes 'engine (CFM International LEAP-1B)', which is a type of jet propulsion engine. The US technology of 'jet propulsion engine development' is a match in terms of the technology type."
MQ-8C 파이어 스카우트,2022-02,해상/해군,MQ-8C 파이어 스카우트,Unmanned reconnaissance aircraft (successor to U-2/SR-71); TR-X concept,2015-09,6.4,data_match,high,"The MQ-8C Fire Scout is an unmanned reconnaissance helicopter, which is a similar type of technology to the US TR-X unmanned reconnaissance aircraft."
바나듐이온배터리 기반 선박용 ESS,2023-06,해상/해군,바나듐이온배터리,"Integrated Oceanographic Mapping System, Seagliders, Expendable Bathythermographs",2011-11,11.6,data_match,high,"The Korean technology 'vanadium-ion battery for ship energy storage system (ESS)' is a type of energy storage system, which can be considered a component of the Integrated Oceanographic Mapping System used in US naval applications."
고고도 통신 시스템(HAPS),,통신/전자,고고도 통신 시스템(HAPS),TacSat-4 Satellite Communications System,2011-05,,data_match,high,"The TacSat-4 Satellite Communications System is a US technology that is related to high-altitude communication systems, which is the domain of the Korean core technology."
"드론 관제 시스템, 드론 배송 플랫폼",2022-01,항공/공군,"드론 관제 시스템, 드론 배송 플랫폼",Unmanned Aerial Vehicle (UAV) remote flight control and autopilot systems,2010-03,11.8,data_match,high,The Korean core technology of 'drone control system' and 'drone delivery platform' is a close match to the US technology of 'Unmanned Aerial Vehicle (UAV) remote flight control and autopilot systems'. Both involve control and management of drone/UAV systems.
천궁-II 미사일 발사대,2022-01,미사일/방공,천궁-II 중거리 지대공 미사일 발사대,"Directed Energy systems (High Energy Laser, High Power Microwave, Electro-optic)",2022-06,-0.4,data_match,high,"The Korean technology 천궁-II 중거리 지대공 미사일 발사대 is a missile launcher system, which can be considered a component or subsystem of a broader directed energy weapons system. The US technology listed as #42 covers a range of directed energy technologies, including high energy laser and high power microwave, which are relevant to missile defense applications."
자율운항선박 기술,2022-01,해상/해군,자율운항선박 기술,Automatic Collision Avoidance System (Auto GCAS) / Automatic Ground Collision Avoidance Technology,2021-07,0.5,data_match,high,"The Korean technology of 'autonomous navigation' matches the US technology of 'Automatic Collision Avoidance System', which is a system that helps avoid collisions for autonomous or unmanned vehicles."
GTF 엔진,2023-03,항공/공군,GTF 엔진,High Performance Computing for Gas Turbine Engine Simulation,2021-08,1.6,data_match,high,"The GTF engine is an aircraft engine, and the US technology for high performance computing for gas turbine engine simulation is a reasonable match for this Korean defense technology."
수상 1인용 개인용 비행체,2021-12,항공/공군,수상 1인용 개인용 비행체,Advanced Urban Air Mobility (AAM) Simulator Facility,2020-12,1.0,data_match,high,"The Korean technology of 'personal flying vehicle' matches the US technology of 'Advanced Urban Air Mobility (AAM) Simulator Facility', as they both involve personal/individual air vehicles."
진동원 능동제어장치 SW,2025-12,항공/공군,진동원 능동제어장치 SW,"Guidance, Navigation, and Control (GNC) systems for space missions; Precision optical systems; Vibration mitigation",2021-04,4.7,data_match,high,"The Korean technology of 'Vibration Control System' is similar to the US technology of 'Guidance, Navigation, and Control (GNC) systems for space missions' which includes vibration mitigation."
RQ-4 글로벌호크 고고도 무인정찰기 운용체계 현대화,2023-01,항공/공군,RQ-4 글로벌호크 고고도 무인정찰기 운용체계 현대화,XQ-58A Valkyrie autonomous aircraft; internal weapons bay payload release system; ALTIUS-600 small unmanned aircraft system (SUAS),2021-03,1.8,data_match,high,"The RQ-4 Global Hawk high-altitude unmanned reconnaissance aircraft system operated by the Korean military is a reasonable match for the XQ-58A Valkyrie and ALTIUS-600 SUAS technologies in the US list, as they are all related to high-altitude unmanned aerial vehicles and reconnaissance systems."
SES-17 통신위성,2022-06,우주,통신위성,Free Space Optical (FSO) technology,2018-06,4.0,data_match,high,"The Korean core technology 'Communication Satellite' is a type of satellite technology, which can be matched to the US technology 'Free Space Optical (FSO) technology' as they are both related to communication and space technology."
비접촉식 광커넥터 기술,2021-11,통신/전자,비접촉식 광커넥터 기술,3D Photonic Crystals / Optical Photonic Circuits,2020-09,1.2,data_match,high,"The Korean technology 'non-contact optical connector technology' is a type of optical communication technology, which can be matched to the US technology '3D Photonic Crystals / Optical Photonic Circuits' as they are both in the domain of optical/photonic communication systems."
도심항공교통(UAM),2025-01,항공/공군,도심항공교통(UAM),Ultra Long-Endurance Unmanned Air System (ULTRA),,,data_match,high,"The Korean core technology 'Urban Air Mobility (UAM)' is a new type of air transportation system, which is similar in concept to the US technology 'Ultra Long-Endurance Unmanned Air System (ULTRA)'. Both are focused on developing advanced aerial vehicles for urban and military transportation needs."
도심항공교통(UAM),,항공/공군,도심항공교통(UAM),Electric Vertical Takeoff and Landing (eVTOL) Aircraft - Heaviside,2021-05,,data_match,high,"The Korean core technology 도심항공교통(UAM) is related to Urban Air Mobility, which is a type of electric vertical takeoff and landing (eVTOL) aircraft technology. The US technology 'Electric Vertical Takeoff and Landing (eVTOL) Aircraft - Heaviside' is a closely related technology."
"['한국형 위성항법시스템(KPS)', '수소연료전지 기반 대형 카고드론', '장사정포 요격체계']",2022-06,미사일/방공,"['한국형 위성항법시스템(KPS)', '수소연료전지 기반 대형 카고드론', '장사정포 요격체계']",Missile Defense Systems,2017-06,5.0,data_match,high,"The 'Korean core technology' of '장사정포 요격체계' (Long-range artillery interceptor system) is a type of missile defense system, which matches the 'Missile Defense Systems' in the US technology list."
"['Enhanced Vision System (EVS-3600)', 'ISR solutions', 'C-130 modernization options', 'Next-generation ejection seats']",,항공/공군,Enhanced Vision System (EVS-3600),Image Converter Tube (Far Ultraviolet Instrumentation),2013-02,,data_match,high,"The Enhanced Vision System (EVS-3600) is a sensor technology for aviation/air force applications, which is similar in type to the Image Converter Tube (Far Ultraviolet Instrumentation) technology in the US technology list. Both are sensor technologies for aviation/aerospace applications, even though they may have different specific capabilities."
"LiFi, HCTRS(High Capacity Trunk Radio System)",,통신/전자,LiFi,Ultraviolet (UV) Communication Systems,2020-08,,data_match,high,"Both LiFi and UV Communication Systems are wireless communication technologies, falling under the 'wireless communication' technology type and 'communication/electronics' domain."
양면발전 태양광 기술,2020-05,기타,양면발전 태양광 기술,Space Solar Power (SSP) / Solar cells for space-based power transmission,2021-06,-1.1,data_match,high,"The Korean technology of 'double-sided solar power' is a type of solar power technology, which is similar to the US technology of 'Space Solar Power' that focuses on solar cells for space-based power transmission."
3D 디지털 설계 (3D EXPERIENCE) 플랫폼,2021-10,항공/공군,3D 디지털 설계 (3D EXPERIENCE) 플랫폼,"SARA (Scalable, Adaptive and Resilient Autonomy) - autonomous vehicle software suite",2021-06,0.3,data_match,high,"The 3D digital design (3D EXPERIENCE) platform is a digital design/collaboration platform for the aviation/air force domain, which is similar to the SARA autonomous vehicle software suite that can be applied to various autonomous systems, including those used in aviation and aerospace applications."
LiFi (Light Fidelity),2022-12,통신/전자,LiFi (Light Fidelity),Quantum Secure Networks / Quantum Repeater Architecture,2019-10,3.2,data_match,high,"LiFi is a wireless communication technology that uses visible light to transmit data, similar to quantum secure networks that use quantum mechanics for secure communication. Both are advanced communication technologies."
플레아데스 네오 군집 위성,,우주,플레아데스 네오 군집 위성,"CubeSat nano-satellite platform (QbX) with tracking, telemetry and command (TTC) radio system",2010-12,,data_match,high,"The Pleiades Neo cluster satellite from Korea appears to be a satellite system, which matches the CubeSat nano-satellite platform from the US technology list. Both are satellite technologies, even though the specific details may differ."
C-DOME,2021-10,미사일/방공,C-DOME,NASAMS MKII (National Advanced Surface-to-Air Missile System Mark II),,,data_match,high,"The C-DOME is a South Korean surface-to-air missile system, and the NASAMS MKII is a similar US technology that is a medium-range air defense missile system. They are both in the same technology type of 'missile/air defense' domain."
B-52 전략폭격기 엔진 교체,2038-09,항공/공군,B-52 전략폭격기 엔진 교체,Variable-geometry turbine engine rotor blade adjustment system,2020-12,17.8,data_match,high,"The Korean technology is for replacing the engines of the B-52 strategic bomber, which is a turbine engine. The US technology for a variable-geometry turbine engine rotor blade adjustment system is a reasonable match as it involves turbine engine technology."
F-5E/F 전투기 개량,2021-09,항공/공군,F-5E/F 전투기 개량,F-16 fighter aircraft,2024-02,-2.4,data_match,high,"The F-5E/F fighter upgrade is a technology related to improving the capabilities of an existing aircraft, which matches the F-16 fighter aircraft in the US technology list."
축방향 자속 전기 모터,,항공/우주,축방향 자속 전기 모터 (axial-flux motor),Electric Aircraft Propulsion System,2024-04,,data_match,high,"The 'axial-flux motor' is a type of electric motor that can be used in electric aircraft propulsion systems, which is a matching technology type."
드론봇 전투체계,,육상/지상,드론봇 전투체계,Artificial Intelligence and Autonomy Systems,2021-05,,data_match,high,"The Korean 'dronebot combat system' technology seems to be a type of unmanned/autonomous military system, which can be reasonably matched with the US 'Artificial Intelligence and Autonomy Systems' technology. Both cover the broad domain of autonomous and intelligent military systems."
개인전장가시화체계,2024-06,통신/전자,개인전장가시화체계,Internet of Things (IoT) integration for military command and control systems,2021-02,3.3,data_match,high,"The Korean technology 'personal battlefield visualization system' is a communication system, which is related to the US technology 'Internet of Things (IoT) integration for military command and control systems' as they both involve communication and integration of various systems."
"['군 전력 첨단화', '국방 ICT R&D', '디지털 인재양성', 'DNA(Data, Network, AI) 신기술', '5G 이동통신', '국방 통합 데이터센터', '인공지능(AI)·소프트웨어(SW) 교육']",,통신/전자,"DNA(Data, Network, AI) 신기술","Artificial Intelligence, Autonomous Systems, Hypersonic Technologies, Unmanned Vehicles, Quantum Information Science",2024-04,,data_match,high,"This US technology covers a broad range of advanced technologies, including artificial intelligence, autonomous systems, and quantum information science, which could be considered a good match for the Korean core technology of DNA (Data, Network, AI)."
통신 및 정밀 측위 시스템,,통신/전자,통신 및 정밀 측위 시스템,"PNT AgilePod (Position, Navigation, and Timing alternative system)",2021-11,,data_match,high,"The PNT AgilePod is a US technology that provides position, navigation, and timing (PNT) capabilities, which is similar to the Korean core technology of communication and precision positioning system."
"GE LM2500, GE LM500 가스터빈 엔진",1981-06,해상/해군,가스터빈 엔진,Littoral Combat Ship,2022-02,-40.7,data_match,high,"The Korean core technology 'gas turbine engine' is a type of engine, which matches the 'Littoral Combat Ship' US technology, which is a naval platform that likely uses gas turbine engines."
"하이브리드 추진시스템, 통합식 전기추진 시스템",2021-08,해상/해군,하이브리드 추진시스템,Fuel cell-powered unmanned aerial system (UAS) with submerged launch capability,2013-12,7.7,data_match,high,"Both technologies are related to propulsion/engine systems, specifically hybrid or fuel cell-powered systems for naval/maritime applications."
도심항공교통(UAM),2025-01,항공/공군,도심항공교통(UAM),Uncrewed Aircraft System Traffic Management (UTM) / Collaborative Low-Altitude UAS Integration Effort (CLUE),2023-06,1.6,data_match,high,"The Korean core technology 도심항공교통(UAM) is a traffic management system for urban air mobility, which is similar in concept to the US technology Uncrewed Aircraft System Traffic Management (UTM) and the Collaborative Low-Altitude UAS Integration Effort (CLUE) for managing low-altitude airspace and unmanned aerial systems."
"['유탄발사드론', '소형모듈화드론']",2022-06,항공/공군,"유탄발사기술, 모듈 소형화 기술",Digital Drone Technology / Autonomous Systems,2021-06,1.0,data_match,high,"The Korean defense technology of 'drone miniaturization technology' matches the US technology of 'Digital Drone Technology / Autonomous Systems', as they both cover drone and autonomous system technologies."
AI 기반 자동차 수리비 자동견적 시스템 'AOS 알파',2020-01,기타,AI 기반 자동차 수리비 자동견적 시스템 'AOS 알파',AI algorithms for autonomous systems / Self-driving vehicle software,2022-11,-2.8,data_match,high,"The Korean 'AOS Alpha' system uses AI to automatically estimate car repair costs, which is similar to the AI algorithms for autonomous systems and self-driving vehicle software developed in the US."
공중발사체,,우주,공중발사체,satellite,2025-01,,data_match,high,"Both the Korean 공중발사체 (air-launched vehicle) and the US satellite technology are in the space/aerospace domain, involving the launch and operation of payloads in space."
선박용 고안전성 에너지저장장치(ESS),2024-06,해상/해군,선박용 고안전성 에너지저장장치(ESS),Hybrid-electric and electric-drive propulsion systems for naval vessels,2021-09,2.8,data_match,high,"The Korean technology 선박용 고안전성 에너지저장장치(ESS) is an energy storage system for ships, which is a component of a hybrid-electric or electric-drive propulsion system for naval vessels. The US technology 35 is a direct match in terms of the technology type and domain."
선박 자율운항 기술,2022-06,해상/해군,선박 자율운항 기술,Autonomous Systems Research Laboratory,2010-04,12.2,data_match,high,"The Korean technology of 'ship autonomous navigation technology' is a type of autonomous system, which matches the US technology of the 'Autonomous Systems Research Laboratory' that focuses on autonomous systems research."
"['소해헬기', '상륙공격헬기', '수직이착륙 무인기 NI-600VT']",,해상/해군,해상 무기체계,Electric Vertical Takeoff and Landing (eVTOL) aircraft; Autonomous technology,2023-07,,data_match,high,The 'vertical takeoff and landing' and 'autonomous' aspects of the US technology match the 'vertical takeoff and landing unmanned aerial vehicle NI-600VT' in the Korean technology list.
"위성 안테나, 저궤도 위성통신, 에어모빌리티",2021-05,통신/전자,"메타구조, 반도체칩 안테나","satellites, electronic warfare systems",2016-01,5.3,data_match,high,"The Korean core technology of 'metagregorys' and 'semiconductor chip antennas' for satellite antennas and low-orbit satellite communications is similar to the US technology of 'satellites, electronic warfare systems' which covers a range of satellite and communications technologies."
수소연료전지 기반 200kg급 카고 드론,2025-06,항공/공군,수소연료전지,Electric and hybrid aircraft,2024-06,1.0,data_match,high,"Both technologies are related to aircraft/aerospace, specifically electric/hydrogen-powered vehicles."
수소 파워팩 드론,2021-11,항공/공군,수소 연료전지,Synthetic Jet Fuel (SAF) Generation - On-site Production,2022-07,-0.7,data_match,high,"Both technologies are related to fuel cells/fuel systems, which are critical components for drone/aircraft propulsion."
열영상 융합형 3D카메라,2025-01,통신/전자,열영상 융합형 3D카메라,autonomous sensing capabilities,2022-06,2.6,data_match,high,"The Korean core technology 'thermal imaging fusion 3D camera' is a type of sensor technology, which is related to the US technology 'autonomous sensing capabilities'."
MQ-8C 파이어 스카우트,2021-10,해상/해군,무인 수직이착륙기,military helicopters,,,data_match,high,"Both technologies are related to unmanned/autonomous aerial vehicles, which can be considered a match in the same technology type category."
"['정찰드론', '공격드론', '수송드론', '군집드론', 'AI기반 자율드론', 'UAM(Urban Air Mobility·도심항공교통)']",2030-06,육상/지상,드론,Machine Learning Artificial Intelligence Algorithms for Autonomous Flight Control,2023-07,6.9,data_match,high,"The Korean core technology of 'AI-based autonomous drones' can be matched with the US technology of 'Machine Learning Artificial Intelligence Algorithms for Autonomous Flight Control', as they both involve the use of AI and machine learning for autonomous drone/UAV systems."
"['저비용 위협 방출기', '상용장비']",,"multiple domains (air, space, cyber, ground)",low-cost threat emitters,air defense systems,,,data_match,high,"The Korean technology of 'low-cost threat emitters' seems to be a component or subsystem that could be part of a larger US air defense system, which is a reasonable match."
다목적무인차량,2021-07,육상/지상,인공지능,Artificial Intelligence and Autonomy Systems,2021-05,0.2,data_match,high,The Korean core technology 'Artificial Intelligence' for 'Unmanned Vehicles' domain matches the US technology 'Artificial Intelligence and Autonomy Systems' which covers AI and autonomous systems.
전기추진시스템,2021-06,항공/공군,전기추진시스템,Combustion science and propulsion systems,2024-03,-2.8,data_match,high,"The Korean technology 'electric propulsion system' falls under the broader category of 'propulsion systems', which is a match for the US technology 'Combustion science and propulsion systems'. Both technologies are related to propulsion systems, even though the specific implementations may differ."
차세대 중형위성,2022-01,우주,차세대 중형위성,Ultra High Frequency (UHF) Satellite Communications (SATCOM),2012-06,9.6,data_match,high,"The Korean technology 차세대 중형위성 (Next-Generation Medium Satellite) is a satellite technology, and the US technology 36. Ultra High Frequency (UHF) Satellite Communications (SATCOM) is also a satellite-related technology, which makes it a reasonable match."
"군 위성통신체계, 위성통신 모뎀, OTM(On-The-Move) 단말",2021-02,통신/전자,"군 위성통신체계, 위성통신 모뎀",Tactical Satellite IV (TacSat-4) - Highly Elliptical Orbit Communication Satellite,2011-09,9.4,data_match,high,"The Korean core technology 군 위성통신체계 (military satellite communication system) and 위성통신 모뎀 (satellite communication modem) is a satellite communication system, which matches the US technology 'Tactical Satellite IV (TacSat-4) - Highly Elliptical Orbit Communication Satellite' which is also a satellite communication system."
친환경 에어택시,,항공/공군,친환경 에어택시,Stryker,2022-10,,data_match,high,"The 'Stryker' is a family of wheeled military vehicles that can be equipped with various weapon systems, similar to the vertical take-off and landing (eVTOL) 'air taxi' technology mentioned in the Korean defense technology."
Machine Control Excavator,2021-02,기타,Machine Control,RoMan (Robotic Manipulator) - Autonomous Ground Robot,2019-10,1.3,data_match,high,"The 'Machine Control Technology' for excavators in the Korean domain appears to match the 'Robotic Manipulator' technology from the US list, which is an autonomous ground robot system."
"['초소형 군집위성', '초고속 5G/6G 통신위성']",,우주,"초소형 군집위성, 초고속 5G/6G 통신위성","Nanosatellite systems, Space Solar Power",2021-09,,data_match,high,"The Korean technology of 'ultra-small swarm satellites' and 'ultra-high speed 5G/6G communication satellites' is related to the US technology of 'nanosatellite systems' which covers small, lightweight satellite technologies."
수소연료전지 기반 수송드론,,항공/공군,수소연료전지,autonomous and artificial intelligence (AI)-enabled sensing systems,2024-03,,data_match,high,"The Korean technology of 수소연료전지 (hydrogen fuel cell) for 수송드론 (transport drone) in the aviation/air force domain is a close match to the US technology of autonomous and AI-enabled sensing systems, which could include autonomous drones and other UAVs with advanced sensing capabilities."
AMCM의 MAK-4 프린터,2021-06,우주,적층 제조(3D 프린팅),3D printing of composite polymer parts with chopped fiber reinforcement,2019-07,1.9,data_match,high,"The Korean core technology of '적층 제조(3D 프린팅)' (Additive Manufacturing or 3D Printing) matches the US technology of '3D printing of composite polymer parts with chopped fiber reinforcement'. Both involve the use of 3D printing technology, which is a relevant and applicable match for the given domain of aerospace/space."
수소 연료전지 드론,2021-01,항공/공군,수소 연료전지,Ultra Long-Endurance Unmanned Air System (ULTRA),,,data_match,high,The Korean core technology of 'hydrogen fuel cell' for 'drone' in the 'aviation/air force' domain matches the US technology of 'Ultra Long-Endurance Unmanned Air System (ULTRA)' which is also a drone technology.
M-346 고급 제트 훈련기,2021-01,항공/공군,M-346 고급 제트 훈련기,tactical unmanned aerial systems,,,data_match,high,"The M-346 is a jet trainer aircraft, which is a type of tactical unmanned aerial system (UAS) used for training purposes."
메타구조 기반 전자식 위성통신 안테나,2021-01,통신/전자,메타구조 기반 전자식 위성통신 안테나,Carbon nanotube radio frequency technology (>100GHz),2019-11,1.2,data_match,high,"The Korean technology is a satellite communication antenna, and the US technology is a related carbon nanotube RF technology, which can be used for satellite and other high-frequency communication applications."
"['데이터 보안 공유', 'F-22', 'F-35', 'XQ-58A 발키리', '네트워크']",2020-12,항공/공군,데이터 보안 공유,Machine Learning Algorithms for Cybersecurity / Adversarial Robustness,2019-10,1.2,data_match,high,"The 'Machine Learning Algorithms for Cybersecurity / Adversarial Robustness' technology in the US list is a close match for the 'Network Security Sharing' technology from Korea, as they both deal with data/network security using advanced algorithms and techniques."
수소 충전 인프라,2021-03,기타,수소 충전 인프라,Level 3 DC Fast Charging Station for Electric Aircraft,2023-09,-2.5,data_match,high,"The Korean core technology of 'hydrogen charging infrastructure' including hydrogen extractors, compressors, and dispensers is a close match to the US technology of 'Level 3 DC Fast Charging Station for Electric Aircraft', as both involve infrastructure for fueling/charging advanced transportation systems."
LTE-R 활용 한국형 열차신호시스템 (KTCS-2),2022-06,통신/전자,LTE-R 활용 한국형 열차신호시스템,Patriot air defense system,2022-11,-0.4,data_match,high,"The Patriot air defense system is a US military technology that is used for tracking and intercepting ballistic missiles, similar to the Korean LTE-R train signaling system which is used for railway communications and control. Both are critical defense technologies in their respective domains."
"첨단 무기체계, 주요 구성품",,육상/지상,첨단 무기체계,Unmanned Aerial Vehicle (UAV),2023-07,,data_match,high,"The Korean 'first-class weapon system' technology is likely related to advanced weapon systems, which can include unmanned aerial vehicles (UAVs) as a type of advanced weapon platform. The US technology for UAVs is a reasonable match for the Korean 'first-class weapon system' technology."
열영상 도트복합조준장비,2020-12,지상,열영상 도트복합조준장비,autonomous and artificial intelligence (AI)-enabled sensing systems,2024-03,-3.2,data_match,high,"The Korean 'thermal imaging dot complex sighting device' appears to be a type of sensing system, which could potentially be matched to the US technology of autonomous and AI-enabled sensing systems."
고체 리튬 배터리,,해상/해군,고체 리튬 배터리,"nano-structured materials for energy storage, catalysis, and sensors",2011-09,,data_match,high,"The Korean core technology of 'solid lithium battery' is a type of energy storage technology, and the US technology of 'nano-structured materials for energy storage' is a reasonable match in terms of the technology type and domain."
초연결 기반 스마트 개인감시체계,2021-01,통신/전자,초연결 기반 스마트 개인감시체계,"Radio Frequency Sensing, Sensor Fusion, Autonomous Aircraft Teaming",,,data_match,high,"The Korean technology 'Initial Surveillance Network System' is related to radio frequency sensing, sensor fusion, and autonomous systems, which are capabilities covered by the US technology 'Radio Frequency Sensing, Sensor Fusion, Autonomous Aircraft Teaming'."
무선통신장비,2020-11,통신/전자,무선통신장비,RADAR,1922-09,98.2,data_match,high,"The Korean core technology 무선통신장비 (wireless communication equipment) is a general category that can match the US technology RADAR, which is a type of wireless communication system used for defense applications."
차세대 군용차 표준 플랫폼,2024-01,육상/지상,차세대 군용차 표준 플랫폼,Autonomous technologies,2024-01,0.0,data_match,high,"The Korean core technology '차세대 군용차 표준 플랫폼' (Next Generation Military Vehicle Standard Platform) is a vehicle platform technology, which matches the 'Autonomous technologies' listed in the US technology list. Both technologies are related to advanced autonomous capabilities for military vehicles."
"['스마트폰 연동 전투지휘체계', '자폭 드론', '자율주행 무인차량']",2021-06,통신/전자,"스마트폰 연동 전투지휘체계, 자폭 드론, 자율주행 무인차량",Robotic Autonomous Systems (RAS) / Autonomous Ground Vehicle,2022-06,-1.0,data_match,high,The Korean technology 'self-driving unmanned vehicle' matches the US technology 'Robotic Autonomous Systems (RAS) / Autonomous Ground Vehicle' which covers autonomous ground vehicle technologies.
소형무인기 대응체계,2025-01,항공/공군,소형무인기 대응체계,missile defense systems,2022-01,3.0,data_match,high,"The Korean technology 'sofeung-muindgi daeungchegyeok' (small unmanned aircraft defense system) is a radar, sensor, and electronic warfare system that can be used for defending against small drones. This matches the US technology of 'missile defense systems' which are a broad category that can include radar, sensor, and electronic warfare capabilities to detect and counter small aerial threats like drones."
티토믹 키네틱 퓨전,,우주,"티토믹 키네틱 퓨전 (Titomic Kinetic Fusion®, TKF)",CubeSat nanosatellite development and design,2023-05,,data_match,high,Both technologies are related to satellite and space technology development.
수소전기트럭,2020-10,육상/지상,수소연료전지,Level 3 DC Fast Charging Station for Electric Aircraft,2023-09,-2.9,data_match,high,"The hydrogen fuel cell technology used in the Korean hydrogen electric truck is a type of electric vehicle technology, which can be reasonably matched with the US technology for electric aircraft charging stations."
차세대 전술트럭,2020-09,육상/지상,차세대 전술트럭,Robotic Autonomous Systems (RAS) / Autonomous Ground Vehicle,2022-06,-1.8,data_match,high,The 'Robotic Autonomous Systems (RAS) / Autonomous Ground Vehicle' technology from the US list is a reasonable match for the 'Next-Generation Tactical Truck' (차세대 전술트럭) technology from the Korean defense domain. Both technologies are related to autonomous/robotic ground vehicles.
양자암호통신,2021-12,통신/전자,양자암호통신,Quantum-confined semiconductor infrared detectors and lasers,2013-09,8.2,data_match,high,"The Korean core technology of 양자암호통신 (Quantum Cryptographic Communication) is a quantum-based communication security system, which is similar in type to the US technology of quantum-confined semiconductor infrared detectors and lasers, which utilize quantum effects for various applications including communication and sensing."
"무인잠수정(UUV), 센서 처리 및 활용 기술",2020-09,해상/해군,"무인잠수정(UUV), 센서 처리 및 활용 기술",Robotics and Autonomy Research,2021-02,-0.4,data_match,high,"The Korean core technology of unmanned underwater vehicles (UUVs) and sensor processing and utilization is related to the US technology of Robotics and Autonomy Research, which covers research into autonomous systems and robotic platforms."
컴뱃셔츠,2011-06,육상/지상,컴뱃셔츠,Autonomous Aircraft Control Systems / Tactical Autonomy,,,data_match,high,"The Korean technology 컴뱃셔츠 (combat shirt) is a type of military uniform or clothing, which can be reasonably matched to the US technology of Autonomous Aircraft Control Systems / Tactical Autonomy. Both are related to military and defense applications, even though the specific technologies are different."
수소전기트램,2021-12,지상,수소전기트램,Electric Ground Power Unit (EGPU) with commercial battery electric technology,2023-08,-1.7,data_match,high,"The Korean 'Hydrogen Electric Tram' technology is a type of electric vehicle, which can be reasonably matched to the US 'Electric Ground Power Unit (EGPU) with commercial battery electric technology' as they both involve electric propulsion systems."
위성통신 시스템,2020-08,통신/전자,위성통신 시스템,"Navigation Technology Satellite-3 (NTS-3) - Space-based Position, Navigation and Timing (PNT) system",2023-05,-2.8,data_match,high,"The Korean core technology 'Satellite Communication System' is a type of space-based communication and navigation system, which is similar to the US technology 'Navigation Technology Satellite-3 (NTS-3) - Space-based Position, Navigation and Timing (PNT) system'. Both technologies involve satellite-based communication and positioning/navigation capabilities."
Trent XWB-84 엔진,2015-08,항공/공군,트렌트 XWB-84 엔진,F-16,1978-01,37.6,data_match,high,"The Trent XWB-84 engine is a high-performance turbofan engine used in aircraft, and the F-16 is a US fighter jet that also uses a high-performance turbofan engine, so they are a match in terms of the engine technology type."
후방지역 위성통신체계,2020-07,통신/전자,후방지역 위성통신체계,Optical intersatellite laser communication links,2023-12,-3.4,data_match,high,"The Korean technology 'posterior region satellite communication system' is a type of satellite communication system, which is similar to the US technology 'Optical intersatellite laser communication links' in terms of the technology type and domain."
"감시·정찰, 미사일, 한국형 미사일방어, 지상전력, 해상·상륙전력, 공중･우주전력, 유･무인복합체계, 재난대응, 국방 R&D 역량 강화, 방위산업 육성",2025-06,"지상/육상, 해상/해군, 항공/공군, 우주, 미사일/방공","감시·정찰, 미사일, 한국형 미사일방어, 유·무인복합체계, 재난대응, 방위산업 육성",Directed Energy (DE) and Kinetic Energy (KE) weapon systems integration; Airborne High Energy Laser pod,2022-01,3.4,data_match,high,The 'Directed Energy' and 'Kinetic Energy' weapon systems are a close match for the Korean 'missile' and 'missile defense' technologies.
국방 드론,,항공/공군,국방 드론,"Autonomous robotics, artificial intelligence, unmanned systems",2021-02,,data_match,high,"The Korean defense technology 'national defense drone' is a type of drone, which falls under the category of 'autonomous robotics, artificial intelligence, unmanned systems' in the US technology list."
"자동화 로봇, 가상 및 증강 현실, Cobotics",,항공/공군,"자동화 로봇, 가상 및 증강 현실, Cobotics","Artificial Intelligence, Autonomy",,,data_match,high,"The Korean core technologies of 자동화 로봇, 가상 및 증강 현실, and Cobotics (Collaborative Robotics) are related to the US technology of Artificial Intelligence and Autonomy. Both focus on developing advanced robotic and autonomous systems."
무인기,,항공/공군,무인기,Airborne science and technology research platforms with specialized sensor modifications,2023-08,,data_match,high,The Korean core technology 'unmanned aerial vehicle (UAV) for reconnaissance/surveillance' matches the US technology 'Airborne science and technology research platforms with specialized sensor modifications' as both are related to UAV/drone technology for surveillance and reconnaissance purposes.
수제맥주 캔 로켓,2021-00,우주,수제맥주 캔 로켓,CIRCE CubeSat Platform - Ionospheric and Particle Radiation Measurement System,2022-06,-1.5,data_match,high,"The Korean defense technology 'sounding rocket' is a type of space technology, and the US CIRCE CubeSat Platform is a similar space-based instrument for measuring ionospheric and particle radiation, which is a related domain."
Wiesel 2 장갑차,,육상/지상,Wiesel 2 장갑차,"Patriot Air Defense System, THAAD (Terminal High Altitude Area Defense)",2015-02,,data_match,high,"The Wiesel 2 is a light armored vehicle, and the Patriot and THAAD systems are also types of military ground-based defense technologies, so they are a match in terms of technology type and domain."
DIRCM (Directional Infrared Countermeasures),2020-07,항공/공군,DIRCM (Directional Infrared Countermeasures),"Patriot Air Defense System, THAAD (Terminal High Altitude Area Defense)",2015-02,5.4,data_match,high,"The Patriot and THAAD air defense systems are designed to counter infrared-guided missiles, which is a similar function to the Korean DIRCM technology. They are both part of an overall air defense system, even though they operate on different platforms."
신형 헬멧 카메라,2020-06,지상/육상,신형 헬멧 카메라,Neuromorphic event-based cameras for space applications,2022-01,-1.6,data_match,high,"The Korean technology of a 'new helmet camera' matches the US technology of 'neuromorphic event-based cameras', which are a type of camera technology. Both are in the domain of cameras/imaging."
공대지 유도미사일 햄머,,미사일/방공,공대지 유도미사일 햄머,Palletized Weapon System with Beyond-Line-of-Sight Command and Control,2021-07,,data_match,high,"The Korean 'ground-to-ground guided missile' technology matches the US 'Palletized Weapon System with Beyond-Line-of-Sight Command and Control' technology, as they are both missile/weapon systems."
"['갤럭시 S20 Tactical Edition', '5G', '데이터 암호화']",2020-05,통신/전자,갤럭시 S20 Tactical Edition,Moonlighter 3U CubeSat - On-Orbit Cybersecurity Testing Platform,2023-07,-3.2,data_match,high,"The Korean technology 갤럭시 S20 Tactical Edition is a smartphone, while the US technology Moonlighter 3U CubeSat is a platform for on-orbit cybersecurity testing. Although the platforms are different (smartphone vs. satellite), they both involve communications and electronic systems, which makes this a reasonable match."
AOS 알파(AI 기반 자동차 수리비 자동견적 시스템),2020-05,통신/전자,AI 기반 자동차 수리비 자동견적 시스템,"Cloud Computing Infrastructure, Internet of Battlefield Things (IoBT), Artificial Intelligence/Machine Learning",2021-02,-0.8,data_match,high,"The Korean technology is an AI-based automatic repair cost estimation system, which falls under the broader category of AI systems. The US technology list includes 'Cloud Computing Infrastructure, Internet of Battlefield Things (IoBT), Artificial Intelligence/Machine Learning', which is a relevant match in terms of the technology type and domain (communication/electronics)."
"['센서/통신', '무기/방어체계', '재료/제조', '항공기']",2020-03,육상/지상,중형전술트럭,Infantry Squad Vehicle (ISV) - ground mobility platform,2022-02,-1.9,data_match,high,"Both technologies are ground mobility platforms for military operations, even though they are from different platforms (truck vs. vehicle)."
"무인항공기시스템(UAS), 스카이가디언(SkyGuardian)",,항공/공군,무인항공기시스템(UAS),Skyborg autonomous aircraft system / AI-driven autonomy development,2020-09,,data_match,high,"The Korean technology 'Remotely Piloted Aircraft (RPA)' matches the US technology 'Skyborg autonomous aircraft system / AI-driven autonomy development', as they both involve unmanned aerial vehicle systems."
차기 ¼톤 표준차량,,육상/지상,차기 ¼톤 표준차량,Robotic Autonomous Systems (RAS) / Autonomous Ground Vehicle,2022-06,,data_match,high,"The Korean core technology 'ǫ�¼���-ǫ���̽�' (Lightweight 1/4-ton Standard Vehicle) is a type of ground/land vehicle, which can be matched to the US technology 'Robotic Autonomous Systems (RAS) / Autonomous Ground Vehicle'. Both are related to vehicle/transportation technologies."
T-34/85 전차,1950-07,육상/지상,T-34/85 전차,400Hz Aircraft Power Lightcart (400 APL),2024-01,-73.5,data_match,high,"The T-34/85 is a main battle tank, and the 400Hz Aircraft Power Lightcart is a technology related to power systems for aircraft, which is a different but related domain to ground vehicles."
차세대중형위성 시스템 개발,2020-01,우주,차세대중형위성 시스템 개발,Nanosatellite mission design and CubeSat development,2024-05,-4.3,data_match,high,"The Korean technology 차세대중형위성 시스템 개발 (Development of Next-Generation Medium-Sized Satellite System) involves satellite system design, bus development, manufacturing, assembly, and testing, which is a close match to the US technology of Nanosatellite mission design and CubeSat development."
"영상감시장치(CCTV), 원격감시체계",2020-01,항공/공군,영상감시장치(CCTV),Advanced Battle Management System (ABMS) with secure bi-directional data sharing architecture,2020-12,-0.9,data_match,high,"The Korean technology of 'remote monitoring system' in the 'aviation/air force' domain is a type of command and control system, which can be matched to the US technology of 'Advanced Battle Management System (ABMS)' that provides secure data sharing for military operations."
민수용 차량,2012-01,육상/지상,민수용 차량,3D Printing / Additive Manufacturing,2018-03,-6.2,data_match,high,"The Korean core technology '民 수용 차량 (vehicle for civilian use)' is a type of vehicle technology, which can be matched with the US technology '3D Printing / Additive Manufacturing' as it can be used for prototyping and manufacturing of vehicle components."
펭귄 대함미사일,1972-01,해상/해군,펭귄 대함미사일,"Directed Energy Weapons (Lasers), Railguns",2015-05,-43.3,data_match,high,"The Korean technology 'Penguin anti-ship missile' is a type of anti-ship missile, which matches the US technology 'Directed Energy Weapons (Lasers), Railguns' as both are missile/weapon systems."
"자율비행, 인공지능, 항공전자, 모빌리티 플랫폼, 스마트 캐빈, 스마트 팩토리",,항공/공군,"자율비행, 인공지능, 항공전자, 모빌리티 플랫폼, 스마트 캐빈, 스마트 팩토리",Advanced composite manufacturing for aircraft structures,2022-11,,data_match,high,"The Korean core technology of 'aviation electronics' matches the US technology of advanced composite manufacturing for aircraft structures, which is a key component in aerospace technology."
수소전기버스,2021-00,육상/지상,수소전기버스,Nickel-Zinc (Ni-Zn) Water-Based Battery with 3-D Zinc Sponge Anode,2017-04,3.7,data_match,high,"The Korean technology 수소전기버스 (hydrogen electric bus) is a type of electric bus, which can be reasonably matched with the US technology of Nickel-Zinc (Ni-Zn) Water-Based Battery, as both involve electric vehicles and battery technology."
중형표준차량,2019-11,육상/지상,중형표준차량,Conventionally powered submarine (diesel-electric),2023-09,-3.8,data_match,high,"The Korean technology 중형표준차량 (medium-sized standard vehicle) is a military ground vehicle, which can be matched to the US technology of conventionally powered submarines (diesel-electric) as they are both military vehicle/platform technologies, even though the specific platforms are different."
다출처 영상융합체계,2022-06,통신/전자,다출처 영상융합체계,"Cloud Computing Infrastructure, Internet of Battlefield Things (IoBT), Artificial Intelligence/Machine Learning",2021-02,1.3,data_match,high,"The Korean technology 'multi-source image fusion system' is related to the US technology 'Cloud Computing Infrastructure, Internet of Battlefield Things (IoBT), Artificial Intelligence/Machine Learning' as they both deal with image processing and AI/ML systems, which are relevant to the communication/electronics domain."
항공 소프트웨어 개발 도구,2019-10,항공/공군,항공 소프트웨어 개발 도구,Autonomous Aircraft Control Systems / Tactical Autonomy,,,data_match,high,"The Korean core technology 'Aviation software development tools' is a software development tool for the aviation/air force domain, which matches well with the US technology 'Autonomous Aircraft Control Systems / Tactical Autonomy' that deals with autonomous aircraft control and advanced air mobility systems."
C-130J 수송기,,항공/공군,C-130J 수송기,Scan Eagle UAS,,,data_match,high,"The C-130J is a transport aircraft, which matches the 'Scan Eagle UAS' as a type of unmanned aerial vehicle (UAV) system."
차세대 중형표준차량 및 5톤 방탄킷 차량,2024-01,육상/지상,차세대 중형표준차량 및 5톤 방탄킷 차량,Abrams tanks,,,data_match,high,"The Korean core technology 'Next-generation medium standard vehicle and 5-ton armored vehicle' is a type of military vehicle, which is similar to the US technology of Abrams tanks, which are a type of military ground vehicle."
드론 전용 비행시험장,2020-05,항공/공군,드론 전용 비행시험장,"Autonomous robotics, artificial intelligence, unmanned systems",2021-02,-0.8,data_match,high,"The Korean core technology 'drone-dedicated flight test site' is a facility for testing drones, which falls under the broad category of 'autonomous robotics, artificial intelligence, and unmanned systems' in the US technology list."
수직이착륙 무인헬기,2019-07,항공/공군,수직이착륙 무인헬기,Unmanned Aircraft Systems (UAS) / Platform Hardware,2020-10,-1.2,data_match,high,"The Korean core technology of 'vertical take-off and landing unmanned helicopter' is a type of unmanned aircraft system, which matches the US technology of 'Unmanned Aircraft Systems (UAS) / Platform Hardware'."
하이브리드 드론,2019-08,항공/공군,하이브리드 드론,"Autonomy, Advanced Air Mobility, Unmanned Aerial Systems (UAS)",2022-04,-2.7,data_match,high,"The Korean 'hybrid drone' technology is likely a type of unmanned aerial system (UAS), which matches the US technology for Autonomy, Advanced Air Mobility, and Unmanned Aerial Systems."
"K1A 기관단총, K-15 경기관총, K2C1 소총",2020-06,육상/지상,소총 및 기관단총 개발,small unmanned aircraft system (sUAS),2023-09,-3.2,data_match,high,"The Korean technology of 'rifle and submachine gun development' is a weapons system, which can be reasonably matched to the US technology of 'small unmanned aircraft system (sUAS)' as both are military/defense technologies, even though the specific platforms are different."
9mm SMART 권총,2020-06,기타,9mm SMART 권총,Railgun (Small Bore Railgun - SRG),2014-03,6.2,data_match,high,"The 9mm SMART 권총 (9mm SMART pistol) is a small arms technology, and the Railgun (SRG) is a type of gun technology, so they match in terms of being gun/weapon technologies, even though they operate on different principles."
"['M72 66mm LAW', 'Panzerfaust 3']",1970-06,육상/지상,대전차 무기,"M1A2 SEPv3 Abrams, M2A4 Bradley Fighting Vehicle, M109A7 Paladin, AMPV",2024-09,-54.2,data_match,high,"These are US ground combat vehicles and armored fighting vehicles that are equipped with anti-tank capabilities, which matches the Korean 'anti-tank weapons' technology."
"['중형전술차량', '차기 표준차량(2.5톤/5톤급)']",2021-06,육상/지상,중형전술차량,Robotic Autonomous Systems (RAS) / Autonomous Ground Vehicle,2022-06,-1.0,data_match,high,"The Korean 중형전술차량 (medium tactical vehicle) is a ground/land vehicle technology, which matches the US technology of Robotic Autonomous Systems (RAS) and Autonomous Ground Vehicles."
민수용 차량 도입,2012-12,육상/지상,민수용 차량 도입,ALIA electric aircraft,2023-10,-10.8,data_match,high,"Both technologies are related to military vehicles, specifically ground vehicles. The ALIA electric aircraft technology is a different platform (air-based) but still falls under the broader category of military vehicle technology."
"['K1A 기관단총', 'K-15 경기관총', 'K2C1 자동소총', 'KSPW(Korea Special Purpose Weapon)', '비살상용 권총']",2019-08,육상/지상,소총 개발,Multiple emerging defense technologies,2016-12,2.7,data_match,high,"The Korean core technology of 'Assault Rifle Development' (which includes submachine guns, machine guns, and non-lethal handguns) can be broadly matched to the 'Multiple emerging defense technologies' category in the US technology list. While not an exact one-to-one match, this category is likely to encompass various small arms and weapons technologies being developed in the US, which could be considered a reasonable match for the Korean core technology."
"인공지능(AI), 스마트 안전관리 체계",2019-08,육상/지상,인공지능(AI),Artificial Intelligence and Machine Learning,2020-05,-0.8,data_match,high,"The Korean core technology of 'artificial intelligence (AI)' for data analysis and decision support in the land/ground domain matches the US technology of 'Artificial Intelligence and Machine Learning', which is a broad category covering various AI and ML applications across different domains."
