title,date,url,content,matched_keywords,is_relevant,technology_name,deployment_date,quality,reasoning
"LIG넥스원-보스반도체, 드론·로봇향 피지컬 AI 솔루션 MOU 체결",2025-12,http://www.defensetoday.kr/news/articleView.html?idxno=9784,"LIG넥스원(대표이사 신익현)이 드론·로봇향 피지컬 AI 솔루션 개발 및 상용화를 가속화하기 위해서 국내 반도체 팰립스(설계 전문) 기업인 보스반도체와 전략적 업무협약(MOU)을 11월 28일 체결했다.
LIG넥스원 판교하우스(사진:LIG 넥스원)
보스반도체는 국내 차량·로봇 및 피지컬 AI(Physical AI) 반도체 설계 전문 기업으로, 이번 협약은 차세대 지능형 드론·로봇 기술 혁신을 견인할 피지컬 AI와 온디바이스 AI(On-Device AI) 기술 확보를 위해 협력 활동을 본격적으로 추진한다.
양사는 본 협약을 통해 △피지컬 AI 반도체 및 이를 적용한 드론·로봇 개발 △차세대 드론·로봇에 활용될 고성능 SoC(시스템온칩) 등 공동 협력을 확대할 예정이다.
‘피지컬 AI(Physical AI)’는 AI 모델을 디바이스에 직접 내장해, 디바이스가 물리적 공간에서 스스로 인식하고 판단하며 움직일 수 있도록 하는 기술이다. 또한 피지컬 AI(Physical AI)는 클라우드 연산 의존도를 줄이고 디바이스 자체에서 실시간으로 인식·추론·제어를 수행함으로써 지연(latency)을 최소화하고 보안성과 전력 효율을 크게 높일 수 있다.
이러한 특징 덕분에 피지컬 AI(Physical AI)는 무인 환경에서 자율적으로 작동하는 로봇과 드론이 요구하는 핵심 성능을 충족시키는 기반 기술로 자리 잡으며 차세대 기술 패러다임으로 평가받고 있다.
이번 협력으로 LIG넥스원과 보스반도체는 드론 및 로봇 플랫폼에 최적화된 AI 반도체 및 고성능 SoC 기반 기술 경쟁력을 확보하고, 향후 국방·산업·물류 등 다양한 분야에서 고도화된 지능형 무인체계 개발을 주도해 나갈 계획이다.
LIG넥스원은 피지컬 AI가 탑재될 드론, 로봇, 휴머노이드 등 무인 이동체 디바이스들의 핵심 부품인 ‘온디바이스 AI 반도체’를 적용한 차세대 로봇 및 드론 시스템 개발을 추진하며 AI 반도체 외에도 고성능 SoC 기반 신규 플랫폼 적용 가능성을 보스반도체와 공동 검토해 무인체계 분야의 기술 혁신을 가속화할 예정이다.
김진훈 LIG넥스원 D2C연구소장은 “이번 협력을 통해 무인 이동체 디바이스들의 핵심 부품인 온디바이스 AI 반도체와 고성능 SoC를 국산화해 AI 반도체의 해외 의존도를 크게 낮출 수 있다”며 “국내 AI 반도체 업체의 경쟁력 확보와 국방 및 민수 분야 전반의 AI 반도체 산업의 활성화를 이끄는 중요한 계기가 될 것으로 기대한다”고 말했다.
  [디펜스투데이]
Tag
#LIG넥스원
#보스반도체
#디펜스투데이
저작권자 © 디펜스투데이 무단전재 및 재배포 금지
이승준 기자
다른기사 보기","{""AI/컴퓨팅"": [""AI""], ""무기/방어체계"": [""DE""]}",True,"피지컬 AI, 온디바이스 AI",2025-12,relevant,이 기사는 LIG넥스원과 보스반도체가 드론 및 로봇향 피지컬 AI 솔루션 개발과 상용화를 위한 업무협약을 체결했다는 내용을 다루고 있습니다. 기사에서는 상용화 시기인 2025년 12월까지 언급하고 있어 상용화 관련 정보를 제공하고 있습니다.
"현대로템, 국내 최초 재사용 발사체용 메탄엔진 개발 착수",2025-12,http://www.defensetoday.kr/news/articleView.html?idxno=9753,"현대로템이 국내 최초로 재사용 우주발사체용 메탄엔진 기술 개발에 나선다.
현대로템은 대전 KW컨벤션에서 국방핵심기술의 기획과 관리를 전담하는 국방기술진흥연구소(이하 국기연) 주최로 열린 ‘지상기반 재사용 우주발사체용 메탄엔진 기술’ 개발 과제 착수회의에 참가했다고 12월 3일 밝혔다.
현대로템 재사용 우주발사체용 메탄엔진 조감도(사진:현대로템)
현대로템이 대한항공과 컨소시엄을 구성해 수주한 이번 과제는 메탄엔진 설계 및 연소기 개발 등 35t급 추진력을 내는 재사용 우주발사체용 메탄엔진 핵심 기술 확보를 목표로 한다.
이날 착수회의를 시작으로 현대로템은 국내 최초 메탄엔진 개발에 본격 돌입했다. 현대로템을 비롯해 회의에 참석한 방위사업청, 국기연, 육군, 국방과학연구소, 우주항공청 등 정부기관과 대한항공, 비츠로넥스텍 등 과제 참여 기관 관계자들은 향후 과제 운영안과 개발 세부항목을 논의하며 과업의 성공을 다짐했다.
손재홍 국기연 소장은 “이번 과제를 통해 대한민국도 미래 우주안보의 핵심이 될 기술분야에 본격적으로 진입하게 됐다”며 “국기연은 과제가 성공적으로 추진될 수 있도록 전 과정을 지원하고 대한민국 우주국방 기술의 새로운 시대를 여는데 앞장설 것”이라고 덧붙였다.
메탄엔진은 기존에 많이 쓰이던 케로신엔진 대비 연소 과정에서 그을음이 적고 저장성이 우수해 재사용 우주발사체에 적용하기 유리한 것이 특징이다.
세계적으로 차세대 발사체의 표준으로 자리잡은 엔진이기 때문에 관련 분야 기술 자립 실현을 위해서도 개발 역량 확보가 필수적이다. 또 국정과제인 우리 기술 기반의 메탄엔진 개발을 통해 뉴 스페이스 시대 차세대 전략기술을 확보할 수 있다.
현대로템은 지난 1994년 메탄엔진 개발을 시작해 2006년 국내 최초로 연소 시험까지 성공하는 등 메탄엔진 분야 기술을 꾸준히 고도화해 왔다. 나아가 이번 과제를 통해 재사용 우주발사체용 메탄엔진 상용화를 위한 기술적 기반을 확보하고 글로벌 우주발사체 시장 공략의 토대를 마련할 수 있을 것으로 기대된다.
특히 현대로템은 이번 과제에 참여하는 다양한 기관들과 협력해 기술개발 시너지를 극대화하고 형성 초기단계인 국내 우주산업의 생태계 조성에 앞장설 예정이다. 엔진, 연소기, 터보펌프 등 메탄엔진 각 분야 전문기관과의 협업을 통해 상생협력 모델을 발전시키고 연구개발을 확대해 K-우주산업을 선도한다는 것이다.
현대로템 관계자는 “첨단 K-우주산업의 비상을 위한 첫 단초가 될 이번 과제의 성공을 위해 30년 이상 축적해온 메탄엔진 분야 노하우를 기반으로 전력을 다할 것”이라며 “연구개발 전문인력을 꾸준히 육성하고 관계 기관들과 협력해 재사용 우주발사체용 메탄엔진 상용화의 길을 닦고 국내 우주산업의 글로벌 경쟁력 증진에 일조하겠다”고 말했다.
한편 현대로템은 메탄엔진을 비롯해 덕티드 램제트(Ducted Ramjet) 엔진, 극초음속 이중램제트 엔진 등 다양한 우주발사체 및 유도무기 제품들을 개발하며 항공우주 사업 역량을 제고하고 있다.
올해 국방과학연구소의 한국형 장거리 공대공 유도무기 시제품 개발 과제를 통해 덕티드 램제트 엔진 제작에 나선 바 있으며 이중램제트 엔진을 탑재한 한국형 극초음속 비행체 ‘하이코어(HyCore)’ 사업에 참여해 시험비행에서 개발 목표치인 마하 5를 초과한 마하 6의 속도를 달성하며 관련 기술 리더십을 강화하고 있다.
  [디펜스투데이]
Tag
#현대로템
#재사용발사체용
#메탄엔진
#디펜스투데이
저작권자 © 디펜스투데이 무단전재 및 재배포 금지
이승준 기자
다른기사 보기","{""재료/제조"": [""RAM"", ""AM""], ""항공기/전투기"": [""jet""]}",True,재사용 우주발사체용 메탄엔진,,relevant,이 기사는 현대로템이 국내 최초로 재사용 우주발사체용 메탄엔진 기술 개발에 착수했다는 내용을 다루고 있습니다. 이는 상용화를 위한 연구 개발 단계이므로 전력화나 배치에 대한 내용은 없습니다.
"첨단 항공엔진 개발을 위한 범부처 협의체 출범식 개최",2025-12,http://www.defensetoday.kr/news/articleView.html?idxno=9746,"방위사업청(청장 이용철)은 11월 28일(금) 정부 세종컨벤션센터에서 산업통상부(장관 김정관), 국토교통부(장관 김윤덕), 국방부(장관 안규백), 우주항공청(청장 윤영빈) 등 관련 부처와 함께 첨단 항공엔진 개발을 위한 ‘범부처 협의체’ 출범식을 개최했다. 
11.28.(금) 세종컨벤션센터에서 열린 ‘첨단항공엔진 개발을 위한 범부처 협의체 출범식‘에서 참석자들이 단체 기념촬영 중이다.(사진:방위사업청)
이번 협의체는 차세대 전투기급에 적용하기 위한 첨단 항공엔진 개발계획을 점검하고, 범부처 협력을 위한 폭넓은 의견수렴을 위해 마련됐다. 
  
항공엔진 기술은 미국, 영국, 프랑스, 러시아 등 극소수 국가만 보유한 대표적 전략기술로, 국제 통제체제에 따라 엄격히 규제되고 장기간 대규모 투자가 필요한 고난이도 기술이다. 
특히 첨단 항공엔진은 차세대 전투기의 성능을 좌우하는 핵심 동력원으로, 국내 기술로 개발할 경우 해외기업에 지급하던 막대한 유지‧정비 비용을 국내에서 활용할 수 있게 되며, 국산 전투기에 장착해 수출까지 이어질 수 있어 국가 경제에도 긍정적 파급효과가 기대된다.
이에 방위사업청은 국산 첨단 항공엔진 기술 확보를 위해 올해 1월 ‘첨단기술사업관리위원회’를 통해 ‘첨단 항공엔진 개발 기본계획’을 수립하고, 개발인력 양성과 시험 인프라 구축, 소재‧부품 생태계 조성 등 전 주기에 걸친 국가적 역량을 결집하기 위해 관계 부처와 협업을 추진해 왔다. 
  
이번 범부처 협의체를 통해 방위사업청, 산업통상부, 국토교통부, 우주항공청 등 관계 부처는 첨단 항공엔진 개발을 위한 협력체계 구축 필요성에 공감했습니다. 앞으로 협의체를 활용해 부처별 예산의 중복 투자를 방지하고, 기술 개발 단계별 주요 현안을 주기적으로 논의해 나가기로 하였다.
이선혜 산업통상부 첨단민군혁신지원과장은 “산업통상부의 핵심 소재·부품 기술개발 경험 등을 바탕으로 첨단 항공엔진의 기술자립화와 안정적인 공급망 확보에 기여하고, 항공엔진 제조생태계 구축에도 적극 앞장서겠다”라고 밝히면서, “이번 협의체가 우리 항공엔진 산업의 경쟁력을 한 단계 도약시키는 중요한 계기가 되기를 바란다”라고 밝혔다.
최승욱 국토교통부 항공기술과장은 “첨단 항공엔진 개발이 성공하기 위해서는 인증이 필수적”이라고 강조하는 한편, “국토교통부의 인증수행 및 국제협력 경험 등을 활용하여 군수용 인증 지원은 물론, 민수용 인증도 병행하여 상용화와 해외수출의 기회로 만들겠다”라며, “이번 협의체를 통해 개발과 인증이 함께 성장하는 밑거름이 되길 바란다”고 밝혔다.
이광병 우주항공청 항공혁신임무설계프로그램장은 “우주항공청은 국가 항공역량 강화를 위한 핵심 사업인 첨단 항공엔진 개발의 중요성을 깊이 인식하고 있다”라며, “민간 항공엔진 개발의 주무부처로서 관계 부처와의 긴밀한 협업을 통해 핵심기술을 확보하고, 이를 민수 항공엔진 분야까지 확장하여 항공산업 전반의 경쟁력을 높여 나가겠다”고 밝혔다.
 
정재준 방위사업청 첨단기술사업단장 직무대리는 “첨단 항공엔진은 군용을 넘어 민간에도 파급효과가 큰 전략기술인 만큼 각 부처와 긴밀히 협력해 산업 생태계를 활성화하고, 향후 민수 엔진 개발로 확장해 나가야 한다”라며, “범부처 협의체를 통해 부처별 추진현황을 공유하고 협조함으로써, 대한민국이 성공적인 항공엔진 개발 국가가 될 수 있도록 최선을 다하겠다”라고 의지를 밝혔다.
[디펜스투데이]
Tag
#항공엔진개발
#범부처협의체
#방위사업청
#우주항공청
#산업통상부
#디펜스투데이
저작권자 © 디펜스투데이 무단전재 및 재배포 금지
이승준 기자
다른기사 보기","{""항공기"": [""차세대 전투기"", ""전투기""]}",True,첨단 항공엔진,,relevant,이 기사는 군사 분야에서 첨단 항공엔진 개발을 위한 범부처 협의체 출범식을 다루고 있습니다. 구체적인 배치 시기는 나오지 않지만 기술 개발과 상용화를 위한 정부 차원의 노력을 다루고 있어 관련성이 있습니다.
"PKA의 방어대책",2025-11,http://www.defensetoday.kr/news/articleView.html?idxno=9722," 현대적인 자함 방어 솔루션 Dagaie NG
 Lacroix Defense
 채프는 이미 현대적인 대함 미사일에는 더 이상 그 효과를 기대하기 어려운 진부한 장비이다.
 이에 채프의 대안이 될 수 있는 CNR(Corner Reflector)을 채프 대신 도입해야 할 필요가 있다.
 그리고 다대역 플레어와 CNR을 사용하는 시스탬으로 가장 최적화된 솔루션은 프랑스 회사인 Lacroix Defense의 Dagaie NG라고 판단하여 본고에서 소개하려고 한다. 
.Lacroix Defense는 1848년에 설립되어 그 역사가 오래된 방위산업체이다. 해당 업체에서는 SYLENA 디코이 발사 시스템과 SEACLAD, Dagaie 등 다양한 자체 방어용 기만체 솔루션을 제작하는 업체이다. Lacroix Defense가 제작하는 솔루션은 전 세계에 18개국의 공군과 15개국의 해군이 도입하여 운용하고 있다. 한국 해군 역시 Lacroix의 Dagaie 시스템을 도입한 바 있다.
 
유도탄 고속함 성능 개량과 기만체계
 현재 해군이 보유하고 있는 대함 유도탄 기만체계는 MASS와 다가이에(K-Dagaie), 그리고 RBOC 세 가지이다. 이 세가지 체계 모두 대함 미사일을 기만하기 위해서 채프를 사용한다.
 문제는 채프와 플래어는 일본과 중국의 첨단 대함 유도탄뿐만 아니라 심지어 북한이 신규 도입한 대함 유도탄(예 : Kh-35)에 대해서도 효과가 미미하다는 것이다.
 더욱 심각한 것은 유도탄 고속함 성능 개량 사업에 채용되는 기만체계의 ROC(Required Operational Capability)에 밀리미터파(MMW : Millimetric Wave) 능동 RF 탐색기, 채프 식별(chaff discriminator) 기능 보유 탐색기를 보유한 대함 미사일에 대한 대응 능력은 명시되어 있지 않다는 것이다.
 이는 새로운 채프를 도입해서 해결해야 하는 문제가 결코 아니다. 이미 미사일에는 채프와 플래어를 식별하여 필터링하는 기술이 널리 확산되어 현대적인 대함 미사일에 반영이 되었기 때문이다. 
 이는 실전에서 입증되었다. 2022년 4월 14일에 러시아 해군의 흑해함대의 기함인 순양함 모스크바함이 우크라이나 해군 지대함 미사일에 피격되어 그 다음 날(4월 115일)에 완전히 침몰하였다. 모스크바함의 장거리 함대공 유도탄(S-300F)은 최저 교전고도가 20 미터 가량이며, 근접방어 유도탄(Osa-M)의 최저 교전고도는 15 미터이기 때문에 10 미터 미만의 낮은 고도로 접근하는 우크라이나의 지대함 미사일에 대응할 수 있는 수단은 채프가 유일하였다.
 그러나 우크라이나군의 R-360 넵튠(Neptune) 대함 미사일은 모스크바함의 채프에 전혀 기만당하지 않고 모스크바함을 성공적으로 타격하였다. 채프는 넵튠 대함 미사일에 전혀 효과가 없었던 것이다. 
 이는 넵튠 대함 미사일이 채프 식별과 필터링 기능을 갖추고 있기 때문이었다. 넵튠은 북한도 보유하고 있는 러시아제 Kh-35 대함 미사일과 그 뿌리가 같다는 점에서 한국에도 시사하는 바가 크다.
  채프와 플레어의 한계
  채프는 대표적인 자체 방어용 전자전 수단이다. 그러나 현대적인 대함 미사일에 대해서 채프는 이미 그 한계가 분명하다. 다수의 채프탄을 발사하여 생성하는 채프 구름으로 인한 재밍을 효과적으로 필터링하는 기법은 이미 다양하게 개발되었기 때문이다.
 러시아의 P-800 초음속 대함 미사일과 Kh-59 대함 크루즈 미사일, 중국의 잉지(YJ)-83 대함 미사일과 같은 현대적인 대함 유도탄뿐만 아니라 심지어 이제는 더 이상 현대적인 대함 미사일이라고 할 수 없는 하푼(Harpoon) 대함 미사일과 엑조세(Exocet) 대함 미사일의 능동 RF(Radio Frequency) 탐색기의 디지털 신호 처리 프로세서에도 역시 채프에 대한 ECCM(Electronic Counter-Countermeasure) 기법이 도입되어 있다.
 예를 들어서 대표적인 대함 크루즈 미사일인 하푼과 엑조세의 경우에는 능동 RF 탐색기의 거리 게이트(range gate)를 짧게 형성함으로써 채프 구름에서 형성되는 RCS(Radar Cross Section)에 영향을 받지 않도록 설계되었다. 
 이중편파를 이용하여 채프 구름을 식별하고 필터링하는 방식은 기상청에서도 사용하고 있는 X 밴드 기상 레이더(weather radar)에서도 이미 사용되고 있는 방식이다. 
 가장 대표적인 방식은 수직 편파와 수평 편파의 반사신호 출력 밀도(power density) 차이를 대조하는 방식이다. RF 탐색기에서 수직 편파와 수평 편파의 첨두 출력과 이득(antenna gain)은 같은 상태에서 채프 구름은 2개의 편파의 반사신호 출력 밀도 차이가 비정상적으로 크게 발생한다. 
반면 실제 함선은 수평 편파와 수직 편파의 반사신호 출력밀도 차이가 미미하거나 심지어 거의 발생하지 않는다. 이를 활용하여 수직 편파 대비 수평 편파의 출력 밀도 크기가 일정 수준 이상이면 모두 필터링하는 방식으로 RF 탐색기가 채프에 교란당하지 않도록 보호할 수 있다. 
 이는 이미 군용은 물론이거니와 상용으로도 널리 확산된 기술이다. 
 P-800 초음속 대함 미사일과 YJ-83 대함 크루즈 미사일의 경우 아예 채프로 대응할 수 없는 밀리미터파(millimetric wave) 탐색기를 사용함으로써 채프에 영향을 받지 않도록 설계되었다. 
 채프는 상관 시간이 짧고 쌍극자(dipole) 사이의 간섭이 발생하기 때문에 실제 표적의 반사 신호보다 더욱 주파수가 큰 반사 신호를 생성한다. 이와 같은 원리를 역이용하여 30GHz 전후의 높은 주파수를 사용하는 밀리미터파 탐색기가 수신하는 반사 신호 중 밀리미터파 신호 중에서도 일정 수준 이상의 신호는 자동으로 필터링을 하는 방식으로 밀리미터파 능동 RF 탐색기가 채프에 재밍을 당하지 않도록 하는 것이다.
 그리고 대함 미사일에 통합되어 있는 능동 RF 탐색기는 대부분 X 밴드, 그 중에서도 I 밴드(8 ~ 10GHz)에서 주로 작동하도록 설계되어 있다. 이 때문에 채프가 재밍 효과를 발휘하는 것도 주로 X 밴드 능동 RF 탐색기에 한정되는 경우가 많다. 예를 들어서 채프 입자의 크기는 10GHz 주파수의 RF 신호의 파장(0.03 미터)과 비슷한 경우가 많다. 
 밀리미터파의 경우에는 파장이 X 밴드의 그것보다 더욱 짧으며, 무엇보다 작동 범위가 매우 크다. 이 때문에 밀리미터파 능동 RF 탐색기의 작동 제원에 맞는 채프를 만들어서 사용하는 것은 어렵다. 
 채프 구름에서 발생하는 반사 신호의 진동 주파수와 실제 표적이 되는 함선의 진동 주파수가 차이가 크다는 점도 채프 식별에 활용될 수 있다. 함선은 요동이 서서히 발생하기 때문에 함선에서 발생하는 반사 신호의 진동 주파수는 매우 낮다. 반면 채프 구름에서 발생하는 반사 신호는 
.이와 같이 채프에 대응할 수 있는 다양한 EP(Electronic Protection) 솔루션이 개발되어 대함 미사일에 도입되는 한편, 채프와 쌍벽을 이루는 자체 방어수단으로서 적외선(IR) 탐색기를 기만하기 위해서 사용되는 플레어에 대한 대응 방안도 지속적으로 발전을 해왔다. 
 과거에는 MWIR(파장 : 3 ~ 5 마이크로미터)과 LWIR 모두 탐지할 수 있는 듀얼밴드 IR(적외선) 탐색기를 사용함으로써 대함 미사일이 플레어에 대응할 수 있도록 하였다.
 오늘날에는 분해능이 우수한 FPAIR(Focal Plane Array Infra-Red) 영상 센서를 대함 미사일에 통합하고 심지어 데이터 링크까지 대함 미사일에 통합함으로써 영상 기반으로 표적과 플레어를 식별할 수 있게 되었다. 일본의 ASM-3 초음속 공대함 미사일이 이와 같이 적외선 영상 기반으로 표적을 식별할 수 있도록 설계되었다. 한국 공군 11 전투비행단이 보유하고 있는 AGM-84H 공대지/공대함 크루즈 미사일 역시 적외선 영상 탐색기와 L 밴드 데이터 링크(항공기 외부에 탑재되는 AN/AWW-13K 데이터 링크 포드와 연계)가 통합된 대함 미사일이다. 
 자함의 레이더 사용을 방해하는 채프
  한마디로 채프와 플레어는 더 이상 현대적인 대함 미사일로부터 자함을 방어하기 어렵다는 것이다. 그리고 플레어 역시 단일 대역에서만 작동하는 장비는 더 이상 현대적인 적외선 탐색기에 대응할 수 없다는 것이다.
. 채프의 또 다른 문제는 자함의 레이더 사용을 방해한다는 것이다. 다수의 채프탄을 살포하여 형성하는 채프 스크린은 현대적인 대함 미사일의 RF 탐색기에 대한 대응 효과는 저조하면서 도리어 자함의 레이더, 그것도 방공 전투를 하는 상황에서 가장 중요한, 특히 X 밴드 이상에서 작동하는 레이더의 신호를 반사함으로써 레이더의 출력 밀도를 떨어뜨리고 노이즈를 생성하여 방해하게 된다. 자함 방어를 위한 방공 교전을 하는 긴박한 상황에서 레이더의 운용을 방해하는 것은 심각한 단점이 아닐 수 없다. 
그리고 채프는 RF 반사 입자들이 일시적으로 구름을 형성한 것이기 때문에 보호해야 하는 함선의 RF 신호 반사 패턴을 모시할 수 없다는 점도 단점이다.
 
 CNR(Corner Reflector)
 그러므로 채프를 식별할 수 있는 현대적인 대함 미사일에 대응할 수 있는 새로운 RF 기만체를 도입해야 한다.
 채프의 대안이 되는 SEALEM은 Lacroix Defense의 제품으로서 전도성 금속섬유재질의 육면체 구조를 갖춘 CNR(Corner Reflector)이다.
.SEALEM은 함선의 RF 반사 패턴을 모사하면서 동시에 X 밴드에 한정하지 않고 X 밴드와 밀리미터파 반사 신호에 이르까지 광대역으로 작동한다. SEALEM 08-01은 CNR(Corner Relectror)로서 최저 작동 주파수는 채프의 그것과 유사한 6GHz이지만 최대 작동 주파수는 밀리미터파 영역에 해당되는 40GHz이다.
 함선보다 큰 RCS를 형성하여 대함 미사일을 기만한다는 점은 CNR과 채프 모두 동일하다. 그러나 채프의 경우에는 채프 입자들이 대규모 RCS가 발생하는 채프 구름을 형성하기 위해서 10초 가량의 시간이 필요한 반면, CNR은 전개 즉시 대규모 RCS를 형성할 수 있기 때문에 긴박한 근접방어상황에 필요한 즉응성을 갖추고 있다.
 심지어 채프보다 더욱 큰 RCS를 형성할 수 있기 때문에 기만 효과가 채프와 비교할 수 없이 우수하다.
 SEALEM과 같은 CNR이 채프 구름보다 더욱 큰 RCS를 형성하는 것은 전개된 CNR로 도래하는 RF 신호 에너지를 대부분 레이더 방향으로 반사하기 때문이다. 이는 채프에서 RF 신호 산란이 발생하여 RCS 형성 효과가 떨어지는 것과 대조적이다.
 그리고 SEALEM은 전도성 육면체로서 모든 방향에서 대함 미사일의 RF 탐색기에 대해서 함선과 유사한 레이더 반사 신호를 형성하는 반면 채프는 채프 스크린이 전개되는 방향에 한정하여 RCS가 형성된다. 
 다시 말해서 Lacroix Defense가 제작하는 CNR인 SEALEM은 채프가 갖지 못한 전방위적인 대응 능력을 갖추고 있는 것이다. 
 그리고 기존의 채프는 함선의 반사 신호에서 이른바 bright point들이 형성되는 것을 모사할 수 없기 때문에 스마트한 현대 대함 미사일을 교란하기 어려운 반면, CNR인 SEALEM은 육면체 구조에서 출력 밀도의 피크가 형성되는 각도들이 있기 때문에 자함을 모사해야 한다는 디코이 본연의 목적에 더욱 충실하다.
 전술한 것과 같이 현대적인 대함 미사일에 도입된 채프에 대한 ECCM 기법 중에는 밀리미터파 RF 탐색기를 사용하는 방법이 있다. 이는 밀리미터파가 워낙 광대역이기 때문에 채프 입자의 크기와 채프 구름 평균 분포 등을 밀리미터파에 맞추는 것이 어렵기 때문이다. 그리고 채프의 반사 신호는 실제 함선의 반사 신호보다 더욱 주파수가 크다는 점을 활용하여 밀리미터파 RF 탐색기의 주파수 필터링 상한선을 초과하게 함으로써 채프를 자동적으로 필터링하게 하는 것이다.
 반면 CNR은 RF 신호를 반사하는 물리적인 조건이  채프와 전혀 다르기 때문에 X 밴드뿐만 아니라 J 밴드를 초과하는 밀리미터파 탐색기도 효과적으로 기만할 수 있다. SEALEM의 경우 밀리미터파 최저 주파수인 26GHz를 크게 상회하는 40GHz 주파수에 대해서도 기만 효과가 있다.
 Dagaie NG 시스템
 Lacroix의 Dagaie NG는 MLM(Mortar Launch Module) 2기와 채프 발사기 6기로 구성되어 있다. 1개 MLM에는 CNR인 SEALEM 6기와 다대역 플레어(SEALIR) 1기가 적재된다. 즉 MLM 2기가 결합된 Dagaie NG 발사대 1기에는 CNR(SEALEM) 12기와 듀얼밴드 플레어(SEALIR) 2기, 그리고 채프탄(REM) 6기가 장입되어 있는 것이다.
 Dagaie NG에 장입되어 있는 플레어(SEALIR)는 증파장(MWIR)과 장파장(LWIR, FIR) 두 개 대역에 걸쳐서 작동하는 듀얼밴드 플레어이다. 현대적인 대함 미사일 중에서 IR 탐색기를 보유한 시스템은 듀얼밴드 적외선 탐색기를 사용함으로써 플레어에 대응하고 있다. 예를 들어서 중파장 플레어는 듀얼밴드 적외선 탐색기의 장파장 스캔 기능을 활용하여 필터링을 하고, 장파장 플레어에 대해서는 중파장 스캔 기능으로 필터링을 하는 것이다.
 Dagaie NG에 장입되는 Lacroix의 SEALIR은 중파장 적외선과 원적외선(FIR)을 동시에 사용함으로써 이와 같은 듀얼밴드 IR 센서의 중파장 스캔과 장파장 스캔을 동시에 교란할 수 있다.
 Dagaie NG시스템은 CIWS와 함대공 유도탄 등과 연계 작동하도록 함선에 통합된다. 그러므로 Dagaie NG는 방공 무기들과 함께 다층적인 방어체계, 하드킬(hard kill) 수단과 함께 운용되는 소프트킬(softkill) 방어 수단이라고 할 수 있다.
 Dagaie NG 시스템의 대응 방식은 원거리 기만과 중거리 기만, 그리고 단거리 기만 3 가지로 구별된다.
 원거리 기만은 적대적인 대함 탐색 레이더의 신호를 함선의 RWR 또는 ESM이 탐지하면 원거리용 로켓 채프탄을 투하하여 함선 주변에 허위표적을 생성하는 것이다.
 중거리 기만은 대함 미사일의 RF 탐색기가 작동하기 전에 함선의 전방과 후방에 동시에 채프 로켓탄을 발사하거나 또는 채프 로켓탄 1발과 SEALEM 광대역 CNR(SEALEM) 6발, 그리고  SEALIR 1 발을 함선 주변에 전개하는 것이다.
 최종 단계인 근거리 기만에서는 RF 탐색기가 lock-on이 된 대함 미사일 위주로 CNR인 SEALEM이 대응하는 것이다.
 발사체 문제
  이처럼 채프가 현대적인 대함 미사일에 대해서는 무력하기 때문에 경쟁 제품을 제안하는 또 다른 유럽 업체에서도 해당 업체의 시스템에 CNR 전용 발사대를 결합하는 방안을 제시하고 있다.
 그러나 문제는 해당 독일 업체의 제품이 CNR 발사를 염두에 두고 설계된 장비가 아니라는 것이다. 이 때문에 CNR 발사대를 추가할 경우 발사대의 중량이 증가하는 문제가 발생한다.
 이는 해당 독일 제품이 구동식 런쳐를 사용한다는 점에서 심각한 문제가 아닐 수 없다. 
 해당 독일 제품은 런쳐를 경량화함으로써 신속하게 방위각과 고각을 맞추어 채프와 플레어, 연막탄을 발사할 수 있다는 것을 가장 큰 장점으로 내세우고 있다. 그러나 런쳐에 별도의 CNR 발사대가 추가될 경우 런쳐의 중량이 증가하면서 이와 같은 장점이 상쇄될 수밖에 없다.
 반면 Dagaie NG의 경우 고정식 발사대에 SEALEM(CNR) 6기와 SEALIR(다대역 플레어) 1기, 그리고 REM(채프) 3기가 한 세트로 좌우에 배치(즉 CNR 12기와 다대역 플레어 2기, 채프 6기가 발사대 하나에 적재)되어 있기 때문에 독일 체계보다 CNR 적재량이 더욱 많다. 독일 제품은 구동식 런쳐에 CNR 발사대를 추가해야 하기 때문에 CNR 적재량 확보에 한계가 있다.
 즉응적인 전방위적인 대응 능력면에서도 Dagaie NG가 단연 앞선다.
 독일 제품은 구동식 런쳐를 사용한다는 점을 활용하여 단일 발사대에 180도 이상의 커버리지를 부여하고 있다. 문제는 다수의 대함 미사일이 여러 방향으로 도래할 경우 대함 미사일에 대한 대응이 지연될 수밖에 없다는 것이다. 여기에 더해서 함체의 일부 구조물에 의한 사각(blind spot)이 발생할 수 있다.
 잔면 Dagaie NG는 고정형 발사대를 사용하기 때문에 이와 같은 문제가 전혀 없으며 전방향 다수 위협 대응 능력면에서 압도적으로 우세하다.
 좁은 대응 공간이 할당된 Dagaie NG 발사대를 서로 다른 방향에 각개 1기씩 2기 이상 배치함으로써 동시에 다수의 대함 미사일이 서로 다른 방향에서 접근하는 상황에서도 각개 고정 발사대가 할당된 공간에서만 대함 미사일에 대응하도록 함으로써 대응 지연 없이 신속하고 효율적으로 동시 다목표 대응을 할 수 있도록 하는 것이다.
  [디펜스투데이]
Tag
#디펜스투데이
#밀리터리
#국방
#군사
#이슈분석
#현대병기
#획득무기
#무기백과
#디펜스TV
저작권자 © 디펜스투데이 무단전재 및 재배포 금지
신선규 기자
다른기사 보기","{""AI/컴퓨팅"": [""AI"", ""LAN"", ""AR"", ""ML""], ""센서/통신"": [""Radio Frequency"", ""적외선"", ""전자전"", ""RF"", ""IR""], ""무기/방어체계"": [""DE""], ""재료/제조"": [""PLA""], ""기타/기술"": [""IP""], ""센서/통신/레이더"": [""LWIR"", ""MWIR""], ""함정/항공기"": [""P-8""], ""미사일/방공"": [""SM-3""], ""첨단기술"": [""radar""]}",True,Dagaie NG,2025-11,high,이 글은 Lacroix Defense사의 Dagaie NG 자함 방어 솔루션이 한국 해군에 도입되었음을 다루고 있습니다. 구체적인 도입 시점도 명시되어 있습니다.
"에어버스, 한국에 테크 허브 설립",2025-11,http://www.defensetoday.kr/news/articleView.html?idxno=9710,"유럽 항공기 제작사 에어버스(Airbus)가 한국에 ‘에어버스 테크 허브(Tech Hub)’를 설립했다고 발표했다. 대전의 국가 연구개발(R&D) 중심지에 위치한 새로운 허브는 공동 연구와 혁신을 위한 전담 거점으로 운영되며, 한국이 전략적 기술 파트너로서의 역할을 더욱 공고히 하는 계기가 될 전망이다.
에어버스 테크 허브는 한국의 산업의 강점을 기반으로 ▲미래 에너지 기술 개발, ▲첨단 경량 복합소재, ▲차세대 방위 및 우주 기술 등 세 가지 핵심 연구 분야에 집중할 예정이다. 
에어버스 테크 허브 코리아(Tech Hub Korea) 개소식, 왼쪽부터 최성아 대전광역시 정무경제과학부시장, 마크 벤톨(Mark Bentall) 에어버스 연구 〮기술(R&T)프로그램 총괄, 이선혜 산업통상부 첨단민군혁신지원과장 (사진:에어버스)
한국 내 에어버스 테크 허브는 산업통상부와 대전광역시와의 긴밀한 협력을 통해 설립된다.
마크 벤톨 (Mark Bentall) 에어버스 연구 〮기술(R&T)프로그램 총괄은 ""한국과의 50년에 걸친 성공적인 산업 협력에 이어, 대전에 에어버스 테크 허브를 설립하는 이번 결정은 에어버스의 장기적인 의지를 보여주는 분명한 신호""라며, ""테크 허브를 통해 에어버스는 한국의 첨단 기술을 활용할 수 있으며, 이는 미래 항공기 기술 개발을 가속화하고 한국을 신뢰할 수 있는 장기 파트너로 지속 발전시키는 데 도움이 될 것""이라고 말했다.
이어 그는 ""세계적 수준의 연구개발 기관과 인재가 집중된 대전은 이상적인 선택""이라며, ""이 도시는 선진 학계와 산업적 포부가 완벽하게 결합된 시너지를 제공하여, 업계를 선도할 미래 기술 공동 개발을 위한 필수 거점이 될 것""이라고 강조했다.
에어버스는 테크 허브의 미션 가속화를 위해 개소식에서 세 건의 업무협약(MoU)을 체결했다.
첫 번째 업무협약은 산업통상부와 체결된 것으로, 에어버스가 대전의 기술 생태계 내에서 연구 및 혁신 프로젝트를 신속하게 시작할 수 있는 기반을 다진다 .
두 번째 업무협약은 대전광역시와 체결되었으며, 대전의 기술 환경 전반에 걸쳐 에어버스의 연구 및 혁신 계획을 지원하고 가속화하겠다는 의지를 담고 있다. 
세 번째 업무협약은 한국무역협회(KITA)와 체결되었으며, 한국무역협회의 국내 오픈 이노베이션 플랫폼을 활용해 에어버스의 기술 중점 분야에 부합하는 신규 파트너를 발굴하고 협력하는 데 목적을 둔다. 
에어버스 테크 허브 코리아 설립과 함께 발표된 프로젝트 중 에어버스는 LIG넥스원과 협력하여 통신 신호 송수신에 사용되는 우주용 칩 안테나 기술을 개발한다.
또한 에어버스는 전자기 간섭을 억제하기 위해 전기화 (electrification) 응용 분야에 필요한 능동 필터링 기술을 이엠코어텍(EMCoretech)과 개발하고 있다.
에어버스와 한국의 관계는 1974년 대한항공이 최초의 A300B4 광동체 항공기를 주문한 시점까지 거슬러 올라가며, 50년 이상 이어져 오고 있다. 그 이후 한국은 에어버스의 상용기, 방산, 우주, 헬리콥터 전 제품군에 걸쳐 핵심 고객 기반이자 협력 파트너로 자리매김해 왔다. 
에어버스의 탄탄한 산업적 존재감은 한국항공우주산업(KAI) 및 대한항공 항공우주사업본부(KAL-ASD) 등 1차 협력사들과의 장기적 파트너십에 기반하고 있다.
이들 파트너는 A320, A330, A350 기종을 포함한 에어버스 글로벌 민항기 프로그램에 필요한 핵심 구성품 - 날개 구조물, 동체 조립체, 복합재 부품 등을 생산하고 있다. 또한, 다수의 국내 중소기업도 공급망에 참여하고 있다. 현재 에어버스의 한국 내 조달 규모는 약 6,000개의 전문 기술 일자리를 창출하고 있으며, 매년 약 6억 달러 규모의 경제적 가치를 국내에 기여하고 있다.
새로운 테크 허브는 최근 부산에 설립된 에어버스의 자회사인 CTC(복합재 기술센터, Composite Technology Centre)의 개소와 더불어 그 역할을 강화한다. CTC 부산 사무소는 항공우주 분야의 첨단 복합재 소재 및 공정 연구 개발을 위해 부산테크노파크와 협력하는 것을 목표로 하고 있다.  
한국은 에어버스의 글로벌 테크 허브 네트워크에 합류한 네 번째 국가로, 앞서 일본, 네덜란드, 싱가포르에 이미 테크 허브가 운영되고 있다. 이들 허브는 업계 리더, 학계, 정부 기관, 스타트업 간의 협력을 촉진해 항공우주 기술의 한계를 확장하기 위한 기반 역할을 수행하고 있다. 
[디펜스투데이]
Tag
#에어버스
#허브테크
#디펜스투데이
저작권자 © 디펜스투데이 무단전재 및 재배포 금지
이승준 기자
다른기사 보기","{""AI/컴퓨팅"": [""AI"", ""AR""], ""센서/통신"": [""IR""], ""해양/기상"": [""TC""], ""방산기업"": [""KAI"", ""Airbus""]}",True,"우주용 칩 안테나 기술, 능동 필터링 기술",,relevant,"기사에서는 에어버스가 LIG넥스원, EMCoretech과 협력하여 우주용 칩 안테나 기술과 능동 필터링 기술을 개발하고 있다고 언급하였습니다. 그러나 실제 상용화/전력화 시점은 언급되지 않았습니다."
"KAI, 두바이 에어쇼에서 중동 아프리카 시장 정조준",2025-11,http://www.defensetoday.kr/news/articleView.html?idxno=9708,"KAI(한국항공우주산업(주))는 17일(현지시간)부터 21일까지 중동 최대 전시회인 UAE 두바이 에어쇼에 참가해 마케팅을 펼친다고 11월 17일 밝혔다.
1986년에 200개 업체와 25대의 항공기로 첫 회를 시작한 두바이 에어쇼는‘23년 기준 1,500여개의 항공 및 방산업체가 참가, 200여대의 군용 및 상용 항공기들을 전시하고 15만명의 참관객이 모이는 MENA(Middle East & North Africa) 지역 최대 규모의 에어쇼로 성장하였다. 
 
KAI는 차세대 전투기 KF-21 마케팅을 집중 부각하고 기존 추진사업 재추진 모멘텀을 위해 FA-50, 수리온, LAH 등 주력기종 전시와 초소형 SAR 위성 등 미래사업과 K-스페이스 라인업을 선보이고 있다.
UAE 공군 공동개발위원장이 KAI 부스를 방문했다.(사진:KAI)
또한, KAI는 지난 ADEX에서 공개한 AI 파일럿을 탑재한 ‘KAILOT’, UCAV, APP 등 무인기들과 KF-21을 필두로 하는 미래전장의 핵심 유무인복합체계를 제시하고 마케팅을 진행중이다.
UAE 전략적 파트너로 KAI와 협력 가능성이 큰 국가로 향후 K-방산 수출의 중동허브 역할을 할 수 있다는 점에서 기대를 모으고 있다.
최근 KAI는 UAE에서 KF-21에 대한 관심이 증가하면서 첨단 항공기 개발 기술 교류 등 방산협력 확대를 위해 지속적으로 노력 중이다.
특히, UAE 공군은 지난 4월 KAI 본사를 방문하여 KF-21 등 생산시설을 견학하였고 알사흐란 알누아이미 UAE 공군전투센터 사령관은 KF-21을 직접 탑승한 바 있다. 
KAI는 KT-1, T-50은 다목적 항공기로서의 장점과 높은 가동률로 주요 이라크, 튀르키예, 세네갈등 일부 중동, 아프리카 국가들이 도입하여 운용중에 있으며, 지난해 이라크와 KUH 2대 계약하며 국산헬기 첫수출을 달성하였다.  
 KAI 차재병 대표이사는 “현재 동남아, 남미, 유럽 등 항공기가 납품되며 안정적 운용에 따른 신뢰성을 바탕으로 UAE 등 중동·아프리카 시장의 관심이 급증하고 있다.”며 “수출 확대와 미래 방위산업의 협력 파트너 관계로 발전할 수 있도록 최선을 다할 것”이라고 밝혔다. 
[디펜스투데이]
Tag
#KAI
#두바이에어쇼
#디펜스투데이
저작권자 © 디펜스투데이 무단전재 및 재배포 금지
이승준 기자
다른기사 보기","{""AI/컴퓨팅"": [""AI"", ""AR""], ""무기/방어체계"": [""DE""], ""항공기"": [""차세대 전투기"", ""전투기""], ""센서/통신/레이더"": [""SAR""], ""항공기/전투기"": [""KF-21"", ""FA-50""], ""방산기업"": [""KAI""]}",True,"['KF-21 전투기', 'FA-50 경공격기', '수리온 헬기', 'LAH 경무장헬기', '소형 SAR 위성', 'KAILOT 무인기', 'UCAV 무인기', 'APP 무인기']",미확인,relevant,"해당 기사는 KAI가 두바이 에어쇼에서 전시하고 있는 다양한 군용 항공기와 무인기 등 방산 제품의 현황과 마케팅 활동을 다루고 있습니다. 개발 완료 및 전력화 시기는 명확하게 나와 있지 않지만, 관련 군사 기술의 상용화 및 수출 관련 내용이 다뤄지고 있어 해당 기준에 맞습니다."
"현대로템, 이집트 교통물류 전시회 ‘TransMEA 2025’ 참가",2025-11,http://www.defensetoday.kr/news/articleView.html?idxno=9684,"현대로템이 이집트에서 K-철도를 대표하는 수소 기술력을 알리고 현지의 잠재적 수소전기트램 시장에 대한 선제적 공략에 나섰다.
현대로템은 11월 9일부터 11일까지 이집트 뉴카이로 소재 국제전시센터(Egypt International Exhibition Center, EIEC)에서 열리는 현지 최대 교통물류 전시회 ‘TransMEA(Smart Transport, Infrastructure, Logistics & Traffic for the Middle East & Africa) 2025’에 참가하고 있다.
이집트 뉴카이로 소재 국제전시센터(EIEC)에서 열리는 현지 최대 교통물류 전시회 ‘TransMEA 2025’에 참가하는 현대로템 전시관 (사진:현대로템)
이번 전시회에서 현대로템은 현대자동차그룹의 수소 브랜드이자 비즈니스 플랫폼인 ‘HTWO’에 발맞춰 ‘수소 밸류 체인(Value Chain)’을 주제로 생산부터 활용까지 이어지는 수소 통합 솔루션 구축 역량과 비전을 집중적으로 알린다. 이를 통해 이집트 신행정수도의 수소전기트램 도입 수요에 대응하고 수소 철도차량 분야 기술 리더십을 공고히 한다는 구상이다.
이집트는 현재 수도 카이로의 동쪽에 서울 면적보다도 100km²(약 3만평)가량 넓은 약 700km²(약 21만평) 규모의 신행정수도를 건설하고 있다. 완공 시 600만명 이상이 거주할 수 있는 대규모 도시이며 대중교통 수단으로 수소전기트램 도입이 추진될 것으로 예상된다. 
이런 현지 수요를 파악한 현대로템은 이번 전시회를 통해 국내 상용화가 확정된 수소전기트램을 비롯한 수소 인프라 사업 역량을 홍보하며 사전 영업 활동에 나선다. 
특히 현대로템은 관람객들이 수소전기트램을 보다 친숙히 느낄 수 있도록 피라미드나 스핑크스 등 이집트의 랜드마크를 배경으로 수소전기트램을 주행해볼 수 있는 가상현실(VR) 체험기기를 마련하는 등 현지 맞춤형 전시 콘텐츠를 준비했다. 
  나아가 바이오가스 기반 그린수소를 생산해 수소 충전소를 거쳐 수소전기트램 등 모빌리티까지 이어지는 수소 밸류 체인 생태계를 표현한 3차원 축소 모형을 통해 수소전기트램은 물론 인프라까지 구축 가능한 현대로템의 수소 통합 솔루션 역량을 선보인다. 현대로템은 HTWO를 기반으로 현대자동차그룹사 및 외부 파트너와의 협력을 강화해 글로벌 수소 모빌리티 솔루션 확대에도 기여하고 있다.
이밖에 현대로템은 올해 한-이집트 수교 30주년을 맞아 이집트 시장 진출 현황과 현지화 노력, 차량의 품질에 대한 고객사와 승객들의 호평을 소개하는 등 고품질의 철도차량을 공급하며 쌓은 현지와의 신뢰와 우호 관계를 알린다.
                                                                                                                                                                                                                                             
현대로템은 2012년 카이로 1호선 전동차 180량 사업을 수주하며 이집트 시장에 처음 진출한 이래 카이로 2, 3호선 전동차 624량, 알렉산드리아 트램 30편성 등 다양한 사업들을 수주하며 입지를 강화하고 있다. 현지 업체와의 협업을 통해 철도차량 생산기술 이전 및 현지 생산을 추진하고 있으며 공급한 차량에 대한 유지보수까지 지속 수행하는 등 이집트 철도산업 발전에 기여하고자 노력하고 있다.
현대로템 관계자는 “수소전기트램과 수소 인프라 등 생산에서 활용까지 아우르는 수소 기술력을 기반으로 이집트 신행정수도에 최적화된 수소 통합 솔루션을 알릴 것”이라며 “한-이집트 수교 30주년을 맞아 K-철도의 대표주자로서 양국의 철도산업 협력에 기여할 수 있도록 최선을 다하겠다”고 말했다.
[디펜스투데이]
Tag
#현대로템
#이집트
#TransMEA2025
#수소전기트램
#디펜스투데이
저작권자 © 디펜스투데이 무단전재 및 재배포 금지
이승준 기자
다른기사 보기","{""AI/컴퓨팅"": [""AI"", ""가상현실"", ""VR"", ""AR""], ""의료/생체"": [""RNA""]}",True,수소전기트램,,relevant,"현대로템이 이집트의 수소전기트램 도입 수요에 대응하기 위해 관련 기술력과 솔루션을 소개하고 있음. 군사 기술은 다루지 않지만, 수소 관련 상용화 기술은 다루고 있음."
"LIG넥스원, 후방지역 사단급이하 전술통신체계 계약 체결",2025-11,http://www.defensetoday.kr/news/articleView.html?idxno=9683,"LIG넥스원(대표이사 신익현)은 대한민국 후방지역 작전에 최적화된 차세대 통신체계장비 개발에 나선다.
LIG넥스원은 육군 주관 첫 신속시범사업인 ‘후방지역 사단급 이하 전술통신체계(이하 후방지역 전술통신체계)’ 계약을 체결했다고 밝혔다. 사업 규모는 97억원으로 2027년까지 사업이 진행될 예정이다. 
‘후방지역 전술통신체계’는 기존 민간 상용 통신망(5G/LTE)의 인프라를 활용, 다양한 군 플랫폼들에서 고속·대용량의 데이터 송·수신을 지원하는 전술통신체계이다. 특히, 기존 군에서 활용중인 전술이동통신체계의 단점인 난청지역 극복이 가능함은 물론, 후방지역 위성통신 체계 단말기와 연동이 가능하여 어떠한 작전 환경에서도 통신 두절없이 지휘관의 신속한 의사결정을 지원한다.
이번 사업을 통해 LIG넥스원은 ㈜KT, ㈜SKT와의 협력을 통해 상용 통신망과 연동가능한 통신장비를 개발한다. 각각의 장비는 모듈형으로 제작되어 다양한 플랫폼 체계에 적용할 수 있는 것은 물론, 상용기지국망 두절 시 군 위성통신 및 대체 가능한 다른 통신망으로 자동 전환이 가능해 군 전력 강화에 크게 기여할 전망이다.  
 
LIG넥스원 관계자는 “초연결·초지능·네트워크화에 기반한 무기체계의 첨단화·고도화가 빠르게 진행되며 차세대 통신의 신속한 개발은 범 국가적 과제로 대두되고 있다”며 “전술다대역다기능무전기(TMMR)를 비롯해 지휘통제, 우주사업 등 LIG넥스원의 기술력과 노하우를 바탕으로 미래 군 전력에 기여할 차세대 통신체계 개발에 박차를 가할 것”이라고 말했다. 
[디펜스투데이]
Tag
#LIG넥스원
#후방지역 사단급이하 전술통신체계
#육군
#디펜스투데이
저작권자 © 디펜스투데이 무단전재 및 재배포 금지
이승준 기자
다른기사 보기","{""우주/위성"": [""위성통신""], ""센서/통신"": [""지휘통제"", ""LTE""]}",True,후방지역 사단급이하 전술통신체계,2027-00,relevant,"이 기사는 LIG넥스원이 육군과 '후방지역 사단급 이하 전술통신체계' 계약을 체결했다는 내용입니다. 이 통신체계는 2027년까지 개발될 예정으로, 상용 통신망과 연동되며 군 위성통신 및 대체 통신망으로 전환이 가능한 차세대 통신체계입니다. 이는 군사 기술의 상용화와 전력화에 관한 내용으로 판단됩니다."
"인천공항공사 참여‘K-UAM 원팀’컨소시엄,국내 최초 도심 UAM 통합운용 실증 성공적 수행",2025-11,http://www.defensetoday.kr/news/articleView.html?idxno=9664,"인천국제공항공사(사장 이학재)는 대한항공, KT, 현대자동차, 현대건설과 함께 국내 최초로 도심에서의‘UAM(Urban Air Mobility, 도심항공교통) 통합운용 실증’을 성공적으로 완료했다고 11월 3일 밝혔다.
버티포트 안전통제를 하고 있다.(사진:인천국제공항공사)
지난 8월 국토교통부는 최근 전 세계적으로 기체 개발이 지연되는 상황을 반영하여, 헬기를 활용하여 교통관리, 버티포트(UAM 이착륙장) 운영 분야를 우선적으로 실증할 수 있도록 하는 ‘K-UAM 그랜드챌린지 실증사업’ 변경내용을 발표한 바 있다.
공사는 교통관리·버티포트 운영 2개 분야에서 도심항공교통 실증사업자로 지정받은 국내 첫 기관으로, 작년 K-UAM 그랜드챌린지 1단계 비도심 실증에 이어 이번 2단계 도심 실증에서도 UAM 체계에서의 지상 이동부터 비행 및 착륙에 이르는 모든 단계의 운용성을 성공적으로 검증하였다.
지난 10월 16일부터 10월 31일까지 인천 아라뱃길 노선(청라 드론센터↔계양)에서 수행된 통합 운용성 검증은 정상 시나리오와 비정상 시나리오까지 총 11개의 시나리오를 포함했으며, 이 과정에서 공사는 UAM 교통관리체계와 버티포트 운영과 관련된 기술 검증 역할을 담당했다.
공사는 국가 연구개발 과제를 통해 ㈜지오스토리와 협력하여 개발한 UAM 교통관리 시스템과 V-CDM기반 버티포트 운영시스템*을 활용해 도심 환경에서의 UAM 운용 안정성을 검증했다. 또한, UAM 네비게이션 디스플레이를 활용하여 조종사가 기체에서 운항정보 및 교통관리 허가·지시를 확인하고 주변 비행체를 확인할 수 있도록 하여, 데이터 기반 운항·관제 체계 구현 가능성을 확인했다.
인천국제공항공사 이학재 사장은 “이번 국내 최초 도심 UAM 통합운용 기술 검증을 바탕으로, 정부가 목표로 하는 2028년 K-UAM 상용화 로드맵을 충실히 이행하고 산업 생태계 구축을 위해 적극 노력하겠다”고 말했다.
한편, 공사는 작년 3월 미래 디지털 리딩공항 도약을 위한 디지털 대전환 선언과 함께 UAM을 통한 새로운 모빌리티 제공을 전략과제로 제시한 바 있다. 공사는 UAM 공항셔틀 도입과 항공기와 UAM 간의 안전한 운항체계 구현을 위해 단계적으로 미래항공모빌리티 운영플랫폼을 구축할 예정이다. 
[디펜스투데이]
Tag
#인천국제공항공사
#UAM
#버티포트
#디펜스투데이
저작권자 © 디펜스투데이 무단전재 및 재배포 금지
이승준 기자
다른기사 보기","{""AI/컴퓨팅"": [""AI""], ""센서/통신"": [""IR""], ""재료/제조"": [""AM""]}",True,UAM (도심항공교통),2028,relevant,이 기사는 한국의 도심 UAM 통합운용 실증 사업을 다루고 있습니다. 이를 통해 2028년 K-UAM 상용화 로드맵 추진을 목표로 하고 있어 관련성이 있습니다. 다만 실제 상용화 시점은 명시되지 않고 계획 단계이므로 품질은 'relevant'로 평가합니다.
"HD현대중공업, 북극항로 겨냥 쇄빙선 핵심 기술 시연",2025-10,http://www.defensetoday.kr/news/articleView.html?idxno=9654,"HD현대중공업이 북극항로 시대를 앞당길 차세대 친환경·고기동 선박 추진 기술 상용화에 속도를 내고 있다.
3MW급 프로펠러-모터 직결형 선회식 전기추진기(POD, Podded Propulsor) 조감도(사진:HD현대)
HD현대중공업은 10월 30일(목) 경남 함안군에 위치한 선박 추진용 방향타 제조 공장에 프로펠러-모터 직결형 선회식 전기추진기(POD, Podded Propulsor)의 시연회를 개최했다.
이날 시연회에는 개발을 주도한 HD현대중공업 관계자 및 공동개발에 참여한 컨소시엄 기관들의 주요 인사들이 참석했다.
참석자들은 배의 이동 방향을 신속히 바꿔주는 POD의 선회 기능 시험을 진행한 뒤, 향후 실증을 위한 협력 방안을 논의했다.
POD는 선박 추진에 사용되는 장치로, 전통적인 프로펠러와 달리 타(Rudder)와 프로펠러가 통합된 하나의 구조로 이뤄져 있다. 기존 선박에 필요했던 긴 추진축, 지지대, 방향타 없이도 작동이 가능해 엔진룸을 축소할 수 있고, 그 결과 선체 저항이 줄어드는 신선형 설계가 가능하다.
HD현대중공업이 30일(목) 경남 함안군에서 프로펠러-모터 직결형 선회식 전기추진기(POD, Podded Propulsor)의 시연회를 개최했다.(사진:HD현대)
또한, 영구자석형 모터가 적용돼 조종성과 연료 절감 효과가 뛰어날 뿐만 아니라 극한 환경에서도 안정적으로 작동하는 것이 장점이다. 특히 최근에는 북극항로 운항에 필수적인 쇄빙선의 기동성과 환경 친화성을 동시에 확보하는 핵심 기술로 주목받고 있다.
한편, HD현대중공업은 지난 2023년부터 산업통상자원부와 한국산업기술기획평가원 지원 국책과제에 참여해 국내 최초 POD 개발에 착수했다.
HD현대중공업은 HD현대일렉트릭·광진산전·KOPICO·모베나코리아·한국선급·한국조선해양기자재연구원·부산대학교·한국생산기술연구원 등 8개 기관과 컨소시엄을 구성해 오는 2026년까지 3MW급 POD의 개발 및 실증을 추진할 계획이다.
HD현대중공업 관계자는 “이 장치는 전기추진선 시장의 핵심 기자재로 자리매김해 국내 조선·해양 산업의 글로벌 경쟁력 강화에 기여할 것”이라며 며 “향후 마스가(MASGA) 프로젝트의 일환인 북극항로용 선박 개발에도 중추적인 역할을 할 것으로 기대한다”고 말했다.
[디펜스투데이]
Tag
#HD현대중공업
#쇄빙선
#전기추진기
#디펜스투데이
저작권자 © 디펜스투데이 무단전재 및 재배포 금지
이승준 기자
다른기사 보기","{""무기/방어체계"": [""DE""], ""재료/제조"": [""DED""]}",True,"프로펠러-모터 직결형 선회식 전기추진기(POD, Podded Propulsor)",2026,high,기사에서 HD현대중공업이 국내 최초로 3MW급 POD를 개발 및 실증할 계획이라고 언급하고 있어 상용화/전력화를 다루고 있음. 2026년까지 개발 완료를 목표로 하고 있어 구체적인 시점이 제시되고 있음.
"현대자동차그룹, 도레이그룹과 전략적 공동 개발 계약 체결",2025-10,http://www.defensetoday.kr/news/articleView.html?idxno=9639,"현대자동차그룹은 10월 24일(금) 도레이그룹과 전략적 공동 개발 계약(Strategic Joint Development Agreement)을 체결했다고 27일 밝혔다.
첫 번째줄 왼쪽부터 현대차그룹 GSO본부장 김흥수 부사장, 도레이그룹 테라다 미키 복합재료사업본부 부문장이 체결식 이후 기념사진을 촬영하고 있다.(사진:현대자동차그룹)
이날 체결식은 서울 양재동 현대차그룹 본사 사옥에서 열렸으며 현대차그룹 GSO(Global Strategy Office)본부장 김흥수 부사장, 기초소재연구센터장 홍승현 상무, 도레이그룹 테라다 미키 복합재료사업본부 부문장, 도레이첨단소재 김영섭 사장 등 양사 관계자들이 참석했다.
현대차그룹은 지난해 4월 도레이그룹과 모빌리티 성능 향상 및 안전성 확보를 위해 탄소섬유 강화 플라스틱(CFRP) 등 고성능 복합소재 공동 개발에 대한 포괄적 협력 계약(Master Agreement)을 맺었다.
이후 양사는 긴밀한 협업을 통해 시너지를 극대화할 수 있는 프로젝트를 발굴하고 양사의 역량을 결합한 공동 개발 추진 방안을 구체화했다.
현대차그룹은 양사의 파트너십을 보다 구체화한 이번 계약을 통해 △고성능 차량 △달 탐사 전용 로버(Rover), 휴머노이드 로봇을 포함한 특수목적형 모빌리티 등 미래 모빌리티에 적용하기 위한 첨단소재 및 부품 개발 협력을 강화할 계획이다.
더불어 현대차그룹은 도레이그룹과 고성능 복합재 분야에서 기술 개발뿐 아니라 생산 및 상용화까지 전 과정에 걸쳐 협력해 미래 모빌리티 산업의 혁신을 가속화하고 새로운 시장 기회를 창출하는 데 주력할 예정이다.
이를 위해 향후 기술 공동 개발 관련 현대차그룹은 R&D본부에서 새로운 차체 재료의 개발과 검증을 담당하는 기초소재연구센터를 중심으로 첨단소재와 부품의 차량 단위 설계와 함께 적합성 검증과 성능 평가를 주도한다.
도레이그룹은 도레이 인더스트리(Toray Industries, Inc)에서 공동 개발 창구 역할을 담당하고, 탄소섬유 복합재료를 개발 및 생산하는 △도레이첨단소재 △TAC(Toray Advanced Composites) △EACC(Euro Advanced Carbon Fiber Composites)가 탄소섬유 기술 기반의 중간재 및 성형 제품을 개발한다.
현대차그룹 GSO본부장 김흥수 부사장은 “이번 계약은 지난해 맺은 전략적 파트너십 이후 양사가 본격적으로 협력해 성과를 창출하는 중요한 이정표”라면서 “목표 영역을 명확히 하고 양사의 역량을 결합해 첨단 복합소재 분야에서 혁신 기술의 연구개발부터 생산, 상용화까지 긴밀히 협력해 시장 대응 역량을 강화해 나갈 것”이라고 밝혔다.
도레이그룹 테라다 미키 복합재료사업본부 부문장은 “도레이그룹은 현대차그룹과 차세대 모빌리티에 필요한 혁신적인 복합소재 설루션을 창출해 글로벌 시장 경쟁력을 강화해 나가겠다”고 말했다.
  [디펜스투데이]
Tag
#현대자동차그룹
#도레이그룹
#전략적공동개발
#디페스투데이
저작권자 © 디펜스투데이 무단전재 및 재배포 금지
장훈 기자
다른기사 보기","{""AI/컴퓨팅"": [""AR""], ""무기/방어체계"": [""DE""], ""재료/제조"": [""CFRP""], ""무인/자율시스템"": [""ROV""]}",True,고성능 복합소재,,relevant,"이 기사는 현대자동차그룹과 도레이그룹이 고성능 복합소재 개발을 위한 전략적 공동 개발 계약을 체결한 내용을 다루고 있습니다. 이를 통해 고성능 차량, 달 탐사 로버, 휴머노이드 로봇 등 미래 모빌리티에 적용할 첨단소재 및 부품을 개발할 계획입니다. 하지만 상용화 시점은 명확하게 언급되지 않습니다."
"브라질 엠브라에르 서울 ADEX 에서 방사청과 협약 체결",2025-10,http://www.defensetoday.kr/news/articleView.html?idxno=9620,"  엠브라에르, 방위사업청(DAPA)과 양해각서 체결(사진:방위사업청)
엠브라에르와 한국 방위사업청(DAPA)은 양 당사자가 한국 방위 분야의 신사업 및 시장 개발 기회에 협력하는 양해각서를 체결했다.
양해각서(MOU)는 ADEX 2025 개막일에 DAPA 항공기 사업본부장인 공군 준장 강중희와 엠브라에르 디펜스 앤 시큐리티 사장 겸 CEO인 보스코 다 코스타 주니어 간에 체결되었다.
 방위사업청 항공기 사업부 국장인 강중희 공군 준장은 ""이번 양해각서 체결은 한국과 브라질이 단순한 구매자-판매자 관계를 넘어 상호 성장 협력 모델로 나아갈 수 있는 중요한 기회가 될 것이다,""며,  ""방위사업청은 엠브라에르와의 전략적 협력을 통해 한국 기업의 해외 공급망 진출과 한국 방산 수출 확대를 적극 지원할 것이다.""라고 밝혔다.
엠브라에르 디펜스 앤 시큐리티의 사장 겸 CEO인 보스코 다 코스타 주니어(Bosco da Costa Jr.)는 서명식에서 ""이번 양해각서 체결은 엠브라에르와 방위사업청 간의 파트너십이 강화되고 있음을 반영한다. 엠브라에르 디펜스 앤 시큐리티의 항공, 육상, 해상, 우주 분야 전반에 걸친 포괄적인 역량을 활용하여 협력, 혁신의 길을 모색하고 한국의 진화하는 국방 수요를 지원한다.""라고 밝혔다.
2023년, 한국 방위사업청(DAPA)은 대형 수송기(LTA-II) 공모에 C-390 밀레니엄을 선정하여 대한민국 공군(KORAF)에 새로운 군용 수송기를 제공했다. C-390 밀레니엄 수송기는 훈련, 지상 지원 장비 및 예비 부품을 포함한 포괄적인 서비스와 지원과 함께 대한민국 공군의 요구 사항을 충족하도록 특별히 구성될 것이다.
엠브라에르는 글로벌 공급망을 보유하고 있으며 2013년 E-Jets E2 상용 항공기 프로그램 출시 이후 한국 기업들과 파트너십을 맺고 있다. 지난달 엠브라에르와 대한무역투자진흥공사(KOTRA)는 사천과 부산에서 일주일간 로드쇼를 개최하며 엠브라에르와 한국 기업 간의 추가 협력 분야를 발굴하기 위한 방문 및 세미나를 개최했다.
  [디펜스투데이]
Tag
#디펜스투데이
#밀리터리
#국방
#군사
#이슈분석
#현대병기
#획득무기
#무기백과
#디펜스TV
저작권자 © 디펜스투데이 무단전재 및 재배포 금지
이승준 기자
다른기사 보기","{""무기/방어체계"": [""DE""], ""항공기/전투기"": [""jet""]}",True,C-390 밀레니엄 수송기,2023-01,high,"기사는 한국 방위사업청이 C-390 밀레니엄 수송기를 대한민국 공군에 새로운 군용 수송기로 제공했다고 명시하고 있어, 상용화/전력화 완료를 다루고 있습니다."
"현대로템, 지속가능경영품질대상 수상",2025-10,http://www.defensetoday.kr/news/articleView.html?idxno=9589,"현대로템이 지속가능경영 성과를 바탕으로 ESG 리더십을 인정받았다.
현대로템은 지난 27일 서울 연세대학교에서 열린 한국품질경영학회(이하 학회) 추계 학술대회에서 대기업 최초로 ‘2025 지속가능경영품질대상’을 수상했다고 9월 29일 밝혔다.
27일 조규출(오른쪽) 현대로템 품질본부장(상무)이 ‘2025 지속가능경영품질대상’을 수상한 후 박희준 한국품질경영학회장과 기념촬영을 하고 있다.(사진:현대로템)
지속가능경영품질대상은 학회가 주관하는 상으로 품질경영의 관점에서 지속가능경영을 조명하고 이를 실천하는 노력을 알리고자 올해 신설됐으며, 엄격한 심사를 거쳐 매년 수여된다.
현대로템은 ▲기후위기 대응 ▲ESG 경영 확산 및 동반성장 ▲이사회 중심의 ESG 경영 실현 등 ESG 전반에 걸쳐 다양한 성과를 도출했으며 이러한 노력이 이번 수상으로 이어졌다.
세부적으로 우선 환경 분야 기후위기 대응 성과로 국내 중공업 기업 최초로 TCFD(기후변화 재무정보 공개 태스크포스) 지지 선언, 탄소중립 로드맵 공개, 국내 유일 수소전기트램 및 바이오가스 기반 그린수소 생산시설 상용화 실현이 있다.
특히 현대로템은 올해 재활용·폐기물 저감 성과를 기반으로 ‘제 19회 순환경제 선도기업 대상’에서 대통령 표창을 수상하는 등 산업계 순환경제 선도 역량을 인정받고 있다.
사회 분야 ESG 경영 확산 및 동반성장 성과로는 2022년부터 지난해까지 3년 연속 동반성장 우수기업 선정, 2016년부터 올해까지 10년 연속 국가인적자원개발 컨소시엄 성과평가 최우수기관 수상 달성이 있다. 글로벌 공급망 인권 기준에 부합하는 인권 관리 체계 구축, 협력사 금융·기술지원 등 밸류체인 전반에 걸친 노력이 인정받은 결과다.
마지막으로 지배구조 분야 이사회 중심의 ESG 경영 활동을 통해서는 2024년 공정거래위원회 CP 등급 평가에서 AA(우수)를 획득하는 성과를 도출했다. 사외이사 중심의 이사회 운영을 통해 독립성·투명성을 확보하고 준법·윤리경영 체계로 신뢰성 있는 경영을 펼치는 등 꾸준한 노력을 기울이고 있다.
현대로템 관계자는 “이번 수상은 고객, 협력사, 임직원 등 모두가 함께 실천해온 ESG 노력의 결실”이라며 “앞으로도 지속가능경영을 기업 문화로 내재화하고 동반성장에 힘쓸 것”이라고 말했다.
한편 현대로템은 지난 2021년 ‘창의적 혁신으로 이해관계자들과 함께 지속성장’이라는 지속가능경영 비전을 수립하고 매년 지속가능경영보고서를 발간하며 임직원 ESG 내재화에 힘쓰고 있다.
특히 지난해에는 방산체계기업 최초로 KCGS(한국ESG기준원)에서 발표한 ‘2024년 상장기업 ESG 평가 및 등급 공표 결과’에서 최고 등급인 통합 A+(매우 우수)를 획득하는 등 꾸준히 지속가능경영 성과를 거두고 있다.
[디펜스투데이]
Tag
#현대로템
#2025 지속가능경영품질대상
#디펜스투데이
저작권자 © 디펜스투데이 무단전재 및 재배포 금지
이승준 기자
다른기사 보기","{""AI/컴퓨팅"": [""CFD""], ""해양/기상"": [""TC""]}",True,지속가능경영품질대상,2025-10,relevant,"이 기사는 현대로템이 지속가능경영 성과를 바탕으로 ESG 리더십을 인정받아 '2025 지속가능경영품질대상'을 수상했다는 내용을 다루고 있습니다. 이는 군사 기술의 상용화/전력화와는 직접적인 관련은 없지만, 방산 기업의 지속가능경영에 대한 내용이므로 관련성이 있다고 볼 수 있습니다."
"맞춤형 인증 컨설팅으로 UAM 기업의 인증 부담 줄인다",2025-09,http://www.defensetoday.kr/news/articleView.html?idxno=9579,"학술대회 현장에서 맞춤형 상담 제공, 업계 접근성과 실효성 높여
항공안전기술원은 지난 9월 17일(수)부터 19일(금)까지 제주 휘닉스 아일랜드에서 열린 항공우주시스템공학회 추계학술대회에서 ‘신비행체, 항공 인증의 모든 것’을 주제로 ‘신비행체 기업인증지원 현장 컨설팅’ 부스 운영을 성황리에 마쳤다고 밝혔다.
이번 컨설팅은 국토교통부 정책사업인 ‘신비행체 기업인증지원’의 일환으로, 기존 방문형 방식에서 벗어나 학술대회 현장에서 직접 진행돼 참가자들의 큰 관심을 끌었다.
기술원은 인증 실무를 담당하는 엔지니어 10명을 전문 컨설턴트로 투입해 △UAM 및 AI 인증 정책 △UAM 운항규정 △UAM 비행시험·실증 절차 △UAM 보안·항행 장비 △전기·전자 및 구조 분야 인증 등 분야별 맞춤형 컨설팅을 제공했다.
또한 사전 수요조사와 현장 신청을 통해 고양시, KAI, 한화에어로스페이스, 현대자동차, 한서대학교 등 기업과 기관을 대상으로 인프라 구축·eVTOL 기체·부품 인증 기준·AI 기술 도입 방안 등 총 20건의 맞춤형 상담이 이뤄졌다.
부스에서는 항공안전기술원 소개와 함께 K-UAM 정책 현황 및 추진 방향, 신비행체 기업인증지원 사업, UAM 팀코리아 활동 등 정부 정책도 홍보해 국민 수용성 제고에 기여했다.
현장 만족도 조사에서 참여 기관과 기업 관계자들은 ‘실무 애로사항을 전문가에게 직접 묻고 답을 들을 수 있어 도움이 됐다’, ‘현장 중심 컨설팅이 정기적으로 확대되기를 바란다’ 등 긍정적인 반응을 보였다.
항공안전기술원은 2021년부터 지금까지 신비행체 기업인증지원 사업의 주관기관으로서 120건 이상의 항공인증 컨설팅을 수행해 왔으며, K-UAM 온라인 매거진 발간, 국제 컨퍼런스 및 세미나 개최 등을 매년 추진하며 UAM 산업 기반 마련과 대중 수용성 확산에 힘써왔다.
이번 현장 컨설팅은 현장에서 직접 상담을 제공함으로써 전문가와 즉시 소통할 수 있는 기회를 마련해 업계의 접근성과 실효성을 크게 높였다. 앞으로도 국토교통부가 추진하는 K-UAM 산업 생태계 조성과 국제 기준에 부합하는 연구개발 및 상용화 지원을 지속해 나갈 방침이다.
  [디펜스투데이]
Tag
#디펜스투데이
#밀리터리
#국방
#군사
#이슈분석
#현대병기
#획득무기
#무기백과
#디펜스TV
저작권자 © 디펜스투데이 무단전재 및 재배포 금지
장훈 기자
다른기사 보기","{""무인체계"": [""VTOL""], ""AI/컴퓨팅"": [""AI""], ""재료/제조"": [""AM""], ""방산기업"": [""KAI""]}",True,무인 항공기(UAM),2025-09,relevant,"이 기사는 한국 정부가 추진하는 무인 항공기(UAM) 인증 지원 정책에 대해 다루고 있습니다. 기술의 상용화와 직접적으로 관련이 있지만, 정확한 배치/전력화 시점은 언급되어 있지 않습니다."
"한국항공대, 국내 항공안전 허브 될 ‘KAU 항공안전센터’ 개원",2025-09,http://www.defensetoday.kr/news/articleView.html?idxno=9555,"    한국항공대학교(총장 허희영)가 우리나라 항공안전 분야의 산·관·학, 민·관·군 허브 역할을 할 ‘KAU 항공안전센터’(이하 항공안전센터)를 설립했다.
한국항공대 교내 비전홀(Vision Hall)에서 열린 개원식에는 국토교통부 및 산하 공공기관, 공항공사·항공사 등 항공업계, 유관 협회·학회 등 26개 후원기관 관계자와 공군·경찰 관계자 등 150여 명의 내·외빈이 참석했다.
최근 국내·외에서 항공안전사고가 빈번히 일어나는 가운데 포스트 코로나 시대를 맞아 전 세계 항공 수요가 빠르게 회복되는 과정에서 항공안전사고가 운항편수와 비례해 증가하고 있다는 진단이 나오고 있다. 해외에서는 팬데믹 기간보다 항공안전사고가 약 25% 증가했다는 보고가 있으며(ICAO ‘Safety Report 2024’ 기준), 국내에서도 무안공항 참사와 김해공항 지상화재사고가 잇달아 발생하며 소비자의 불안이 커지고 있는 상황이다.
한국항공대는 이처럼 항공안전 고도화가 필요한 변혁의 시기에는 국가적 역량을 결집할 필요가 있다고 보고, 항공안전에 필요한 기술 및 정책 연구, 교육, 산·관·학 네트워킹을 추진하고자 항공안전센터를 개원하게 됐다.
항공안전센터장을 맡은 한국항공대 항공운항학과 이장룡 교수가 ‘대한민국 항공안전의 아카데믹 리더’라는 센터의 비전을 선포하고, 이를 위해 △국가 항공안전 정책에 대한 제언 및 안전기술 개발 △국내·외 항공종사자에 대한 안전·보안 전문교육 △산·관·학 네트워킹을 통한 항공안전문화 공유 및 확산을 추진하겠다는 목표를 밝혔다.
한국항공대 허희영 총장은 환영사에서 “항공업계 최대의 위협이 되는 항공안전에 대한 소비자의 우려를 불식시키고 항공산업 발전의 전제인 항공안전을 고도화하려면, 무결점(Zero Defect)의 안전을 확보하기 위한 총체적인 노력을 계속해야 한다”고 강조하고 “한국항공대는 지난 70여 년 동안 축적한 항공안전에 대한 교육·연구 경험을 기반으로 국내 항공업계의 현안, 정부의 수요, 안전에 대한 국제적 표준을 모두 연구하고 공유하는 산·관·학, 민·관·군 허브로서의 역할을 다하겠다”고 힘주어 말했다.
한편 맹성규 국회 국토교통위원회 위원장, 한준호 국회의원, 윤수현 한국소비자원 원장, 주종완 국토교통부 항공정책실장, 황호원 항공안전기술원 원장, 유종석 대한항공 부사장이 축사를 맡아 앞으로 항공안전센터가 수행할 역할에 대한 기대감을 전하고 아낌 없는 응원을 보냈다.
이어진 특별강연에서는 정용식 한국교통안전공단 이사장과 베넷 A. 월쉬(Bennet A. Walsh) 대한항공 항공안전전략실장이 각각 공공기관과 민간기업의 입장에서 바라본 항공안전의 과제에 대해 제언했다.
정용식 이사장은 ‘한국교통안전공단의 항공안전 업무 현황과 발전 방안’이라는 제목으로 공단의 주요 사업 영역 중 하나인 드론·항공교통 안전관리 분야를 소개하고, 항공종사자 훈련 및 평가, 일반항공·드론 산업 환경조성, 도심항공교통(UAM) 상용화에 대한 공단의 발전 방향을 설명했으며, 베넷 A. 월쉬 실장은 ‘현대 안전 시스템의 영향(Impact of Modern Satety Systems)’을 주제로 안전문화, 인적성과, 통합위기관리라는 단계적 목표를 추진해 우리나라 항공업계의 안전관리 시스템 전반을 항공 선진국 수준으로 향상할 필요가 있다고 강조했다.
  [디펜스투데이]
Tag
#디펜스투데이
#밀리터리
#국방
#군사
#이슈분석
#현대병기
#획득무기
#무기백과
#디펜스TV
저작권자 © 디펜스투데이 무단전재 및 재배포 금지
장훈 기자
다른기사 보기","{""무기/방어체계"": [""DE""], ""재료/제조"": [""TEM"", ""AM""], ""기타/기술"": [""EMS""]}",True,항공안전센터,2025-09,relevant,"이 기사는 한국항공대학교가 국내 항공안전을 위한 'KAU 항공안전센터'를 개원한 소식을 다루고 있습니다. 이 센터는 항공안전 기술 및 정책 연구, 교육, 산학관 네트워킹을 추진할 것이라고 밝혔습니다. 따라서 이는 군사기술의 상용화/전력화와는 직접적인 관련은 없지만, 국가 항공안전 역량 강화에 기여할 것으로 보입니다."
"HD현대중공, 듀폰과 암모니아엔진 보호복 개발 착수",2025-09,http://www.defensetoday.kr/news/articleView.html?idxno=9539,"암모니아추진선 등 차세대 친환경 선박 시장을 이끌고 있는 HD현대중공업이 글로벌 보호복 선도 기업인 듀폰과 손잡고 암모니아엔진 보호복 개발에 나선다.
HD현대중공업은 울산 본사에서 듀폰(DuPont)과 '친환경 암모니아엔진 보호복 공동개발 MOU'를 체결했다고 12일(금) 밝혔다.
HD현대중공업은 울산 본사에서 듀폰(DuPont)과 '친환경 암모니아엔진 보호복 공동개발 MOU'를 체결했다고 12일(금) 밝혔다.(사진:HD현대)
이번 협약을 통해 양사는 암모니아엔진의 생산, 설치, 가동, 운영 등 전주기 특성을 고려한 전용 보호복을 함께 개발한다. 현재 사용 중인 내화학복은 두께 등으로 여름철 착용에 불편함이 있어, 기존의 방호 성능을 유지하면서 편의성을 높인 보호복을 제작할 예정이다.
HD현대중공업은 암모니아엔진 생산 현장에 대한 작업환경과 작업형태 등의 정보를 제공하고, 샘플 현장 테스트 및 작업별 보호복 착용 기준을 정립한다. 듀폰은 보호복 원단 연구, 작업 특성에 맞는 디자인 설계, 시제품 제작 및 현장 테스트를 통해 최종 제품을 개발하고 안전 인증을 추진한다.
친환경 암모니아엔진 보호복 제작은 약 6개월이 소요될 예정이며, 양사는 내년 상반기 내 인증 완료를 목표로 하고 있다.
앞서 HD현대중공업은 지난해 10월 세계 최초로 고압 직분사 방식의 암모니아 이중연료 엔진(모델명: H22CDF-LA)을 개발해 생산하는 등 암모니아 추진선 상용화에 속도를 내고 있다.
HD현대중공업 이준엽 안전부문장(전무)은 “친환경 암모니아엔진 수요 증가에 따라 작업환경에 최적화된 보호복을 개발해 안정성과 편의성을 동시에 확보할 것”이라며, “앞으로도 HD현대중공업이 조선 산업의 안전 표준을 선도해 나갈 수 있게 최선을 다하겠다”고 말했다.
[디펜스투데이]
Tag
#듀폰
#암모니아보호복
#HD현대
#암모니아엔진
#디펜스투데이
저작권자 © 디펜스투데이 무단전재 및 재배포 금지
장훈 기자
다른기사 보기",{},True,암모니아엔진 보호복,2026-03,relevant,"이 기사는 HD현대중공업이 듀폰과 협력하여 암모니아엔진 보호복을 개발하고 있다는 내용을 다루고 있습니다. 이는 군사 기술의 상용화 사례에 해당하며, 약 6개월 내 인증 완료를 목표로 하고 있어 상용화/전력화 시기도 구체적으로 명시되어 있습니다."
"육군참모총장 취임 후 첫 전방 사단 ""현장 점검",2025-09,http://www.defensetoday.kr/news/articleView.html?idxno=9524,"김규하(대장) 육군참모총장은 9월 8일 경기도 연천에 위치한 육군 제5보병사단을 방문해 AI기반 GOP과학화경계작전 시범부대와, 드론을 제작·정비·교육하는 '드론공작소'를 점검하고, 창끝부대 장병들과 직접 소통 하며 ""군생(軍生) 현장""을 확인했다.
김 총장이 GOP대대에서 육군이 자체 개발한 AI기반 과학화경계작전 체계 시범 적용 결과를 확인하고 있다.(사진:육군)
이번 현장확인은 ""강한 육군, 신뢰받는 육군""을 지휘목표로 제시한 김 총장이 취임 직후부터 현장·행동 중심의 리더십을 실천하기 위해서다.
김 총장은 먼저, 육군 인공지능센터가 자체 개발한 軍 AI 모델을 활용하여 AI기반 과학화경계작전 체계를 시범 적용하고 있는 GOP대대를 방문하였다. 시범 적용 결과, AI 객체 인식 / 분석 기술을 적용한 경계작전은 기존에 비해 상당한 효과가 있는 것이 입증되었다. 향후에도 육군은 AI 딥러닝 학습을 통해서 軍 AI 모델을 고도화해 나갈 방침이다.
김 총장이 5사단에서 운영 중인 드론공작소의 드론 제작·정비·교육 체계를 확인하고 있다.(사진:육군)
GOP대대장 손영주 중령은 ""A기반 객체 인식 덕분에 경계효율성이 높아져 장병들이 보다 집중력 있게 임무수행할 수 있게 되었다. 임무완수에 최선을 다하겠다""고 말했다.
또한, 최근 국방부가 추진 중인 '50만 드론 전사 양성'에 발맞춰 5사단에서 운영 중인 '드론공작소'를 방문했다. 드론을 제작·정비·교육할 수 있는 드론공작소에서 김 총장은 드론을 직접 운용해보며, 분대급 규모까지 보급 예정인 상용 교육용 드론 운용자 집체 교육체계를 확인했다.
김 총장이 장병들과의 간담회를 통해 장병들을 격려하고 애로 사항에 대해 소통하고 있다.(사진:육군)
드론 운용 능력 향상에 힘쓰고 있는 장병들에게 ""미래전 양상의 변화를 선도할 수 있도록 창의성과 전문성을 발휘하는 드론 전사가 되어 달라""고 격려하며, 육군 차원의 정책적 지원 방안 마련을 위한 다양한 의견을 청취했다.
드론공작소에서 교관을 하고 있는 조경연 상사(민간#21)는 ""정찰·감시뿐만 아니라 전투 지원에 이르기까지 드론의 역할과 기대가 커지고 있는 만큼, 간부들이 드론을 직접 제작·정비하고 실전운용능력을 갖출 수 있도록 교육하고 있다""며, ""교육에 자발적으로 참여하는 간부들의 자긍심이 높고, 앞으로도 최선을 다해 임무수행에 매진할 것""이라고 말했다.
이어 장병들과의 간담회를 통해 장병들을 격려하고 애로사항에 대해 소통했다. 김 총장은 ""창끝부대의 여건 개선은 강군으로 도약하기 위한 필연적 과정""이라며, 육군 구성원의 첫 출발지인 창끝부대의 공간 혁신과 여건 개선을 통해 '매력있는 육군'으로 만들어가겠다고 강조했다.
[디펜스투데이]
Tag
#육군
#신임육군참모총장
#5사단
#디펜스투데이
저작권자 © 디펜스투데이 무단전재 및 재배포 금지
이승준 기자
다른기사 보기","{""AI/컴퓨팅"": [""AI"", ""인공지능""]}",True,"AI 기반 GOP 과학화경계작전 시스템, 교육용 드론",2025-09,relevant,기사에서 육군 참모총장이 자체 개발한 AI 기반 GOP 과학화경계작전 시스템과 드론공작소의 교육용 드론을 현장에서 직접 점검하고 평가한 내용을 다루고 있어 관련성이 높음. 다만 정확한 배치 시점은 명시되어 있지 않고 시범적용 중인 것으로 보임.
"한화엔진, 세계최초 LNG운반선용 VCR 적용엔진 생산",2025-08,http://www.defensetoday.kr/news/articleView.html?idxno=9481,"선박엔진 전문 제조기업인 한화엔진(대표이사 유문기)이 세계최초로 LNG운반선용 VCR(Variable Compression Ratio, 가변압축기) 적용 X-DF엔진 (LNG 혼소가 가능한 차세대 친환경 이중연료엔진) 생산에 성공하며, 조선업 탈탄소 전환에 한층 속도를 더하고 있다.
세계 최초 LNG선용 VCR 적용 기념 행사. 사진 중앙 줄무늬 티셔츠 오른쪽은 한화엔진 유문기 대표, 이어서 삼성중공업 장해기 부사장 (사진:한화엔진)
한화엔진은 8월 29일 창원 본사에서 ‘VCR 적용 X-DF엔진 세계최초 생산 기념행사’를 열고, VCR 기술이 탑재된 5X72DF-2.2 엔진의 첫 출하를 공식 발표했다.
이번에 생산된 엔진은 엔진기술사인 WinGD가 10여년간의 기술 검증을 거쳐 개발한 VCR기술이 LNG운반선에 적용된 첫 사례로, 삼성중공업이 건조 중인 세계최대 LNG 운송사업 중 하나인 카타르 프로젝트 선박에 탑재될 예정이다.
이날 행사에는 유문기 대표이사를 비롯해 삼성중공업 장해기 부사장,  WinGD 관계자, 선주사, 선급 관계자 등 조선·해운업계 주요 인사들이 참석해, 세계 최초 상용화의 의미있는 이정표를 함께 기념했다.
 
VCR 기술은 운항조건에 따라 엔진 압축비를 실시간으로 조절함으로써 연료 효율을 극대화 하고, 이산화탄소 배출을 저감하는 차세대 친환경 기술이다. 특히 LNG연료가 다 타지 않고 대기중으로 새어나가는 메탄슬립 (Methane Slip)을 기존대비 30%~50%까지 줄일 수 있어 온실가스 감축이 중요한 글로벌 해운업계에서 큰 관심을 받고 있다.
한화엔진은 이번 생산을 통해 글로벌 선주의 요구에 선제적으로 대응했으며, 현재까지 약 70대, 7천억원 규모의 VCR적용 엔진 수주를 이미 확보하는 등 시장의 높은 수요를 입증하고 있다.
이는 한화엔진이 2013년 세계최초로 이중연료엔진 생산 상용화에 이어, 다시한번 친환경 엔진기술 분야에서 선도적 위상을 굳건히 한 성과다. 
유문기 대표이사는 “이번 LNG선용 VCR 적용엔진의 세계최초 생산은 단순한 기술 구현을 넘어, 조선업계의 친환경 전환을 앞당기는 이정표”라며, “앞으로도 한화엔진은 친환경 기술을 바탕으로 산업의 미래방향을 제시하고, 해양환경에 실질적으로 기여하는 기업으로 성장해 나가겠다”고 밝혔다. 
[디펜스투데이]
Tag
#한화엔진
#VCR적용엔진
#디펜스투데이
저작권자 © 디펜스투데이 무단전재 및 재배포 금지
안형진 기자
다른기사 보기","{""AI/컴퓨팅"": [""AR""], ""기타/기술"": [""IP""]}",True,VCR 적용 X-DF엔진,2025-08,high,이 뉴스는 한화엔진이 세계 최초로 LNG운반선용 VCR 적용 엔진을 생산했다는 내용을 다룹니다. 구체적인 기술명과 상용화 시점이 명시되어 있어 높은 질의 정보라고 볼 수 있습니다.
"HD현대 정기선 수석부회장, 테라파워 ‘빌 게이츠’와 SMR 협력 논의",2025-08,http://www.defensetoday.kr/news/articleView.html?idxno=9455,"HD현대 정기선 수석부회장이 테라파워 빌 게이츠 창업자 겸 회장과 회동을 가졌다.
HD현대 정기선 수석부회장이 테라파워(TerraPower) 빌 게이츠(Bill Gates) 회장과 22일(금) 만나 SMR 사업 협력방안에 대해 논의했다.(사진;HD현대))
HD현대는 8월 22일(금) 정기선 수석부회장이 빌 게이츠 회장 및 테라파워 경영진과 만나 ‘나트륨(Natrium) 원자로’의 공급망 확대 및 상업화를 위한 진행 상황을 점검하고 향후 협력 방안에 대해 논의했다고 밝혔다.
정기선 수석부회장과 빌 게이츠 회장의 만남은 지난 3월 미국 회동 이후 5개월 만이다. 당시 HD현대와 테라파워는 ‘나트륨 원자로의 상업화를 위한 제조 공급망 확장 관련 업무협약’을 체결한 바 있다.
테라파워가 개발한 ‘나트륨 원자로’는 에너지 저장 기능을 갖춘 소듐냉각고속로(SFR) 방식의 4세대 소형모듈원자로(SMR)로, 높은 열효율과 안전성, 기존 원자로 대비 40% 적은 핵폐기물 용량 등 현존하는 SMR 가운데 안전성과 기술적 완성도가 가장 높은 것으로 평가된다.
HD현대는 SMR 분야 기술 및 제조 역량을 바탕으로 테라파워에 나트륨 원자로의 주요 기자재인 원자로 용기를 공급할 예정이다. 양사는 기존에 체결한 MOU를 통해 나트륨 원자로의 글로벌 상용화를 지원하기 위한 공급망 확대 방안도 함께 모색하고 있다.
정기선 수석부회장은 “차세대 SMR 기술은 지속가능한 미래 에너지 구현을 위한 핵심 솔루션”이라며, “양사 간 협력은 글로벌 원전 공급망을 구축하고 에너지 패러다임 전환을 앞당기는 마중물이 될 것”이라고 말했다.
크리스 르베크(Chris Levesque) 테라파워 최고경영자는 “HD현대는 세계 최고의 조선사이자 제조 전문성을 갖춘 핵심 공급망 파트너로서, 글로벌 원자력 산업에서 중요한 역할을 할 것”이라며, “이번 협력을 통해 나트륨 원자로 상용화를 가속화하고, 글로벌 시장에서의 새로운 기회를 지속 창출해 나가겠다”고 말했다.
한편, HD현대는 테라파워와 함께 조선 분야에 적용 가능한 ‘용융염원자로’ 기술 개발 협력에 착수하는 등 SMR을 활용한 추진 선박 개발에 박차를 가하고 있다.
[디펜스투데이]
Tag
#HD현대
#정기선부회장'빌게잋
#테라파워
#나트륨원자로
#디펜스투데이
저작권자 © 디펜스투데이 무단전재 및 재배포 금지
안형진 기자
다른기사 보기","{""무인체계/로봇"": [""HRI""]}",True,나트륨 원자로,미정,relevant,"이 기사는 HD현대와 테라파워가 나트륨 원자로 상용화를 위해 협력하고 있는 내용을 다루고 있습니다. 기술명과 상용화 계획에 대한 내용이 포함되어 있지만, 구체적인 배치 시점은 언급되지 않았습니다."
"코엑스, ‘ 2025 무인이동체산업엑스포’",2025-07,http://www.defensetoday.kr/news/articleView.html?idxno=9264,"대한민국 무인이동체 산업을 조망하는 ‘2025 무인이동체산업엑스포(UWC 2025)’가 7월 9일 ~11일까지 코엑스 3층 C홀에서 개최된다. 
2025 무인이동체산업엑스포(사진:NPR)
산업통상자원부, 과학기술정보통신부, 국방부, 해양수산부, 우주항공청, 방위사업청 등 6개 부처가 공동 주최하고,
코엑스(사장 조상현), 첨단민군산업협회(회장 강현섭), 한국무인이동체연구조합(이사장 최명진) 등 10개 기관이 주관한다.
드론과 UAM(도심항공교통)부터 방위산업, 공공서비스까지 무인이동체 종합 엑스포다.
대표 과제로는 ▲「남해안권 무인이동체 모니터링 및 실증기반구축사업」 ▲「미래형 Wingless PAV 핵심부품 종합테스트베드 구축 및 상용화 지원」 ▲「AI반도체 기반의 멀티콥터 건전성 검사장비 및 이상 탐지용 탑재 부품 개발」 ▲「친환경 항공기용 전기추진시스템 평가 기반 구축」 ▲「비행시험장 안정성 향상 및 활용성 증대를 위한 비행모니터링 시스템 구축」 ▲「다목적 탠덤형 중형급(탑재중량 100kg급) 무인 회전익기 플랫폼 기술개발」 등 다양한 R&D 프로젝트가 소개된다. 
73개社가 208개 부스로 참여한다.
‘방산관’에서는 육군 드론봇전투체계, 월드콥터, 육군 AI 연구 성과 등 육·해·공군 및 국방과학연구소, 민군협력진흥원 등의 무인이동체 전력을 중심으로 국방현장 적용 기술이 전시된다.
‘기업관’에서는 LIG넥스원, 한국카본, 현대로템,한국항공우주산업(KAI)이 선보인다.
▲LIG넥스원은 하이브리드 추진시스템을 적용한 수송드론과 다목적 무인헬기.
▲현대로템은 무인소방로봇과 대테러 작전용 다족보행로봇을 전시해 군사·재난·물류 분야의 무인이동체 활용 가능성을 
▲한국항공우주산업(KAI)는 민/군 겸용 플랫폼으로 개발하고 있는 도심항공모빌리티(UAM)과 지역 간 이동형 모빌리티(RAM)을 아우르는 AAM 비행체를 선보인다. 
▲에어빌리티는 10kg급 eVTOL 기체 ‘AB-U10’과 60kg급 eVTOL 기체 ‘AB-U60’, 그리고 AB-U60에 장착 가능한 드론 무력화 장비 ‘안티드론 넷건’을 전시하며, ▲하이리움산업은 최대 7시간까지 비행이 가능한 수소연료 기반 하이브리드 드론 ‘HyliumX-H’를 소개한다. 
▲유맥에어는 K2 소총과 EO/IR 카메라가 장착된 ‘소총조준사격드론’, 고화질의 광학카메라와 열화성카메라를 통해 수색 및 정찰 임무에 최적화 된 ‘실종자수색용 드론(SCANBEE)’등을 전시한다.
[디펜스투데이]
Tag
#2025 무인이동체산업엑스포
#코엑스
#디펜스투데이
저작권자 © 디펜스투데이 무단전재 및 재배포 금지
안형진 기자
다른기사 보기","{""무인체계"": [""VTOL""], ""AI/컴퓨팅"": [""AI""], ""센서/통신"": [""IR""], ""재료/제조"": [""RAM"", ""AM""], ""지상장비"": [""K2""], ""방산기업"": [""KAI""]}",True,"['수소연료 기반 하이브리드 드론', '소총조준사격드론', '실종자수색용 드론', '도심항공모빌리티(UAM)', '지역 간 이동형 모빌리티(RAM)']",,relevant,"이 기사는 다양한 무인이동체 기술들의 상용화 및 전력화 계획을 소개하고 있습니다. 구체적인 배치 시점은 언급되지 않았지만, 개발 및 시험 중인 기술들을 소개하고 있어 상용화/전력화와 관련있는 것으로 판단됩니다."
"LIG넥스원, CIWS-Ⅱ 양산시설 준공",2025-06,http://www.defensetoday.kr/news/articleView.html?idxno=9245,"LIG넥스원(대표이사 신익현)이 26일 경북 구미시 구미하우스에서 CIWS-Ⅱ 체계조립동과 근접전계시험장 및 제3레이다체계시험장 준공식을 개최했다. 
신익현 LIG넥스원 대표이사가 26일 열린 CIWS-II 양산시설 준공식에서 환영인사를 하고 있다.(사진:LIG넥스원)
이날 행사에는 신익현 LIG넥스원 대표이사를 비롯해 방위사업청과 육‧해‧공군, 해병대, 국방과학연구소, 국방기술품질원, 협력업체와 구미시 관계자 등이 참석해 전용 설비의 완공을 기념하고, 개발과제의 성공적인 완수를 다짐했다. 
총 210억원을 투자해 완공된 CIWS-II 체계조립동과 시험장들은 체계조립, 시스템 통합 및 연동 모의시험, 성능확인 등 CIWS-II의 개발 및 양산에 최적화된 장비 및 설비를 갖췄다.
경북 구미시 LIG넥스원 구미하우스에서 열린 CIWS-II 양산시설 준공식에서 참석자들이 테이프 커팅을 하고 있다. (사진:LIG넥스원)
CIWS(근접방어무기체계)는 함정을 방어하는 함대공 미사일 등 방공시스템이 요격에 실패했을 때를 대비해 근거리에서 함대함 미사일 등을 요격하는 함정 최후의 방공무기체계다. 
LIG넥스원은 공중을 포함해 360도 전방위를 탐지하는 AESA 레이다와 전자광학추적장비, 30㎜게틀링포를 장착해 사거리와 반응속도, 화력을 향상시킨 CIWS-Ⅱ를 2027년까지 개발 완료할 계획이다. 
특히 전방분산탄을 적용해 군집 무인기를 효과적으로 대응하고, 지대지 순항미사일과 방사포 위협으로부터 발전소와 공항 등 핵심시설 및 기지 등을 방어할 수 있도록 진화 발전시킬 계획이다. 
신익현 대표는 “CIWS-Ⅱ양산시설을 기반으로 성공적인 연구개발과 양산을 넘어 지상용 진화 발전과 해외 수출까지 확대되는 성과로 이어질 수 있도록 최선의 노력을 다하겠다”고 밝혔다.
[디펜스투데이]
Tag
#LIG넥스원
#CIWS-II
#양산시설준공
#디펜스투데이
저작권자 © 디펜스투데이 무단전재 및 재배포 금지
안형진 기자
다른기사 보기",{},True,CIWS-II,2027-00,relevant,"이 뉴스는 LIG넥스원이 CIWS-II 체계조립동과 근접전계시험장 및 제3레이다체계시험장을 준공했다고 보도하고 있습니다. CIWS-II는 2027년까지 개발 완료될 예정이며, 전방분산탄을 적용해 군집 무인기와 지대지 순항미사일, 방사포 위협에 대응할 수 있도록 진화할 계획입니다. 이는 CIWS-II의 상용화 및 전력화 과정을 다루고 있어 관련성이 높습니다."
"미공군, 협력 전투 무인기(CCA) 지상 시험과 비일 공군기지 배치 예정",2025-06,http://www.defensetoday.kr/news/articleView.html?idxno=9088,"미 공군은 협력 전투 무인기(CCA) 프로그램의 지상 시험을 시작했으며, 미래 전력에 자율 시스템을 통합하려는 노력의 전환점이다.
지상 시험 단계에는 제너럴 아토믹스(General Atomics)와 안두릴(Anduril)이 각각 개발한 YFQ-42A와 YFQ-44A 양산형 시험기에 대한 엄격한 평가가 포함된다.
평가는 추진 시스템, 항공 전자 장비, 자율 통합 및 지상 제어 인터페이스에 중점을 두고 있다.
안두릴이 개발한 YFQ-44A는 두 대의 생산 대표 시험 무인기 중 하나로, 자율 주행 능력과 승무원 팀을 활용하여 경쟁 환경에서 적의 위협을 물리치는 것이 향후 분쟁에서 합동군의 공중 지배력을 확보하는 데 중요한 역할을 한다.(사진:U.S.Air force)
이러한 평가는 성능을 검증하고, 향후 설계 결정에 필요한 정보를 제공하며, 25년 말 비행 시험을 위한 시스템을 준비한다.
CCA 프로그램은 미공군이 확장 가능한 전력 패키지와 인간-기계 협력을 지향하는 광범위한 전환에 필수적이다.
유인 전투기와 함께 운용되도록 설계된 CCA는 작전 범위를 확장하고, 생존성을 강화하며, 경쟁 환경에서 치명성을 증대시킨다. 
전력 증강 요소로서 신속한 배치와 저렴한 대량 생산을 지원하여 기존 전투기 비용의 극히 일부만으로 전투력을 배가한다.
안두릴의 YFQ-44A 시험 무인기가 캘리포니아 코스타 메사의 시험실에서 시험준비를 하고 있다.
미공군은 향후 비행 테스트를 위한 성능과 준비 상태를 검증하기 위해 협력 전투기 프로그램의 지상 테스트를 시작했다.(사진:U.S.Air Force)
이 프로그램은 혁신적인 설계 및 획득 전략을 통해 전력 배치를 가속화하고 있으며, 두 공급업체 모두 주요 이정표를 달성하거나 초과 달성하고 있다.
CCA 역량 실전화를 향한 진전을 보여주기 위해, DAF는 캘리포니아주 비일 공군 기지를 CCA 무인기 준비 부대(ARU)의 우선 배치 장소로 선정했다. 
ARU의 임무는 언제든 전 세계에 배치 가능한 전투기를 지원하는 것이다. CCA는 반자율적인 특성을 지니므로 ARU는 준비 태세를 유지하기 위해 매일 상당한 수의 출격을 할 필요가 없다. 
무인기는 비행 준비 상태를 유지하고 최소한의 비행만 하므로, 부대 지원에 필요한 조종사 수는 다른 무기 체계보다 훨씬 적다.
CCA 프로그램은 속도, 유연성, 그리고 비용 효율성을 우선시 한다.
개방형 아키텍처와 상용 기술을 활용하여 신속한 통합, 반복적인 업그레이드, 그리고 확장 가능한 생산을 가능하게 한다.
경쟁력 있는 증가 1 생산 결정은 2026 회계연도에 예정되어 있으며, 임무 적용 분야 확장 및 신기술 통합을 위한 증가 2 개발은 같은 해에 시작될 예정이다.
앨빈 미공군 참모총장은 ""혁신의 속도는 위협의 속도보다 빨라야 하며, CCA는 바로 그런 방식이라고 강조했다.
[디펜스투데이]
Tag
#미공군
#CCA
#비일공군기지
#U.S.Air Force
#디펜스투데이
저작권자 © 디펜스투데이 무단전재 및 재배포 금지
안형진 기자
다른기사 보기","{""AI/컴퓨팅"": [""AI"", ""AR""], ""센서/통신"": [""IR""], ""항공기"": [""전투기""]}",True,협력 전투 무인기(CCA),2025-06,high,"이 기사는 미국 공군의 협력 전투 무인기(CCA) 프로그램 관련 소식을 다루고 있습니다. 주요 내용으로는 CCA의 지상 시험 착수, 향후 배치 계획, 주요 기술 내용 등이 포함되어 있어 군사 기술의 상용화/전력화/배치를 다루고 있습니다. 또한 구체적인 기술명과 배치 시점을 명시하고 있어 관련성과 질적 수준이 높습니다."
"드론 포지, 에어버스 플렉스로터(Flexrotor) 첫 주문 계약 체결",2025-06,http://www.defensetoday.kr/news/articleView.html?idxno=9213,"호주 항공우주 스타트업 드론 포지(Drone Forge)와 에어버스 헬리콥터가 플렉스로터(Flexrotor) 무인 항공 시스템(UAS) 6세트(총 17기) 구매 계약을 체결했다. 이번 계약은 플렉스로터에 대한 단일 최대 주문으로 기록된다.
드론 포지, 에어버스 플렉스로터(사진:에어버스)
임무 준비가 완료된 플렉스로터 시스템은 아시아-태평양 지역에서 연안 감시 및 내륙 고고도 임무, 인프라 모니터링, 해양 환경 평가 등 광범위한 운용 요건을 충족하도록 구성될 예정이다.
각 무인 항공 시스템은 해양 작전에 최적화된 중유 엔진을 탑재하여, 보다 높은 안전성, 연료 수급 용이성, 해군 자산과의 상호운용성을 제공한다. 또한, 스타링크(Starlink) 연결 기능이 포함되어 가시선 밖 운용(Beyond-Line-of-Sight) 및 실시간 상황 인식을 가능하게 한다. 플렉스로터는 PT-6 영상 기술도 탑재하여, 안정화된 고해상도 영상 기반의 정보·감시·정찰 기능을 제공하며 광역 해상 감시에 적합한 성능을 갖춘다.
토마스 사임스(Thomas Symes) 드론 포지 CEO는 “강력한 엔지니어링 기반 위에 구축된 플렉스로터는 실시간 정보, 임무 유연성, 신뢰성이 요구되는 시장에서 검증된 솔루션으로서 새로운 시장을 개척할 수 있을 것이라 확신한다. 우리는 플렉스로터 시스템을 지역에 통합하고 상용화하는 것을 고대하고 있다”라고 말했다.
올리비에 미샬롱(Olivier Michalon) 에어버스 헬리콥터 글로벌 비즈니스 담당 수석 부사장은 “이번 역사적인 주문은 드론 포지와의 파트너십에서 새로운 장을 여는 것으로, 아시아-태평양 운용자에게 첨단 유무인 협업 운용 역량을 제공하겠다는 양사의 공동 의지를 강화한다”라며, “플렉스로터의 효율성과 신뢰성에 대한 강한 신뢰와 함께, 이 시스템은 방위 및 안보 분야에서 작전 효율성을 크게 향상시킬 것이다”라고 강조했다.
이번 계약은 에어버스와 드론 포지가 최근 체결한 플렉스로터 무인 항공 시스템의 배치 및 운용 통합에 관한 양해각서(LOI)에 이어 이루어졌다.
[디펜스투데이]
Tag
#드론포지
#에어버스
#플렉스로터
#디펜스투데이
저작권자 © 디펜스투데이 무단전재 및 재배포 금지
안형진 기자
다른기사 보기","{""무인체계"": [""UAS""], ""AI/컴퓨팅"": [""AR"", ""XR"", ""RL""], ""센서/통신"": [""정보·감시·정찰""], ""드론/무인체계"": [""drone""]}",True,플렉스로터 무인 항공 시스템(UAS),2025-06,high,"이 기사는 에어버스가 개발한 플렉스로터 무인 항공 시스템(UAS)이 호주 항공우주 스타트업 드론 포지에 의해 처음으로 주문되었다는 내용을 다루고 있습니다. 주문 수량, 배치 계획, 기술적 특징 등 구체적인 내용이 포함되어 있어 전력화 시점 및 기술명이 명확히 제시되고 있습니다."
"HD현대, 바람으로 움직이는 친환경 선박 개발",2025-06,http://www.defensetoday.kr/news/articleView.html?idxno=9216,"HD현대가 국내 최초로 풍력을 이용해 선박을 움직이는 친환경 장치인 ‘윙세일(Wing Sail)’ 개발에 성공했다.
HD한국조선해양은 16일(월) 경상남도 창원에서 자체 개발한 윙세일(제품명: Hi-WING) 시제품의 육상 실증 시연회를 가졌다.(사진:HD혀대중공업)
HD현대의 조선 부문 중간지주사인 HD한국조선해양은 6월 16일(월) 경상남도 창원에서 자체 개발한 윙세일(제품명: Hi-WING) 시제품의 육상 실증 시연회를 가졌다.
HD한국조선해양의 윙세일은 이번 실증을 통해 안정성과 성능을 입증했으며, 올해 하반기에 HMM이 운용 중인 MR급 탱커에 설치해 실제 해상에서 성능을 검증할 계획이다.
항공기 날개와 유사한 구조를 지닌 윙세일은 바람에 의해 발생하는 양력(揚力)을 이용한 풍력 보조 추진 시스템이다. 국제해사기구(IMO)와 EU는 온실가스 집약도(생산 활동이나 운송, 에너지 사용 등 특정 활동 단위당 배출되는 온실가스의 양을 나타내는 지표) 규제를 통해 해양 환경 규제를 강화하고 있는데, 윙세일은 선박의 온실가스 집약도를 완화할 수 있는 친환경 장치 중 하나로 주목받고 있다.
HD한국조선해양이 개발한 윙세일은 높이 30m, 폭 10m 규모로, 주 날개 양측에 보조 날개를 장착해 추진력을 극대화했다. 또한, 기상 악화 시 날개를 접을 수 있는 ‘틸팅(Tilting)’ 기능을 적용해 운항 안정성을 높였다.
이번 실증은 해양수산부가 지원하는 ‘선박 배출 온실가스(GHG) 통합관리 기술 개발’ 사업을 통해 추진되었으며, 친환경 기술을 통한 해양 탄소 저감과 스마트 선박 기술 고도화를 목표로 하고 있다.
HD한국조선해양의 주도 하에 해양수산부 및 해양수산과학기술진흥원(KIMST)의 정책적 지원과 HMM, 한국선급(KR), HD현대마린솔루션 등 공동 연구기관의 기술 개발, 부산시의 ‘혁신특구지원사업’에 참여 중인 오리엔탈정공과 휴먼컴퍼지트 등 지역 기자재 민간 기업의 기술 역량이 결합되어 수행됐다.
HD한국조선해양 관계자는 “이번 육상 실증 성공과 하반기 예정된 실선 실증을 통해 윙세일의 상용화에 한 발 더 다가갈 것으로 기대된다”며, “친환경 선박 기술력을 더욱 강화해 관련 시장을 선도해 나갈 것”이라고 말했다. 
[디펜스투데이]
Tag
#HD현대
#HD한국해양조선
#위세일
#육상실증
#디펜스투데이
저작권자 © 디펜스투데이 무단전재 및 재배포 금지
안형진 기자
다른기사 보기","{""AI/컴퓨팅"": [""AI""]}",True,Wing Sail,2023-H2,relevant,"이 기사는 HD현대가 개발한 풍력 보조 추진 시스템인 '윙세일(Wing Sail)'의 육상 실증 시연회 내용을 다루고 있습니다. 실증을 통해 성능을 검증한 후 올해 하반기에 실제 선박에 적용할 계획이라고 언급되어 있습니다. 따라서 상용화/전력화 시점이 확실하게 제시되어 있지만, 아직 실제 적용 단계는 아니므로 'relevant' 수준의 품질로 판단했습니다."
"미국방부, E-7 웨지테일 프로그램 취소 대안으로 우주 기반 자산 전환 움직임",2025-06,http://www.defensetoday.kr/news/articleView.html?idxno=9175,"미국방부는 E-7 웨지테일을 신속 프로토타입 2대로 종료할 계획으로 우주기반 자산으로 대체하려고 검토중이다.
미국방부 장관 피트 헤그세스는 6월 10일(현지시각) E-7 웨지테일 프로그램의 미래에 대해 의구심을 제기하며,
미국방부가 공중 목표물 추적 임무를 우주 기반 자산으로 대체하기 위해 검토 중이라고 의원들에게 밝혔다.
헤그세스 장관의 답변에서 미공군이 2026 회계연도 웨지테일 프로그램 연구개발에 약 $2억 달러를 요청했지만,
새로운 구매 자금은 없는 것으로 나타났다.
헤그세스 미국방부장관이 E-7 웨지테일 구매 재검토를 시사했다.(사진:보잉)
청문회에서 헤그세스는 하원 예산위원회 위원장인 톰 콜 의원의 질문에 답변하며 E-7이 “현대 전장에서 생존할 수 없는 플랫폼의 예시”라고 말했다.
펜타곤은 “기존 플랫폼을 더 강력하게 지원하고 현대화되도록 보장할 것”이지만, 헤그세스는 “미래의 정보·감시·정찰(ISR)의 상당 부분은 우주 기반이 될 것”이라고 강조했다.
 우리는 E-7과 같은 시스템을 계속 검토하지만, 우리 관점에서 기존 시스템에 대한 투자와 함께 우주 기반 ISR에 대한 더 큰 투자는 미래 전장에서 필요한 우위를 확보하는 데 도움이 될 것이다.”라고 밝혔다.
헤그세스는 펜타곤의 웨지테일 프로그램에 대한 구체적인 계획을 밝히지 않았다.
예를 들어, 몇 대의 항공기를 구매할 것인지, 우주 기반 능력이 언제 준비될 것인지 등에 대한 세부 사항은 언급되지 않았다.
E-7을 제작하는 보잉은 논평을 공군으로 넘겼다. 공군 대변인은 FY26 예산이 공개될 때까지 추가 세부 사항은 제공되지 않을 것이라고 밝혔다.
다만 웨지테일 프로그램은 다음 회계연도에 어떤 형태로든 계속될 것으로 보인다.
미국방부 연구개발(RDT&E) 예산 계획에 따르면, 미공군은 FY26에 해당 조기경보통제기 개발에 $199.7백만 달러를 요청했으며, 이는 FY25에 관계자들이 지출한 금액보다 약 $400백만 달러 적은 금액이다.
미국방부 예산 제안서에는 해당 프로그램에 대한 신규 구매 예산은 요청되지 않은 것으로 나타났다.
미공군은 기술적으로 2026 회계연도에 $200백만 달러를 구매에 사용할 계획이지만, 해당 문서는 공군이 2025 회계연도에 배정된 선행 구매 예산을 사용할 계획이다.
미공군의 E-7 웨지테일은 신속프로타입 2대로 종료가 될 가능성이 커졌다.(사진:보잉)
미공군의 노후화된 E-3 센트리(Sentry)를 대체하기 위해 설계된 웨지테일(Wedgetail)은 공중 조기 경보 및 통제(AEW&C) 임무를 수행하도록 계획되어 있으며, 공중 목표 추적과 전장 관리를 단일 플랫폼에 통합하는 기능을 갖추고 있다. 
미공군은 지난해 장기 협상 끝에 보잉과 두 대의 신속 프로토타입 E-7 계약을 체결했으며, 이 계약은 두 대의 E-7을 2028 회계연도까지 인도하도록 규정했다.
미공군은 원래 최대 26대의 웨지테일을 구매할 계획이었다.
E-7 웨지테일의 미래는 최근 불확실해졌다.
4월 미공군은 항공기의 잠재적 ‘첨단’ 업그레이드 옵션을 탐색하기 위한 정보 요청서를 발표했으며,
새로운 레이더 도입 가능성도 포함되었다. 이어 5월 언론 보도에서 트럼프 행정부의 개편 과정에서 프로그램이 취소 위기에 처했다는 내용이 공개되었다.
이 프로그램에 반대하는 측은 우주 기반 자산이 공중 목표물을 더 효과적으로 추적할 수 있으며, 이는 ‘공중 이동 목표물 표시(AMTI)’ 로 알려져 있다.
NORTHCOM 사령관 공군 대장 그레고리 기요트는 5월 13일 상원 군사위원회 청문회에서 미국방부가 이미 위성에 탑재된 공중 목표물 추적 센서 테스트를 시작했으며, 이틀 후 우주군 전략·계획·프로그램·요구사항 부국장인 샬론 브래튼 소장이 확인했다.
브래튼과 기요는 AMTI 프로토타입 위성에 대한 세부 사항을 제공하지 않았으며, NORTHCOM, 우주군, 공군의 대변인들도 대부분 추가 설명을 거부했다.
NORTHCOM 대변인은 단지 여러 기업이 연구를 진행 중이라고만 언급했다.
미우주군 대변인은 해당 부대가 “전 세계적 커버리지를 제공해 초음속 비행체를 탐지 및 추적할 수 있는 분산형 우주 기반(SB)-AMTI 위성군 구성 가능성을 탐구하기 위한 개념 연구 및 분석에 참여해 왔다”고 밝혔다.
미공군 연구 실험실(AFRL) 대변인은 5월 19일 “실험실은 '초기 단계 연구 및 기술 개발'만을 수행하지만, '골든 돔'과 같은 프로그램에 필수적인 핵심 능력을 발전시키기 위해 상용기업들과 협력 관계를 맺고 있다”고 밝혔다. 이는 “첨단 센서, 탄력적인 통신 링크, AI 및 데이터 융합, 제조 기술, 전투 관리 지휘 통제, 무기” 등 분야를 포함한다.
브래튼과 다른 우주군 고위 지도부, 특히 우주 작전 사령관 찬스 샐츠만 장군은 우주 공간이 공중 목표물을 추적하는 데 일부 해결책이 될 수 있지만, 유일한 해결책은 아닐 수 있다고 반복적으로 강조해 왔다.
대신 그들은 다양한 유형의 자산을 활용하는 ‘다층적’ 접근 방식이 필요할 것이라고 했다.
우주에서 이 작업을 수행하는 데는 기술적 어려움이 여러 가지 있으며, 특히 위성이 구름을 뚫고 빠르게 이동하는 목표물을 식별해야 하는 동시에 자신들도 지구 주위를 빠르게 공전하고 있는 점이 포함된다.
기술적 고려사항을 제외하더라도 E-7의 운명은 정치적 요인에 의해 영향을 받을 것이다.
첫째, 그 전신인 E-3는 현재 콜의 선거구 내에 위치한 오클라호마의 팅커 공군 기지에 배치되어 있다. 
콜의 위원회는 월요일 발표된 요약문에 따르면 2026 회계연도에 웨지테일 개발에 $500백만 달러를 투자할 것이라고 밝혔다.
계속 유찰 중인 공군의 조기경보기 추가 도입사업에도 어떤 영향을 줄지 모르지만, 신중한 접근을 해야하고, 도입예산도 늘려야 할 것이다.
[디펜스투데이]
Tag
#미국방부
#E-7
#신속프로토타입
#미공군
#U.S.Air Force
#디펜스투데이
저작권자 © 디펜스투데이 무단전재 및 재배포 금지
안형진 기자
다른기사 보기","{""AI/컴퓨팅"": [""AI"", ""RL""], ""센서/통신"": [""ISR"", ""EW"", ""정보·감시·정찰"", ""IR""], ""재료/제조"": [""AM""], ""항공기"": [""조기경보통제기"", ""E-3""], ""함정/항공기"": [""조기경보기""], ""항공기/전투기"": [""E-7""]}",True,우주 기반 ISR,,relevant,"미국방부가 E-7 웨지테일 프로그램을 종료하고 대신 우주 기반 정보감시정찰(ISR) 자산으로 전환할 계획이라고 언급하였음. 구체적인 배치 시점은 언급되지 않았지만, 이는 군사 기술의 향후 전력화 계획에 해당함."
"HD현대, 국내 최초 전기추진 함정용 '고압 추진 드라이브' 제품 개발",2025-06,http://www.defensetoday.kr/news/articleView.html?idxno=9187,"HD현대가 국내 최초로 모듈형 구조의 ‘고압 추진 드라이브’ 제품 개발에 성공, 전기추진 함정 국산화에 한 발짝 더 다가섰다.
HD현대가 최근 ‘고압 추진 드라이브’ 제품을 개발하고 기술 시연회를 가졌다.HD한국조선해양 김성준 대표(사진 왼쪽에서 여덟 번째), HD현대중공업 주원호 특수선 사업대표(왼쪽에서 다섯 번째), HD현대일렉트릭 김영기 대표(왼쪽에서 일곱 번째), HD현대 설승기 기술자문(왼쪽에서 여섯 번째) (사진:HD현대중공업)
HD현대의 조선 부문 중간지주사인 HD한국조선해양은 최근 MMC(Modular Multilevel Converter) 구조 고압 추진 드라이브 제품 개발 및 육상 실증에 성공했다고 6월 13일(금) 밝혔다.
기술 시연회에는 HD한국조선해양 김성준 대표, HD현대중공업 주원호 특수선 사업대표, HD현대일렉트릭 김영기 대표 등 그룹 주요 경영진과 함정 전동화 관련 유관기관 관계자가 참석했다.
전기추진 함정은 기존 디젤엔진 추진 방식 대비 기동 성능이 우수하고 추진시 발생하는 소음이 작아 미래 해군력을 좌우할 핵심 전력으로 평가받으며 최근 국내는 물론 글로벌 수요가 증가하고 있는 추세다.
특히 전기추진 함정에서 전동기의 출력을 안정적으로 제어하는 장치인 추진 드라이브는 ▲전투·작전 모드 내 추진 속도 가감속 제어 능력 ▲고출력 무기체계 운용 위한 전력품질 ▲함정 생존성 등 함정 및 추진체계의 성능을 좌우하는 핵심 제품이다. 
HD한국조선해양은 전기추진 함정용 추진 드라이브의 완전 국산화를 위해 서울대 및 경북대 국내 연구진과 지난 2022년 독자 기술 개발에 착수, 지난해 12월 MMC 구조 고압 추진 드라이브 제품을 개발하는데 성공했으며 이번 실증을 통해 기술 검증을 마치게 되었다. 
MMC 구조 고압 추진 드라이브는 대용량·고전압 전력시스템에 특화돼 전력 모듈 구성이 유연하고 전력품질이 우수하며, 시스템 볼륨과 장비 중량을 20% 이상 경량화해 전기추진 함정용 차세대 추진 드라이브로 각광받고 있다. 
더욱이 MMC 구조 고압 추진 드라이브는 기술 난이도가 높아 유럽과 미국 내 2개 社만 상용화에 성공한 상황으로, 이번 실증을 통해 HD현대는 국내 조선업계 최초로 관련 기술을 보유하게 됐다.
HD한국조선해양 김성준 대표는 “HD현대가 개발한 고압 추진 드라이브 제품은 HD현대의 함정 전동화 기술력의 상징”이라며, “상용화에 박차를 가해 국산 기술로 K-해양방산의 글로벌 시장 개척을 주도해 나갈 계획”이라고 밝혔다.
한편, HD한국조선해양은 MMC 구조 고압 추진 드라이브의 2027년 상용화를 위해 한국전기연구원, 한국조선해양기자재연구원, 한국선급, 서울대, 경북대, 한양대, 한국해양대 등과 추가적인 공동 연구에 착수한 상태다. 
[디펜스투데이]
Tag
#HD현대
#고압추진드라이브
#디펜스투데이
저작권자 © 디펜스투데이 무단전재 및 재배포 금지
안형진 기자
다른기사 보기","{""AI/컴퓨팅"": [""AR""]}",True,고압 추진 드라이브,2027-01,high,이 기사는 국내 최초로 개발된 전기추진 함정용 '고압 추진 드라이브' 제품에 대한 내용을 다루고 있습니다. 기술 개발 완료 및 상용화 계획을 구체적으로 다루고 있어 매우 관련성이 높습니다. 상용화 목표 시점도 2027년 1월로 명시되어 있어 품질 또한 높습니다.
"KAI, 6G 저궤도 통신위성 개발 협약 체결",2025-06,http://www.defensetoday.kr/news/articleView.html?idxno=9168,"KAI(한국항공우주산업㈜)는 6월 10일 과학기술정보통신부, 우주항공청, 정보통신기획 평가원과 ‘저궤도 위성통신 기술개발’(이하 6G 저궤도 통신위성) 협약을 체결했다고 밝혔다.
6G 저궤도 통신위성 (이미지) (사진:KAI)
협약 금액은 약 1,840억 원 규모로 KAI는 오는 2030년까지 6G 저궤도 통신위성 2기의 체계종합 및 본체 개발을 맡아 위성체 개발부터    조립, 시험 및 발사까지 수행하게 된다.
이번 사업은 세계 최초 3GPP 6G 표준 기반의 국내 저궤도 위성통신 시스템 개발을 통해 핵심기술을 자립화하고 글로벌 시장 진출 역량을 확보하기 위해 추진됐다. 
K3 Alliance(사진:KAI)
KAI는 이번 사업 추진을 위해 통신 네트워크 전문기업 KT, 위성통신 전문기업 KTSat과 사업 협력을 체결하는 등 국내 최고의 전문가들로 구성된 체계를 구축하였으며, 3사는 우주·통신·서비스가 융합된 전략적 협력체계 통해 세계 최초 6G 상용화 및 글로벌 사업화를 추진한다는 계획이다. 
KAI는 이번 6G 저궤도 통신위성 사업을 통해 국내외에서 안보와 상업화 수요를 동시에 충족할 수 있는 경쟁력을 확보해 차세대 글로벌 통신  인프라 시장 진입의 기반을 마련한다는 계획이다. 
대형 열진공 시험시설 구축 완료 기념 사진(사진:KAI)
저궤도 통신위성은 고도 300~1,500km의 낮은 궤도에서 운용되며, 정지궤도(고도 약 35,800km) 통신위성 대비 지구와 가까워 전파의 손실과 지연이 낮아 지상망 수준의 고속 통신서비스 제공이 가능하기에 초공간·저지연 6G 통신의 핵심 요소로 여겨진다.
또한 저궤도 통신위성은 KAI가 미래사업으로 추진 중인 차세대공중전투체계(NACS)와 미래비행체(AAV), AI 파일럿 기반의 다목적 무인기(AAP) 운용을 위한 핵심 분야로, 차세대 통신을 활용한 신산업 창출도 기대되는 부분이다.
KAI는 다목적실용위성을 시작으로 정지궤도복합위성, 차세대중형위성, 초소형위성, 425위성 등 지난 30년간 정부가 추진해온 중·대형 위성개발 사업과 발사체 총조립을 포함한 국가 우주 사업에 참여하며 실용급 위성의 체계종합(시스템) 및 본체 분야의 국내 대표 기업으로 민간 우주산업화를 주도적으로 수행해 왔다.
KAI는 국가 우주 사업의 민간주도 추세에 대한 선제적으로 대응하기 위해 2020년 최대 대형위성 6기의 제작, 조립, 시험을 동시에 수행할 수 있는 국내 민간기업 중 최대 규모의 우주센터를 구축했다. 
작년 7월에는 위성체 성능검증을 위해 민간 최초, 최대 규모인 4톤급 열진공 챔버와 KOLAS 공인시험기관으로 우주환경시험분야의 인정을 받아 공신력을 확보한 국내 민간업체는 KAI가 유일하다.
KAI 강구영 사장은 “이번 사업을 통해 대한민국이 6G 시대를 선도하는 통신 강국으로서의 위상을 보여줄 것”이라며 “기존 항공·방산 중심의 기술력과 축척된 우주사업 경험을 바탕으로, 6G 저궤도 통신위성 기반의 유무인복합체계를 구축하고 위성 수출 사업화에도 도전하겠다”고 말했다.
[디펜스투데이]
Tag
#KAI
#6G 저궤도 통신위성
#디펜스투데이
저작권자 © 디펜스투데이 무단전재 및 재배포 금지
안형진 기자
다른기사 보기","{""우주/위성"": [""정지궤도"", ""저궤도"", ""위성통신""], ""AI/컴퓨팅"": [""AI""], ""방산기업"": [""KAI""]}",True,6G 저궤도 통신위성,2030,relevant,"이 뉴스는 KAI가 6G 저궤도 통신위성 개발 협약을 체결했으며, 2030년까지 2기의 위성체 개발을 진행할 것이라고 언급하고 있습니다. 이는 군사 기술의 상용화 및 배치 계획에 관한 내용으로 판단됩니다."
"한화오션, 초대형 암모니아운반선 개발 등 친환경 기술 개발 박차",2025-06,http://www.defensetoday.kr/news/articleView.html?idxno=9141,"한화오션이 글로벌 선급들과의 협력을 통해 독보적인 친환경 선박 기술 확보에 박차를 가하고 있다.
한화오션 상선사업부장 김종서 사장(왼쪽)과 한국선급 이형철 회장이 150,000CBM급 초대형 암모니아운반선 기술협력 MOU에 서명한 뒤 기념촬영을 하고 있다.(사진:한화오션)
한화오션(대표이사 김희철 사장)은 노르웨이 오슬로에서 진행 중인 국제선박전시회 ‘노르쉬핑 2025(Nor-Shipping 2025)’에서 한국선급(KR), 노르웨이선급(DNV) 등과 총 3건의 친환경 기술협력 양해각서(MOU)를 체결했다.
차세대 친환경 선박 기술 개발을 위한 글로벌 협력을 통해 탄소중립 선박 기술 확보를 주도해 가기 위한 한화오션 행보의 일환이다.
한화오션 기본설계담당 이정선 상무(왼쪽에서 세번째)와 한국선급 도면승인실장 연규진 상무(왼쪽에서 네번째) 등 양사 관계자들이 LNG운반선의 선수거주구 배치 변경 설계 관련 기술협력 MOU에 서명한 뒤 기념촬영을 하고 있다.(사진:한화오션)
한화오션은 한국선급(KR)과 150,000CBM급 초대형 암모니아운반선 개발에 나선다. 향후 암모니아 운송량이 늘어날 것을 대비해 선제적으로 암모니아운반선의 대형화에 앞장선다는 계획이다. 
현재 건조되고 있는 암모니아운반선은 93,000CBM급이 가장 큰 사이즈다. 암모니아는 연소 시 이산화탄소가 전혀 배출되지 않는 친환경 연료로, 향후 무탄소 시대를 이끌어 갈 대표적인 연료로 각광받고 있다. 특히 간단한 공정을 통해 수소로 변환될 수 있어 현재까지 가장 경제적인 수소 운반 수단이기도 하다.
한화오션 기본설계담당 이정선 상무(가운데)와 DNV 이정훈 영업본부장(오른쪽) 등이 맥티브 연료탱크 관련 기술협력 MOU에 서명한 뒤 기념촬영을 하고 있다.(사진:한화오션)
한화오션은 한국선급과 LNG운반선의 선수거주구 배치 설계 변경을 추진하기 위한 기술협력 MOU도 체결했다. 이를 통해 선박 후방 공간 활용도를 극대화하고, 전방 계류설비(FWD Mooring)와의 연계를 통해 정박 및 하역작업의 효율성과 안정성을 높인다는 계획이다. 선수거주구 배치 설계 변경 시 에너지 절감 장치의 배치 최적화도 가능해지면서, 실질적인 친환경 선박 설계로 이어질 수 있다.
노르웨이 선급 DNV와는 맥티브(MCTIB, High Manganese Steel Cargo Tank Independent Type-B) 연료탱크 관련 기술협력을 추진한다. 맥티브 연료탱크의 증기압 제한을 상향조정하는 기술개발을 통해, 선박 정박 중 외부 전원을 활용하는 ‘콜드 아이어닝(cold ironing)’ 환경에 최적화할 수 있도록 한다는 계획이다. 연료탱크 내 잔여가스 저장시간 증가와 메탄슬립 감소를 통해, 탄소 중립 선박 구현에 기여할 수 있는 기술이다. 
한화오션 관계자는 “한화오션은 글로벌 선급 및 주요 파트너들과의 전략적 협업을 통해 친환경 선박 기술의 상용화에 박차를 가하고 있다”며 “다양한 공동 개발 프로젝트를 통해 기술 신뢰도를 높이고, 국제 친환경 기준을 선도해 나가겠다”고 밝혔다. 
한편, 한화오션은 이번 노르쉬핑 2025 전시회에서 로터세일(Rotor Sail) 등 친환경·디지털 솔루션을 탑재한 174,000CBM급 무탄소 추진 LNG운반선 모형을 선보이며, 지속가능한 해양산업의 미래상을 제시했다. 
  [디펜스투데이]
Tag
#한화오션
#초대형
#암모니아선
#개발박차
#디펜스투데이
저작권자 © 디펜스투데이 무단전재 및 재배포 금지
안형진 기자
다른기사 보기","{""AI/컴퓨팅"": [""AI"", ""AR"", ""GAN""], ""센서/통신"": [""IR""], ""무기/방어체계"": [""DE""], ""기타/기술"": [""IP""], ""지상장비"": [""tank""], ""해군장비"": [""ship""]}",True,"초대형 암모니아운반선, LNG운반선, 맥티브(MCTIB) 연료탱크",2025-06,relevant,"이 뉴스는 한화오션이 친환경 선박 기술 개발을 위해 다양한 기관들과 협력하고 있는 내용을 다루고 있습니다. 구체적으로 150,000CBM급 초대형 암모니아운반선, LNG운반선의 선수거주구 배치 설계 변경, 맥티브 연료탱크 기술 개발 등 상용화를 목표로 하는 기술들을 다루고 있습니다. 해당 기술들은 모두 2025년 6월을 전후로 개발이 진행되고 있어 시점이 명확합니다."
"해군, 전·평시 상용 무인체계 작전 운용 가능성 검증",2025-05,http://www.defensetoday.kr/news/articleView.html?idxno=9055,"해군은 5월 12일부터 16일까지 울산 일산항의 선박해양플랜트연구소 자율운항선박성능실증센터 및 인근 해상에서 상용 무인체계 작전 운용 가능성 검증훈련을 진행하고 있다.
5월 12일(월) 울산 일산항 인근 해상에서 진행된 해군 주관 '전ㆍ평시 상용 무인체계 작전 운용 가능성 검증훈련'에서 해상표적 정찰ㆍ감시 및 공격 임무를 맡은 소형 무인수상정(AURA)이 충돌 공격을 하기 위해 기동하고 있다.(사진:해군)
5월 12일(월) 울산 일산항 인근 해상에서 진행된 해군 주관 '전ㆍ평시 상용 무인체계 작전 운용 가능성 검증훈련'에서 멀티콥터 드론이 선박해양플랜트연구소 해양누리호에서 이륙하고 있다.(사진:해군)
이번 훈련은 전시 등 위기상황에서 획득이 용이한 상용 무인체계를 동원하여 정찰·감시, 적 도발전력 및 시설에 대한 공격, 군수지원 등 다양한 분야에서 군사적으로 활용하는 방안을 모색하기 위한 훈련이다.
5월 12일(월) 울산 일산항 인근 해상에서 진행된 해군 주관 '전ㆍ평시 상용 무인체계 작전 운용 가능성 검증훈련'에 참가한 드론 운용 민간 요원들이 선박해양플랜트연구소 해양누리호 갑판에서 골판지 드론 이륙을 위한 준비를 하고 있다.(사진:해군)
5월 12일(월) 울산 일산항 인근 해상에서 진행된 해군 주관 '전ㆍ평시 상용 무인체계 작전 운용 가능성 검증훈련'에 참가한 드론 운용 민간 요원이 선박해양플랜트연구소 해양누리호 갑판에서 골판지 드론 이륙을 준비하고 있다.(사진:해군)
해군 최초로 시행하는 이번 훈련에는 선박해양플랜트연구소(자율운항선박성능실증센터), 민간 무인수상정 및 드론 제작업체 등이 참여해 전·평시 상용 무인체계 작전 운용 가능성을 검증했다. 
5월 12일(월) 울산 일산항 인근 해상에서 진행된 해군 주관 '전ㆍ평시 상용 무인체계 작전 운용 가능성 검증훈련'에 참가한 드론 모함용 민간선박 해양오호에서 정찰ㆍ감시용 수직이착륙(VTOL) 드론이 이륙하고 있다.(사진:해군)
5월 13일(화) 울산 일산항 일대에서 진행된 해군 주관 '전ㆍ평시 상용 무인체계 작전 운용 가능성 검증훈련'에서 폭탄투하용 멀티콥터 드론이 육상표적을 타격을 위해 폭탄으로 모사한 물병을 투하하고 있다.(사진:해군)
훈련 참가전력은 선박해양플랜트연구소의 69톤급 ‘해양누리호’와 고속수상 레저용으로 개발된 3톤급 무인수상정(AURA) 등 무인수상정 3척, 원양어선에서 사용하는 참치 어군탐지용 고정익 드론, 폭탄투하 및 물자 수송이 가능한 상용 멀티콥터 드론, 자폭용 드론으로 활용이 가능한 골판지 드론 등 드론 10대, 드론 모함용 민간선박(유인) 1척으로 구성됐다.
5월 12일(월) 울산 일산항 인근 해상에서 진행된 해군 주관 '전ㆍ평시 상용 무인체계 작전 운용 가능성 검증훈련'에 참가한 드론 운용 민간요원이 선박해양플랜트연구소 해양누리호에서 멀티콥터 드론 이륙을 위한 준비를 하고 있다.(사진:해군)
5월 12일(월) 울산 일산항 일대에서 진행된 해군 주관 '전ㆍ평시 상용 무인체계 작전 운용 가능성 검증훈련'에 참가한 민관군 훈련 관계관들이 자율운항선박성능실증센터 내 전시화면을 통해 훈련 진행상황을 지켜보고 있다.(사진:해군)
훈련은 드론 모함용 민간선박에서 이륙시킨 참치 어군탐지용 고정익 드론이 해상과 육상의 표적에 대한 정찰·감시 임무를 수행하고, 이를 통해 획득한 영상정보를 지휘통제소로 모사한 자율운항선박성능실증센터로 전송하는 것으로 시작됐다.
5월 12일(월) 울산 일산항 인근 해상에서 진행된 해군 주관 '전ㆍ평시 상용 무인체계 작전 운용 가능성 검증훈련'에서 해상표적 정찰ㆍ감시 및 공격 임무를 맡은 소형 무인수상정(AURA)이 충돌 공격을 하기 위해 기동하고 있다.(사진:해군)
5월 13일(화) 울산 일산항 일대에서 진행된 해군 주관 '전ㆍ평시 상용 무인체계 작전 운용 가능성 검증훈련'에 참가한 민관군 훈련 관계관들이 자율운항선박성능실증센터 내 전시화면을 통해 훈련 진행상황을 지켜보고 있다. (사진:해군)
이후 자폭용 골판지 드론으로 해안을 침투하는 가상의 적 해상 표적을 타격하고, 해양누리호에서 이륙시킨 상용 멀티콥터가 폭탄으로 모사한 물통으로 지상표적을 공격하고 군수물자를 수송했다. 이어서 3톤급 무인수상정(AURA)이 해상의 가상표적을 정찰·감시하고 공격하는 국면으로 진행됐다.
5월 13일(화) 울산 일산항 인근 해상에서 진행된 해군 주관 '전ㆍ평시 상용 무인체계 작전 운용 가능성 검증훈련'에서 해상표적 정찰ㆍ감시 및 공격 임무를 맡은 소형 무인수상정(AURA)이 해상표적으로 설정된 해양누리호에 충돌 공격을 하기 위해 기동하고 있다.(사진:해군)
  훈련을 기획한 박상규(중령) 해군본부 동원과장은 “우크라이나 전쟁 등 현대전에서 저비용·고효율·대량생산이 가능한 상용 무인체계의 획득과 군사적 활용은 전승에 지대한 영향을 끼친다”며 “해군은 민간에서 개발·활용되고 있는 상용 드론과 무인수상정 등을 활용한 전·평시 작전 운용 가능성을 검증하고 이를 바탕으로 한 동원계획을 지속 발전시키겠다”고 말했다. 
[디펜스투데이]
Tag
#해군
#ROKS
#상용 무인체계 작전 운용 가능성
#디펜스투데이
저작권자 © 디펜스투데이 무단전재 및 재배포 금지
안형진 기자
다른기사 보기","{""무인체계"": [""수직이착륙"", ""VTOL""], ""센서/통신"": [""지휘통제""], ""무인/자율시스템"": [""무인수상정""]}",True,"['무인수상정(AURA)', '멀티콥터 드론', '고정익 드론', '자폭용 드론']",2025-05,high,"이 뉴스는 해군이 전·평시 상용 무인체계의 작전 운용 가능성을 검증하는 훈련을 진행한 것을 다루고 있습니다. 구체적으로 무인수상정, 멀티콥터 드론, 고정익 드론, 자폭용 드론 등의 상용 무인체계를 활용한 정찰, 감시, 공격, 수송 등의 임무 수행 능력을 검증했다고 명시되어 있습니다. 따라서 이 뉴스는 군사 기술의 상용화/전력화/배치와 관련이 있으며, 구체적인 기술명과 시점(2025년 5월)이 제시되어 있습니다."
"HD현대, 정밀 용접 휴머노이드로 ‘조선업 자동화 혁신’",2025-05,http://www.defensetoday.kr/news/articleView.html?idxno=9040,"HD현대가 인공지능(AI) 및 로봇 기술 전문기업들과 손잡고 국내 최초 용접 휴머노이드 개발에 나선다.
HD한국조선해양과 HD현대로보틱스는 최근 미국 휴스턴에서 AI 기반 휴머노이드 로봇 전문기업 ‘페르소나 AI(Persona AI)’, 로봇 엔지니어링 기업 ‘바질컴퍼니(VAZIL COMPANY)’와 ‘조선 용접용 휴머노이드 개발을 위한 업무협약(MOU)’을 체결했다고 5월 8일(목) 밝혔다.
HD한국조선해양, HD현대로보틱스가 최근 미국 휴스턴에서 ‘페르소나 AI(Persona AI)’, ‘바질컴퍼니(VAZIL COMPANY)’와 ‘조선 용접용 휴머노이드 개발을 위한 업무협약(MOU)’을 체결했다. 사진 오른쪽 두 번째부터 송영훈 HD현대로보틱스 솔루션부문장, 이동주 HD한국조선해양 제조혁신랩 부문장, 닉 래드포드(Nicolaus Radford) 페르소나 AI CEO, 김성원 바질컴퍼니 CTO (사진:HD현대)
이날 체결식에는 이동주 HD한국조선해양 제조혁신랩 부문장, 송영훈 HD현대로보틱스 솔루션부문장, 닉 래드포드(Nicolaus Radford) 페르소나 AI CEO, 김성원 바질컴퍼니 CTO를 비롯한 관계자들이 참석했다.
이번 협약에 따라 참여사들은 AI와 로봇 기술을 활용해 정밀 용접작업이 가능한 휴머노이드를 개발, 조선소의 생산 효율성을 높이고 작업자의 안전성을 확보할 방침이다.
HD현대로보틱스는 AI에 기반한 용접 자동화 기술을 제공하고 로봇 성능 검증을 담당한다. HD한국조선해양은 실제 조선소 환경에서 휴머노이드를 테스트하고, 현장 적용을 위한 데이터 및 기술 지원을 제공한다.
페르소나 AI는 휴머노이드 하드웨어 개발 및 AI 기반의 로봇 제어, 학습 알고리즘을 개발한다. 바질컴퍼니는 휴머노이드에 탑재할 용접 도구를 개발하고 테스트베드 구축을 담당한다.
참여사들은 오는 2026년까지 시제품 개발을 완료하고, 2027년부터는 본격적인 현장 실증과 상용화를 진행할 계획이다.
HD현대 관계자는 “용접 휴머노이드는 생산성 향상은 물론, 작업자의 부담을 줄이고 안전성을 획기적으로 높일 수 있을 것”이라며, “조선소 작업에 최적화된 휴머노이드 구현을 통해 조선업 자동화의 새로운 패러다임을 만들어 나가겠다”고 밝혔다.
닉 래드포드 페르소나 AI 대표는 “AI 기술을 조선업의 핵심 공정에 적용하는 것은 매우 의미 있는 도전”이라며, “지능형 로봇 기술을 활용해 사람과 로봇이 협력하는 스마트 조선소 환경을 구축하는 것이 목표”라고 말했다.
김성원 바질컴퍼니 CTO는 “정밀 용접이 가능한 휴머노이드를 개발해 조선업 자동화 수준을 한 단계 더 끌어올리겠다”고 강조했다.
[디펜스투데이]
Tag
#HD현대
#페르소나AI
#정밀용접휴머노이드
#디펜스투데이
저작권자 © 디펜스투데이 무단전재 및 재배포 금지
안형진 기자
다른기사 보기","{""AI/컴퓨팅"": [""AI"", ""인공지능""], ""센서/통신/레이더"": [""소나""]}",True,정밀 용접 휴머노이드,2027-01,high,"이 기사는 HD현대가 정밀 용접 휴머노이드 로봇을 개발 중이라고 보도하고 있습니다. 이 로봇은 2026년까지 시제품 개발을 완료하고, 2027년부터 본격적인 현장 실증과 상용화를 진행할 예정입니다. 따라서 이는 군사 기술의 상용화/전력화/배치/개발완료 사례에 해당합니다."
"국방과학연구소, 인공지능 기반 광자레이다기술 시연 성공",2025-04,http://www.defensetoday.kr/news/articleView.html?idxno=8983,"국방과학연구소(이하 국과연, 소장 이건완)는 4월 17일(목) 세종전자시험장에서 차세대 레이다기술로 주목받는 인공지능 기반 광자레이다기술 시연에 성공했다. 
국방과학연구소, 인공지능 기반 광자레이다기술 시연 (이미지:국방과학연구소)
이 기술은 레이저 빛을 이용해 전자기파를 발생시키고 처리하는 기술로 드론처럼 작은 비행체를 탐지하고 식별하는 데 활용할 수 있는 기술이다. 
이 기술을 활용한다면 향후 국방 감시정찰 분야에 새로운 장을 열 수 있을 것으로 기대하고 있다.
인공지능 기반 광자레이다 기술은 국과연이 2022년도부터 미래도전국방기술개발사업을 통해 개발한 기술이다. 이 기술은 레이저의 빛을 전자기파 신호로 바꿔 표적에 보내고, 표적에서 반사된 신호를 인공지능 기술을 이용하여 분석해 표적의 유무 및 정체를 확인하는 기술이다.
국과연은 이 기술을 활용해 카메라 같은 기존 광학 장비로는 탐지가 어렵고 수 킬로미터 거리에 있는 작은 비행체를 야외 환경에서 식별하는 데 국내 최초로 성공했다.
 
이번 기술시연회에는 국과연뿐만 아니라 방위사업청, 군 등 다양한 기관의 관계자들이 참석해 향후 인공지능 기반 광자레이다기술의 발전 방향과 조기 상용화 방안에 대해 논의했다.
국과연은 앞으로도 인공지능 기반 광자레이다기술 연구개발을 수행하고, 전투실험 수행 및 후속 과제 발굴 등을 통해 관련 방위산업 생태계를 조성하기 위한 노력을 이어나갈 계획이다.
정성태 국과연 제3기술연구원장은 “이번 기술시연회를 통해 보여드렸듯이 국과연의 인공지능 기반 광자레이다기술이 실제 환경에서도 탁월한 성능을 발휘하게 되어 매우 기쁘다”면서, “앞으로 이 기술을 더욱 발전시켜 K-방산 감시정찰 분야에 혁신적인 해결책을 제공할 수 있도록 노력하겠다”고 소감을 밝혔다.
[디펜스투데이]
Tag
#국방과학연구소
#광자레이다
#시연성공
#디펜스투데이
저작권자 © 디펜스투데이 무단전재 및 재배포 금지
안형진 기자
다른기사 보기","{""AI/컴퓨팅"": [""인공지능""]}",True,인공지능 기반 광자레이다 기술,2025-04,high,"해당 기사는 국방과학연구소가 개발한 인공지능 기반 광자레이다 기술의 시연 성공 소식을 다루고 있습니다. 이 기술은 레이저 빛을 이용해 전자기파를 발생시키고 처리하여 드론과 같은 작은 비행체를 탐지하고 식별하는 데 활용할 수 있는 것으로 나타납니다. 기사에 따르면 국방 감시정찰 분야에 새로운 장을 열 수 있을 것으로 기대되며, 2025년 4월에 실제 시연에 성공했다고 명시되어 있습니다."
"HD현대 ‘차세대 신모델’ 유럽 상륙… 톱 티어 아성에 도전",2025-04,http://www.defensetoday.kr/news/articleView.html?idxno=8962,"HD현대 건설기계 부문 계열사인 HD현대건설기계와 HD현대인프라코어가 글로벌 톱 티어 도약의 첨병이 될 ‘차세대 신모델’과 함께 유럽 공략에 나섰다.
HD현대건설기계와 HD현대인프라코어는 현지 시각 4월  7일(월)부터 13일(일)까지 독일 뮌헨에서 열리는 세계 최대 건설기계 박람회인 ‘BAUMA 2025(이하 바우마)’에 참가했다.
바우마2025 HD현대건설기계 부스 전경(사진:HD현대)
바우마는 미국 ‘콘엑스포(CONEXPO)’, 프랑스 ‘인터마트(INTERMAT)’와 함께 글로벌 3대 건설기계 전시회로 손꼽히는 세계 최대 규모의 건설기계 무역 박람회로, 전시 기간 전 세계 60만 명이 넘는 관람객이 찾을 것으로 전망된다.
HD현대건설기계와 HD현대인프라코어는 이번 바우마 전시회를 양사의 플래그십 장비가 될 차세대 신모델을 유럽 전역에 알리는 동시에, 유럽 시장 맞춤형 최신 콤팩트 장비와 수소, 전기 등 차세대 동력원을 활용한 친환경 제품들의 경쟁력을 인정받는 무대로 적극 활용할 계획이다.
HD현대건설기계는 이번 전시에 브랜드 아이덴티티(BI)를 모티프로 한 ‘인텔리전트 파크(Intelligent Park)’를 전시테마로, 약 3500㎡(1040평) 규모의 부스를 마련했다.
차세대 신모델을 비롯해 첨단 스마트 건설기계 기술과 20여 대의 최신 장비들을 방문객들이 직접 관람하고 체험할 수 있으며, ‘바우마 2025 혁신상(Bauma Innovation Award)’ 기후 보호 부문 최종 후보에 이름을 올린 수소굴착기의 시연 행사도 펼쳐졌다.
2023년 ‘DEVELON’으로 브랜드 변경 이후 처음 바우마에 참가한 HD현대인프라코어는 약 3800㎡(1130평) 규모의 부스에 유럽 맞춤형 콤팩트 건설장비 주요 라인업과 더불어, 전동화 장비에서 특수 장비에 이르는 다양한 제품들을 전시했다.
특히 지난해 프랑스 인터마트 전시회를 통해 유럽에 처음 공개한 무인 자율화 솔루션 ‘콘셉트 엑스 2(Concept-X2)’의 상용화 버전인 ‘리얼 엑스(Real-X)’를 최초로 공개하고, 자율화 기술 공동개발협약(JDA)을 체결한 그라비스 로보틱스(Gravis Robotics)와의 콜라보 시연으로 무인 굴착기가 굴절식 덤프트럭(ADT)과 협업하는 모습을 선보였다.
아울러 HD현대건설기계와 HD현대인프라코어는 개막 당일인 7일(월) 각사 부스에서 ‘언베일링 쇼케이스’를 열고, 데모쇼를 통해 양사의 기술적 장점을 결집해 탄생한 차세대 신모델의 우수한 성능과 품질을 유럽 최초로 공개했다.
[디펜스투데이]
Tag
#HD현대
#BAUMA 2025
#HD현대인프라코어
#디펜스투데이
저작권자 © 디펜스투데이 무단전재 및 재배포 금지
이치헌 기자
다른기사 보기","{""AI/컴퓨팅"": [""AR""], ""무기/방어체계"": [""DE""], ""항공기/전투기"": [""T-X""]}",True,차세대 신모델,2025-04,relevant,"이 기사는 HD현대 건설기계의 신모델이 유럽 시장에 출시되는 내용을 다루고 있습니다. 군사 기술의 상용화는 다루고 있지 않지만, 차세대 기술의 출시와 관련된 내용이므로 관련성이 있습니다."
"HD현대, 미국 안두릴과 무인함정 개발",2025-04,http://www.defensetoday.kr/news/articleView.html?idxno=8944,"HD현대가 미국 AI 방산기업 안두릴 인더스트리(Anduril Industries, 이하 안두릴)와 손잡고 무인수상정(USV) 개발에 나선다.
HD현대는 최근 안두릴과 서울 계동 현대빌딩에서 ‘무인수상정 개발 및 시장 진출을 위한 양해각서(MOU)’를 체결했다고 4월 4일(금) 밝혔다. 이날 체결식에는 HD현대중공업 주원호 특수선사업대표, 안두릴 브라이언 쉼프(Brian Schimpf) 공동설립자(Co-Founder) 겸 최고경영자(CEO)가 참석했다.
HD현대와 안두릴은 최근 서울 계동 현대빌딩에서 HD현대중공업 주원호 특수선사업대표(사진 왼쪽)와 안두릴의 브라이언 쉼프 공동설립자 겸 최고경영자가 참석한 가운데 ‘무인수상정 개발 및 시장 진출을 위한 양해각서(MOU)’를 체결했다.(사진:HD현대중공업)
안두릴은 방산을 전문 영역으로 하는 미국의 AI 테크 기업이다. 첨단 AI 기술을 기반으로 한 임무 통제 체계, 감시 정찰 체계, 무인잠수정, 드론 등 다양한 제품을 미 해군과 국방부, 호주 국방부 등에 납품하고 있다.
이번 협약을 통해 양사는 HD현대가 보유하고 있는 자율운항 기술과 안두릴의 자율 임무 수행 솔루션을 결합해 무인수상정(USV)을 개발하는 한편, 글로벌 시장 진출에 협력해 나가기로 했다. 
이를 위해 HD현대는 항해자동화, 기관자동화, 통합안전관제 등 그동안 개발, 상용화 해온 AI 자율운항 선박 핵심 기술에 함정에 특화한 기능들을 결합해 AI 함정 자율화 기술(Vessel Autonomy)을 개발한다. 안두릴은 전장(戰場)에서 무인수상정들의 군집제어 및 임무수행을 자동화할 수 있는 자율 임무 수행 체계(Mission Autonomy) 개발을 담당한다.
함정 자율화 기술과 자율 임무 수행 체계의 결합은 무인수상정의 컨트롤 타워로 기능하며 원활한 작전 수행과 함께 안전한 운항까지 담보하게 된다.
HD현대중공업 주원호 특수선사업대표는 “차세대 함정 시장의 핵심인 무인 함정 개발을 AI 방산 분야 혁신 기업 안두릴과 함께 할 수 있어 뜻깊게 생각한다”며, “첨단 AI기술로 승조원 절감형 함정과 무인함정 개발을 조속히 현실화해 해군의 유무인 복합전력 획득과 함정 수출의 원동력이 될 수 있도록 할 것”이라고 밝혔다.
안두릴 브라이언 쉼프 공동설립자 겸 최고경영자는 “세계 1위의 조선 해양 기업과 협력해 무인함정 기술을 개발할 수 있어 매우 기쁘다”며, “미국 뿐만 아니라 전세계 무인함정 시장 진출에 HD현대와의 협력이 큰 도움이 될 것으로 기대한다”고 말했다.
HD현대는 무인수상정 개발과 더불어 국내 및 수출 시장의 유인함정을 단계적으로 무인화하기 위해 AI 함정 자율화 기술을 고도화하고 있다. 이를 통해 인구 절벽에 따른 병역자원 감소와 승조원 부족 문제를 해결해 나갈 수 있을 것으로 기대하고 있다.
HD현대중공업은 함정 분야 첨단기술을 기반으로 해외거점별 파트너십 체결, 현지 건조 체계 구축, 기술이전 패키지 표준화 등을 통해 K-해양방산 경쟁력 제고에 앞장서고 있다. 
[디펜스투데이]
Tag
#HD현대중공업
#안두릴
#Anduril
#무인수상정개발
#디펜스투데이
저작권자 © 디펜스투데이 무단전재 및 재배포 금지
안형진 기자
다른기사 보기","{""우주/위성"": [""ISS""], ""AI/컴퓨팅"": [""AI""], ""무기/방어체계"": [""DE""], ""무인/자율시스템"": [""무인수상정"", ""USV""]}",True,"무인수상정(USV), AI 함정 자율화 기술(Vessel Autonomy), 자율 임무 수행 체계(Mission Autonomy)",2025-04,high,"이 기사는 HD현대와 안두릴이 무인수상정 개발을 위해 협력하고 있으며, HD현대가 AI 함정 자율화 기술을 개발하고 있고 안두릴이 자율 임무 수행 체계를 개발하고 있다고 구체적으로 언급하고 있습니다. 또한 무인수상정 개발 및 시장 진출을 위한 양해각서(MOU) 체결 시점이 2025년 4월로 명시되어 있어 실제 상용화/전력화 시점을 제공하고 있습니다."
"GE에어로스페이스, 대한항공 신형 여객기 엔진에 GE9X,GEnx 엔진선정 발표",2025-03,http://www.defensetoday.kr/news/articleView.html?idxno=8903,"GE 에어로스페이스는 대한항공이 구매하는 새로운 항공기 777-9 (20 대)와 787-10 (최대 30 대) 항공기 엔진으로 GE 에어로스페이스의 GE9X 엔진과 GEnx 엔진을 주문했다고 밝혔다. 
GE에어로스페이스의 GEnx 엔진 보잉787 항공기 엔진 (GE Aerospace _GEnx-1B)(사진:GE에어로스페이스)
GE 에어로스페이스 상용기 엔진 및 서비스 사업부의 러셀 스톡스(Russell Stokes) 사장 겸 최고경영자(CEO)는 “대한항공의 GE 에어로스페이스에 대한 신뢰에 감사하다”며, “이번 수주로 GE 에어로스페이스는 대한항공과의 오랜 파트너십의 새로운 장을 열게 되었으며 대한항공의 성공적인 항공기 업그레이드 및 보유 대수 확대를 지원하는데 최선을 다할 것이다""라고 말했다.
이번 주문에는 GE9X 엔진의 유지 보수 정비를 제공하는 서비스 계약도 포함된다. 이번 GE9X 엔진계약으로 대한항공은 한국에서 GE9X 엔진을 도입하는 첫 고객이 되었다. 
조원태 한진그룹 회장 겸 대한항공 대표이사 회장은 “GE 에어로스페이스는 대한항공의 엑설런스(excellence)에 대한 헌신을 지원하는 첨단 기술을 제공한다. 양사의 파트너십은 세상에서 가장 사랑받는 항공사(the world's most loved airline)가 되는 대한항공의 비전에 중요하다”고 말했다. 
GE에어로스페이스의 GE9X 엔진_ 보잉777X 계열 항공기(보잉777-9와 777-8)를 위한 엔진 (GE Aerospace GE9X) (사진:GE에어로스페이스)
GEnx 엔진은 2011 년 출시되어 6,200 만 시간이 넘는 누적 비행 시간을 달성했다. GEnx 엔진은 현재 GE 에어로스페이스의 가장 빠르게 판매되는 고추력 엔진으로, 스페어 엔진을 포함해 3,600 대 이상의 GEnx 엔진이 운항 서비스 중이거나 수주잔고를 보유하고 있다. GEnx 엔진은 현재 운항 중인 모든 787 항공기의 3 분의 2 에 탑재되어 동력을 공급하고 있다. 
GE9X 엔진은 세계에서 가장 강력한 상용기 엔진이자 동급에서 연료 효율성이 가장 뛰어난 엔진이다. 
보잉 777X 계열 항공기(777-9 및 777-8)에만 탑재되는 GE9X 엔진은 이전 모델인 GE90-115B 엔진대비 10% 향상된 연료 효율성을 제공하며 탄소배출 측면에서도 다른 경쟁 엔진들보다 한 세대 앞서 있다. 
GEnx 엔진과 GE9X 엔진은 GE 에어로스페이스의 다른 상용기 엔진들과 마찬가지로 지속가능항공유(SAF)를 혼합해 운항할 수 있도록 승인받았다.
대한항공은 GE90-110B/115B, LEAP-1B, CFM56-7B 엔진을 포함해 광범위한 GE 에어로스페이스 및 CFM 엔진이 장착된 항공기를 운영하고 있다. 엔진 외에도 업계를 선도하는 GE 에어로스페이스의 비행 데이터 모니터링 시스템인 세이프티 인사이트(Safety Insight)를 도입해, 첨단분석, 자동화, 빅데이터 고속처리 등을 통해 안전 프로토콜과 운항 효율성 향상에 사용하고 있다.
[디펜스투데이]
Tag
#GE에어로스페이스
#GEnx엔진
#GE9X엔진
#디펜스투데이
저작권자 © 디펜스투데이 무단전재 및 재배포 금지
이승준 기자
다른기사 보기","{""AI/컴퓨팅"": [""AI"", ""RL""], ""센서/통신"": [""IR""], ""작전/전술"": [""ACE""], ""함정/항공기"": [""USS""], ""첨단기술"": [""space""]}",True,"GEnx 엔진, GE9X 엔진",2025-03,high,해당 기사는 대한항공이 GE 에어로스페이스의 GEnx 엔진과 GE9X 엔진을 신형 항공기에 장착하기로 결정했다는 내용을 다루고 있습니다. 상용화 시점과 기술명이 명확하게 제시되어 있으므로 군사 기술의 상용화/전력화와 관련이 있는 고품질의 기사로 판단됩니다.
"방사청-산업부-우주청,‘민군 우주산업 표준화 포럼’ 출범",2025-03,http://www.defensetoday.kr/news/articleView.html?idxno=8871,"방위사업청(청장 석종건, 이하 방사청)과 산업통상자원부 국가기술표준원(원장대리 오광해, 이하 국표원), 우주항공청(청장 윤영빈, 이하 우주청)은 공동으로 ‘민군 우주산업 표준화 포럼’을 구성하고, 3월 18일(화) 정부세종컨벤션센터에서 산학연 전문가 100여 명과 함께 출범식을 개최했다.
방사청, 국표원, 우주청은 3.18.(화) 정부세종컨벤션센터에서 '민군 우주산업 표준화 포럼' 출범식을 개최했다.(김일동 방위사업청 방위산업진흥국장, 오광해 국표원 표준정책국장, 한창헌 우주청 우주항공산업국장 등 참석자들이 기념촬영 중이다)(사진:방위사업청)
이번 포럼 출범은 누리호와 다누리의 성공적 발사로 달성한 우주 강국 도약의 모멘텀을 산업 경쟁력 강화로 연결하기 위한 전환점으로 의미가 있다. 
지난해 9월 3개 부처가 체결한 ‘우주산업 표준 및 인증체계 구축을 위한 업무협약’의 후속조치로, 우주부품 국산화와 글로벌 경쟁력 확보를 위한 실질적 첫걸음을 내딛게 된다.
포럼은 3개 부처 국장급이 공동의장을 맡는 민군 협력 구조로, 정책위원회를 중심으로 용어표준 워킹그룹(WG), EEE Parts(소자급 부품) WG, 수요대응 WG, 국제표준 분과 등 4개 실무조직을 갖추고 체계적인 표준화 활동을 시작한다. 
이를 통해 한국형 우주산업 표준화를 위한, ❶우주 지식/정보 확산, ❷부품스펙 정립, ❸국내 제조부품 적용 확대를 지원하고, ‘민군 우주산업 표준화 로드맵’을 마련하여 중장기 계획을 제시할 예정이다.
오광해 국표원 표준정책국장은 “우주산업은 AI․양자 등과 함께 국가전략산업이자 미래 성장동력”이라며, “국내 표준화를 통한 산업 저변 확산으로 우리 우주부품 기업의 기술력을 높이고, 국제표준화 활동을 강화하여 글로벌 시장 진출을 적극 지원하겠다”고 말했다.
  
한창헌 우주청 우주항공산업국장은 “뉴스페이스시대를 맞아 민간 주도의 우주산업 발전을 위해서는 상용부품(COTS)의 우주분야 활용이 필수적”이라며, “이번 포럼 출범을 통해 우리 부품기업의 우주기술 개발 역량을 강화하고, 자립화를 통해 우주 강국으로 도약할 수 있는 발판이 되길 기대한다”고 말했다.
김일동 방사청 방위산업진흥국장은 “민군 공통으로 적용할 수 있는 우주부품 표준화는 중복투자를 줄이고 기술 개발 효율성을 높이는 핵심 요소”라며, “포럼을 통해 군 정찰위성, 초소형 위성체계 등 국방우주사업의 부품 신뢰성을 확보하고, 우주 국방기술의 민간 이전과 수출산업화를 촉진할 것”이라고 강조했다.  
[디펜스투데이]
Tag
#민군 우주산업 표준화 포럼
#방위사업청
#우주부품
#디펜스투데이
저작권자 © 디펜스투데이 무단전재 및 재배포 금지
안형진 기자
다른기사 보기","{""AI/컴퓨팅"": [""AI"", ""AR""]}",True,우주부품 표준화,2025-03,relevant,이 기사는 한국 정부가 민군 협력 하에 우주산업 표준화 포럼을 출범시켜 우주부품 국산화와 글로벌 경쟁력 확보를 지원하겠다는 내용을 다루고 있습니다. 이는 군사 기술의 상용화와 관련된 내용이라고 볼 수 있습니다.
"GE 에어로스페이스와 사프란, CFM 엔진 프로그램 5가지 발전사항 발표",2025-02,http://www.defensetoday.kr/news/articleView.html?idxno=8537,"2050년까지 탄소 배출량을 제로로 만들겠다는 야망. 말은 간단해 보이지만 전 세계 항공 업계가 직면한 도전은 엄청나며, 이는 지속 가능한 엔진을 위한 혁명적 혁신(RISE) 기술 개발 및 실증 프로그램의 전면적인 접근 방식을 주도하고 있다. 
GE 에어로스페이스와 사프란 항공기 엔진이 50대 50으로 합작한 CFM 인터내셔널이 2021년에 공개한 RISE 프로그램은 현재 상용 엔진보다 연료 효율은 20% 더 높고 탄소 배출량은 20% 낮은 미래 항공기 엔진을 지원하기 위한 기술을 발전시키고 있다. 
차세대 CFM 엔진 실증엔진(사진:GE에어로스페이스)
최근 CFM 후원 웨비나에서 CFM 경영진이 확인한 소식은 2,000명 이상의 CFM 엔지니어로 구성된 글로벌 팀의 노력과 다양한 업계 협력, 미국 및 유럽의 공공 부문 기관과의 지속적인 연구 파트너십 덕분에 RISE 프로그램이 실질적인 진전을 계속하고 있다는 것이다.
웨비나 발표자인 사프란 항공기 엔진의 상용 엔진 엔지니어링 담당 부사장 델핀 디주드는 GE Aerospace의 미래 비행 기술 총괄 매니저 아르잔 헤그만과 함께  “지속 가능성은 팀 워크다.
업계 전체가 협력해야만 결승선을 통과할 수 있다.""라고 말했다. 
두 발표자 모두 오픈 팬 기술에 대한 자신감을 다시 한 번 강조했다.
디주드는 “지난 50년 동안 덕트형 엔진은 꾸준히 개선되어 왔지만 이제 효율성 측면에서 한계에 다다르고 있다”고 말하며, 언덕형 엔진 아키텍처는 “추진 효율 측면에서 새로운 잠재력의 S자 곡선을 그리기 시작했다”고 말했다.
또한 RISE 프로그램 기술로 가능해진 발전에 대해 흥분을 감추지 못했다.
헤게만은 “우리 회사 역사상 가장 야심찬 시범 프로그램 중 하나”라고 말했다.
“2050년 탄소중립 산업에 도달해야 하며, RISE는 그 이정표를 달성하는 데 매우 중요한 역할을 한다.”라고 밝혔다. 
RISE 프로그램에 적용된 5가지 내용이다. 
1. 지속적인 기술개발을 진행한 오픈 팬 엔진 아키텍처
1980년대에 GE 에어로스페이스에서 개발한 실험용 GE36 엔진은 오픈 팬(일명 언덕형) 엔진 아키텍처의 이점을 보여주었다. 이 엔진은 두 세트의 노출된 역회전 팬 날개를 통해 전례 없는 연료 효율성을 제공했지만, GE36은 무겁고 시끄러웠다. 지금은 21세기 기술을 활용하여 훨씬 더 단순한 설계로 무게와 소음 문제를 해결하고 연료 효율을 개선했다. 
단일 스테이지 오픈 팬 엔진은 대부분의 첨단 덕트형 엔진보다 5배 이상 높은 바이패스 비율을 달성하는 데 핵심적인 역할을 한다. 또한 탄소섬유 복합재 블레이드를 장착해 무게를 줄이고 강도와 내구성을 높였다. 한편, 슈퍼컴퓨팅의 힘을 이용해 공기역학을 미세한 수준에서 분석하는 RISE 프로그램 엔지니어들은 소음을 최소화하면서 효율성을 극대화하는 팬 설계를 고안해냈다. 
헤게만은 “계산 능력과 코드, GPU 클러스터 덕분에 우리 팀은 상세한 공기 역학을 이해하고 시스템을 최적화하여 역회전 팬에서 모두가 기대하는 음향 요구 사항을 충족하는 매우 단순한 단일 스테이지 팬으로 전환할 수 있었다.”라고 한다. 
RISE 핵심 기술의 검증은 작년에 완료되었으며, 이제 더 높은 기압과 온도에서 작동하는 엔진이 요구됨에 따라 핵심 고려 사항인 내구성을 중심으로 테스트가 진행되고 있다. 
헤게만은 “실제 데모 엔진을 제작하기도 훨씬 전에 이미 부품과 하위 시스템을 내구성 기준으로 테스트하고 있다.""라고 그는 설명하며 부품이 유지보수나 수리 전에 얼마나 오래 작동할 수 있는지 측정하는 표준을 언급했다. “이는 우리가 엔진의 내구성과 안전성을 얼마나 중요하게 생각하는지 보여주는 예다.” 
2. 첨단 소형 핵심 기술 또한 RISE 프로그램 목표를 달성하는데 매우 중요
RISE 실증 프로그램에서 가장 주목받는 오픈 팬 기술은 연비를 두 자릿수 향상시킬 수 있지만, 그 자체만으로는 20% 이상의 목표를 달성할 수 없다. 압축 및 연소 모듈을 수용하는 경량 소형 코어의 개발은 더 작고 열 효율을 최적화하기 위해 첨단 냉각 시스템과 초고온을 견딜 수 있는 소재를 사용하여 재설계되고 있다. 
이 코어는 혼합되지 않은 지속 가능한 항공 연료(SAF)와 수소를 포함한 차세대 연료는 물론 현재 GE Aerospace가 NASA와 함께 개발 중인 하이브리드 전기 시스템과도 호환되도록 설계되고 있다. 또한 가변 바이패스 아키텍처라고도 하는 적응형 엔진 기술을 사용하여 성능을 높이는 동시에 비행의 모든 단계에서 안전하고 효율적으로 작동할 수 있다. 
헤그먼은 “이 기술은 이륙이나 상승과 같이 추력이 필요할 때는 바이패스를 변경하여 더 많은 추력을 요구하고, 크루즈형 환경에서는 훨씬 더 많은 바이패스를 허용할 수 있는 기술이다.”라고 설명했다. 
RISE 핵심 기술의 검증은 작년에 완료되었으며, 이제 더 높은 기압과 온도에서 더 효율적인 엔진이 작동하도록 요구됨에 따라 핵심 고려 사항인 내구성을 중심으로 테스트가 진행 중이다. 
CFM가 후원 웨비나.(사진:GE에어로스페이스)
3. 오픈팬 엔진 테스트의 실제 진전과 가속화 
CFM RISE 프로그램은 250개 이상의 테스트를 완료했으며, 전 세계에서 엄격한 테스트와 연구가 계속 진행되면서 그 속도가 계속 빨라지고 있다. 헤게만은 “CFM 내부에만 국한된 것이 아니다.” “미국 내에서는 NASA, FAA, 에너지부, 유럽 내에서는 Clean Aviation, ONERA, DLR 등과 많은 파트너십과 협업을 하고 있다.”라고 밝혔다.
2024년 프랑스 국립 항공우주 연구 센터인 ONERA가 운영하는 시설에서 오픈 팬 터빈의 1/5 축소 모델을 사용하여 300시간 이상의 풍동 테스트를 최초로 완료했다. 다른 두 곳에서는 2,000회 이상 누적된 F110 엔진으로 고압 터빈(HPT)에 대한 내구성 테스트를 진행 중이다. 다음으로 헤게만은 “한 번 더 같은 주기로 전환할 예정인데, 먼지가 유입되는 에뮬레이션 환경에서 진행하기 때문에 더 힘들어질 것”이라고 말했다.
4. RISE 프로그램은 차세대 연소기술을 확장
RISE 프로그램 엔지니어와 기술자들은 항공 여행과 관련된 탄소 배출을 줄이기 위해 노력하면서 연소 과정에서 생성되어 대기 오염과 비행기 비행운 형성에 기여하는 가스인 아산화질소(NOx) 배출과 같은 비CO2 배출과 관련된 중요한 발견도 이루어내고 있다.
이 프로그램의 차세대 연소 기술은 GEnx 엔진용으로 처음 개발된 부품을 확장한 것이다. 또한 GE Aerospace는 최근 NASA와 협력하여 최첨단 라이더(빛 감지 및 거리 측정) 기술을 사용하여 획기적인 비행운 분석 테스트를 수행하여 비행운의 형성 및 작동 방식에 대한 정보를 제공하는 3차원 이미지를 생성했다. 
5. 2024년부터 10년간 여러 차례의 지상 및 비행 테스트가 진행될 예정
모든 시스템은 앞으로 몇 년 동안 지상 및 비행 테스트가 시작될 예정이다. CFM은 오픈 팬 비행 시연을 위해 에어버스와 협력하고 있으며, “테스트와 시뮬레이션을 통해 엔진과 항공기의 통합을 최적화”하기 위해 기체 제조업체와 적극적으로 협력하고 있다고 디주드는 말했다. 비행 테스트는 실제 비행 시나리오에서 엔진 성능, 안전성, 소음 및 공기역학에 대한 이해를 높이는 데 중요하며, 이는 획기적인 엔진을 개발하기 전 핵심 단계다. 
디주드와 헤게만은 오픈 팬 기술이 미래의 길이라는 RISE 프로그램 기술과 핵심 개념에 대해 지속적인 자신감을 표명했다. “RISE의 가치 제안은 추진 시스템에서 두 자릿수 연료 효율을 얻을 수 있다는 것이다..
즉, 20%의 효율 수치에 도달하기 위해 엔진의 뜨거운 부분에 많은 스트레스와 부담을 줄 필요가 없다. 덕트형 엔진은 내구성을 크게 손상시키지 않고는 20%라는 수치에 도달할 수 없다. 
디주드는 “모든 테스트, 모든 시뮬레이션, 모든 설계 조정을 통해 계속 배우고 혁신하며 한계를 뛰어넘고 있다."" “우리는 보다 지속 가능한 항공의 미래를 만들기 위해 다양한 경로를 계속 모색하고 있다.”라고 밝혔다.
[디펜스투데이]
Tag
#GE에어로스페이스
#RISE
#사프란
#오픈팬엔진
#디펜스투데이
저작권자 © 디펜스투데이 무단전재 및 재배포 금지
이승준 기자
다른기사 보기","{""AI/컴퓨팅"": [""GPU""], ""작전/전술"": [""ACE""], ""첨단기술"": [""space""]}",True,RISE(Revolutionizing Sustainable Engines) 프로그램,2050,relevant,이 기사는 GE 에어로스페이스와 사프란 항공기 엔진의 합작사인 CFM 인터내셔널이 개발 중인 RISE 프로그램에 대해 설명하고 있습니다. RISE 프로그램은 2050년까지 탄소 배출량을 제로로 만들기 위한 혁신적인 기술을 개발하고 있습니다. 이 기사에서는 RISE 프로그램의 5가지 발전 사항을 자세히 다루고 있어 군사 기술의 상용화와 관련이 있습니다.
"HD현대인프라코어 수소엔진 영하 20도 혹한지서 성능 입증",2025-02,http://www.defensetoday.kr/news/articleView.html?idxno=8759,"HD현대인프라코어가 영하 20도에 달하는 혹한의 날씨에서 수소엔진 차량의 실용성과 안정성에 대한 검증을 마쳤다.
HD현대인프라코어의 수소엔진(HX12)을 탑재한 대형트럭(사진:HD현대)
HD현대인프라코어는 지난 4일부터 14일까지 강원도 대관령에서 타타대우모빌리티와 협력해 11리터급 수소엔진(HX12)의 혹한지 테스트를 성공적으로 완료했다고 2월 20일(목) 밝혔다.
이번 테스트는 수소엔진 차량이 저온 환경에서도 안정적인 성능을 발휘하는지 평가하는 것으로, 즉각 시동 가능 여부, 수소탱크 내 안정적인 연료공급, 화물 적재 조건에서의 경사로 운전성 및 제동성, 충전 안전성 등을 검증했다.
HD현대인프라코어는 이번 테스트 결과를 바탕으로 타타대우모빌리티와 수소엔진 차량의 운전성과 가속성 등을 개선하고, 배출가스와 연비 측정을 위한 도로 주행 테스트를 진행할 계획이다.
또한 ▲혹서기 주행 ▲경사로 등판 능력 측정 ▲55℃ 고온 챔버(실험실 환경) 테스트 ▲10만km 주행 내구성 검사 등 수소엔진 차량 양산 준비를 위한 테스트를 최종적으로 수행한다.
HD현대인프라코어는 2026년 초 트럭용 수소엔진을 양산해 타타대우모빌리티에 공급한다. 이후, 상품화 단계를 거쳐 2027년 상반기 수소엔진 트럭이 출시될 예정이다. 전 세계적으로 수소엔진을 장착한 버스, 트럭 등의 상용차가 본격적으로 출시된 사례는 아직 없다.
HD현대인프라코어의 수소엔진은 상용차용 CNG(압축천연가스) 엔진을 기반으로 개발해 기존 차량에 탑재하기 수월하고, 수소연료전지 등 고순도 수소를 요구하는 타 동력원에 비해 경제적이다. 이러한 기술력을 인정받아 지난해 9월 열린 수소산업 전시회 H2MEET 2024에서 ‘베스트 프로덕트 미디어 어워드’ 대상을 수상한 바 있다.
HD현대인프라코어 정욱 엔진제품개발부문장은 ""이번 혹한지 테스트는 수소엔진 기술의 실용성을 검증하는 중요한 과정""이라며 ""앞으로도 친환경 모빌리티 시장에서 당사 수소엔진의 글로벌 경쟁력을 갖출 수 있도록 기술 개발에 박차를 가할 것""이라고 밝혔다.
[디펜스투데이]
Tag
#HD현대인프라코어
#수소엔진
#혹한성능테스트
#입증
#디펜스투데이
저작권자 © 디펜스투데이 무단전재 및 재배포 금지
이치헌 기자
다른기사 보기",{},True,수소엔진,2027-01,relevant,"이 기사는 HD현대인프라코어가 개발 중인 수소엔진 기술의 실용성과 안정성을 입증하는 내용을 다루고 있습니다. 2026년 초 양산을 목표로 하고 있으며, 2027년 상반기에 수소엔진 트럭이 출시될 예정이라고 언급하고 있어 상용화에 대한 구체적인 내용을 제공하고 있습니다."
"공군, 한국항공대학교와 한국우주항공력 포럼개최",2025-02,http://www.defensetoday.kr/news/articleView.html?idxno=8753,"한국항공대학교는 공군과 함께 2월 18일 서울 공군호텔 컨벤션홀에서 ‘한국우주항공력 포럼’을 공동 주최했다.
허희영 한국항공대 총장이 환영사에서 허희영 총장은 “대한민국의 국가 안보와 우주강국 도약을 위해 한국항공대가 73년간 쌓아온 항공우주분야 교육‧연구 성과를 민‧관‧군과 공유하는 허브로서의 역할을 하겠다”고 약속했다.(사진:디펜스투데이)
이번 포럼은 대한민국 우주전략 발전을 위한 민‧관‧군 협력의 장을 마련하기 위해 진행됐으며, 대한항공이 후원했다.
포럼의 주제는 ‘주변국 우주전력 증강에 따른 군의 대응 방향과 민의 역할’로 진행됐다. 
포럼에서 이영수 공군 참모총장과 허희영 한국항공대 총장은 환영사를 통해 포럼의 의미를 설명하고 참석한 내빈들에게 감사 인사를 전했다.
이영수 참모총장은 환영사에서 “오늘 포럼은 실제 전장에서의 우주전력 활용사례와 주변국 우주전력 증강 동향, 최신 우주무기체계 개발현황 등을 공유하고 분석함으로써 항공우주분야 발전을 위한 산‧학‧연‧군의 협력방안을 논의하고 국방 우주력 발전방향을 모색하는 귀한 시간이 될 것”이라고 강조했다.(사진:디펜스투데이)
이영수 참모총장은 환영사에서 “오늘 포럼은 실제 전장에서의 우주전력 활용사례와 주변국 우주전력 증강 동향, 최신 우주무기체계 개발현황 등을 공유하고 분석함으로써 항공우주분야 발전을 위한 산‧학‧연‧군의 협력방안을 논의하고 국방 우주력 발전방향을 모색하는 귀한 시간이 될 것”이라고 강조했다.
이에 허희영 총장은 “대한민국의 국가 안보와 우주강국 도약을 위해 한국항공대가 73년간 쌓아온 항공우주분야 교육‧연구 성과를 민‧관‧군과 공유하는 허브로서의 역할을 하겠다”고 약속했다.
축사에서 성일종 국회 국방위원장과 유용원 국민의힘 의원은 “불확실성이 증대되는 안보 상황에서 대한민국 우주전략 발전을 위해 민‧관‧군이 한 자리에 모여 의견을 나누는 자리를 마련한 것”을 높이 평가하며, 한국항공대가 민‧관‧군 연결고리로서의 역할을 수행한 것에 대해 감사의 뜻을 전했다.
유용원 국민의힘 의원은 “불확실성이 증대되는 안보 상황에서 대한민국 우주전략 발전을 위해 민‧관‧군이 한 자리에 모여 의견을 나누는 자리를 마련한 것”을 높이 평가하며, 한국항공대가 민‧관‧군 연결고리로서의 역할을 수행한 것에 대해 감사의 뜻을 전했다.(사진:디펜스투데이)
이날 개회식 기조강연은 한국항공대 석좌교수인 박종승 전 국방과학연구소(ADD) 소장이 맡았다. 박 교수는 “안보 인프라로서의 우주항공력 건설 방향’이라는 주제로 “주변 관심국의 우주력이 향상됨에 따라 민‧군이 대응방안을 수립해 새로운 패러다임의 우주무기체계 개발전략을 마련해야 할 시점”이라고 제언했다.
포럼에선 한국항공대, 공군, 대한항공, 국방산업연구원, 한화시스템, 한국항공우주산업, LIG넥스원 관계자가 심도 있는 토론을 진행했다. 이들은 중국과 북한의 우주력 증강, 트럼프 행정부의 대외정책 기조 변화 등으로 인해 우리나라도 새로운 우주전략을 수립할 시점이 왔다는 것에 공감대를 형성했다. 이어 최근 우크라이나-러시아 전쟁에서 전생의 승패를 결정하는 ‘게임 체인저’로 떠오른 우주자산을 어떻게 하면 우리 군의 우주항공력 증강에 활용할 수 있을지 심도깊게 논의했다.
개회식 기조강연은 한국항공대 석좌교수인 박종승 전 국방과학연구소(ADD) 소장이 했다.(사진:디펜스투데이)
1부 세션에서는 민간기업들이 우주시대를 대비한 미래 군의 우주전력 확보 방안에 대해 산업체 관점에서 제안하는 발표를 이어 나갔다. ▲한화시스템 권태훈 우주사업팀 단장은 ‘미래 군의 우주무기체계 제안’이라는 제목으로 자사의 우주사업 로드맵을 발표했고 ▲한국항공우주산업(KAI)의 정연재 팀장은 ‘우주전장시대를 대비한 재사용 우주비행체 활용방안’을 통해 군 무기체계 안에서 재사용 우주비행체를 활용할 것을 발표했다.
3번째로 ▲LIG넥스원 황홍연 연구위원은 ‘우주기반 우주감시 핵심기술’로서 우주영역인식 체계 및 핵심기술을 발표했으며 ▲대한항공 이윤표 팀장은 ‘공중발사체를 활용한 미래 군의 우주전력 확보 방안’을 통해 신속한 우주전력체계 구축을 위해 공중발사체를 적극 군이 활용해야 한다고 밝혔다.
기조연설이 끝나고 단체사진을 촬영했다.(사진:디펜스투데이)
2부 세션에서 공군본부 우주센터 정해욱 대령은 ‘우주상황인식 현황 및 발전 전략’을 주제로 “급변하는 주변국의 정세를 고려해 우주상황인식을 발전시킬 필요성이 있다”고 말했다.
한국항공대 우주시스템기술연구소(소장: 항공우주공학과 오현웅 교수) 교수진은 “대북 감시‧정찰 역량을 강화하고 한국형 3축 체계의 ‘킬체인(Kill Chain)’ 능력을 고도화하려면 초소형 군집 위성의 개발과 활용이 절실하다”고 강조하며, 미래 군을 위한 초소형 위성 활용 방안을 제시했다.
한화시스템 권태훈 우주사업팀 단장은 ‘미래 군의 우주무기체계 제안’이라는 제목으로 자사의 우주사업 로드맵을 발표했다.(사진:디펜스투데이)
우주시스템기술연구소는 한국항공대가 자체 우주 연구‧개발 역량을 집중하기 위해 2023년 신설한 교내 부설 연구소로, 위성‧탑재체 기술에 관련된 모든 학과 교수진이 팀을 이뤄 정부 및 산업체가 필요로 하는 위성 체계개발 연구를 공동으로 진행하고 있다.
이날 발표를 맡은 우주시스템기술연구소의 윤지중‧최윤혁 교수는 ‘큐브위성의 군 활용 해외사례’를 소개했으며, 오현웅 교수는 ‘큐브위성활용 우주영역인식’이라는 주제로 고프로 카메라 등 상용제품을 활용한 우주영역인식의 해외사례를 소개했다.
한국항공우주산업(KAI)의 정연재 팀장은 ‘우주전장시대를 대비한 재사용 우주비행체 활용방안’을 통해 군 무기체계 안에서 재사용 우주비행체를 활용할 것을 발표했다.(사진:디펜스투데이)
오 교수는 “추격형에서 국방우주개발에서 선도형 국방우주개발로의 전환을 위해 대학이 주도적으로 기술의 사전검증을 실시하고 그 성과를 국방 우주무기체계 사업에 반영하는 기술의 선순환구조 프로세스 정착이 절실히 요구된다”고 강조했다.
  한편,
공군본부 우주센터 정해욱 대령은 ‘우주상황인식 현황 및 발전 방향’을 주제로 “급변하는 주변국의 정세를 고려해 우주상황인식을 발전시킬 필요성이 있다”고 말했다.(사진:디펜스투데이)
이날 포럼에 참석한 200여 명의 내빈은 열린 토론 시간에 우리나라 우주전력 증강 방안에 대해 자유롭게 토의했다. 참석자들은 이번 행사가 민‧관‧군 협력에 있어 중요한 전환점이 될 거라는 데 뜻을 같이하고 다음 행사를 기약했다.
[디펜스투데이]
Tag
#한국항공대학교
#공군
#합동포럼
#한국우주항공력 포럼
#공군호텔
#디펜스투데이
저작권자 © 디펜스투데이 무단전재 및 재배포 금지
이승준 기자
다른기사 보기","{""우주/위성"": [""우주상황인식""], ""AI/컴퓨팅"": [""AI""], ""방산기업"": [""KAI""]}",True,우주 전력,,relevant,"이 뉴스는 대한민국의 우주 전략 발전을 위한 민관군 협력을 다루고 있으며, 주변국의 우주 전력 증강에 따른 군의 대응 방향과 민간의 역할을 다루고 있다. 구체적인 기술명이나 배치 시점은 언급되지 않았지만, 우주 무기 체계 개발 등 관련 내용이 포함되어 있어 군사 기술과 관련이 있는 것으로 판단된다."
"방사청장 노르웨이 KSAT사 방문",2025-01,http://www.defensetoday.kr/news/articleView.html?idxno=8645,"1월 23일(현지시각)에 석종건 방사청장과 우주지휘통신사업부장이 KSAT사를 방문했다.
1.23.(목)(현지 기준) 노르웨이 KSAT사에서 석종건 방위사업청장과 아눌프 셸센(Arnulf Kjeldsen - CEO, KSAT Global) 대표가 방문 기념사진을 찍고 있다.(사진:방위사업청)
1.23.(목)(현지 기준) 노르웨이 KSAT사에서 석종건 방위사업청장과 아눌프 셸센(Arnulf Kjeldsen - CEO, KSAT Global) 대표가 면담 중이다. (사진:방위사업청)
KSAT사 대표, 수석부사장과 우주 KSAT사가 제공하는 상용위성 영상을 활용하여 한반도 감시 공백을 최소화하고, 한국형 3축체계 조기 확보를 위한 협력 방안을 논의했다.
1.23.(목)(현지 기준) 노르웨이 KSAT사에서 석종건 방위사업청장과 아눌프 셸센(Arnulf Kjeldsen - CEO, KSAT Global) 대표가 면담 중이다. (사진:방위사업청)
방위사업청은 노르웨이 정부가 추진 중인 자주포 및 다련장로켓 확보 사업과 연계하여 우주 분야를 절충 교역에 포함하는 방안을 협의했다.
방위사업청장 및 참석인원들과 KSAT사 임원들과 단체사진을 찍었다.(사진:방위사업청)
또한, 고가의 위성 개발 및 운용 비용을 낮추기 위해 국내 위성 영상을 판매하는 비즈니스 모델 구축 방안을 협의했다.
[디펜스투데이]
Tag
#방위사업청
#노르웨이
#KSAT사
#디펜스투데이
저작권자 © 디펜스투데이 무단전재 및 재배포 금지
안형진 기자
다른기사 보기","{""AI/컴퓨팅"": [""AR""]}",True,상용위성 영상 활용,2025-01,relevant,"방위사업청장이 노르웨이 KSAT사를 방문하여 한반도 감시 공백 최소화와 한국형 3축체계 조기 확보를 위한 상용위성 영상 활용 협력 방안을 논의한 것으로 보아, 상용화/전력화를 다루고 있습니다. 구체적인 기술명과 전력화 시점이 제시되어 있습니다."
"잠수함용예인정-II 구매사업 착수",2025-01,http://www.defensetoday.kr/news/articleView.html?idxno=8605,"방위사업청(청장 석종건)은 1월 15일(수) 동일조선(부산)에서 잠수함용예인정-Ⅱ 구매사업의 착수회의를 개최했다. 
잠수함용예인정-Ⅱ는 2026년 말부터 해군에 인도되어 장보고-Ⅲ의 안전한 입·출항 지원과 소화 지원, 해양오염 방제 등 다양한 분야에서 활용될 함정입니다. 기존 장보고-Ⅲ 입·출항 지원을 위해서는 2척의 예인정이 필요했으나, 잠수함용예인정-Ⅱ는 현측예인 등이 가능하여 1척만으로도 임무를 수행할 수 있어, 잠수함 입·출항 지원이 보다 안전하고 빠르게 이루어질수 있다.
15일 동일조선에서 열린 '잠수함용예인정-II 구매사업 착수회의'에서 이상우 방사청 한국형잠수함사업단장(왼쪽에서 8번째)과 김성태 동일조선 대표이사(왼쪽에서 9번째) 등 참석자들이 기념촬영했다.(사진:방위사업청)
방위사업청 한국형잠수함사업단장(고위공무원 이상우) 주관으로 해군, 기품원, 조선소 등 사업관계자 등이 참석해 진행된 이번 회의는‘잠수함용예인정-Ⅱ’를 적기에 해군에 인도하기 위해 개최하는 첫 회의로 함 설계방향과 탑재 장비 확보계획 등 전반적인 사업계획을 공유하고 작업공정 관리, 형상 및 품질관리, 부품 단종관리 등 각 분야별 임무와 협조 사항을 깊이있게 논의했다.
’24년 12월 구매시험평가결과‘전투용적합’판정 후 제117회 방위사업기획관리분과위원회에서 기종결정(안)을 심의ㆍ의결하고 동일조선과 구매계약을 체결하였다. 
특히 이번 사업은 상세설계를 거쳐 선도함과 후속함을 건조하는 기존의 함정 획득 방식과 달리 구매 절차를 함정에 적용한 최초의 사업이다. 
잠수함용예인정-Ⅱ 구매사업 착수회의를 하고 있다.(사진:방위사업청)
민간의 성숙한 상용기술을 활용해 신속하게 함정을 건조하고 요구성능을 달성하는 동시에, 비용 절감의 경제적인 측면 등을 종합적으로 고려하여 사업을 추진하고 있다. 
 
계약기간은 2024년부터  2027년까지며,  금액은 약 290억 원이다.
이번 착수회의에서 방위사업청 한국형잠수함사업단장(고위공무원 이상우)은 ""잠수함용예인정-Ⅱ사업은 함정 최초로 구매방식으로 추진하는 의미있는 사업으로, 성공적으로 사업이 수행되면 향후 타 전투근무지원정*에도 확대 적용할 수 있는 선도적인 사업모델이 될 것이다""라고 말했다.
[디펜스투데이]
Tag
#잠수함용예인정-Ⅱ 구매사업
#방위사업청
#디펜스투데이
저작권자 © 디펜스투데이 무단전재 및 재배포 금지
이승준 기자
다른기사 보기",{},True,잠수함용예인정-Ⅱ,2026-12,high,"이 기사는 잠수함용예인정-Ⅱ 구매사업의 착수 및 계획을 다루고 있습니다. 2026년 말부터 해군에 인도될 예정이며, 장보고-Ⅲ 잠수함의 안전한 입출항 지원과 소화 지원, 해양오염 방제 등 다양한 용도로 활용될 것이라고 명시하고 있습니다. 따라서 이 기사는 군사 기술의 상용화/전력화/배치를 다루고 있으며, 기술명과 배치 시점이 명확하게 제시되어 있습니다."
"HD현대, 수소상용화 독자기술로 개발 성공",2025-01,http://www.defensetoday.kr/news/articleView.html?idxno=8596,"HD현대가 선박용 액화수소 탱크 제작 및 진공단열 기술 개발에 성공하며, 수소 상용화를 앞당기고 있다.
HD현대의 조선 부문 중간지주사 HD한국조선해양은 최근 로이드선급(LR) 등 국제선급협회(International Association of Classification Societies, IACS) 소속 4개 선급(로이드선급(LR), 미국선급(ABS), 노르웨이선급(DNV), 한국선급(KR))으로부터 ‘액화수소 탱크의 진공단열 기술에 대한 기본승인(AIP)’을 획득했다고 1월 14일(화) 밝혔다.
대형 액화수소 운반선 조감도(사진:HD현대)
앞서 지난달에는 노르웨이선급으로부터 ‘선박용 액화수소 탱크 제작을 위한 용접 절차(WPS, Welding Procedure Specification)’에 대한 승인도 완료했다.
이로써 HD한국조선해양은 국내 최초로 선박용 액화수소 탱크의 소재 선정 및 검증, 용접 기술을 모두 확보하는데 성공했다.
수소는 대표적인 미래 청정 에너지원으로 손꼽히고 있으나, 선박용 대형 액화수소 저장 탱크의 설계 및 제작 기술 부족으로 상용화에 어려움을 겪고 있는 상황이다.
액화수소 탱크 진공단열 기술 실증 현장 (사진:HD현대중공업)
무엇보다 액화수소 탱크 제작을 위해서는 특수 소재를 활용한 표준화된 용접 절차와 평가 기준이 필요하지만 이에 관한 규정이 전무한 상황이었다. 또한 LNG보다 9배 이상 높은 액화수소의 증발률을 억제하기 위해서는 탱크 내 단열 공간을 진공상태로 만들어야 하는데, 현재 기술로는 진공상태에 이르기까지 오랜 시간이 소요돼 탱크를 대형화하기가 쉽지 않았다.
이를 위해 HD한국조선해양은 지난해 8월 노르웨이선급과 공동 개발 프로젝트(JDP, Joint Development Project)를 체결하고 선박용 액화수소 탱크 제작을 위한 세부 기준 마련에 착수, 표준 용접 절차와 평가 항목을 만들어 선급 승인을 획득했다.
진공단열 기술의 독자 개발에도 성공했다. HD한국조선해양이 새롭게 개발한 진공단열 기술을 적용할 경우, 선박 운항 중에도 –253℃의 극저온 환경에서 액화수소 탱크의 단열 공간을 진공상태로 유지할 수 있어 다량의 액화수소를 손실 없이 안전하게 운송할 수 있다. 또한 탱크 내부를 진공상태로 만드는데 필요한 시간을 크게 단축, 기존 수개월이 소요되던 작업을 수일 만에 끝마칠 수 있게 됐다.
HD한국조선해양 관계자는 “수소 사회로의 전환은 피할 수 없는 시대적 흐름”이라며, “HD한국조선해양은 바다를 통한 수소의 운송과 저장 기술 개발을 선도해 수소의 상용화를 앞당길 것”이라고 밝혔다.
한편, HD한국조선해양은 글로벌 수소 운송 시장 선점을 위해 2024년 2월 우드사이드에너지, 현대글로비스, 일본의 글로벌 선사 MOL과 액화수소 운송 밸류체인 개발 협력에 대한 양해각서를 체결한 바 있다.
[디펜스투데이]
Tag
#HD현대
#액회수소
#기술실증
#디펜스투데이
저작권자 © 디펜스투데이 무단전재 및 재배포 금지
이승준 기자
다른기사 보기","{""AI/컴퓨팅"": [""AI""], ""무기/방어체계"": [""DE""], ""의료/생체"": [""RNA""], ""기타/기술"": [""IP""]}",True,액화수소 탱크 기술,2025-01,high,"이 기사는 HD현대가 선박용 액화수소 탱크 제작 및 진공단열 기술 개발에 성공했다는 내용을 다루고 있습니다. 이를 통해 수소 상용화를 앞당길 수 있게 되었으며, 2025년 1월 시점에 개발이 완료되었습니다. 기술명과 상용화 시점이 명확하게 제시되어 있어 품질이 높습니다."
"워리어플랫폼 일부, 전장가시화체계개발 완료",2024-12,http://www.defensetoday.kr/news/articleView.html?idxno=8514,"방위사업청(청장 석종건)은 12월 18일(수) 연구개발주관기관인 한화시스템에서 체계개발 종료회의를 실시하여,‘개인전장가시화체계 사업’의 체계개발이 성공적으로 완료됐음을 확인했다. 
개인전장가시화 체계 형상(사진:방위사업청)
방위사업청은 향후 양산계약을 체결하고 개인전장가시화체계의 본격적인 양산에 돌입할 예정이다.
개인전장가시화체계는 개인 무전기와 상용스마트폰을 플랫폼으로 하는 정보처리기를 이용하여 적과 아군의 위치를 공유하고, 신속한 상황 전파와 의사결정까지 할 수 있는 최초의 개인전투체계다. 
팀원들이 표준화된 문자 메시지 뿐만아니라 표적의 영상 등까지 다양한 정보를 공유하고, 조준경으로 식별한 표적을 정보처리기에 표시/전파하여 적에 노출되지 않는 은·엄폐 상태에서 사격할 수 있어 우리 군의 전투력과 생존성 향상이 기대된다.
개인전장가시화 체계 형상 운용 개념도(사진:방위사업청)
개인전장가시화체계 사업은 2024년 6월 전투용 적합 판정을 받은 후, 7월에 국방규격 제정을 완료했다. 
8월부터 11월까지 양산제조성숙도 평가와 양산 심층 검토(한국국방연구원 수행)를 통해 양산진입이 가능한 Level 8을 달성하여, 양산사업의 타당성을 확인했다. 
개인전장가시화 체계 명령체계(사진:방위사업청)
방위사업청 첨단기술사업단장(고위공무원 김태곤)은 “실시간으로 전장상황을 가시화할 수 있는 개인전장가시화체계의 체계개발이 성공적으로 완료되어 전투원의 생존성 보장과 팀 단위 전투력이 크게 향상될 것으로 기대된다.”라고 밝혔다.  
[디펜스투데이]
Tag
#개인전장가시화체계 사업
#체계개발완료
#방위사업청
저작권자 © 디펜스투데이 무단전재 및 재배포 금지
이승준 기자
다른기사 보기",{},True,개인전장가시화체계,2024-12,high,"이 기사는 개인전장가시화체계의 체계개발 완료와 이를 토대로 한 향후 양산 계획을 다루고 있어, 군사 기술의 상용화/전력화/배치/개발완료를 다루는 것으로 볼 수 있습니다. 기술명과 상용화 시점(2024년 12월)이 명시되어 있어 정보의 질이 높습니다."
"LIG넥스원, 정찰용 무인수상정 체계개발사업 계약 완료",2024-12,http://www.defensetoday.kr/news/articleView.html?idxno=8498,"LIG넥스원(대표이사 신익현)이 방위사업청과 ‘정찰용 무인수상정 체계개발사업’ 계약 체결을 완료했다.
무인수상정 '해검-2' (사진:LIG넥스원)
미래 해양 무인체계의 핵심인 무인수상정 연구개발과 해군 유‧무인 복합전투체계인 ‘네이비 씨 고스트(Navy Sea GHOST)’의 완성을 향한 의미있는 진전이다.
사업 규모는 398.65억원으로, 해군 전진기지 및 주요항만에 대한 감시정찰 및 신속한 현장대응 능력을 보강하기 위해 12m급 무인수상정 두 척을 2027년까지 업체주관으로 개발한다. 
무인수상정 '해검-2' (사진:LIG넥스원)
LIG넥스원은 2015년부터 민군 과제로 무인수상정 ‘해검(Sea Sword)’ 시리즈를 자체 개발하며 관련 경험과 기술을 축적해왔다. 추후 작전반경 확장을 위해 저궤도 상용위성까지 연동이 가능하도록 개발을 진행할 계획이다.
국내 최초로 전력화될 무인수상정의 개발이 최종 완료되면 K-방산의 해외시장 공략에 앞장설 대표 무기체계로 자리매김할 전망이다. 다양한 임무장비를 탑재할 수 있도록 무인수상정의 무장 및 탐지체계를 모듈화하고, 품목도 다변화할 계획이다. 
무인수상정 '해검-3' (사진:LIG넥스원)
이를 통해 급변하는 미래전 양상에 대응할 해양 플랫폼 분야의 가장 신뢰받는 솔루션으로 만들어낸다는 포부다. 
[디펜스투데이]
Tag
#LIG넥스원
#해검-2
#헤감-3
#정찰용 무인수상정 체계개발사업 계약
#네이비 씨 고스트
#디펜스투데이
저작권자 © 디펜스투데이 무단전재 및 재배포 금지
안형진 기자
다른기사 보기","{""우주/위성"": [""저궤도""], ""무인/자율시스템"": [""무인수상정""]}",True,정찰용 무인수상정,2027-00,relevant,"기사에 따르면 LIG넥스원이 방위사업청과 '정찰용 무인수상정 체계개발사업' 계약을 완료했으며, 2027년까지 12m급 무인수상정 2척을 개발할 계획이라고 언급되어 있어 상용화/전력화 관련 내용이 다루어지고 있습니다."
"롤스로이스제 B-52J 개량형 폭격기용 차기엔진 F130, 상세 설계 검토통과",2024-12,http://www.defensetoday.kr/news/articleView.html?idxno=8478,"롤스-로이스 F130 엔진이 미공군의 B-52J 폭격기에 동력을 공급하는 데 한 걸음 더 가까워졌다.
10월에 개최되었지만 지금까지 공개되지 않은 F130 상세설계검토 설계의 성숙도를 검증하는 엔지니어링 프로세스의 중요한 과정이다.
롤스로이스는 CDR을 완전히 마무리하려면 앞으로 몇 달 안에 몇 가지 추가 단계를 거쳐야 하지만, 이제 추가 테스트에 관심을 돌리고 생산 준비를 할 수 있다. 
B-52J 개량에 탑재할 F130 엔진 상세설계검토를 통과했다.(사진:롤스로이스)
결국 롤스-로이스는 2021년 롤스로이스가 수주한 26억 달러 규모의 계약에 따라 B-52H 폭격기 전 기종에 F130을 탑재하고 현재의 프랫 앤 휘트니제 TF33을 대체할 예정이며 더 광범위한 B-52 상용 엔진 교체 프로그램(CERP)의 핵심 부품으로 사용될 것으로 예상하고 있다.
롤스로이스는 상세설계검토은 1월까지 예상되었지만 10월 검토는 여전히 미공군의 일정 내에 있다고 밝혔다.
B-52 제조업체인 보잉은 주요 통합업체로서 전반적인 CERP 노력을 주도하고 있으며, 여기에는 업그레이드된 항공 전자 공학 등 수십 년 된 폭격기에 대한 다른 변경 사항이 포함된다.
CERP는 연료 효율성과 유지보수성을 개선하여 전체 프로젝트가 완료된 후 B-52H를 B-52J로 재탄생시키는 것을 목표로 한다. 
각각 4개의 트윈 포드를 장착하여 총 8개의 엔진을 장착한 76대의 아이젠하워 대통령 말기에 만들어진 폭격기로 구성된 공군 폭격기들에 대한 대대적인 개편이며, 이들 폭격기는 수명이 다하는 2050년대까지 새로운 F130과 함께 비행할 것으로 예상된다. 
괌 앤더슨 공군기지에서 신속폭격대등부대로 운용중인 B-52H 폭격기(사진:U.S.Air Force)
롤스로이스 생산 결정이 가까워짐에 따라 현재 인디애나폴리스에 있는 롤스로이스 시설에서 역풍 테스트를 마친 후 새로운 엔진 시험을 진행 중이다. 
롤스로이스는 2024년 가을부터 인디애나폴리스에서 엔진의 초기 소프트웨어 릴리스 실행을 포함한 해상 테스트(FETT)를 시작한 F130 퍼스트 엔진은 해상 테스트를 시작했다. 해상 테스트(FETT)는 F130의 성능 기준을 설정하며, F130의 기반이 되는 회사의 상용 엔진 제품군의 3천만 시간 이상의 엔진 비행 시간이 이를 뒷받침한다고 밝혔다. 
F-130 엔진은 테네시주 툴라호마에 위치한 공군의 아놀드 엔지니어링 개발 단지에서 고도 테스트를 거치게 된다.
초도 비행체 앞서 인디애나 폴리스에서 내구성 테스트를 수행 할 것이다. 
롤스로이스와 체결한 CERP 계약에는 608개의 엔진과 예비 부품이 포함되어 있다. 
2030년대 초까지 롤스로이스는 전투용 엔진 포트폴리오의 생산량을 연간 100대 이상으로 늘릴 수 있을 것으로 보고 있다.
롤스로이스는 현재까지 테스트 프로그램을 예측을 확인했으며 미공군을 위한 고정 가격 계약을 차질 없이 이행할 수 있게 되었다.
[디펜스투데이]
Tag
#롤스로이스
#B-52J
#F130엔진
#미공군
#U.S.Air force
#디펜스투데이
저작권자 © 디펜스투데이 무단전재 및 재배포 금지
안형진 기자
다른기사 보기","{""AI/컴퓨팅"": [""AI""], ""센서/통신"": [""IR""], ""항공기"": [""B-52""]}",True,F130 엔진,2024-12,high,이 기사는 미국 공군의 B-52J 폭격기용 차기 엔진인 롤스로이스의 F130 엔진의 상세 설계 검토를 통과했다는 내용을 다루고 있습니다. 상용화/전력화 시점도 명확히 제시되어 있습니다.
"진화하는 카운터 드론 기술 : RF 사이버 솔루션의 필요성",2024-12,http://www.defensetoday.kr/news/articleView.html?idxno=8461,"최근 몇 년 동안 무인 항공 시스템(UAS)의 급속한 확산은 전 세계 군, 경찰, 보안 및 경호기관에 심각한 위협적 도전이 되고 있습니다. 드론 기술이 발전함에 따라, 그로 인한 잠재적 위협을 탐지, 식별 및 무력화하는 방법도 같이 발전해야 합니다.
본지는 이 기사에서는 한국 안보/보안 환경을 고려할 때 새롭게 개발된 RF 사이버 기술이 기존의 카운터 UAS 무력화 방식과 비교하여 어떠한 장점과 효율성이 있는지 살펴보고자 합니다.
  드론 위협 환경
현대사회는 다양한 분야에서 드론이 합법적 및 효율적으로 사용되고 있으나, 또한 불법적으로 사회에 위해를 가하는 목적으로도 널리 사용되고 있습니다.
시민과 사회의 생명과 안전을 책임지는 정부 및 보안 기관들은 공항, 항만, 발전소/변전소, 정수장 등의 국가주요시설 및 군/관/기업의 주요 인프라 및 공공 행사 등을 불법 및 무단으로 침입하는 드론으로부터 보호해야 할 필요성이 증가하고 있음을 알고 있으며 적극적인 대응체계 및 전략을 수립하고 있습니다.
드론은 다양한 분야에서 많은 이점을 제공하지만 잠재적인 오용은 심각한 보안/안전 위험을 초래합니다.
새로 증가하는 드론 위협
- 중요보안 및 민감한 시설에 대한 스파이 행위 및 감시
- 공개 행사 또는 중요 인프라를 침범, 정상적 운영 중단
- 테러 활동을 위한 잠재적 무기로 활용
- 교도소 또는 국경을 넘어 밀수품을 밀반입하는 행위
나날이 진화하는 드론으로 인한 위협에 대응할 안전하고 효과적인 방어체계가 필요 합니다.
기존의 Counter-UAS 방어체계
기존의 카운터 드론 기술은 Radar, EO/IR 센서, Jamming 및 드론 충돌을 통해 무력화 솔루션을 통합한 방식에 의존했습니다. 이러한 방법들은 무력화 수단으로 장점이 있지만 동시에 상당한 제한 사항들도 있습니다. 각 무력화 수단별 직면한 문제들을 살펴보면;
레이더 및 EO/IR 탐지
- 낮게 비행하는 소형 드론을 탐지하는 데 어려움을 겪고 있습니다.
- 새나 다른 공중 물체들을 드론으로 오탐하는 일이  발생하며,
- 복잡한 환경의 도시 등은 LOS(Line Of Sight: 가시선)가 제한되어 무력화가 제한적 입니다.
Jamming
- 합법적으로 운용되는 주변 통신 및 항법 시스템들에 대한 간섭
- 제한된 범위에 국한된 무력화 및 특정 타겟 무력화 시 정확도 문제 대두
Hard Kill 솔루션
- 타격 후 추락하는 드론 또는 요격 드론으로 인한 2차 피해 위험
- 인구 밀집 지역 또는 민감한 환경의 중요 인프라 지역에서의 사용 제한
이러한 전통적인 무력화 방법은 특정 지역 및 군사 목적으로는 여전히 유용하지만 최근 정부 및 보안 기관들이 직면한 다양한 용도의 상용드론의 위협을 제거할 목적으로는 부족한 경우가 많습니다.
RF 사이버 기술의 부상
RF 사이버 기술은 Counter UAS 체계의 패러다임 변화를 이끌고 있습니다. 이 기술은 드론과 운영자 간의 통신 링크를 활용하여 탐지, 추적 무력화를 진행하여 기존 Counter UAS 기술의 한계를 극복하는 몇 가지 확실한 이점을 제공합니다.
정확한 탐지 및 식별
RF 사이버 시스템은 드론의 고유한 통신 속성을 분석하여 드론을 탐지, 추적 및 정확하게 식별할 수 있습니다. 이 방법은 오탐을 크게 줄이고 드론의 제조사, 모델 및 기능에 대한 중요한 정보를 제공합니다. 이러한 시스템은 위협이 되는 드론들의 기술 자료를 신속하고 지속적으로 업데이트하여 새로운 드론기술에 대응할 수 있습니다.
부수적 피해 영향 최소화
재밍 또는 Hard-Kill 솔루션과 달리 RF 사이버 기술은 방어하는 지역내 운영중인 다른 전자 시스템에 영향을 미치거나 인가된 드론의 운항에 위협을 초래하지 않고 특정 불법 드론들만 선택적으로 특정하여 탐지 및 무력화를 진행할 수 있습니다. 이러한 정밀한 Counter-UAS 기술은 도시 환경이나 전파환경에 민감한 공항, 항만, 발전소, 변전소 및 중화학공업 시설 등과 같은 지역에서 특히 필요한 대응 수단입니다.
융통성 있는 무력화 방법
기술적으로 진보된 RF 사이버 시스템은 시설 보안/안전 운영자들의Counter-UAS 장비 운영 시, 특정한 위협 요인들에 따라 다음과 같이 선택적인 안전한 방어 옵션을 제공할 수 있어야 합니다.
- 불법드론을 사전에 지정된 지역에 안전한 경로를 통해 착륙시키거나,
- 해당 드론을 최초 이륙지점으로 되돌려 보냅니다.
정보 수집
RF 사이버 기술은 침입한 드론들에 대한 모든 데이터를 수집할 수 있습니다. 이 정보들은 만약의 사고발생 시 분석 및 위협요소 평가 등을 통해 향후 유사한 드론 침입 방지에 매우 중요한 자료를 축적할 수 있습니다..
D-Fend Solutions사 EnforceAir: RF 사이버 혁신을 통해 개발된 사례
RF 사이버 기술개발의 최전선에 있는 회사 중 하나인 D-Fend Solutions는 주력 제품인 EnforceAir를 개발 생산 판매하고 있습니다. 이 시스템은 미래 Counter-UAS 기술인 RF Cyber System의 장점을 갖추고 있습니다.
EnforceAir는 최첨단 RF-Cyber 기술을 활용하여 불법으로 침입한 드론을 탐지, 식별 및 무력화하며, 주요 기능은 다음과 같습니다.
- 불법으로 침입한 드론을 자동 및 수동 방식으로 실시간으로 탐지, 식별 (드론 제조사, 모델, S/N, 드론 위치 및 조종사위치와 드론의 고도/속도/운항방향 등의 정보) 및 추적이 가능합니다.
- 불법드론들만 식별하여 무력화: 지역내 다른 전자 및 통신장비의 정상적 운영에 영향을 주지 않고, 인가된 드론의 안전한 비행을 보장하며 특정된 불법드론만을 선택적으로 무력화 할 수 있습니다.
- 다양한 작전 활용 옵션: EnforceAir는 동일장비를 24시간 고정하여 운영하거나, 차량에 탑재 후 이동하며 운영할 수 있고, 지역을 이동하며 설치, 사용할 수 있는 전술형 및 개인이 휴대하여 방어작전을 수행할 수 있는 휴대용 장비가 있습니다.
- 통합운영 : EnforceAir는 기존 보안 인프라 및 통합제어시스템과 통합하여 운영이 가능합니다.
- 지속적인 Library Update: 분기별 Library Update를 통해 새로 개발되는 드론모델 및 진화하는 위협에 대응하여 새로운 통신환경에 적합하게 적기에 효과적으로 대응합니다.
국내 Counter-UAS 장비로 활용 시 이점
RF 사이버 기술은 C-UAS 대응체계로서 한국의 주요방어시설, 군대, 경찰 및 안보환경에 다음과 같은 몇 가지 주요 이점을 제공합니다.
- 도시환경 대응장비: 시민생활과 사회기반시설의 운영의 침해 없이, 복잡한 도시 환경에서 불법드론을 정확하게 탐지하고 무력화할 수 있으므로, 특히 한국과 같은 인구밀도가 높은 도시에 크게 유용합니다.
- 다양하고 융통성 있는 방어체계: 특정시설부터 대규모 이벤트 보호까지  RF 사이버 시스템은 다양한 보호 및 경호 요구를 충족할 수 있습니다. 이러한 확장성은 특정한 일부지역의 위협은 물론 동일 조건의 전국의 시설까지 확장하여 운영할 수 있습니다. 
- 드론 위협의 사전적 관리: 드론 활동에 대한 정보를 수집 분석함으로 보안 기관은 보다 효과적인 드론 대응 전략 및 정책을 개발하고, 축적된 자료를 통해 보안 및 경호 프로토콜을 지속적으로 개선할 수 있습니다.
- 기존 시설 및 환경의 운영 중단 최소화: RF 사이버 시스템의 정밀한 대응을 통해 위협의 제거절차 시 기존 시설들은 정상 운영되며, 합법적으로 비행하는 드론들은 임무를 정상 수행할 수 있습니다
- 새로운 위협에 대한 적극적 대응: 드론 기술 발전에 대응하여 RF 사이버 시스템을 지속적으로 업데이트하며, 새로운 통신 프로토콜과 그에 따라 진화하는 드론들에 적기 대응하며 장기적인 대안으로 지원합니다. 
미래 드론방어체계의 발전 방향
RF 사이버 기술은 불법드론 방어에 많은 이점이 있으나, 효과적인 드론방어 시스템의 구축을 위하여 철저한 준비와 계획이 필요합니다:
-전문 지식을 갖출 수 있는 충분한 교육이 필요합니다 : 대-드론체계를 운영할 담당자는 RF 사이버 시스템을 효과적으로 운영하고 제공된 데이터를 해석할 수 있도록 철저한 교육이 필요합니다. 다행히도 현재 개발된 RF Solutions은 담당자들이 쉽게 사용할 수 개발되어 짧은 시간 집중적인 교육만으로 충분할 것입니다.
- 기존  방어체계와의 통합: RF 사이버 솔루션은 기존 방어체계와의 통합이 원활하여 다층 방어체계 구축이 가능한 최적화된 통합 솔루션을 구축할 수 있습니다. RF 솔루션은 포괄적인 드론 대응체계의 일부가 되어 통합 시너지를 창출해야 합니다.
- 지속적인 Library Update: 진화하는 드론위협에 대하여 적기 효율적인 대응체제를 유지하기 할 수 있도록, 시스템 성능에 대한 정기적인 점검과 새로 출시되는 드론들에 대한 분석 및 Library 업데이트가 필수적입니다.
결론
RF 사이버 기술은 불법드론으로 인해 발생하는 위협들에 효과적으로 대응할 수 있는 첨단 방어체계 구축이라는 새로운 기술 도약입니다. 이러한 첨단 기술을 수용함으로써 한국 안보/보안 담당자들은 증가하는 드론의 불법적 사용으로 인해 발생할 수 있는 중요한 국가자산과 공공 안전을 보호할 수 있는 역량을 강화할 수 있습니다.
기존의 대(對)UAS 방어체계 역시 포괄적인 방어체계로서 역할을 하지만, RF 사이버 기술과의 통합은 드론 탐지 및 무력화에 대한 보다 정확하고 유연하며 효과적인 방어체계로써 진보된 방어System을 구축하게 됩니다. D-Fend Solutions은 이 분야에서 혁신적인 개발을 선도하고 있으며, 한국을 포함한 세계 보안 전문가들은 새로운 드론 위협에 대해 안전하고 효과적으로 대응하기 위해 혁신적인 솔루션을 면밀히 검토하고 기존 방어체계의 개선을 고려해야 합니다.
미래의 대(對)UAS 기술은 다양하고 진화하는 드론 위협 특성에 적극적으로 대응할 수 있는 지능형 시스템의 개발에 달려 있습니다. 우리나라 역시  RF 사이버 솔루션에 투자하고 이 분야의 전문가를 육성함으로써 한국의 드론 대응 역량을 강화하여 국민의 생명과 재산을 지킬 수 있도록 관심과 지원이 필요한 때 입니다. 
[디펜스투데이]
Tag
#카운터드론기술
#RF사이버솔루션
#UAS방어체계
#디펜스투데이
저작권자 © 디펜스투데이 무단전재 및 재배포 금지
이승준 기자
다른기사 보기","{""무인체계"": [""UAS""], ""AI/컴퓨팅"": [""AI"", ""AR""], ""센서/통신"": [""RF"", ""IR""], ""재료/제조"": [""TEM"", ""AM""], ""첨단기술"": [""cyber"", ""radar""]}",True,RF 사이버 기술,,relevant,"이 기사에서는 기존의 레이더, 센서, 교란 등의 방식의 한계를 극복할 수 있는 RF 사이버 기술의 부상에 대해 다루고 있습니다. 상용화 시점은 명시되어 있지 않지만, 이 기술이 새롭게 부상하고 있음을 보여주고 있습니다."
"LIG넥스원,미국 소재 기업 일렉트론잉크스와 R&D 협력",2024-12,http://www.defensetoday.kr/news/articleView.html?idxno=8437,"LIG넥스원(대표이사 신익현)이 미국의 첨단 소재 기업인 일렉트론잉크스(Electroninks)와 ‘복합 전도성 잉크 기반의 차세대 부품소재’ 개발을 위해 공동 연구개발에 나선다. 
LIG넥스원 신익현 대표(왼쪽), 멜브스 르미유(Melbs LeMieux) 일렉트론잉크스 사장(오른쪽)이 '차세대 부품소재 기술개발 및 상용화를 위한 전략적 협력 양해각서(MOU)'를 체결한 후 기념촬영을 하고 있다.(사진:LIG넥스원)
LIG넥스원은 12월 3일 LIG넥스원 판교R&D센터에서 신익현 LIG넥스원 대표, 멜브스 르미유(Melbs LeMieux) 일렉트론잉크스 사장(공동 창업자) 등 주요 관계자가 참석한 가운데 차세대 부품소재 기술개발 및 상용화를 위한 전략적 협력 양해각서(MOU)를 체결했다고 밝혔다.
이번 협약을 통해 LIG넥스원과 일렉트론잉크스는 방위산업의 중요한 과제로 부각되고 있는 첨단 소재 기술 확보를 위한 R&D를 함께 수행한다. 양사는 특히 ▲복합 전도성 잉크 기반 차세대 부품소재 공동연구 ▲정부 사업 수주를 위한 제품 프로토타입 공동개발 ▲방산 신소재 시장 공략을 위한 협업 확대 등의 긴밀한 협력을 추진할 예정이다.
LIG넥스원 신익현 대표(왼쪽에서 네번째), 멜브스 르미유(Melbs LeMieux) 일렉트론잉크스 사장(왼쪽에서 다섯번째) 등 주요 관계자들이 '차세대 부품소재 기술개발 및 상용화를 위한 전략적 협력 양해각서(MOU)'를 체결한 후 기념촬영을 하고 있다.(사진:LIG넥스원)
미국 텍사스 오스틴에 연구 시설을 갖춘 일렉트론잉크스는 금속유기분해(MOD, Metal Organic Decomposition) 기술에 기반한 금속복합 무입자 전도성 잉크 분야의 글로벌 선두 주자이다. 
일렉트론잉크스는 무입자 은(Ag) 복합 전도성 잉크 최초 개발을 시작으로 금, 백금, 니켈, 구리 MOD 제품을 포함한 종합 포트폴리오를 제공하는 유일한 글로벌 공급업체로, 반도체, 디스플레이, 전자파(EMI, Electromagnetic Interference) 차폐 시장에서 주목받는 기업으로 성장하고 있다.
복합 전도성 잉크는 전통적인 입자형 또는 페이스트형 잉크에 비해 훨씬 적은 양의 재료로도 요구 성능을 충족하여 높은 기술력과 신뢰성을 입증받고 있다. LIG넥스원의 핵심 제품에 적용되면 부품 경량화 및 비용 절감에 기여할 것으로 기대된다.
MOU 관련 이미지(사진;LIG넥스원)
LIG넥스원은 지난 7월 미국 4대 사족보행로봇 전문기업인 고스트로보틱스(Ghost Robotics)의 지분 약 60%를 인수하고 2.75인치 유도로켓 ‘비궁’의 미 국방부 5차 FCT(Foreign Comparative Testing)를 통과하는 등 미국 시장 진출에 박차를 가하고 있다. 이번 협약 또한 향후 대미 수출 성사에 긍정적인 역할을 할 것으로 기대된다.
신익현 LIG넥스원 대표이사는 “대한민국 대표 방산기업 LIG넥스원과 미국의 첨단 소재 기업인 일렉트론잉크스의 긴밀한 협력이 우리나라의 차세대 국방 역량 향상과 방위산업 전반의 기술 경쟁력 강화로 이어지기를 바란다”라고 전했다. 
멜브스 르미유 일렉트론잉크스 사장은 “LIG넥스원과의 협력은 당사 전도성 잉크 기술 상용화를 앞당기고 한국 시장 진출의 중요한 디딤돌이 될 것이고, 나아가 한미 방위 협력 강화에도 기여할 것”이라고 말했다. 
LIG넥스원은 미국을 비롯한 글로벌 첨단기술 스타트업과의 오픈 이노베이션(Open Innovation)을 지속 추진하여, 방위산업을 포함한 핵심 미래 산업에서 게임 체인저(Game Changer)로 자리매김하기 위한 차세대 기술 역량 확보에 주력할 계획이다.
[디페스투데이]
Tag
#LIG넥스원
#일렉트론잉크스
#차세대부품소재
#디펜스투데이
저작권자 © 디펜스투데이 무단전재 및 재배포 금지
안형진 기자
다른기사 보기","{""AI/컴퓨팅"": [""AR"", ""GAN""], ""센서/통신"": [""EMI"", ""Electromagnetic Interference"", ""RF""], ""무기/방어체계"": [""DE""], ""재료/제조"": [""AM""], ""전파망원경/천문"": [""AGN""]}",True,복합 전도성 잉크 기반의 차세대 부품소재,,relevant,"이 기사는 LIG넥스원과 일렉트론잉크스가 차세대 부품소재 기술개발 및 상용화를 위해 협력하고 있다는 내용을 다루고 있습니다. 구체적인 상용화 시점은 언급되지 않았지만, 연구개발 및 프로토타입 개발을 진행 중인 것으로 보입니다."
"HD현대, 자율운항 3단계 상용화 박차",2024-11,http://www.defensetoday.kr/news/articleView.html?idxno=8420,"HD현대가 대형선박에 대한 자율운항 및 원격제어 통합 실증에 성공하며, 자율운항 3단계 상용화에 박차를 가하고 있다.
HD현대는 최근 8,000TEU급 컨테이너운반선에 자율운항 및 원격제어 기술을 적용해 통합 실증을 수행, 한국선급(KR)과 라이베리아기국(LISCR)으로부터 기본 인증(AIP, Approval in Principle)을 잇달아 획득했다고 11월 28일(목) 밝혔다.
HD현대는 27일(수) 경기도 성남시 HD현대글로벌R&D센터에서 대형 컨테이너운반선에 대한 자율운항 및 원격제어 통합 실증 AIP 기념식을 가졌다(사진 왼쪽부터 임도형 아비커스 대표, 김정식 라이베리아기국 대표, 홍대훈 HD현대중공업 상무, 김연태 한국선급 기술본부장, 권병훈 HD한국조선해양 전무).(사진:HD현대)
이번 실증을 통해 HD현대는 자율운항 전문회사인 아비커스(Avikus)의 자율운항솔루션 하이나스 컨트롤(HiNAS Control)과 HD한국조선해양이 자체 개발한 원격제어솔루션을 활용한 통합 원격제어서비스를 상용화한다는 계획이다.
원격제어솔루션은 원격 조타 및 선속 제어 뿐만 아니라 선박 운영 환경의 특수성을 고려하여 항해 중 발생할 수 있는 통신 지연, 돌발 상황, 사이버 위협에 대응할 수 있도록 하는 솔루션이다.
특히, HD현대는 이번 실증에서 세계 최초로 대형상선에 대해 복수 원격운영센터(ROC, Remote Operation Center)간 제어권 전환 기술을 선보였다. 이 기술은 선박이 장거리 항로를 운항할 때 하나의 ROC에서 다른 ROC로 제어권을 전환시켜줌으로써 원격 운항의 연속성을 확보할 수 있게 해준다.
이번 실증에서는 울산 HD현대중공업에 위치한 통합 디지털 관제센터와 경기도 성남시 HD현대 글로벌R&D센터(GRC)내에 위치한 디지털 융합센터 간 제어권 전환이 성공적으로 이뤄졌다.
한편, 현재 자율운항 선박은 선원법, 항만법, 해상교통안전법 등의 규제로 인해 실증이 어려운 환경이다. HD현대는 산업통상자원부 및 해양수산부에서 주관하는 ‘첨단산업 분야 기획형 규제 샌드박스 사업’을 통해 조건부 승인을 획득, ROC에서의 조종 및 혼잡해역 내 충돌 회피 등 실증을 성공적으로 마칠 수 있었다.
한국선급 관계자는 “HD현대의 원격제어 기술은 자율운항선박 상용화를 위한 필수적인 기술로, 안전성과 신뢰성이 검증되었다”라고 밝혔으며, 라이베리아 기국 관계자 또한 “하이나스 컨트롤과 원격제어솔루션을 통해 ROC간 원격 제어의 가능성을 확인했으며, 이는 자율운항 실현을 위한 귀중한 경험 구축 단계를 제공했다”고 강조했다.
HD현대 관계자는 “이번 인증을 통해 자율운항 및 원격제어 기술 상용화를 위한 핵심 기반을 마련할 수 있게 됐다”며, ""앞으로도 국제해사기구(IMO) 등 글로벌 제도와 규제에 기민하게 대응해 자율운항 기술의 국제 표준화에 앞장설 것""이라고 말했다. 
[디펜스투데이]
Tag
#HD현대
#자율운항
#3단계
#디펜스투데이
저작권자 © 디펜스투데이 무단전재 및 재배포 금지
안형진 기자
다른기사 보기","{""AI/컴퓨팅"": [""AI""], ""기타/기술"": [""IP""], ""무인/자율시스템"": [""ROV""]}",True,자율운항 및 원격제어,2024-11,high,이 기사는 HD현대가 자율운항 3단계 상용화를 위해 대형 컨테이너운반선에 자율운항 및 원격제어 기술을 적용해 통합 실증을 수행하고 인증을 받았다는 내용을 다루고 있습니다. 구체적인 기술명과 상용화 시점이 명시되어 있으므로 군사 기술의 상용화와 관련된 정보를 제공하고 있다고 판단됩니다.
"KAI, K-water와 위성 기술 개발과 위성서비스 시장 업무 협약",2024-11,http://www.defensetoday.kr/news/articleView.html?idxno=8381,"KAI(한국항공우주산업(주))는 11월 20일 한국수자원공사(이하 K-water)와 ‘글로벌 선도형 위성 기술 개발을 위한’ 업무협약을 체결했다.
KAI 강구영 사장(좌), 한국수자원공사 윤석대 사장 (우)이 업무협약에 서명하고 있다.(사진:KAI)
경상남도 사천에 위치한 KAI 본사에서 진행된 협약식에는 KAI 강구영 사장과 K-water 윤석대 사장 등 양사 주요 경영진이 참석했다.
이번 협약을 통해 양사는 △ 위성시스템-활용 운영개념 및 설계 최적화 개발 협력, △ K-water 위성 활용플랫폼 개발 및 상용화 공동추진, △ 항공기-위성 연계패키지 수출 추진, △ ODA 원조 국가 대상 위성 활용플랫폼 공급 및 저변확대에 협력한다. 
향후, 실무협의체를 운영하여 수자원 관리와 수재해 감시에 최적화된 운영시스템을 구축하고 위성에서 획득한 데이터를 분석 ‧ 활용할 수 있는 솔루션을 개발해 위성 서비스 시장 진출을 모색할 계획이다.
또한, KAI의 다양한 위성 개발과 항공기 플랫폼 수출 경험과 K-water의 위성 활용기술을 연계하여 항공기-위성-활용 기술을 수출 패키지화하고 해외시장 개척을 위한 공동마케팅도 추진한다.
KAI 강구영 사장(좌), 한국수자원공사 윤석대 사장 (우)이 업무 협먁서를 보여주고 있다.(사진:KAI)
국내 최초 민간주도 위성인 차세대중형위성을 개발하고 있는 KAI와 사용 기관인 K-water의 협력으로 위성 개발 및 운용 기술 발전은 물론 뉴스페이스의 핵심인 위성 수출과 우주서비스 시장 진출 등 우주경제 실현을 위한 시너지가 기대된다. 
 KAI는 항우연의 첫 민간 기술이전 사업으로 추진된 500kg급 표준플랫폼 차세대중형위성 2호~5호 개발을 총괄 주관하며 위성 제작부터 발사까지 개발 全과정을 담당하고 있다.
  
차세대중형위성 호기별 임무로는  1/2호(국토/지구관측), 3호(우주과학검증), 4호(광역농림상황 관측), 5호(수자원 관측) 등이다.
특히, 현재 개발 중인 5호는 K-water와 환경부가 사용 예정인 수자원 위성으로 한반도의 수자원 관리와 수재해 및 하천환경 변화 관측, 수자원 부존량 평가 등을 수행하며, 마이크로파 영상레이더(SAR)를 활용해 악천후 및 주·야간 구분 없이 관측 가능하다. 
K-water는 수자원 위성의 운영을 위해 인공지능(AI)을 활용하여 위성영상 해상도 등 품질을 향상시키는 초격차 위성 분석기술을 개발하고 있으며 고품질 위성데이터를 활용한 대국민 서비스 인프라 구축 등 수자원 위성 운영과 활용기술 개발을 고도화하고 있다.
강구영 KAI 사장은 “이번 협약을 계기로 위성 분야 국내 공공부문 활용 확대 및 수출 판로를 개척하고 우주개발 역량을 고도화하여 우주항공청(KASA) 개청과 함께 본격 추진되는 민간주도 우주경제 실현 가속화에 적극적으로 이바지하겠다.”라고 말했다.
 
한편, KAI는 올해 8월 영상분석 전문업체인 메이사 투자 확대를 통해 위성서비스 시장을 준비하고 있으며 이달 초에는 위성통신/항공전자 기업인 제노코 경영권을 인수하여 위성통신 핵심 구성품 기술을 확보하는 등 우주사업 Value Chain을 강화하고 있다.
[디펜스투데이]
Tag
#KAI
#K-water
#한국수자원공사
#위성 수출
#위성서비스 시장
#디펜스트투데이
저작권자 © 디펜스투데이 무단전재 및 재배포 금지
안형진 기자
다른기사 보기","{""우주/위성"": [""위성통신""], ""AI/컴퓨팅"": [""AI"", ""인공지능"", ""AR""], ""센서/통신/레이더"": [""SAR""], ""방산기업"": [""KAI""]}",True,"['위성 기술 개발', '위성 활용 플랫폼 개발', '항공기-위성 연계 패키지 수출', '수자원 위성']",2024-11,relevant,"이 뉴스는 KAI와 K-water가 위성 기술 개발과 위성 서비스 시장 진출을 위한 업무협약을 체결한 내용을 다루고 있습니다. 구체적으로 위성 시스템-활용 운영 개념 및 설계 최적화 개발, K-water 위성 활용 플랫폼 개발 및 상용화, 항공기-위성 연계 패키지 수출, ODA 국가 대상 위성 활용 플랫폼 공급 등의 협력 계획을 언급하고 있어 관련성이 있습니다. 다만 상용화/전력화 시점은 구체적으로 언급되지 않았습니다."
"록히드마틴-시코르스키 미디어 데이 개최",2024-11,http://www.defensetoday.kr/news/articleView.html?idxno=8343,"록히드마틴-시코르스키는 11월 12일 서울 용산구 국방컨벤션에서 ‘2024 변화하는 위협 환경과 대응’을 주제로 국내 언론을 대상으로 미디어 데이를 개최했다. 
록히드마틴 시코르스키 미디어 데이 현장 사진 (사진:록히드마틴)
록히드마틴의 자회사인 시코르스키는 회전익기와 미래형 수직이착륙기 분야에서 세계를 선도하는 방산기업으로, 시코르스키가 국내 언론 대상으로 마련된 행사에 참여하는 것은 이번이 처음이다.
록히드마틴-시코르스키는 이날 행사에서 최근 디지털의 발달과 다변화하는 위협 환경 속에서도 강력한 성능으로 광범위한 임무 수행이 가능한 차세대 다목적 헬리콥터인 CH-53K를 소개하고, 한국 방산기업들과의 강화된 파트너십에 대해 설명했다. 
시코르스키 프랭크 크리사풀리 이사는 이날 행사에서 “CH-53K는 현존하는 가장 강력하고 뛰어난 생존성을 가진 최첨단 헬리콥터”라며 “CH-53K는 디지털 설계로 기술 발전의 속도에 맞춰 업그레이드가 가능해, 환경 변화에 따라 발전하는 위협에 대비할 수 있다”고 강조했다. 
이번 미디어 데이에서 시코르스키는 대한민국 육군의 특수전용 대형기동헬기 사업 참여 기종인 CH-53K의 성능과 국내 파트너십에 대한 설명을 진행했다. 
대한민국을 위한 시코르스키 CH-53K® 헬리콥터 렌더링 이미지 (사진:록히드마틴)
시코르스키의 CH-53K는 차세대 다목적 헬리콥터로서 특수 작전, 병력 투입 및 철수, 수색 및 구조, 공중 공격, 인도주의 지원, 의무 후송 등 모든 범위의 군사 임무를 지원한다. 현시대 가장 강력한 성능과 뛰어난 생존성을 자랑하는 CH-53K는 디지털 방식 설계로 간편한 업그레이드가 가능하여 새로운 위협에 한발 앞서 대응할 수 있다. 
록히드마틴 시코르스키와 KAI는 CH-53K의 특수작전용 대형기동헬기 사업 참여를 위해 지난 2023년 10월 전략적 파트너십 구축 및 잠재적 사업 분야 발굴을 위한 상호협력 의향서(LOI)를 체결한 바 있다.
시코르스키의 차세대 회전익기 기술에 대한 세계적인 수요 증가하고 있다. 이날 행사에서 시코르스키의 차세대 수직이착륙 기술이 접목된 X2에 대한 설명과 함께 X2 회전익기가 디지털 스레드, 첨단 제조, 유지보수, 훈련, 무기 및 임무 시스템 개발과 같은 록히드마틴의 강점을 속도, 항속거리, 기동성, 생존성 및 작전 유연성을 결합한 통합 무기 시스템으로 파트너에게 제공하는 방법에 대해 설명하는 세션도 진행되었다.
이번 미디어 데이에서는 국내에서 운용 중인 시코르스키의 프로그램에 대한 브리핑도 이어졌다. 시코르스키는 대한민국과의 오랜 파트너십을 바탕으로 국방력 강화, 수색 및 구조 지원, 그리고 대통령 수송 임무를 수행하는 헬기를 제공하고 있는 것을 매우 가치 있게 생각한다고 전했다. 
대한민국 해양경찰청은 2014년부터 수색 및 구조 임무를 위해 S-92® 헬기를 운용하고 있다. 현재까지 해양경찰청은 수색구조 및 응급의료 이송 임무에 S-92 헬기를 운용하며 약 1,000시간을 비행하며 30명 이상의 생명을 구했다. 또한 S-92A는 소방 임무를 포함한 인명 구조 작전까지 지원하고 있으며, 대한민국 공군은 5대의 S-92A를 대통령 전용 헬기로 운용하고 있다.
대한민국은 대잠 및 대수상용으로 설계된 미 해군의 강력하고 입증된 MH-60R 해상작전헬기를 도입한 일곱번째 국가이다. 앞서 지난 2020년 해상작전용 헬기 사업에 MH-60R가 선택되며 시코르스키는 미 해군과 MH-60R 시호크 헬기 12대를 대한민국에 인도하는 계약을 체결했다. 이에 시코르스키는 이번 달 내에 대한민국의 세 번째 MH-60R 기체를 미 해군에 인도할 예정이다.
20년 가까이 운용된 MH-60R 글로벌 자산은 강력한 성장세를 보이고 있다. 전 세계적으로 약 340대의 MH-60R가 운용 중이며, 이 중 50여 대가 미국을 제외한 세계 각국에서 운용되고 있다: 호주(24대), 덴마크(9대), 사우디아라비아(10대), 인도(8대), 그리스(3대), 대한민국(2대).  
이 강력한 성장세의 배경에는 성공적인 유지보수 프로그램이 있다. MH-60R를 획득한 각국 해군은 전 세계 600여 대의 MH-60R와 MH-60S 시호크를 지원하는 효율적이고 체계적인 유지보수 프로그램의 지원을 받는다. 
한편, 1980년대부터 시작된 기술 파트너십과 더불어 록히드마틴은 2010년 이후 40억 달러(한화 약 5조 5천억 원) 이상의 절충교역 의무를 이행하며 대한민국 산업의 발전에 기여해 왔다. 여기에는 중소기업 및 대기업을 위한 광범위한 제조 및 수출 기회 제공, 국내 방산 지원과 수출 활성화를 위한 핵심 기술 이전, 국내 파트너사를 글로벌 공급망에 포함시키기 위한 방위사업청(DAPA), 대한무역투자진흥공사(KOTRA), 한국방위산업진흥회(KDIA)와의 긴밀한 협업이 포함되어 있다.
[디펜스투데이]
Tag
#록히드마틴
#시코르스키
#CH-53K
#S-92A
#미디어데이
#디펜스투데이
저작권자 © 디펜스투데이 무단전재 및 재배포 금지
안형진 기자
다른기사 보기","{""무인체계"": [""수직이착륙""], ""AI/컴퓨팅"": [""AI""], ""방산기업"": [""KAI""]}",True,CH-53K 헬리콥터,2023-10,relevant,"해당 기사에서 록히드마틴 시코르스키가 CH-53K 헬리콥터의 성능과 국내 파트너십에 대해 설명했으며, 대한민국 육군의 특수전용 대형기동헬기 사업 참여 기종으로 선정된 것으로 나타났습니다. 또한 2023년 10월에 록히드마틴 시코르스키와 KAI가 CH-53K 사업 참여를 위한 전략적 파트너십을 구축했다고 언급되어 있습니다."
"HD현대인프라코어 신형 엔진, 이탈리아서 ‘올해의 디젤엔진’ 수상",2024-11,http://www.defensetoday.kr/news/articleView.html?idxno=8333,"HD현대인프라코어의 신형 디젤엔진이 이탈리아에서 ‘올해의 디젤엔진’으로 선정됐다.
HD현대인프라코어는 차세대 디젤엔진 2개 모델(모델명: DX05, DX08)이 산업용 엔진 분야에서 최고 권위상으로 꼽히는 ‘올해의 디젤엔진 어워즈(2025 DIESEL OF THE YEAR AWARDS, 이하 DOTY)’를 수상했다고11월 10일(일) 밝혔다.
HD현대인프라코어가 이탈리아 볼로냐에서 열린 EIMA 전시회에서 ‘2025년 올해의 디젤엔진(DIESEL OF THE YEAR 2025)’을 수상했다. 사진 왼쪽부터 DX05 엔진과 DX08 엔진(사진:HD현대인프라코어)
DOTY는 이탈리아의 글로벌 파워트레인·상용차 분야 전문 출판그룹인 ‘바도 에 토르노 에디찌오니(Vado e Torno Edizioni)’가 주관하는 국제 시상식으로, 지난 2006년부터 매년 기술 혁신과 성능 향상 부문에서 가장 뛰어난 디젤엔진을 선정해왔다. 국내 기업이 올해의 디젤엔진에 선정된 것은 이번이 최초다.
이번 DOTY 시상식은 이탈리아 볼로냐에서 개최된 글로벌 3대 농기계 박람회 중 하나인 에이마(EIMA)에서 개최됐다.
HD현대인프라코어는 미국 커민스(CUMMINS), 독일 만(MAN), 스웨덴 스카니아(SCANIA) 등 미국과 유럽의 전통 엔진 메이커들과 경쟁 끝에 수상하며 기술 경쟁력과 제품 우수성을 인정받았다.
특히, DOTY 2025를 수상한 5리터급, 7.5리터급 엔진은 최적화된 연소실 설계와 고도화된 연료 분사 시스템을 적용해 동급 최고 수준의 출력을 자랑하며 연비도 기존 모델 대비 최대 8%까지 높인 점에서 호평 받았다.
또 유럽과 미국의 최고 단계 배기가스 규제인 ‘스테이지5(Stage V)’와 ‘티어 4 파이널(Tier 4 Final)’ 기준을 충족시키고, 저탄소 바이오 오일인 수소처리식물성기름(HVO)을 연료로 사용할 수 있어 탄소중립 전환기에 중요한 역할을 할 것으로 기대된다.
HD현대인프라코어 김중수 엔진사업본부장은 ""이번 수상으로 대한민국의 엔진 기술력과 혁신성을 전 세계에 입증했다""며 “앞으로도 산업용 엔진을 포함한 파워솔루션의 지속 가능한 혁신을 이어나갈 것”이라고 밝혔다. 
[디펜스투데이]
Tag
#HD현대인프로코어
#신형 디젤엔진
#디펜스투데이
저작권자 © 디펜스투데이 무단전재 및 재배포 금지
안형진 기자
다른기사 보기","{""AI/컴퓨팅"": [""AR""]}",True,"차세대 디젤엔진 DX05, DX08",2024-11,high,"기사에 따르면 HD현대인프라코어의 신형 디젤엔진 모델 DX05와 DX08이 이탈리아의 '올해의 디젤엔진' 상을 수상했다고 밝히고 있습니다. 이는 상용화 및 전력화가 이루어졌음을 나타내고 있으며, 상용화 시점도 명확하게 2024년 11월로 제시되어 있습니다."
"적외선차폐 연막통 양산 돌입",2024-10,http://www.defensetoday.kr/news/articleView.html?idxno=8199,"방위사업청은 2024년 10월 14일(월) 삼양화학공업(주)과 2024년부터 2026년까지 3년간 75억 규모의 지상용 및 수상용 적외선 차폐연막통 양산계약을 체결했다. 
적외선차폐연막통 외·내부 형상(자료:방위사업청)
적외선차폐연막통은 가시광선과 적외선을 차단함으로써 적의 관측 또는 표적획득에 대해 우리군의 활동을 은폐하고 적을 기만하는 장비다. 
적의 조준사격이 차단되므로 우리군의 생존력이 높아지고 작전의 기밀성을 유지할 수 있어,
전력화 시 군의 작전능력이 크게 향상될 것으로 기대된다.
1980년 초부터 40여 년간 적의 시야로부터 우리군을 보호해온 KM5 백색연막통과 KM4A2 부유백색연막통은 가시광선만 차폐하여 적외선을 활용한 감시장비나 유도무기를 차단할 수 없는 한계가 있었다. 
이에 따라 적외선차폐연막통의 필요성이 대두되어 지난 2020년 적외선차폐연막통을 우리 기술로 개발하였고
이번 최초 양산계약 체결을 거쳐 2025년부터 본격적으로 전력화에 돌입할 예정이다.
개발된 적외선차폐연망통은 미국, 독일에서 사용하는 연막통과 동일한 수준으로 인체·환경 유해성이 개선된 연막제를 개발하여 적용했다. 
개발 기간 내 운용시험평가뿐만 아니라 개발 이후 공인시험인증기관의 추가 유해성 입증시험에서 인체·환경에 대한 비발암성·저독성을 확인했다. 
이로써 장병들뿐만 아니라 국민의 건강, 자연생태계에 주는 피해도 최소화될 것으로 기대된다. 
이와 함께 기존 연막통 대비 가벼운 중량으로 전투하중이 경감되어 신속한 기동이 가능하게 되면서 운용편의성이 증대되었고, 제품의 내구도도 증대되어 운용성과 저장성도 향상되었다. 
방위사업청 화력사업부장(고위공무원 김호성)은 “성능과 유해성이 모두 개선된 적외선차폐연막통을 우리기술로 개발하고, 첫 양산계약을 체결하게 되어 자랑스럽게 생각한다”며, “우리 연막통의 우수한 성능을 적극적으로 알려 적외선차폐연막통이 세계 방방곡곡에서 쓰일 수 있도록 노력하겠다”라고 말했다.
이번 계약된 적외선차폐연막통은 국방기술품질원과 소요군 주관으로 각각 최초생산품 검사 및 야전운용시험 등을 거쳐 최종적으로 우리군으로 전력화 될 예정이다.
[디펜스투데이]
Tag
#적외선차폐연막통
#삼양
#디펜스투데이
저작권자 © 디펜스투데이 무단전재 및 재배포 금지
이승준 기자
다른기사 보기","{""센서/통신"": [""적외선""]}",True,적외선차폐연막통,2025-01,high,"이 기사는 군사 기술의 상용화/전력화를 다루고 있습니다. 주요 기술은 적외선차폐연막통이며, 2025년부터 본격적인 전력화가 예정되어 있습니다. 기사에는 기술명, 상용화 시점, 성능 및 품질 향상 등의 구체적인 정보가 포함되어 있습니다."
"육군 임무완수 구형 장비 퇴역 및 최첨단 차기 장비 전력화",2024-10,http://www.defensetoday.kr/news/articleView.html?idxno=8172,"육군은 4일 충남 계룡대 활주로에서 국토방위 임무를 완수한 무기체계에 대한 퇴역식과 함께, 2024년 전력화되는 최신예 무기 4종을 공개하는 전력화 행사를 개최하였다.
승전포는 6·25전쟁 당시 미군 및 한국군이 운용하였으며, 미그-15기를 격추하고, 장진호 전투 등에서 지상용 화기로 전환되어 적을 격퇴하는데 활용되었다. 승전포를 운용했던 참전유공자와 박안수 참모총장과 기념사진을 찍고 있다.(사진:디펜스투데이)
KADEX 및 지상군페스티벌 기간 중 함께 진행된 이번 퇴역식 및 전력화 행사는 지난 기간 우리 군과 함께한 임무완수 장비의 퇴역을 기념하는 동시에 육군의 신규 첨단 전력화 장비를 대내외에 공개하기 위해 계획되었다.
57mm 무반동총은 1949년 도입되어 6·25전쟁 당시 북한군의 기관총 진지 등을 공격하는데 주로 운용되었으며, 휴전 후에는 북한군에 대응하기 위해 아군 GP에 배치되었다.참전유공자 신영태(예)병장) 옹과 박안수 참모총장과 기념촬영을 하고 있다.(사진:디펜스투데이)
박안수(대장) 육군참모총장 주관으로 진행된 이날 행사는 주요관계관 및 6·25전쟁 참전용사 등 100여 명이 참석한 가운데 △1부 '임무완수 장비 퇴역식/첨단 신규장비 전력화 행사' △2부 '첨단무기 제병협동전투 시범'으로 나뉘어 2시간 동안 진행되었다.
바라쿠다장갑차가 퇴역했다.(사진:디펜스투데이)
1부 ’임무완수 장비 퇴역식’은 바라쿠다(차륜형장갑차)·승전포·57mm 무반동총 3종에 대한 제원·공적소개 및 명예 전역장 수여 등의 순서로 실시되었다.
첨단 신규장비 전력화 행사에서 박안수참모총장이 미르온,우레,최대사거리 45km인 천무용 230mm급 무유도탄,천광의 이름을 선포하고 있다.(사진:디펜스투데이)
바라쿠다는 2004년 도입되어 이라크 및 레바논 파병부대에 배치되었으며, 유엔평화유지군으로 분대급 인원수송, 경계·치안유지, 정찰 등 세계평화를 위한 다양한 작전을 수행하였다.
   LAH가 미르온으로 명명됐다.(사진:디펜스투데이)
57mm 무반동총은 1949년 도입되어 6·25전쟁 당시 북한군의 기관총 진지 등을 공격하는데 주로 운용되었으며, 휴전 후에는 북한군에 대응하기 위해 아군 GP에 배치되었다. 1997년 7월 16일에는 3사단 장병들이 남북한 GP 교전 시 57mm 무반동총으로 적 감시소를 파괴하는 전과를 거둔 바 있다.
KTSSM은 우레, 천무용 230mm급 무유도탄, 천광이 전력화 행사를 가졌다.(사진:디펜스투데이)
승전포는 6·25전쟁 당시 미군 및 한국군이 운용하였으며, 미그-15기를 격추하고, 장진호 전투 등에서 지상용 화기로 전환되어 적을 격퇴하는데 활용되었다. 전후인 1954년 미국의 군사원조를 통해 정식으로 우리 군에 도입되었다.
미르온이 시범비행을 하고 있다. (사진:디펜스투데이)
57mm 무반동총을 직접 운용한 경력으로 행사에 함께한 참전유공자 신영태(예)병장) 옹은 ""무반동총이 임무를 완수하고 명예롭게 퇴역할 수 있는 것은 그동안 조국을 지키기 위해 헌신한 장병들이 함께했었기 때문""이라며, ""무반동총은 비록 퇴역하지만, 그간 장병들과 함께한 활약은 국토수호의 귀감으로 전사에 길이 남을 것""이라며 소회를 밝혔다.
이어진 '첨단 신규장비 전력화 행사'에서는 북한의 전방위적 위협에 대비하기 위한 육군의 첨단 신규장비 4종을 공개하고, 통상명칭을 선포하였다.
전력화행사후 단체사진을 촬영했다.(사진:디펜스투데이)
미르온이라는 통상명칭을 부여받은 '소형무장헬기(LAH)'는 500MD 및 코브라 공격헬기(AH-1S)를 대체하기 위해 개발되었으며, High-Low Mix 개념에 의거 High급인 아파치 가디언(AH-64E)과 상호보완 전력으로 운용되어 우리군의 항공작전 능력을 크게 향상시킬 것으로 기대받고 있다.
우레라는 통상명칭을 부여받은 '전술지대지유도무기(KTSSM)'는 한국형 3축 체계 전력보강을 위해 도입된 무기로, 신속하고 연속적인 발사와 초정밀 타격을 통해 북한의 핵·미사일 위협을 무력화시킬 수 있는 전술급 탄도미사일이다.
 
천광이라는 통상명칭을 부여받은 '레이저대공무기'는 광섬유로부터 생성된 광원 레이저를 표적에 직접 투사해 무력화시키는 무기체계로 적 소형무인기 및 드론을 단시간 내 파괴할 수 있다.
  
최대사거리 45km인 천무용 230mm급 무유도탄은 군단 및 사단 등의 천무 운용부대에 배치되어 유사시 우리군의 대화력전 능력을 대폭 보강할 것으로 기대된다.
2부 행사인 '첨단무기 제병협동전투 시범'에서는 퇴역 장비와 신규 전력화 장비는 물론, 소총 조준사격·수송드론과 세계적 명품무기인 K2전차와 K9자주포 등이 투입되어 지능형 유무인복합전투체계를 기반으로 한 제병협동전투로 적 부대를 격멸하고, 목표지역을 확보하는 시범이 선보였다.
행사를 주관한 박안수(대장) 육군참모총장은 기념사를 통해 “이번에 명예로운 임무를 완수하고 퇴역하는 3종의 무기들은 6·25전쟁에서부터 GP/GOP 현장, 해외파병지 등에서 멋진 활약을 펼쳐온 역전의 용사들”이라며, 진심 어린 감사를 표했다.
또한, 새로 선보인 4종의 무기체계에 대해 “엄중한 안보상황 속에서 육군의 합동작전과 종심타격능력을 한층 격상할 수 있는 계기”라며, “앞으로도 AI기반 과학기술강군 육성을 위해 민·관·산·학·연과 협업하여 세계 최고 수준의 무기체계로 무장함으로써, 최단기간 최소희생 최대승리를 견인할 것”이라고 강조했다.
한편, 오늘 공개된 4종의 신규 전력화 장비는 올해 연말부터 순차적으로 야전부대에 전력화될 예정이다.  
[디펜스투데이]
Tag
#지상군페스티벌
#장비퇴역식
#신규전력화장비
#참모총장
#디펜스투데이
저작권자 © 디펜스투데이 무단전재 및 재배포 금지
이승준 기자
다른기사 보기","{""AI/컴퓨팅"": [""AI""], ""무기/방어체계"": [""DE""], ""항공기/차량"": [""공격헬기"", ""AH-64""], ""지상장비"": [""K9"", ""K2""]}",True,"['LAH (차륜형장갑차)', '미르온', '우레', '천무용 230mm급 무유도탄', '천광']",2024-10,high,이 기사는 육군의 신규 첨단 전력화 장비 4종을 공개하는 내용을 다루고 있습니다. 구체적인 장비명과 2024년 10월에 전력화된다는 시점이 명시되어 있어 관련성과 정보의 질이 모두 높습니다.
"한화오션‘초격차 기술력’ 보러 온 미해군",2024-09,http://www.defensetoday.kr/news/articleView.html?idxno=8148,"한화오션의 성장 동력 산실인 시흥R&D캠퍼스에 미국 해군이 방문해 초격차 기술력을 직접 확인했다. 최근 미국 함정 MRO사업을 수주하며 물꼬를 튼 한화오션이 미국 해군과 협력 가능 분야를 확대하기 위한 교감을 더욱 강화하는 모습이다.
미국 해군 함정사업을 주관하는 장성단이 9월 27일 경기도 시흥에 위치한 한화오션 시흥R&D캠퍼스를 방문, 세계 최고 수준의 R&D 시설을 직접 눈으로 확인했다. (첫번째줄 왼쪽 세번째부터 특수선 해외사업단장 정승균 부사장, 제품전략기술원장 손영창 부사장, 미국 해군 NAVSEA(Naval Sea Systems Command) 윌리엄 그린 제독(소장), 한화오션 김희철 사장, 토마스 앤더슨 제독(소장), 방위사업청 함정사업부장 신현승 준장, 특수선사업부장 어성철 사장) (사진:한화오션)
한화오션은 9월 27일 경기도 시흥에 위치한 시흥R&D캠퍼스에서 김희철 사장과 특수선사업부장 어성철 사장이 미국 해군 NAVSEA(Naval Sea Systems Command) 토마스 앤더슨 제독(소장), 윌리엄 그린 제독(소장) 등 미국 해군 함정사업 책임자들과 주한미국대사관 관계자, 방위사업청 신현승 함정사업부장 등과 만나 상호 협력을 위한 의견을 나눴다고 밝혔다.
2018년 개소한 시흥R&D캠퍼스는 한화오션 고유의 기술력이 축적된 핵심 거점이다. 이 곳에는 국내 최대 규모의 공동수조와 예인수조, 방산기술력의 정점으로 꼽히는 음향수조 등 국내에서 최고로 손꼽히는 시설들을 갖추고 있다.
이날 미국 해군은 시흥R&D캠퍼스에서 친환경 연료 육상시험시설(Land Based Test Site: LBTS), 공동수조, 예인수조, 모형제작실 등 세계 최고 수준의 R&D 시설을 직접 눈으로 확인하는 시간을 가졌다. 한화오션이 보유한 친환경연료 LBTS는 상용급 연료전지와 리튬이온배터리, 신개념 배터리, 축발전기, 암모니아 추진 등 탈탄소를 위한 친환경연료 기술을 시험하는 설비다.
또한 한화에어로스페이스가 개발한 잠수함용 리튬이온 에너지저장장치(ESS)도 미국 해군의 큰 관심을 끌었다. 잠수함에 ESS와 수소연료전지기반의 공기불요추진체계(AIP)가 함께 탑재되면 최대 3주간 수중에서 은밀한 작전이 가능하다.
현장을 둘러본 미국 해군은 ‘글로벌 오션 솔루션 프로바이더’의 기치를 내세운 한화오션의 독보적인 함정 기술력에 찬사를 보냈다. 토마스 앤더슨 제독은 ""한화오션의 연구개발(R&D) 역량 설명에 감사하다”며 “한화오션의 역량과 투자가 매우 인상적이고 향후 한미 양국 간 조선 R&D 분야에 있어 상호 이익을 위한 기회를 기대한다”고 밝혔다.
김희철 사장은 “오늘 미국 해군이 한화오션을 직접 찾아와 보유 및 개발 진행중인 최신 기술 설명을 경청하는 모습을 보여줬다”면서 “이번 미국 해군의 시흥R&D센터 방문이 미국 해군의 MRO사업은 물론 향후 함정 건조에 필요한 기술적 교류로 이어지는 교두보가 됐으면 한다”고 말했다.  
[디펜스투데이]
Tag
#한화오션
#미해군
#디펜스투데이
저작권자 © 디펜스투데이 무단전재 및 재배포 금지
이승준 기자
다른기사 보기","{""AI/컴퓨팅"": [""AI"", ""LAN""], ""재료/제조"": [""TEM""], ""기타/기술"": [""IP"", ""EMS""], ""해군장비"": [""naval""]}",True,"친환경 연료 육상시험시설(Land Based Test Site: LBTS), 잠수함용 리튬이온 에너지저장장치(ESS), 수소연료전지기반의 공기불요추진체계(AIP)",,relevant,"이 기사는 한화오션의 시흥 R&D 캠퍼스에 있는 다양한 군사 기술 역량을 미국 해군이 방문하여 확인한 내용을 다루고 있습니다. 친환경 연료 육상시험시설, 잠수함용 리튬이온 에너지저장장치, 수소연료전지 기반 공기불요추진체계 등의 기술이 소개되어 있지만, 실제 배치 시점은 명확하게 나와 있지 않습니다."
"휴대공지대공미사일 위협에 엘빗사 DIRCM 장착 항공기 증가",2024-09,http://www.defensetoday.kr/news/articleView.html?idxno=8142,"최근 독일이 정부전용기에 DIRCM을 장착하기로 결정했다. 이러한 결정은 휴대용 지대공미사일에 대한 방어를 위해서다.
엘빗 뮤직 DIRCM(사진:엘빗)
독일의 슈피겔지는 고위 정부관계자들이 사용하는 3대의 새 정부전용기에 DIRCM을 설치할 예정이라고 지난주 보도했다.
최근 몇 달 동안 휴대용 지대공 미사일로부터 항공기를 보호할 수 있는 시스템에 대한 관심이 다시 높아지고 있다.
지향성적외선방해장비를 만드는 이스라엘 회사들은 테러 관련 지역을 비행하는 비즈니스 제트기들에게 대한 판매를 늘리고 있다.
이스라엘은 우크라이나 전쟁과 관련된 인도주의적 비행이 상용기에 의해 수행되는 경우가 많기 때문에 이러한 수요가 부분적으로 있다고 본다.
군비통제협회의 소형 무기 실태조사에 따르면 불법 에 대응하기 위한 전 세계적인 감시에도 불구하고 2011년 이후 32개 이상의 국가와 지역에서 불법 지대공 미사일에 대한 보고가 확인되었다.
이 보고서에는 러시아의 2022년 우크라이나 침공 전 우크라이나의 러시아 대리인, 미얀마의 소수민족 무장 단체 등 비국가 행위자들이 획득한 수십 개의 첨단 시스템 이미지가 포함되어 있다.
대부분의 휴대용 지대공 미사일은 국가 비축용으로 보유하고 있지만 테러리스트와 기타 비국가 단체들은 고의적인 이전, 암시장 또는 절도를 통해 대공 미사일을 획득했다.
버드 에어로시스템즈의 DIRCM (사진:버드에어로시스템즈)
이스라엘은 2002년 케냐 몸바사에서 이륙한 이스라엘 여객기를 향해 두 발의 지대공 미사일이 발사되었을 때 격추당할 뻔 했다.
미사일은 여객기를 빗나갔고 여객기는 비행을 계속하여 텔아비브에 안전하게 착륙했다.
이 사건 이후 이스라엘 국방부는 방위 산업체에 위협에 대한 해결책을 요구했다.
첫 번째 시스템은 미끼 조명탄 살포에 기반을 둔 것이었지만 곧 더 발전된 시스템이 등장했다. 
엘빗 시스템즈의 엘빗 뮤직 시리즈는 이스라엘 항공사의 여객기에 최초로 설치된 운용 시스템이다.
엘빗 시스템즈에서 개발한 지향성 적외선 대응 시스템(DIRCM)은 항공기 엔진의 열을 이용한 지대공 미사일로부터 항공기를 방어하기 위해 만들어졌다.
엘빗 뮤직 DIRCM은 다양한 버전은 작고 매우 역동적인 미러 터렛, 고속 프레임률 열화상 카메라, 최첨단 레이저 기술을 결합한다.
엘빗의 새로운 DIRCM은 모든 작동 조건에서 모든 종류의 항공기에 효율적이고 신뢰할 수 있으며 합리적인 가격으로 휴대용 지대공 미사일에게서 방어한다.
엘빗은 이 시스템이 모든 종류의 미사일 경보 시스템(MWS) 및 기타 방어 보조 장치와 모든 종류의 항공기에 쉽게 연결할 수 있다고 밝혔다.
이스라엘 정부는 이스라엘 여객기를 보호하기 위해, 이스라엘 공군은 군용 플랫폼을 보호하기 위해 엘빗 시스템의 DIRCM 시스템을 선택했다. 북대서양조약기구(NATO)는 다국적 A330 MRTT 다목적 급유기를 보호하기 위해 이 시스템을 선택했다.
또 다른 고객은 독일 공군으로, 독일 공군은 A400M 다목적수송기를 보호하기 위해 장착을 했다.
가장 큰 시장은 전 세계 VIP 및 비즈니스 항공기다. 엘빗은 이 시장에서 판매된 뮤직 시스템의 종류를 밝히지 않았지만, 소식통은 “인상적”이라고 말했다.
[디펜스투데이]
Tag
#DIRCM
#지향성적외선방해장비
#엘빗
#버드에어로시스템즈
#항공기방어
#디펜스투데이
저작권자 © 디펜스투데이 무단전재 및 재배포 금지
이승준 기자
다른기사 보기","{""센서/통신"": [""적외선"", ""IR""], ""무기/방어체계"": [""지대공미사일""], ""기타/기술"": [""IP""]}",True,DIRCM (지향성 적외선 방해장비),2024-09,high,이 기사는 휴대공지대공미사일 방어를 위해 독일 정부전용기에 DIRCM 장착이 증가하고 있음을 다루고 있습니다. 구체적인 기술명과 2024년 9월 정부전용기 적용 시점이 제시되어 있어 상용화/전력화에 관한 내용이 잘 다뤄졌습니다.
"시코르스키, S-92A 메인 기어 박스 하우징 수명 연장 FAA 인증 획득",2024-09,http://www.defensetoday.kr/news/articleView.html?idxno=8123,"시코르스키가 S-92 헬리콥터의 특정 메인 기어 박스 하우징에 대해 한 차례 수명 연장을 제공하는 미국 연방항공청(FAA) 인증을 받았다.
시코르스키가 S-92 헬리콥터의 특정 메인 기어 박스 하우징에 대해 한 차례 수명 연장 인증을 받았다.(사진:시코르스키)
시코르스키는 300대 이상의 항공기와 230만 시간의 비행 시간을 보유한 S-92 기종에서 수집한 상태 및 사용 모니터링 시스템(HUMS) 데이터를 활용하여 부품의 수명 한계를 보다 정확하게 결정하고 업계에 영향을 미치는 공급망 문제를 완화할 수 있는 방법론을 개발했다.
이렇게 획득한 크레딧은 개별 하우징에 대한 HUMS 데이터를 검토하여 현재 4,300시간 한도를 넘어 계속 운항할 수 있게 되었다.
이 연장은 실제 항공기 사용량을 기준으로 S-92 헬기 부품의 잔여 부품 수명을 결정하는 시코르스키의 라이프플러스 방법론을 활용함으로써 가능해졌다. 
이 인증을 통해 운용자는 기어박스를 더 많은 시간 동안 서비스할 수 있어 가동 중단 시간을 줄이고 기단의 작전 준비성과 가용성을 높일 수 있다.
라이프플러스는 부품 수명 계산에 대한 다단계 지능형 접근 방식으로 2025년 이후에도 현재 계획된 FAA 인증과 함께 계속될 것이다.
시코르스키의 글로벌 상용 및 군사 시스템 담당 부사장인 레온 실바(Leon Silva)는 “메인 기어 박스 하우징의 FAA 인증 획득은 S-92 플랫폼에 대한 시코르스키의 지속적인 투자를 보여주는 많은 사례 중 하나에 불과하다.”라고 말했다.
“10년이 넘는 기간 동안 LifePlus에 투자해 왔으며, 업계의 판도를 바꾸고 있는 것을 보게 되어 매우 기쁘다.”하고 밝혔다.
2023년 말, FAA는 S-92의 메인 로터 허브에 라이프플러스 기술을 사용한 첫 번째 부품 수명 연장을 승인하여 수명을 9,000시간에서 15,000시간 또는 45,000회 지-공-지 주기로 늘려 현재 보유 중인 부품의 수명을 연장할 수 있게 되었다.
[디펜스투데이]
Tag
#시코르스키
#기어박스연장
#FAA인증
#디펜스투데이
저작권자 © 디펜스투데이 무단전재 및 재배포 금지
안형진 기자
다른기사 보기","{""우주/위성"": [""LEO""]}",True,메인 기어 박스 하우징,2024-09,high,기사는 시코르스키가 S-92 헬리콥터의 메인 기어 박스 하우징에 대해 FAA 인증을 획득했다는 내용을 다루고 있습니다. 이를 통해 해당 부품의 수명이 연장되어 운용자가 더 오랜 기간 동안 사용할 수 있게 되었습니다. 따라서 이는 군사 기술의 실제 상용화/전력화 사례에 해당합니다.
"한화오션, 노르웨이 선급으로부터 액화수소운반선 기본인증 획득",2024-09,http://www.defensetoday.kr/news/articleView.html?idxno=8113,"한화오션이 무탄소 실현을 위한 신선종 개발에 박차를 가하고 있다. 이를 통해 탄소 가스를 전혀 배출하지 않는 액화수소운반선 상용화에 성큼 다가섰다.
휴스턴에서 열리고 있는 가스텍2024에서 한화오션 제품전략기술원장 손영창 부사장(왼쪽에서 네번째)과 DNV 마틴 손드레 카트라이트 가스선종 글로벌 영업본부장(왼쪽에서 다섯번째), CB&I 마크 버츠 대표(왼쪽에서 여섯번째) 등 3사 관계자들이 참석한 가운데 액화수소운반선에 대한 기본 인증식을 가졌다.(사진:한화오션)
한화오션은 휴스턴에서 열리고 있는 ‘가스텍(GASTECH) 2024’에서 노르웨이 선급인 DNV로부터 8만m3급 전기추진 액화수소운반선에 대한 기본 인증(AIP, Approval In Principle)을 획득했다.
액체 수소는 기체일 때보다 부피는 1/800로 줄고, 운송효율은 10배 이상 높아 저장과 운송에 유리하다. 미래 수소경제의 실현을 위해서는 필수사항으로 꼽힌다. 이에 따라 최근 세계 각국에서는 액화수소 저장∙운송 분야 기술개발이 한창이며, 향후 액화수소에 대한 해상운송도 증가할 것으로 예상된다. 이를 위해 대형 액화수소운반선의 필요성이 대두되고 있는 상황이다.
이번에 인증을 받은 액화수소운반선은 화물창에서 자연적으로 기화하는 수소가스(BOG, Boil-off gas)를 이용하여 무탄소 발전원을 통해 전력을 생산한다. 그렇기 때문에 이 선박의 운영과정에서는 이산화탄소를 전혀 배출하지 않는다.
이를 위해 한화오션은 2022년 미국의 CB&I社와 업무협약을 체결한 바 있다. 지난해에는 DNV도 함께 참가해 3자간 업무협약을 맺고, 액화수소운반선의 기본성능 및 구조 안전성, 화물운영시스템(CHS), 수소연료전지 등을 적용한 친환경 전기추진시스템의 개념설계 검증 등 광범위한 연구를 진행해 왔다.
CB&I社는 미국 나사 케네디 우주센터에 세계 최대 크기의 액화수소 저장탱크를 제작 공급하는 등 관련 저장설비 건조 분야에서 60년 이상의 경험과 역량을 축적해 온 회사다.
이번에 인증을 받은 액화수소운반선과 관련하여 CB&I社의 마크 버츠(Mark Butts) 대표는 “가스운반선에 대한 한화오션의 전문성과 액체 수소의 대규모 저장 및 취급 시스템에 대한 CB&I의 전문성이 완벽한 상호 작용을 했다”라며, “하루에 0.05%의 자연기화율(BOR, Boil-off rate)을 가진 가장 안전하고 효율적인 액체수소운반선 개발을 통해 향후 액체수소 공급망 확대에 큰 기여를 하게 되었다”고 말했다.
한화오션 관계자는 “이번 인증을 바탕으로 16만 m3급 이상의 대형 액화수소운반선의 개발과 더불어 다양한 무탄소 추진 시스템을 적용한 선박 개발에 매진해 압도적인 기술력을 확보할 계획이다”고 말했다.
[디펜스투데이]
Tag
#한화오션
#가스텍2024
#휴스턴
#디펜스투데이
저작권자 © 디펜스투데이 무단전재 및 재배포 금지
이승준 기자
다른기사 보기","{""AI/컴퓨팅"": [""AI"", ""AR""], ""기타/기술"": [""IP""], ""무인/자율시스템"": [""ROV""]}",True,액화수소운반선,2024-09,relevant,"이 기사는 한화오션이 개발 중인 무탄소 액화수소운반선에 대한 내용을 다루고 있습니다. 기사에 따르면 한화오션이 노르웨이 선급 DNV로부터 8만m3급 액화수소운반선에 대한 기본 인증을 획득했으며, 향후 16만m3급 이상의 대형 액화수소운반선 개발을 계획하고 있습니다. 이는 상용화에 한 걸음 더 다가선 것으로 볼 수 있습니다."
"현장취재 - 2024년 공군지능·정보화 발전 컨퍼런스 개최",2024-09,http://www.defensetoday.kr/news/articleView.html?idxno=8055,"9월 3일, 공군 24년 지능.정보화 발전 컨퍼런스가 공군호텔에서 열렸다.
공군호텔에서 24년 지능·정보화 발전 컨퍼런스가 개최됐다.(사진:디펜스투데이)
이영수 공군참모총장(대장)은 9월 3일(화), 공군호텔에서 ’24년 지능·정보화 발전 컨퍼런스를 개회사를 했다.
이영수 공군참모총장이 개회사를 하고 있다.(사진:디펜스투데이)
이영수 공군참모총장은 개회사에서 “첨단기술은 미래 강군 건설에 핵심적인 요소가 되어 가고 있고, 첨단 ICT의 효과는 러시아-우크라이나 전쟁과 이스라엘-하마스 전쟁을 통해서도 확인할 수 있었다”며, “이번 컨퍼런스가 AI 및 ICT 기술을 공군 혁신에 연결하고 융합하는 뜻깊은 장이 되길 바란다”고 말했다.
이영수 공군참모총장은 개회사에서 “첨단기술은 미래 강군 건설에 핵심적인 요소가 되어 가고 있고, 첨단 ICT의 효과는 러시아-우크라이나 전쟁과 이스라엘-하마스 전쟁을 통해서도 확인할 수 있었다”며, “이번 컨퍼런스가 AI 및 ICT 기술을 공군 혁신에 연결하고 융합하는 뜻깊은 장이 되길 바란다”고 말했다. (사진:디펜스투데이)
공군이 기존에 개최해오던 ‘정보통신발전 컨퍼런스’와 ‘인공지능 세미나’를 통합한 이 컨퍼런스는 4일(금)까지 이틀간 공군호텔과 서울 AI허브에서 열렸다.
약 500여명의 참석자들이 24년 지능·정보화 발전 컨퍼런스 참석했다.(사진:디펜스투데이)
공군 인공지능 확산과 ICT(Information and Communications Technology) 혁신을 주제로 진행된 이번 컨퍼런스에는 인공지능 및 정보통신기술분야 군·산·학·연 전문가 500여 명이 참석했다.
AI 기반 지능형 상황인식 플랫폼을 기반으로 만든 해안경계 시스템이다.(사진:디펜스투데이)
오세훈 서울특별시장 환영사, 국민의힘 강대식 의원 축사, 서울특별시 이상용 디지털수석 및 연세대 공과대학 정종문 부학장 기조연설, 미공군성 베니스 굿와인(Venice M. Goodwine) 정보화책임관(CIO·Chief Information Officer) 및 KT AI2X(AI To Everything Lab) 배순민 연구소장 특별강연, △전시회 관람, △주제발표 및 토론이 진행됐다.
공군 지능정보체계관리단이 생성형 AI 플랫폼을 참석자들에게 설명하고 있다.(사진:디펜스투데이)
오후에는 각계 전문가 4명의 주제발표가 진행됐다.
    노스롭 그루먼은 IBCS를 전시했다. 미육군과 폴란드군이 운용하는 통합 방공 및 미사일 방어 전투 지휘체계(Integrated Air and Missile Battle Command System, IBCS) 로, 최근에 미해군과 연동해서 SM-6를 유도하는 테스트를 성공적을 마무리했다.(사진:디펜스투데이)
양자 생태계와 미래국방기술(서울시립대 안도열 석좌교수), AI 파일럿/협업전투기 기술 소개 및 미군 기술 동향(美 EpiSci社 류봉균 CEO),공공 및 국방에서의 인공지능과 데이터 활용(한국지능정보사회진흥원(NIA) 신신애 지능데이터본부장),국방 저궤도 통신위성 개발’(국방과학연구소(ADD) 박경열 우주기술센터 팀장)의 주제발표가 있었다.
1층 홀에도 업체들이 전시관에 자사 제품들을 전시하고 있다.(사진:디펜스투데이)
9월 4일(수)에는 ‘ICT 혁신 및 AI 확산 방안’에 대한 각 분야 전문가들의 심도있는 토의가 진행됐다.
KFN에도 나와 공군부스를 촬영하고 있었다.(사진:디펜스투데이)
  참가자들은 ‘전 영역 지휘통제체계(JADC2·Joint All-Domain Command and Control) 구축 발전방향’, ‘Zero Trust 구현을 위한 정책 제언’, ‘국방/공공분야 생성형 AI 도입·발전 전략’, ‘공군 유·무인 복합 전투체계 발전방향’ 등에 대해 논의하며 공군의 미래발전 방향에 대해 의견을 나눴다.
오후 세션이 진행되고 있다.(사진:디펜스투데이)
이번 컨퍼런스를 계획한 공군본부 이태규 정보화기획부장(준장)은 “AI 등 최신 ICT 기술 연구 교류와 협력이 공군의 디지털 혁신과 첨단항공우주력을 건설하는데 큰 밑거름이 될 것”이라며, “앞으로도 이 컨퍼런스가 최신 ICT 기술을 활용한 항공우주력 발전에 기여할 수 있는 협력과 소통의 장이 될 수 있도록 더욱 발전시켜 나가겠다”고 말했다.
서울시립대 안도열 석좌교수가 양자 생태계와 미래국방기술을 발표하고 있다.(사진:디펜스투데이)
공군은 지난 3월 서울 AI허브, 서울대 AI 연구원과 업무협약을 맺고 5월 29일(수) 서울 서초구에 공군 AI 신기술융합센터를 개소했다. 또, 생성형 AI 서비스인 ‘에어워즈(AIRWARDS)’를 자체 개발해 업무에 적용하는 등 공군 내 AI 확산을 위해 노력하고 있다.
미EpiSci사 류봉균 CEO가 AI 파일럿/협업전투기 기술 소개 및 미군 기술 동향을 화상으로 발표하고 이다.(사진:디펜스투데이)
이밖에도 공군은 서울시, 대전창조경제혁신센터, 연세대 등과 적극적인 기술·인적교류와 정보공유를 통해 공군의 AI 역량을 강화하고 있다.
KT Sat는 항공기용 위성통신안테나 및 스타링크 안테나를 전시했다.(사진:디펜스투데이)
     
또한 과학기술정보통신부와 협력하여 제20전투비행단에 5G 네트워크를 시범 구성하고, 정보통신기획평가원과 함께 제10전투비행단과 제7항공통신전대에 AI 교육장을 구축하는 등 강력한 미래 항공우주력을 건설하기 위해 최선을 다하고 있다. 
[디펜스투데이]
Tag
#24년 지능·정보화 발전 컨퍼런스
#공군
#ROKAF
#공군호텔
#이영수공군참모총장
#디펜스투데이
저작권자 © 디펜스투데이 무단전재 및 재배포 금지
안형진 기자
다른기사 보기","{""우주/위성"": [""저궤도"", ""ISS"", ""위성통신""], ""AI/컴퓨팅"": [""AI"", ""정보통신기술"", ""인공지능"", ""AR"", ""ICT""], ""센서/통신"": [""지휘통제"", ""Command and Control"", ""C2"", ""IR""], ""재료/제조"": [""TEM""], ""항공기"": [""전투기""], ""미사일/방공"": [""missile""]}",True,"AI 기반 지능형 상황인식 플랫폼, 생성형 AI 플랫폼, IBCS(통합 방공 및 미사일 방어 전투 지휘체계), 국방 저궤도 통신위성",,relevant,"이 기사는 공군의 지능화 및 정보화 발전을 다루고 있으며, 다양한 군사 기술들의 개발 및 적용 계획을 언급하고 있습니다. 그러나 구체적인 상용화/전력화 시점은 명시되어 있지 않습니다."
"미공군,퀵싱크 신형 공대함 유도폭탄 시험",2024-08,http://www.defensetoday.kr/news/articleView.html?idxno=7934,"미공군은 적 함정을 침몰시킬 수 있는 능력을 입증하기 위해 새로운 공대함 유도 폭탄을 시험했다.
미공군 에글린 공군기지 시험비행단 소속 F-15E 전투기에 공대함 유도폭탄으로 개조된 GBU-31 합동직격탄을 탑재하고 있다.(사진:U.S.Air Force)
미공군 연구소의 퀵싱크라고 부르는 무장을 B-2 폭격기가 멕시코만에서 빈 화물선을 향해 발사했다고 AFRL은 8월 8일(현지시각) 에 밝혔다.
플로리다 에글린 공군기지에 있는 AFRL 군수국장 매튜 캐스퍼 대령은 이 기술이 미국이 자국의 이익을 방어하고 바다를 개방하며 ""넓은 해양 지역에 대한 주도권을 장악할 수 있도록 보장할 것""이며, ""퀵싱크는 전 세계의 자유에 대한 해양 위협을 무력화해야 하는 긴급한 필요성에 대한 해답이다.""라고 밝혔다.
미공군은 중국 또는 다른 주요 적과의 잠재적 충돌에서 중요한 대함 능력을 강화하기 위해 퀵싱크를 개발하고 있다.
미국방부는 미군의 가장 큰 위협은 중국이라고 밝혔다.
미공군연구소는 미공군 B-2 폭격기가 퀵싱크로 명명된 대함유도폭탄으로 함정을 격침시키는 모습을 공개했다.
(사진:미공군연구소동영상캡처)
중국과의 전쟁은 태평양 전역에서 치열한 해전이 벌어질 가능성이 높으며, 미공군은 퀵싱크가 중국 해군에 대응할 수 있는 또 다른 무기가 되기를 기대하고 있다.
퀵싱크 프로그램을 통해 미공군은 무기를 개조하여 고정되어 있거나 움직이는 해상 표적을 타격할 수 있게 될 것이다. AFRL은 2021년에 이 개념을 테스트하기 시작하면서 목표 선박의 상단, 수면선 또는 수면 바로 아래를 포함한 특정 지점 조준을 원한다.
AFRL은 7월 화물선 모나크 카운테스 호를 침몰시키기 위해 어떤 무기를 사용했는지 구체적으로 밝히지 않았다. 
2022년 이전 시험에서는 GPS 유도 GBU-31 합동직격탄(JDAM)이 목표 선박을 타격하는 데 사용되었다.
JDAM은 자체 동력으로 작동하지 않으며, 투발사하는 항공기의 속도와 중력이 무기의 속도를 제어하는 동안 핀을 사용하여 목표물을 향해 조정한다.
AFRL은 이러한 노력의 일환으로 JDAM의 노즈 플러그를 재설계했다고 밝혔다. 
이는 JDAM이 목표물을 타격하기 전에 물에 닿을 경우 예상치 못한 방향으로 날아가지 않도록 하기 위한 것으로, AFRL 관계자는 이를 연못의 수면을 가로지르는 돌에 비유했다.
미공군은 퀵싱크가 기존 어뢰와 유사한 함정 파괴 효과를 낼 것으로 기대하지만,  수면 아래에서 목표물까지 이동하지는 않는다. 
미공군 관계자는 퀵싱크가 중어뢰보다 더 저렴하고 유연하며 대부분의 미공군 전투기에서 발사할 수 있을 것이라고 밝혔다.
7월에는 B-2 폭격기가 실험을 수행했고, F-15E 스트라이크 이글이 해상용 퀵싱크 무장으로 개조된 GBU-31 JDAM을 발사했다.
AFRL의 군수국은 해군과 협력하여 적 함정을 침몰시킬 수 있는 공중 발사 무기를 개발하기 위한 해상 무기 프로그램을 진행하고 있다.
7월 멕시코만에서의 시험은 같은 달 환태평양 훈련(RIMPAC)에서 해군이 실시한 실사격 침몰 훈련과는 별개였다고 AFRL은 밝혔다.
RIMPAC 훈련에는 하와이 해안에서 퇴역한 상륙함 두 척, 즉 상륙 수송함 더뷰크와 상륙 공격함 타라와를 침몰시키는 훈련이 포함되었다. 
이 함정들은 미국, 호주, 말레이시아, 네덜란드, 한국의 대잠초계기와 전투함들이 장거리 각종 대함 미사일과 RGM-84 하푼 미사일을 포함한 무기를 사용하여 공격했다.
[디펜스투데이]
Tag
#미공군
#AFRL
#퀵싱크
#대함유도폭탄
#디펜스투데이
저작권자 © 디펜스투데이 무단전재 및 재배포 금지
이승준 기자
다른기사 보기","{""우주/위성"": [""GPS""], ""AI/컴퓨팅"": [""AI"", ""RL""], ""센서/통신"": [""IR""], ""무기/방어체계"": [""GBU"", ""JDAM"", ""합동직격탄"", ""유도폭탄""], ""재료/제조"": [""AM""], ""항공기"": [""B-2"", ""전투기"", ""F-15""], ""함정/항공기"": [""대잠초계기""]}",True,퀵싱크 공대함 유도폭탄,2024-08,relevant,이 기사는 미공군이 새로운 공대함 유도폭탄인 '퀵싱크'를 시험했다는 내용을 다루고 있습니다. 이는 군사 기술의 개발 및 전력화 과정을 다루고 있어 관련성이 높습니다. 다만 정확한 배치 시기는 명시되어 있지 않아 high 등급은 아닙니다.
"인천공항공사, 을지연습 연계 활주로 긴급복구 종합훈련 실시",2024-08,http://www.defensetoday.kr/news/articleView.html?idxno=7989,"인천국제공항공사(사장 이학재)는 ‘2024년 을지연습’의 일환으로 유사시 공항의 위기대응 역량을 강화하기 위해 8월 21일 오후 인천공항 내 격리주기장에서 ‘활주로 긴급복구 종합훈련’을 실시했다고 밝혔다. 
인천공항 내 격리주기장에서 진행된 ‘2024년 을지연습 연계 활주로 긴급복구 종합훈련’에서 활주로에 폭파구가 발생한 상황을 가정해(사진 1) 활주로 복구대가 ‘B.D.R(Bomb Damage Repair) 키트’라는 특수자재를 이용해 비상활주로를 확보하고 있다(사진:인천국제공항공사)
훈련에는 인천국제공항공사, 서울지방항공청, 공사 자회사 등 관련 기관에서 약 100 명이 참가했으며, 활주로 긴급 복구를 위한 전문 장비 30여 대가 동원되었다.
이번 훈련은 최근 사회적 이슈가 되고 있는 북한의 ‘오물풍선’으로 국가 핵심 기반시설인 인천공항 활주로가 파괴되어 폭 12m, 깊이 3m의 폭파구가 발생한 상황을 가정해 실전처럼 진행되었다.
인천공항 내 격리주기장에서 진행된 ‘2024년 을지연습 연계 활주로 긴급복구 종합훈련’에서 활주로에 폭파구가 발생한 상황을 가정해(사진 1) 활주로 복구대가 ‘B.D.R(Bomb Damage Repair) 키트’라는 특수자재를 이용해 비상활주로를 확보하고 있다(사진:인천국제공항공사)
또한 이번 훈련에는‘오물풍선’폭발로 활주로에 흩어진 폭발물과 오물 등 잔해를 신속하게 제거하고 복구하는 절차도 새롭게 포함되었다. 
훈련이 시작되어 활주로에 폭파구가 발생하자 공항 소방대가 즉각 출동해 화재를 진압하고 폭발물 처리요원이 추가 폭발 여부를 확인하여 잔해물을 처리하였다.
인천공항 내 격리주기장에서 진행된 ‘2024년 을지연습 연계 활주로 긴급복구 종합훈련’에서 인천국제공항공사 이학재 사장이 인사말을 하고 있다. (사진:인청국제공항공사)
이어 활주로용 특수 청소장비를 투입해 ‘오물풍선’폭발로 발생한 이물질(Foreign Object Debris;F.O.D.)을 신속하게 제거하였다. 
이후 활주로 복구대가 ‘B.D.R(Bomb Damage Repair) 키트*’라는 특수 자재를 이용해 폭파구를 복구하고 비상용 등화를 설치해 단위면적(㎡)당 최대 26.7 톤의 중량을 견딜 수 있는 비상활주로를 최단시간 내 확보하는 것을 끝으로 훈련이 종료되었다. 
인천공항 내 격리주기장에서 진행된 ‘2024년 을지연습 연계 활주로 긴급복구 종합훈련’에서 인천국제공항공사 이학재 사장(사진 앞줄 가운데) 및 참가자들이 훈련 종료 후 기념촬영을 하고 있다. (사진:인천국제공항공사)
인천국제공항공사 이학재 사장은 “을지연습과 연계한 이번 훈련을 통해 오물풍선 등 유사시 인천공항의 위기대응역량을 점검할 수 있었다”며 “앞으로도 실전과 같은 훈련을 지속적으로 실시함으로써 국민들이 신뢰할 수 있는 안전한 공항 서비스를 제공해 나가겠다”고 말했다. 
[디펜스투데이]
Tag
#인천국제공항공사
#을지훈련
#활주로긴급복구종합훈련
#인천국제공항
#디펜스투데이
저작권자 © 디펜스투데이 무단전재 및 재배포 금지
이승준 기자
다른기사 보기","{""AI/컴퓨팅"": [""AI""], ""센서/통신"": [""IR""], ""무기/방어체계"": [""DE""], ""재료/제조"": [""AM""]}",True,"폭발물 처리, 긴급활주로 복구",2024-08,relevant,"이 기사는 인천국제공항에서 을지연습의 일환으로 실시한 활주로 긴급복구 종합훈련을 다루고 있습니다. 이를 통해 유사시 공항의 위기대응 역량을 강화하기 위한 실전 대비 훈련이 이루어졌습니다. 기사에서는 활주로 복구에 활용된 특수 자재와 장비, 복구 절차 등이 구체적으로 소개되어 있습니다."
"폴란드 수출형 FA-50 25년 4분기 첫 '출격'...초도 물량 EGI 미적용",2024-08,http://www.defensetoday.kr/news/articleView.html?idxno=7901,"한국항공우주산업(KAI)이 25년 말 폴란드 경공격기 'FA-50PL'의 시범비행에 나선다.
수출형 'FA-50GF' 조기 납품에 이어 FA-50PL도 적기에 제공한다. 다만 관심이 모아진 차세대 상용 내장형 위성항법장치(EGI)는 적용되지 않을 전망이다. 
폴란드 공군에 12대 모두 납품된 FA-50GF 경전투기(사진;폴란드 공군)
5일 폴란드 방산매체 '디펜스24' 등 현지 외신에 따르면 KAI는 지난달 말 폴란드 수도 바르샤바에서 열린 기자간담회에서 25년 4분기 FA-50PL의 시범비행을 추진한다고 밝혔다. 
 FA-50PL은 폴란드 공군의 요구를 반영해 FA-50의 성능을 개량한 버전이다.
정보를 실시간으로 주고받는 데이터링크(Link-16) 체계와 능동위상배열레이더(AESA)를 탑재한다.
GBU-12 페이브웨이 유도폭탄과 단거리 공대공 미사일 'AIM-9X 사이드와인더(Sidewinder)', 'HMD(Helmet Mounted Display)'를 장착하며, 공증급유 기능과 공대지·공대공 무장 업그레이드 등으로 성능도 향상된다.
경공격와 특수전술, 전투임무 등 다양한 임무작전이 가능하고 F-16과 호환성이 높아 폴란드 공군의 핵심 기종으로 활약할 전망이다. 
다만 차세대 EGI는 탑재되지 않을 것으로 예상된다. EGI는 정확한 비행 위치와 속도 등 상세 정보를 제공하는 기기다. 현재 EGI는 폴란드가 미국 정부로부터 확보해야 하나 구매 일정이 확정되지 않았다.
인도 시기에 맞춰 확보가 가능할지 미지수다. KAI는 2022년 폴란드와 체결한 수출 계약에 따라 내년부터 2028년까지 FA-50PL 36대를 공급할 예정이다.
폴란드 공군이 도입할 FA-50PL 형상(이미지:KAI)
KAI는 폴란드 공군·방산 기업과의 협력 계획도 언급했다. 항공기 정비와 수리, 일부 부품 생산·납품 등에서 협업을 추진한다. FA-50PL의 재조립과 테스트도 폴란드 업체와 협력해 진행한다. KAI는 지난해 폴란드 민스크 공군기지 내 조립센터에서 마지막 조립을 거쳐 FA-50GF를 인도한 바 있다. 
폴란드 조종사 교육은 우리나라 공군 주도로 진행한다. 공군은 지난해 두 차례에 걸쳐 폴란드 조종사 총 8명을 교육했다. FA-50 기본교육과 전투기입문과정(LIFT)을 제공했다. 8명 중 2명을 교관으로 키우고 지상직 직원들에 대한 교육도 지원한다. 
아울러 조종사 훈련용인 FA-50GF 시뮬레이터를 25년 2분기에 납품할 예정이다. 시뮬레이터 생산은 현재 약 40% 진전된 것으로 알려졌다.
향후 민스크 공군기지에 설치되며, FA-50PL 공급에 따라 업데이트될 예정이다. 
한편, KAI는 2022년 9월 폴란드와 FA-50 48대 수출 계약을 체결했다. 23년 7월 FA-50GF 2대를 조기에 납품했다. 당초 8월 말 납품을 예상했으나 약 한 달 앞당겼다. 23년 말까지 12대를 성공적으로 인도하며 폴란드와 협력을 강화하고 있다. 
[디펜스투데이]
Tag
#FA-50PL
#시뮬레이터
#폴란드공군
#디펜스투데이
저작권자 © 디펜스투데이 무단전재 및 재배포 금지
안형진 기자
다른기사 보기","{""우주/위성"": [""위성항법""], ""AI/컴퓨팅"": [""AI""], ""센서/통신"": [""EW""], ""무기/방어체계"": [""DE"", ""DEW"", ""GBU"", ""HEL"", ""유도폭탄""], ""재료/제조"": [""PLA""], ""항공기"": [""F-16"", ""전투기""], ""항공기/전투기"": [""FA-50""], ""방산기업"": [""KAI""]}",True,"FA-50PL, EGI, 데이터링크(Link-16), AESA, GBU-12, AIM-9X, HMD",2025-04,high,이 기사는 한국이 개발한 경공격기 FA-50의 폴란드 수출형인 FA-50PL의 상용화와 전력화에 대해 다루고 있습니다. 구체적인 시범비행 시점과 탑재 기술들이 명시되어 있어 high 수준의 관련성이 있습니다.
"구미시, 초거대 AI 인프라 구축으로 방위산업 제조 분야 기대",2024-08,http://www.defensetoday.kr/news/articleView.html?idxno=7889,"구미시가 과학기술정보통신부의 ‘2024년 지역특화형 초거대 AI 클라우드 팜 실증과 확산 환경 조성’ 공모사업에 최종 선정됐다고 8월 5일 밝혔다.
초거대 AI 기반 방산품 설계·유지·보수 서비스 개념도.(이미지:구미시)
  초거대 AI는 기존 인공지능(AI)에서 한 단계 진화한 차세대 AI를 말한다. 스스로 학습한 알고리즘을 통해 텍스트, 이미지 등 이용자가 원하는 형태로 만들어 주며 기존 인공 지능(AI)보다 수 백배 이상의 데이터를 학습해 인간의 뇌에 가깝게 학습·판단할 수 있다.
구미시는 경북도, 포항시, 경산시와 함께 2024~2026년 3년간 총사업비 231억 원(국비 111억, 도비 36억, 시비 15억6천800, 기타 68억3천200)을 투입해 지역 특화형 초거대 AI 인프라와 융합 플랫폼 개발·실증, 지역 산·학·연 협력 생태계 조성 등을 추진할 예정이다.
구미시는 초거대 AI 융합 서비스 개발과 실증이 지역 전략산업인 방위산업 제조 분야에도 긍정적인 변화를 가져올 것으로 전망하고 있다. 방산품 설계 과정에 초거대 AI와 공간 컴퓨팅 기술을 활용해 신속한 결과물을 도출할 수 있기 때문이다. 구미시는 방산제품 운영과 정비에 필요한 디지털 설명서 제작을 지원해 방산품 제작·유지·보수의 효율성을 높이고 상용화 추진에 박차를 가할 예정이다.
김장호 구미시장은 “국내·외 빅 테크 기업의 초거대 AI 인프라와 서비스 발전 추세가 가속화됨에 따라 지역 특화산업 분야의 여건에 걸맞은 초거대 AI 인프라와 기술 수요가 필요질 것”이라며 “초거대 AI 분야 기반을 마련하고 지역 기업 수요를 반영한 실증이 이뤄질 수 있도록 적극 지원하겠다”고 말했다.
[디펜스투데이]
Tag
#구미시
#초거대AI인프라구축
#디펜스투데아
저작권자 © 디펜스투데이 무단전재 및 재배포 금지
이승준 기자
다른기사 보기","{""AI/컴퓨팅"": [""AI"", ""인공지능""]}",True,초거대 AI 인프라,2024-08,relevant,"기사에 따르면 구미시가 초거대 AI 인프라를 구축하고 있으며, 이를 통해 방위산업 제조 분야에서 긍정적인 효과를 기대하고 있습니다. 이는 군사 기술의 상용화와 관련된 내용으로 볼 수 있습니다."
"미 공군, 전기 수직이착륙기 '블랙플라이' 시험 착수",2024-08,http://www.defensetoday.kr/news/articleView.html?idxno=7871,"블랙플라이 전기 수직이착륙 항공기. 사진: 미 공군
미 공군이 오하이오 주에서 전기 수직이착륙기(eVTOL) 블랙플라이(BlackFly)에 대한 시험에 착수했다.
이는 새로운 기동 시스템 개발을 위한 '애질리티 프라임(Agility Prime)' 프로그램의 일환으로 진행되고 있다.
애질리티 프라임은 다양한 임무 세트에 대한 공중 수직 이륙 플랫폼을 탐색하고 새로운 기동 시스템을 개발하기 위한 프로젝트로, 미 공군연구소(AFRL)와 공군 혁신부서인 AFWERX가 주도하고 있다.
미 공군 관계자에 따르면, 스프링필드-벡클리 공항에서 실시된 이번 시험에서 1인승 블랙플라이는 무인 구성으로 다양한 시나리오를 수행했다.
특히 인디애나 주 기업 DANNAR가 개발한 원격 제어 이동식 전원 스테이션과의 연계 운용이 주목받았다.
시연의 일부로 eVTOL과 인디애나 주 기반 DANNAR가 개발한 원격 제어 이동식 전원 스테이션의 연계가 이뤄졌다.
시험 전반에 걸쳐 DANNAR 스테이션의 120볼트 출력은 비행 작전을 위한 전력을 생성했고, 240볼트 출력은 항공기를 충전했다.
AFWERX의 조슈아 레인 비행시험 엔지니어는 ""항공기의 비행 능력뿐 아니라 전력 공급 인프라에도 주목하고 있다""며 ""공군의 운용 개념 맥락에서 전반적인 비행 작전을 평가 중""이라고 밝혔다.
미 공군은 블랙플라이를 포함해 여러 상용 eVTOL 기종에 대한 평가를 9월 중순까지 진행할 예정이다. 이를 통해 정부 조달을 위한 필요 데이터를 확보한다는 방침이다.
애질리티 프라임의 제이콥 윌슨 임시 지부장은 ""물류, 긴급 대응, 정보·감시·정찰 등 다양한 군사용 사례를 탐색하고 있다""며 ""이러한 혁신 기술의 상업적 채택을 가속화해 미국 내 강력한 산업 기반을 확보하는 것이 목표""라고 설명했다.
블랙플라이는 피보탈(Pivotal)사가 개발한 eVTOL로, 최고 속도 129km/h, 항속거리 64km의 성능을 갖췄다.
피보탈은 지난 3월 미 공군과 2년 계약을 체결, 제한 공역 내 시험 시설 접근권을 확보한 바 있다.
[디펜스투데이]
Tag
#eVTOL
#블랙플라이
#수직이착륙기
#피보탈
#미 공군
#디펜스투데이
저작권자 © 디펜스투데이 무단전재 및 재배포 금지
신상언 기자
다른기사 보기","{""무인체계"": [""수직이착륙"", ""VTOL""], ""AI/컴퓨팅"": [""AR"", ""RL""], ""센서/통신"": [""정보·감시·정찰""], ""연구/프로그램"": [""OTA""]}",True,전기 수직이착륙기(eVTOL) 블랙플라이,2024-08,relevant,이 기사는 미 공군이 전기 수직이착륙기 블랙플라이에 대한 시험을 실시했다는 내용을 다루고 있습니다. 이는 군사 기술의 상용화 및 전력화 단계에 해당하는 내용이라고 볼 수 있습니다. 구체적인 기술명과 시험 시기가 명시되어 있어 정보의 질이 높습니다.
"한일 협력을 통한 항공산업의 미래도약",2024-08,http://www.defensetoday.kr/news/articleView.html?idxno=7870,"기고 - 한기완
""한일 협력을 통한 항공산업의 미래 도약“
  현대 사회에서 항공산업은 국가 경제와 글로벌 연결성을 촉진하는 중요한 역할을 하고 있다.
  이 산업은 기술 혁신과 경제 성장의 원동력으로 자리 잡고 있으며, 다양한 도전과제를 안고 있고, 이를 해결하기 위해 국제적인 협력이 필수적이다.
  필자는 항공산업계에서 35년 넘게 종사하며 미국과 유럽, 러시아의 선진 항공기업과의 협력 경험을 바탕으로, 최근 3년간 일본의 항공산업을 접할 기회를 가졌다.
  일본의 항공산업 분야 기업들은 수대에 걸친 유구한 역사를 바탕으로 국제적인 경쟁력을 확보하고 세계 시장으로 진출하고 있었다.
  이러한 시점에 한국과 일본의 협력이 새로운 도약을 위한 중요한 기회가 될 것이라 생각한다.
  한국과 일본의 상호 보완적 강점
한국과 일본의 항공산업은 각기 다른 강점을 가지고 있다.
  한국은 일제 강점기 시절인 1920년대에 최초로 항공기를 도입하여 운용하기 시작하였으며, 독립 이후에는 민간 및 군사용의 항공기를 다양하게 운용하며 많은 경험을 축적해왔다.
1980년대 이후 고정익 및 회전익은 물론 무인기의 생산 및 개발을 통해 항공기 체계 종합, 시험 평가, 제조 및 ICT(Information and Communication Technologies) 분야에서 강점을 보유하고 있으며, 이를 통해 항공기 개발과 운용 효율성을 높여왔다.
  특히, 한국의 ICT는 항공기의 첨단 항법 시스템, 통신 장비, 데이터 처리 등에서 혁신적인 발전을 이루고 있다.
  반면, 일본은 오랜 세월에 걸친 소재, 부품 및 장비 분야의 첨단 기술과 항공산업 전반의 기반기술에서 뛰어난 역량을 가지고 있다.
  일본의 소재 기술은 항공기의 경량화, 내구성 향상, 연료 효율성 개선에 큰 기여를 하고 있다.
  이러한 상호 보완적인 강점을 결합하면 항공산업의 혁신적 발전을 이룰 수 있는 큰 기회가 될 수 있다.
  상생을 위한 한·일 국제 협력의 필요성
미래의 항공산업의 특징은 친환경, 자율 비행, 초음속 비행, 도심 항공 모빌리티(UAM, Urban Air Mobility) 및 우주 항공산업의 상용화 추진이다.
  한국은 자체 개발한 항공기를 수출하고 있으며, 다양한 항공기 개발과 UAM 상용화를 위한 인프라 구축이 진행되고 있다.
  또한, 지난 5월 경남 사천에 우주항공청(KASA, Korea AeroSpace Administration)을 설립하여 우주분야에서도 세계로, 우주로, 미래로 나아가고 있다.
  일본 또한 항공우주연구개발기구(JAXA, Japan Aerospace Exploration Agency)를 주축으로 관련 기업들과 함께 미래 항공우주기술과 시스템 개발 및 상용화를 추진하고 있으며, 차세대 항공기, 무인항공기(UAV, Unmanned Aerial Vehicle) 및 UAM 개발과 항공산업 인프라 개선은 물론 미국과 유럽 국가들과의 국제 협력 프로젝트를 통해 기술을 교류하고 공동 연구개발을 추진하면서 글로벌 경쟁력을 강화하고 있다.
  일본의 상사들은 전 세계적으로 구축된 글로벌 공급망을 통해 미래 환경 친화적 기술 개발을 지원하고 있다. 이러한 시점에서 가까운 일본과의 협력은 더욱 중요하고 필요하다.
  정서적, 정치적 문제 극복의 중요성
그러나 이러한 협력을 이루기 위해서는 양국 간의 오랜 정서적이고 정치적인 문제를 해결해야 한다.
  프랑스와 독일은 1970년대 에어버스(Airbus)를 공동으로 설립하여 항공산업에서 성공적인 협력을 이루어 보잉(Boeing)과 경쟁할 수 있는 글로벌 리더 기업으로 성장했다.
  또한, 독일과 이스라엘은 군사 및 방산 분야에서 협력하여 항공기 엔진 및 시뮬레이터와 무인기(UAV) 기술의 발전을 이루었다.
  이러한 사례들은 과거의 갈등을 극복하고 미래를 향한 양국의 기술력과 경험을 결합하며 서로의 강점을 공유하면서 상생을 추구하는 대승적인 결단으로 이루어졌다.
  이를 통해 양국은 항공산업뿐만 아니라 다양한 분야에서 협력하여 글로벌 시장에서 상호 경쟁력을 갖추는 중요한 파트너로 발전할 수 있었다.
  안전과 환경, 기술 혁신의 공동 목표
이제는 한일 항공산업 협력이 지정학적 안보 강화, 환경 보호, 기술 혁신 등 다양한 측면에서 중요한 의미를 가질 수 있다는 점을 반드시 고려해야 한다.
  한일 간 협력을 통해 항공 안전 기준을 스스로 정립하고, 추진 시스템 및 바이오 연료, 경량 소재 등 친환경 항공기 기술을 개발하여 표준화하는 것은 두 나라뿐만 아니라 전 세계 항공산업의 발전에 중대한 기여를 할 것이다.
  결언
항공산업은 본질적으로 국제적인 산업이며, 국제 협력 없이는 지속 가능하고 안전하며 경제적으로도 효율적인 항공산업을 구축하기 어렵다.
  특히, 한국과 일본의 협력은 상호 보완적인 강점을 결합하여 새로운 도약을 이루는 중요한 기회가 될 것이다.
  과거의 갈등을 극복하고 미래를 향한 협력을 통해, 양국은 항공산업의 혁신적 발전을 함께 이루어나가야 한다.
  지난 3월, 사천시 투자유치단과 함께 인구수는 사천시와 비슷하나 기업체 수는 15배가 넘는 일본 니이하마시를 방문하여 투자 설명회를 실시한 바 있다.
  한국의 항공산업 클러스터인 사천시가 먼저 진정한 국제 협력의 본질을 이해하고 실현하는 대승적인 결단을 보여주기를 기대한다.
    / 한기완 사천시 투자유치위원회 위원 (前 한국항공우주산업 상무)
  [디펜스투데이]
Tag
#디펜스투데이
#밀리터리
#국방
#군사
#이슈분석
#현대병기
#획득무기
#무기백과
#디펜스TV
저작권자 © 디펜스투데이 무단전재 및 재배포 금지
이승준 기자
다른기사 보기","{""무인체계"": [""UAV"", ""Unmanned Aerial Vehicle"", ""무인항공기""], ""AI/컴퓨팅"": [""AI"", ""ICT""], ""센서/통신"": [""IR""], ""재료/제조"": [""ICL"", ""AM""], ""작전/전술"": [""ACE""], ""드론/무인체계"": [""unmanned""], ""첨단기술"": [""space""], ""방산기업"": [""Airbus"", ""Boeing""]}",True,"['무인항공기(UAV)', '도심 항공 모빌리티(UAM)']",,relevant,"기사에서는 한국과 일본의 항공산업 협력을 통한 미래 기술 개발을 다루고 있습니다. 특히 무인항공기(UAV)와 도심 항공 모빌리티(UAM)의 개발 및 상용화 계획이 언급되어 있으나, 구체적인 배치 시점은 제시되지 않았습니다."
"미 공군 ULTRA 정찰 무인기, 3일 연속 비행 시험 성공",2024-07,http://www.defensetoday.kr/news/articleView.html?idxno=7820,"80시간 체공 능력 보유... 혁신적 공중 시스템으로 입지 굳힐 전망
2024년 5월 7일, 미상의 장소에서 이륙을 준비하고 있는 울트라 드론. 사진: DVIDS
미 공군의 ULTRA 정찰 무인기가 최근 시험에서 3일 연속 비행 능력을 입증했다.
이번 시험은 유타 주 더그웨이 시험장에서 실시됐다. 세부 사항은 제한적이나, 이번 긍정적인 시험 결과로 ULTRA가 혁신적인 공중 시스템으로서의 평판을 굳힐 수 있을 것으로 기대된다.
2019년에 개발된 글라이더형 ULTRA 무인기는 24m 이상의 날개 폭을 자랑하며 최대 80시간의 체공 능력을 갖추고 있다.
또한 360도 정보·감시·정찰(ISR) 능력을 제공하는 전자광학/적외선 센서를 탑재하고 있다.
ULTRA(Unmanned Long-Endurance Tactical Reconnaissance Aircraft, 무인 장거리 전술 정찰기)는 군 고객을 위한 ""경제적인 옵션""으로 주목받고 있다.
이 무인기는 상용 기술을 사용해 유사한 드론들보다 훨씬 저렴하다.
또한 기존의 제조 및 공급 채널을 활용하고 제한된 맞춤형 항공전자 장비를 사용해 획득 및 유지보수 비용을 낮게 유지한다.
DZYNE이 제조한 이 무인기는 더 낮은 고도에서 운용될 수 있어 일반적으로 고가인 대형 광학 장비의 필요성을 없앤다.
올해 초 미 공군은 ULTRA를 중동 지역에 처음으로 배치해 비공개 임무를 수행한 바 있다.
[디펜스투데이]
Tag
#ULTRA
#DZYNE
#무인 정찰기
#미 공군
#디펜스투데이
저작권자 © 디펜스투데이 무단전재 및 재배포 금지
신상언 기자
다른기사 보기","{""무인체계"": [""Reconnaissance""], ""우주/위성"": [""ISS"", ""SSA""], ""AI/컴퓨팅"": [""AI""], ""센서/통신"": [""적외선"", ""ISR"", ""정보·감시·정찰"", ""IR""], ""항공기/전투기"": [""aircraft""], ""드론/무인체계"": [""unmanned""]}",True,ULTRA 정찰 무인기,2024-05,high,기사에서 ULTRA 정찰 무인기의 시험 성공과 중동 지역 배치 사실을 다루고 있어 상용화/전력화와 관련된 정보를 제공하고 있음.
"GE 에어로스페이스, 전 세계 MRO 설비 확장 및 업그레이드에 10억 달러 투자",2024-07,http://www.defensetoday.kr/news/articleView.html?idxno=7794,"GE에어로스페이스(NYSE:GE)는 자사의 전세계 MRO (유지·보수·정비) 및 항공 엔진 부품 수리 설비에 향후 5년 동안 10억달러 이상을 투자할 계획이라고 밝혔다. 
금번 투자를 통해 GE에어로스페이스는 추가적인 엔진 시험 시설 (test cell) 구축 및 장비 도입을 통해 협동체 (Narrowbody) 및 광동체 (Widebody) 항공기 시장의 성장에 발맞춰 관련 역량을 강화하게 된다. 
GE 에어로스페이스에서 F-15EX 전투기용으로 생산중인 F110 엔진(사진:GE에어로스페이스)
  또한 이번 투자로 점검 기술 강화 등 첨단 기술을 추가로 도입해 항공기 엔진의 정비소요 시간 (turnaround time)을 줄이고 정비 센터의 부품 수리 역량을 강화할 계획이다. 
GE에어로스페이스 상용기 엔진 및 서비스 (Commercial Engines and Services) 사업부의 러셀 스톡스 (Russell Stokes) 사장 겸 최고경영자(CEO)는 “최근 항공 여행 수요가 증가하는 가운데, GE에어로스페이스는 고객사 항공기의 안전성과 신뢰성을 유지하는 데 필요한 역량과 효율성 증대를 위한 투자를 하고 있다. 금번 투자를 통해 고객과 항공 여행 승객을 위해 당사가 오랜 동안 지켜온 안전, 품질, 납기에 대한 역량을 더욱 강화할 것”이라고 말했다.  
이번 투자의 상당 부분은 CFM LEAP*엔진의 증가하는 수요를 지원하게 된다. 현재 3,300 대 이상의 항공기가 LEAP엔진을 탑재해 운항 중으로 이 기종은 지속적으로 성숙, 확장하고 있으며 10,000대가 넘는 수주잔고를 보유하고 있어, 향후 전세계적으로 글로벌 상용 항공기가 수천대 이상 증가될 것으로 전망되고 있다. 
이번 투자는 GE에어로스페이스 직원들이 회사의 독자적인 린(lean) 운영 모델인 플라이트 덱(FLIGHT DECK)을 통해 달성한 안전, 품질, 인도 및 비용 부문의 개선을 위해 노력한 결과이기도 하다. 플라이트 덱(FLIGHT DECK)은 사업 운영에 있어 고객의 관점에서 탁월한 가치를 제공하기 위해 구축한 체계적인 운영 방식이다.
올해 주요 MRO 펀딩은 미국 오하이오주 신시내티 인근에 위치하는 새로운 서비스 테크놀로지 엑셀러레이션 센터 (Services Technology Acceleration Center, STAC) 구축에 지원된다. 
2024년 9월 개관 예정인 STAC은 발생하는 이슈들을 보다 신속하게 탐지하고 항공기 가동 중단 시간을 단축시키는 검사 기술 등과 같은 혁신적인 서비스 체계 구축 가속화를 지원하게 된다. 
전세계에 위치한 GE에어로스페이스의 글로벌 지역 수리 및 정비 설비들의 경우, 2024년 올해에는 5년 간의 투자 계획 10억 달러 중 2억 5천만 달러를 받아, 전세계 설비 확장, 신규 장비, 툴링(tooling), 안전 강화 등에 투자된다. 올해 투자는 아래 등을 포함한다.
미국은 6천5백만 달러를 오하이오주 신시내티, 텍사스주 맥알렌, 인디애나주 라파예트, 텍사스주 댈러스, 캔자스주 윈필드에 투자한다. 
남아메리카는 5천5백만 달러를 브라질 페트로폴리스에 투자한다. 
유럽 및 중동은 6천만 달러를 헝가리 부다페스트, 스코틀랜드 프레스트윅, 영국 런던, 웨일스 카디프, 폴란드 브로츠와프, 카타르 도하, 아랍에미리트(UAE) 두바이에 투자한다. 
아시아 태평양은 4천5백만 달러를 싱가포르, 대만 타이페이, 말레이시아 쿠알라룸푸르, 대한민국 서울에 투자한다.
GE 에어로스페이스의 MRO 설비는 40,000대 이상의 상용 항공기 엔진 운항을 지원한다. 고객 서비스에는 엔진 분해 및 재조립, 유지보수, 수리, 검사, 테스트가 포함된다.
[디펜스투데이]
Tag
#GE에어로스페이스
#10억달러투자
#MRO
#디펜스투데이
저작권자 © 디펜스투데이 무단전재 및 재배포 금지
안형진 기자
다른기사 보기","{""AI/컴퓨팅"": [""AR""], ""무기/방어체계"": [""DE""], ""의료/생체"": [""RNA""], ""항공기"": [""전투기"", ""F-15""], ""함정/항공기"": [""USS""]}",True,CFM LEAP 엔진,2024-07,high,"이 기사는 GE 에어로스페이스가 자사의 MRO 시설에 10억 달러를 투자하여 CFM LEAP 엔진의 증가하는 수요에 대응하겠다는 내용을 다루고 있습니다. 구체적인 투자 계획과 투자 금액, 그리고 LEAP 엔진의 현재 운영 현황과 향후 전망까지 제시되어 있어 상용화 관련 내용이 잘 드러나고 있습니다."
"휴니드 ‘MANET 솔루션’ 육군으로부터 군사적 활용 가치 인정",2024-07,http://www.defensetoday.kr/news/articleView.html?idxno=7793,"방산전문기업 ㈜휴니드테크놀러지스(이하 휴니드)가 육군미래혁신연구센터 주관 ‘아미타이거 부스트 프로젝트’를 통해 육군으로부터MANET 솔루션에 대한 군사적 활용 가치를 인정 받았다고 7월 25일 밝혔다.
아미 타이거 부대 지휘관들이 휴니드의 MANET 솔루션을 통해 가시화된 전장상황을 확인하며 작전을 지휘하고 있다.(사진:휴니드)
  지난달 17일부터 약 2주간 진행된 ‘아미타이거 부스트 프로젝트’는 첨단 상용기술과 장비들을 선제적으로 시범운용함으로서 신기술에 대한 적용 방안을 모색하고, 아미타이거 체계의 진화적 발전방안을 도모하기 위해 마련된 자리였다.
프로젝트 기간동안 휴니드는 MANET 솔루션을 활용, 군 최초로 전투원을 비롯 AI서버, 드론, 무인수색차량, 다족로봇, 전차, 장갑차 등 다양한 전투플랫폼들을 하나로 연결하는 유/무인 복합 초연결 네트워크를 성공적으로 구현했다.
시범운용에 참가한 다양한 유/무인 플랫폼들은 휴니드 MANET 무전기를 통해 작전상황을 공유할 수 있었으며, 지휘소에서는 실시간 영상정보와 AI서버를 통한 전장상황 가시화가 가능하였다.
MANET 무전기를 장착한 전투원 모습(사진:휴니드)
  휴니드 관계자는 “이번 시범운용을 통해 MANET의 전력 발휘는 장비의 성능과 더불어 운용자의 네트워크 작전 능력이 중요하다는 교훈을 얻을 수 있었다""며, “휴니드는 전투현장에서 요구되는 네트워크 능력을 식별하고 이를 장비체계에 반영하면서 전술적 운용에 필요한 실절적인 데이터베이스를 구축하는 성과를 거두었다.”고 밝혔다.
김왕경 사장은 “이번 아미 타이거 부스트 프로젝트는 여단급이하 제대에서 초연결 네트워크 구성이 가능한 MANET 솔루션의 뛰어난 네트워크 성능을 입증하는 좋은 계기가 되었다” 며, “최근 육군의 대테러 및 CWMD 부대에도 휴니드 MANET장비 납품을 완료한 것과 같이 아미타이거 부대에도 동일 솔루션이 확대 적용되어 작전의 상호운용성이 보장되기를 기대한다”고 전했다.
[디펜스투데이]
Tag
#휴니드테크놀러지스
#MANET
#아미타이거부스트
#육군
#디펜스투데이
저작권자 © 디펜스투데이 무단전재 및 재배포 금지
이승준 기자
다른기사 보기","{""AI/컴퓨팅"": [""AI""]}",True,MANET 솔루션,2024-07,high,"본문에서 휴니드 MANET 솔루션이 육군 아미타이거 부대에 전력화되어 성공적으로 시범운용되었다고 밝히고 있으며, 향후 대테러/CWMD 부대에도 동일 솔루션이 확대 적용될 예정이라고 언급하고 있어 상용화/전력화가 완료된 것으로 확인됩니다."
"레오나르도, 라인메탈과 합작사 설립 및 전차,장갑차 관련 공동생산 계약체결",2024-07,http://www.defensetoday.kr/news/articleView.html?idxno=7667,"레오나르도와 라인메탈은 7월 3일(현지시각) 지상 방어 시스템 분야에서 유럽의 산업 및 기술 접근 방식을 개발하기 위한 새로운 50:50 합작 투자 회사를 설립하는 양해각서(MoU)를 체결했다.
레오나르도는 자국산 아리에테 전차 개량 및 KF-51 판터를 공동생산한다.(사진:라인메탈)
협약의 목적은 이탈리아 육군의 지상 시스템 프로그램 내에서 새로운 주전차(MBT)와 장갑 보병 전투 시스템(AICS)을 위한 새로운 Lynx 플랫폼의 산업 개발 및 후속 상용화를 위한 것이다.
아르민 파퍼거, 라인메탈 AG CEO는 ""레오나르도와 라인메탈은 유럽의 대표적인 방위 기술 공급업체 두 곳이 힘을 합쳐 야심찬 프로젝트를 실현하기 위해 협력하고 있다. 우리는 함께 새로운 표준을 설정하고 유럽과 유럽을 위한 차세대 최첨단 전투 차량의 문을 열고자 한다. 이를 통해 이탈리아 시장뿐만 아니라 전투 시스템 분야의 현대화가 필요한 다른 파트너 국가에도 대응할 것이다.""라고 밝혔다.
로베르토 친골라니, 레오나르도 CEO는 ""레오나르도와 라인메탈의 기술 및 산업 시너지는 최첨단 주전차 및 보병 차량을 개발할 수 있는 특별한 기회다. 이번 계약은 유럽 방위 산업을 창출하는 데 근본적인 기여를 할 것으로 생각한다.""라고 밝혔다.
KF-41 링스를 기반으로 후속 전투장갑차를 개발할 것이다.(사진:라인메탈)
특히 이탈리아에 본사를 둔 향후 합작회사는 이탈리아 프로그램(MBT 및 AICS) 모두에서 주계약자이자 시스템 통합업체로서 선도적인 시스템 통합업체가 될 것이며 향후 유럽 주 지상 전투체계(MGCS) 참여를 위한 로드맵을 정의하게 될 것이다.
MBT 및 AICS 프로그램 내에서 임무 시스템, 전자 제품군 및 무기 통합은 이탈리아 고객의 요구 사항에 따라 레오나르도가 개발 및 생산할 것이다. 이 기술은 또한 향후 유럽형 MBT(MGCS) 및 해외 수출용 새 버전 개발의 기반이 될 것이다. 라인메탈은 새로 개발된 팬서 주전차와 신형 링스 보병전투차량을 통해 두 프로그램 모두에 적합한 기본 기술을 보유하고 있다.
최종 조립 라인, 승인 테스트, 납품 활동 및 물류 지원은 이탈리아에서 이루어지며 이탈리아의 작업 점유율은 60%다.
7월 3일(현지시각) 체결된 양해각서의 이행은 유럽연합 집행위원회와 각국 경쟁 당국을 포함한 관할 규제 당국의 사전 승인을 받아야 한다.
KF-51판터와 KF-41 링스를 베이스로 두 회사가 유럽에서 시장 점유 확대를 위해 나선다.
KNDS와 라인메탈의 집안싸움일 뿐이었던, 이번 레오나르도의 도박은 자기편이 절실했던 라인메탈이 이탈리아의 지분을 인정하고 영입해서 유럽의 집안싸움 규모는 더  커질것으로 보인다.
[디펜스투데이]
Tag
#라인메탈
#레오나르도
#KF41
#KF51
#디펜스투데이
저작권자 © 디펜스투데이 무단전재 및 재배포 금지
이승준 기자
다른기사 보기","{""AI/컴퓨팅"": [""AI""], ""항공기/차량"": [""보병전투차량""]}",True,"['아리에테 전차 개량', 'KF-51 판터 공동생산', '신형 링스 보병전투차량']",2024-07,high,"기사에서 레오나르도와 라인메탈이 전차와 장갑차 관련 공동생산 계약을 체결했다고 구체적으로 언급하고 있으며, 이를 통해 상용화/전력화될 것으로 보임."
"美 스타트업, AI 기반 교란 차단 항법시스템 'AQNav' 공개",2024-06,http://www.defensetoday.kr/news/articleView.html?idxno=7620,"군용기 조종사는 GPS 의존도가 매우 높다. 사진: 미 해병대
미국 기술 스타트업 샌드박스AQ(SandboxAQ)가 지속적인 GPS 재밍에 대응할 수 있는 새로운 인공지능(AI) 기반 항법시스템을 선보였다.
AQNav로 명명된 이 기술은 강력한 양자 센서를 활용해 지구 지각 자기장 데이터를 수집한다.
이를 통해 GPS 신호가 교란되거나 사용 불가능한 지역에서도 실시간 위치 정보를 제공이 가능하다.
AQNav는 AI 알고리즘을 사용해 잠재적 간섭을 제거하고 전체 시스템을 재밍과 스푸핑에 뚫리지 않는 것이 특징이다. 
샌드박스AQ측은 ""GPS는 재밍과 스푸핑에 취약하다""며 ""비행기나 선박이 이동 중 GPS를 잃고 관성항법시스템으로 전환하면 표류하다 곧 항로를 이탈하게 된다""고 지적했다.
이어 ""지구 지각 자기장은 지속적이고 수동적인 외부 신호를 제공해 항법에 매우 신뢰할 수 있는 정보원이 된다""고 설명했다.
AQNav는 원래 상용 목적으로 설계되었으나 다양한 해상, 지상, 공중 군용 플랫폼에 통합될 수 있다.
또한 자율주행차량 제어 개선이나 GPS 신호를 사용할 수 없는 지하/수중 작전 지원에도 활용 가능하다.
샌드박스AQ 측은 현대전에서 GPS가 적의 공격 1순위 대상이 될 가능성이 높은 만큼 대체 항법체계 제공이 중요함을 인식하고 있다고 밝혔다.
AQNav는 지금까지 미 공군, 보잉, 에어버스가 실시한 비행시험에서 200시간 이상 운용된 것으로 전해졌다.
저작권자 © 디펜스투데이 무단전재 및 재배포 금지
신상언 기자
다른기사 보기","{""우주/위성"": [""GPS""], ""AI/컴퓨팅"": [""AI"", ""인공지능""]}",True,AQNav,2024-06,high,기사에서는 미국 스타트업 샌드박스AQ가 개발한 AI 기반 교란 차단 항법시스템 'AQNav'를 다루고 있습니다. 이 기술은 이미 실제 비행시험을 거쳐 200시간 이상 운용된 것으로 알려져 있어 상용화 및 전력화 단계에 있음을 알 수 있습니다. 또한 기사에서는 상용화 시점인 2024년 6월을 명확하게 제시하고 있습니다.
"고속철 국산화 30년 역사, 수출로 최종 결실",2024-06,http://www.defensetoday.kr/news/articleView.html?idxno=7559,"한국형 고속철도차량이 국산화 착수 30년 만에 해외에서 기술력을 인정받았다.  
현대로템은 한국철도공사(코레일)와 민관 합동으로 우즈베키스탄(우즈벡) 철도청(UTYㆍUzbekistan Temir Yo’llari)이 발주한 2700억원 규모의 동력분산식 고속차량 공급 및 유지보수 사업을 수주했다고 6월 14일 밝혔다. 
한국형 고속철도차량 개발 연혁 정리(사진:현대로템)
  이번 수출에는 첫 국산화 목표였던 동력집중식 고속차량 개발에 그치지 않고 전 세계적인 추세에 따라 동력분산식 고속차량까지 개발하며 30년 가까이 기술력 고도화에 역량을 쏟았던 정부와 국내 기술진들의 노력이 있었다.
동력분산식 고속차량은 모든 차량에 동력 기관이 설치된 차량으로 현재 전 세계에 운용되는 고속차량 중 70% 이상을 차지하고 있다. 차량 앞뒤에만 동력 기관이 존재하는 동력집중식보다 가감속 성능이나 수송력, 승객 안전성 등이 장점이다. 
대한민국 고속철도의 역사는 1992년 6월 경부 고속철도 건설이 본격 착수되면서 시작됐다. 당시 고속차량 기술이 전무했던 한국은 1994년 프랑스의 고속차량 제작 업체인 알스톰(Alstom)과 300km/h급 고속차량 도입 및 기술 이전 계약을 맺었다.
알스톰과 체결된 고속차량(KTX-Ⅰ) 도입 수량은 총 46편성(20량 1편성)으로 초기 12편성만 프랑스 현지에서 조립해 완제품으로 수입하고 나머지 34편성은 한국에서 생산됐다. 당시 철도차량 3개사(현대정공, 대우중공업, 한진중공업)에서 물량을 나눠 생산을 담당했는데 이들은 1997년 IMF 외환위기 이후 정부의 구조조정 및 합리화 정책에 따라 현대로템으로 통합됐다. 
그러나 프랑스의 기술 이전에는 정작 고속차량 핵심 부품에 대한 내용은 빠져있었고 기술 이전 이후에도 한국의 자체 수출은 불가능하다는 맹점이 있었다. 이에 당시 건설교통부는 1996년 12월 프랑스에서 고속차량 제작 교육을 받은 국내 기술진들을 중심으로 ‘350km/h급 한국형 고속차량 HSR-350X(G7) 개발 프로젝트’를 추진하기로 결정했다.
프로젝트에는 2002년 10월까지 현대로템과 현대중공업, 철도기술연구원, 생산기술연구원, 서울대, 연세대 등 70여개 산ㆍ학ㆍ연이 참여했다. 향후 국산 고속차량의 해외 수출까지 염두에 두겠다는 대형 국책 과제였다. 
차체를 알스톰처럼 철이 아닌 알루미늄 합금으로 대체하는 등 KTX-Ⅰ과 기술적 차별성을 두며 진행된 이 프로젝트는 6년 만인 2002년 8월 7량 1편성짜리 고속시험차량 HSR-350X의 첫 시험구동 성공으로 결실을 맺는다. 
현대로템은 이런 연구개발 실적을 바탕으로 2005년 12월 한국철도공사(코레일)이 신규 발주한 KTX-산천 100량 경쟁 입찰에서 알스톰을 제치고 우선협상대상자로 선정됐다. 국내 최초로 개발한 한국형 고속시험차량 HSR-350X의 기술력을 입증한 역사적인 날이었다. 
2008년에는 HSR-350X를 기반으로 제작된 첫 국산 양산형 고속차량인 KTX-산천이 처음 출고됐고, 2010년 3월 첫 영업운행을 개시했다. 이로써 한국은 세계 4번째로 자체 고속차량 기술을 확보해 상용화한 국가로 올라섰다. 
프랑스 기술 이전부터 KTX-산천이 탄생하기까지 15년이 넘는 시간이 흐르는 동안 국제 철도시장에서는 동력집중식보다 동력분산식 고속차량이 선호되는 변화가 감지됐다. 정부와 국내 기술진들은 2007년 7월부터 곧바로 동력분산식 고속차량 국산화에 돌입했다. 
동력분산식 고속차량에는 기존 동력분산식과는 달리 모든 차량에 추진장치시스템뿐만 아니라 변압기나 전력보조장치 등 동력 장치가 설치되기 때문에 공간이 협소해져 장치 소형화와 호환성을 위한 개발이 새롭게 진행돼야 했다. 
5년 후인 2012년 9월 최고시속 430km급 차세대 한국형 고속시험차량인 HEMU-430X의 개발이 완료됐다. 2019년에는 HEMU-430X를 기반으로 한 동력분산식 고속차량 KTX-이음의 첫 출고가 이뤄지며 한국은 다시 한번 세계 4번째 동력분산식 고속차량 기술 보유국으로 기록됐다. 
이 과정에서 정부는 2016년에 ‘350km/h 이상 고속차량 동력시스템 설계 및 제조 기술’을 국가핵심기술로 지정했다. 그 만큼 국산 고속차량 기술이 국내외 시장에서 차지하는 기술적, 경제적 잠재 가치가 높고 기술 유출을 방지하기 위한 국가적 노력이 필요하다는 의미다.
2022년 9월에는 KTX-이음보다 성능이 향상된 320km/h급 동력분산식 고속차량 KTX-청룡의 첫 출고가 진행돼 지난 5월 운행을 시작했다. 또한 지난 4월 국내 처음으로 개통되며 해외의 주목을 받은 수도권광역급행철도(GTX) A노선에는 KTX-이음에 접목된 고속차량 기술을 기반으로 제작된 180km/h급 전동차가 투입되기도 했다.  
현재는 국토교통부가 발주하고 한국철도기술연구원(철도연)이 주관, 현대로템이 공공연구기관으로 참여하는 ‘370km/h 이상 고속운행 핵심기술 및 평가기준 개발 사업’이 진행되고 있다. 향후 내구연한이 도래할 KTX-Ⅰ 물량을 대체할 미래형 고속차량으로 경제적 편익은 물론 지역 균형발전 효과를 극대화하는 데도 더욱 기여할 것으로 기대 받고 있다. 
[디펜스투데이]
Tag
#현대로템
#우즈베키스탄
#수출
#KTX-이음
#디펜스투데이
저작권자 © 디펜스투데이 무단전재 및 재배포 금지
안형진 기자
다른기사 보기","{""AI/컴퓨팅"": [""AR""], ""센서/통신"": [""EMI"", ""IR""], ""재료/제조"": [""TEM""]}",True,고속철 기술,2008-01,high,"이 기사는 한국의 고속철 기술 개발 및 상용화 과정을 다루고 있습니다. 2008년에 첫 국산 양산형 고속차량인 KTX-산천이 출고되었고, 2010년 3월부터 영업운행을 개시하였습니다. 따라서 고속철 기술의 상용화 시점이 명확히 제시되어 있습니다."
"美 특수작전사령부, 멀린社와 C-130J 자율비행화 사업 착수",2024-06,http://www.defensetoday.kr/news/articleView.html?idxno=7554,"미 공군의 C-130J 슈퍼 허큘리스 수송기. 사진: 미 공군
미국 특수작전사령부(USSOCOM)가 항공 솔루션 기업 멀린(Merlin)과 함께 주력 수송기인 C-130J 슈퍼 허큘리스의 자율비행 기술 개발에 나선다.
양측은 최근 1억500만 달러(약 1,365억 원) 규모의 계약을 체결하고 본격적인 사업 착수에 들어갔다고 밝혔다.
이번 사업은 USSOCOM이 미 국방부에서 가장 많이 활용되는 수송기 플랫폼인 C-130J의 안전성과 운용 유연성을 대폭 향상시키기 위한 노력의 일환이다.
5년에 걸쳐 진행되는 이번 계약에 따라 멀린은 실전 배치 가능한 승무원 감축 기술을 설계 및 장착하고, 이착륙 시연과 고급 자율 기술 개발, 통합 작업 등을 수행하게 된다.
특히 이번에 개발되는 자율비행 솔루션은 추후 USSOCOM 특수작전부대의 다른 고정익 항공기에도 확대 적용될 전망이어서 주목된다.
멀린의 매트 조지 CEO는 ""이번 계약을 계기로 USSOCOM과의 협력이 한층 가속화돼 전투원 지원을 위한 다양한 자율비행 기술 개발이 탄력을 받게 될 것""이라고 강조했다.
업계에서는 이번 사업이 군용기 자율화라는 새로운 트렌드의 신호탄이 될 것으로 보고 있다.
앞서 멀린은 미 공군과도 유사한 C-130J 자율비행 기술 개발 사업을 수주한 바 있다.
다만 전문가들은 자율 시스템의 안전성과 신뢰성 입증, 관련 규정 정비 등이 향후 관건이 될 것으로 내다봤다.
한편 멀린은 지난 2021년 민간 항공 당국으로부터 자체 개발한 이착륙 자율비행 시스템 인증을 획득한 데 이어, 구글 등으로부터 대규모 투자를 유치해 민간 항공사들과도 자율비행 기술 상용화 사업을 활발히 진행 중이다.
저작권자 © 디펜스투데이 무단전재 및 재배포 금지
신상언 기자
다른기사 보기","{""AI/컴퓨팅"": [""RL""], ""항공기"": [""C-130""], ""함정/항공기"": [""USS""]}",True,C-130J 자율비행화,2024-06,high,"이 기사는 미국 특수작전사령부(USSOCOM)가 C-130J 수송기의 자율비행 기술 개발을 시작한 내용을 다루고 있습니다. 이를 통해 군용기의 상용화 및 전력화를 다루고 있으며, 기술명과 배치 시점도 명확하게 제시되고 있습니다."
"2024년 해군 지능정보화 정책발전 세미나 개최",2024-06,http://www.defensetoday.kr/news/articleView.html?idxno=7549,"해군은 6월 12일 서울 드래곤시티 호텔에서 선박해양플랜트연구소 및 해양수산과학기술진흥원과 공동으로 2024년 해군 지능정보화 정책발전 세미나를 개최했다.
방산업체들이 해양에 적합한 드론등을 전시했고, 양용모 해군참모총이 설명을 듣고 있다..(사진:해군)
  이번 세미나는 해군과 유관기관, 관련 업체 간 첨단 지능정보기술을 공유하고, 첨단 지능정보기술 적용을 통한 해군 지능정보화 업무 발전 방향을 모색하기 위해 마련했다..
해군은 지난 1993년부터 빠르게 발전하는 첨단 정보통신기술을 해군에 접목하기 위해 ‘정보화 정책발전 세미나’를 매년 개최해습니다. 2022년부터는 4차 산업혁명의 첨단과학기술을 반영하기 위해 ‘지능정보화 세미나’로 명칭을 변경하였고 올해 30회째를 맞이했다.
참석자들이 2024년 해군 지능정보화 정책발전 세미나에서 단체사진을 촬영하고 있다.(사진:해군)
  ‘네트워크 중심의 다영역 통합 해양작전을 위한 해군 지능정보화 발전’이라는 주제로 진행된 이번 세미나에는 군·산·학·연 주요 관계자 600여 명이 참가했으며, 양용모 해군참모총장의 개회사를 시작으로 송명달 해양수산부차관, 이기정 한양대학교총장의 축사, 오운열 해양수산과학기술진흥원장, 홍기용 선박해양플랜트연구소장의 환영사에 이어 지난 해군ㆍ해병대 사이버보안 경진대회 시상식, 차경진 한양대학교 교수의 ‘AI와 데이터를 활용한 해군의 디지털 혁신’을 주제로 기조강연이 펼쳐졌다.
특히, 사이버 보안 경진대회 시상식에서는 중급ㆍ초급 분야에서 각각 최우수상(해군참모총장 상장)을 수상한 이든솔 상병과 박찬웅 병장의 부모님이 참석하여 군복무중 경진대회에 참가해 뛰어난 성과를 거둔 아들의 수상을 축하하고 격려해 그 의미를 더했다.
중급 사이버 보안 경진대회 시상식을 가졌다.(사진:해군)
  또한, 올해 세미나에서는 주제 발표와 더불어 지능정보기술, 무인체계, 위성분야, 신기술 등 첨단기술이 적용된 제품들을 직접 확인하고 체험해볼 수 있는 전시 부스도 운영되어 참가자들의 관심과 이목을 집중시키며 ▲ 저궤도 상용위성 ▲ 항공기·잠수함용 위성통신 기술 ▲ AI 기반 영상관제, 항만·운항지원 모니터링 시스템 등 다양한 기술을 선보였다.
이번 세미나를 기획한 박노호(준장) 해군본부 정보화기획참모부장은 “해군은 빠르게 변화하는 미래전장을 주도하기 위해 혁신을 가속화하고, 전 임무영역에 걸쳐 지능정보화 기술을 적용하기 위해 노력하고 있다”고 역설하면서, “오늘 세미나를 통해 제시된 각계 전문가들의 제안이 첨단과학기술 기반의 해군 건설에 기여하고, 군과 산학연이 더욱 긴밀히 협력하는 계기가 되리라 확신한다”라고 말했다.
[디펜스투데이]
Tag
#해군
#ROKS
#해군 지능정보화 정책발전 세미나
#디펜스투데이
저작권자 © 디펜스투데이 무단전재 및 재배포 금지
안형진 기자
다른기사 보기","{""우주/위성"": [""저궤도"", ""위성통신""], ""AI/컴퓨팅"": [""AI"", ""정보통신기술""]}",True,"저궤도 상용위성, 항공기·잠수함용 위성통신 기술, AI 기반 영상관제, 항만·운항지원 모니터링 시스템",2024-06,high,"기사에서 해군이 개최한 '2024년 해군 지능정보화 정책발전 세미나'에서 다음과 같은 기술들이 소개되고 전시되었음: 저궤도 상용위성, 항공기·잠수함용 위성통신 기술, AI 기반 영상관제 및 항만·운항지원 모니터링 시스템. 따라서 이러한 기술들이 실제로 상용화/전력화되고 있음을 보여주고 있다."
"한화오션, 대형 액화 이산화탄소 운반선 기본승인 획득",2024-06,http://www.defensetoday.kr/news/articleView.html?idxno=7503,"한화오션이 차세대 친환경 선박인 대형 액화 이산화탄소 운반선의 상용화에 성큼 다가섰다. 
한화오션(대표이사 권혁웅 부회장)은 그리스에서 열리고 있는 ‘포시도니아 2024’에서 40,000㎥급 대형 액화 이산화탄소 운반선(이하 LCO2운반선)에 대한 기본승인(AIP, Approval In Principle)을 ABS로부터 획득했다. 미국 선급인 ABS(American Bureau of Shipping)는 세계 4대 선급 중 하나다.
5일 그리스 현지에서 (왼쪽부터) ABS 김세민 한국영업실장, 밥콕社 마이클 스콧(Michael Scott) 영업담당, 한화오션 황종규 제품원가혁신팀장, 에코로그社 파노스 델리지아니스(Panos Deligiannis) 해운담당, ABS 에제키엘 지크 데이비스(Ezekiel ‘Zeke’ Davis) 유럽영업사장, 한화오션 임종기 상선제품개발팀장 등 4社 관계자들이 대형 액화 이산화탄소 운반선 기본 승인 인증식을 마친 뒤 기념촬영을 하고 있다.(사진:한화오션)
  지난 해부터 한화오션은 ABS를 비롯해 그리스의 에코로그(Ecolog), 스코틀랜드의 밥콕LGE와 함께 40,000㎥급 대형 LCO2운반선 개발을 위한 4자간 업무 협약(JIP: Joint Industry Project)을 맺고, LCO2운반선의 기본성능 및 구조 안전성, 화물운영시스템(CHS, Cargo Handling System)의 개념설계 검증 등 광범위한 연구를 진행해 왔다.
특히 액화 이산화탄소를 안정적으로 유지하는 화물운영시스템은 LCO2운반선 대형화의 핵심으로 꼽힌다. 만약 화물창의 압력 조절에 실패하면 액화 이산화탄소는 드라이아이스를 형성해 선박의 안전을 위협할 수 있기 때문이다. 
4자간 협력을 주도해 온 한화오션은 선박의 추진 성능에 관한 종합적 검토와 LCO2운반선의 핵심인 화물창 등 선박의 상세 설계에 관한 업무를 총괄했다.
에코로그는 탄소 포집 및 활용∙저장 분야에 특화된 업체로 액화 이산화탄소 운반선 관련 글로벌 업계의 요구 사항과 선박 운항 노하우를 제공했다. 밥콕LGE는 화물운영시스템 개발 전문 업체로 재액화장치를 포함한 화물운영시스템 관련 설계 개발 업무를 도왔다.
한화오션이 개발하고 기본 승인을 획득한 대형 액화 이산화탄소 운반선 조감도 (사진:한화오션)
  미국 ABS 선급은 이번 협업에서 전체적인 설계 사양에 관한 규정을 살피고 승인하는 역할을 맡았다. 
최근 이산화탄소를 포집해 처리하는 탄소 포집·활용·저장(CCUS, Carbon Capture Utilization & Storage) 기술이 각광받으면서 이산화탄소를 저장시설로 옮기기 위한 운반선의 개발도 시급한 과제로 떠올랐다. 국제에너지기구(IEA)는 ‘2070 글로벌 탄소중립 시나리오’에서 CCUS의 기여도를 총 이산화탄소 감축량의 15% 수준으로 제시한 바 있다. 이에 따라 이산화탄소를 저장시설까지 운반하는 LCO2운반선의 수요가 증가하고 있다. 
현재 유럽을 중심으로 7,500 ~ 20,000㎥ 규모의 소형 LCO2 운반선 시장이 형성되어 있으나, 향후 아시아, 호주, 미주 등 장거리 운송이 필요한 시장에서 40,000㎥ 규모의 대형 LCO2운반선 시장이 확대될 것으로 전망된다.  
한화오션 관계자는 “이번에 ABS의 기본승인을 받은 선박은 액화 이산화탄소의 대량 운송이 가능한 신개념 운반선으로 운항 경제성을 획기적으로 높였다”며, “향후 70,000㎥ 이상의 초대형 LCO2운반선의 개발에도 지속적으로 매진하겠다”고 말했다. 
[디펜스투데이]
Tag
#한화오션
#대형액화이산화탄소운반선
#LCO2 운반선
#에코로그
#밥콕LGE
#ABS
#디펜스투데이
저작권자 © 디펜스투데이 무단전재 및 재배포 금지
이승준 기자
다른기사 보기","{""AI/컴퓨팅"": [""AI"", ""AR""], ""무기/방어체계"": [""DE""], ""재료/제조"": [""TEM"", ""AM""], ""기타/기술"": [""IP""], ""무인/자율시스템"": [""ROV""], ""해군장비"": [""ship""]}",True,대형 액화 이산화탄소 운반선,2024-06,relevant,"이 기사는 한화오션이 개발한 대형 액화 이산화탄소 운반선이 기본승인을 획득했다는 내용을 다루고 있습니다. 이는 상용화를 위한 중요한 단계이며, 2024년 6월 시점에서의 개발 현황을 다루고 있습니다."
"미 공군, 다양한 탑재체 시험용 모듈형 드론 개발 위해 4개사 선정",2024-06,http://www.defensetoday.kr/news/articleView.html?idxno=7496,"IS4S의 모듈형 드론 렌더링 이미지
  미 공군이 다양한 탑재체 시험용 시험 비행체로 활용할 모듈형 드론 개발을 위해 4개 방산업체를 선정했다.
기업 시험 비행체(ETV) 프로젝트에 제안서를 제출한 100여 개 업체 중 안두릴 (Anduril), 레이도스 (Leidos Dynetics), 존 5 테크놀로지(Zone 5 Technologies), IS4S (Integrated Solutions for Systems) 등 4개사가 선정됐다.  
이 프로그램에 따라 선정된 기업들은 상용 및 겸용 기술을 활용해 높은 생산 속도와 적정 비용으로 제작 가능한 무인기(UAV)를 개발하게 된다.
이 드론은 센서 및 기타 공중작전용 군사 기술 등 미래 탑재체 시험을 지원할 수 있어야 한다.
앤드루 헌터 미 공군 획득 차관보는 ""ETV는 관련 일정에 맞춰 생산 가능한 시험 능력을 위한 적정 가격 설계를 만들고 개선하기 위해 업계의 유망한 아이디어를 활용할 기회""라고 밝혔다.  
모듈형 드론 시험 비행체는 최소 500해리(926km)의 항속거리와 100노트(시속 185km)의 속도를 낼 수 있어야 하며, ""운동 에너지 탑재체"" 운반도 가능해야 한다. 
또한 수송기 후미에서 발사되는 등 다양한 방식으로 발사될 수 있어야 하며, 향후 기능을 수용하기 위해 개방형 시스템 아키텍처 접근 방식을 활용해야 한다.
선정된 4개 업체는 올해 말 비행 시연을 위해 시제품을 준비해야 한다.
이 중 최소 1개의 유망 시제품이 추가 개발을 위해 선택될 예정이다.
저작권자 © 디펜스투데이 무단전재 및 재배포 금지
신상언 기자
다른기사 보기","{""무인체계"": [""UAV""], ""재료/제조"": [""TEM""], ""기타/기술"": [""EMS""]}",True,모듈형 드론,2024-12,relevant,"이 기사는 미 공군이 다양한 탑재체 시험용 모듈형 드론 개발을 위해 4개 방산업체를 선정했다는 내용을 다루고 있습니다. 이 드론은 센서, 무기 등 다양한 탑재체 시험을 위해 개발되며, 선정된 업체들은 올해 말까지 시제품을 준비해야 합니다. 따라서 이 기사는 군사 기술의 상용화/전력화를 다루고 있으며, 모듈형 드론이 주요 기술이고 2024년 12월 시제품 개발이 완료될 예정입니다."
"HD현대, AI기술로 선박 내 ‘사각지대’ 해소 기술 개발",2024-06,http://www.defensetoday.kr/news/articleView.html?idxno=7494,"HD현대가 세계 최대 조선·해양 박람회 ‘포시도니아 2024’에서 미래형 선박의 청사진을 제시했다.
HD한국조선해양과 HD현대중공업 등 HD현대 6개 사는 이달 3일(월)부터 7일(금)까지 그리스 아테네에서 열리는 ‘포시도니아 2024’에 참가했다고 4일(화)일 밝혔다. 올해는 77개국, 2천여 개 기업이 참가했다.
HD현대가 3일(월) 그리스 아테네에서 열린 ‘포시도니아 2024’에서 미국선급협회(ABS), 라이베리아기국(LISCR)과 ‘인공지능(AI) 기술을 활용해 선박 사각지대를 해소한 새로운 선박 구조 개발’에 관한 업무협약(MOU)을 체결했다(사진 오른쪽부터 존 맥도날드(John Mcdonald) ABS 최고운영책임자, 정기선 HD 현대 부회장, 마칼리스 판타조풀로스(Michalis Pantazopoulos) LISCR 그리스 지사장, 크리스토퍼 위어니키(Christopher J. Wiernicki) ABS 회장, 전승호 HD현대중공업 부사장, 박상민 HD한국조선해양 미래기술연구원 상무, 신현대 HD현대삼호 사장, 바실리어스 크로스탈리스(Vassilios Kroustallis) ABS 글로벌 영업 대표). (사진:HD현대중공업)
  HD현대는 한국조선해양플랜트협회가 주관하는 한국관에 부스를 마련해 메탄올 추진 원유운반선(VLCC)과 컨테이너운반선, 미래형 LNG운반선 등 친환경 선박 모형을 전시하고, 차세대 저탄소 연료 관련 기술을 선보인다. 별도로 마련한 HD현대 그룹관에는 이중연료 힘센엔진과 노후 LNG선 개조 모형 등을 전시했다.
이번 박람회 기간 정기선 HD현대 부회장을 비롯한 그룹 최고 경영진은 직접 현장을 찾아 글로벌 선사 및 선급 등 조선․해양 관계자들과 조선산업의 미래를 전망하고, 기술 협력방안을 논의했다.
박람회 첫날인 6월 3일(월) HD현대는 미국선급협회(ABS), 라이베리아기국(LISCR)과 ‘인공지능(AI) 기술을 활용해 선박 사각지대를 해소한 새로운 선박 구조 개발’에 관한 업무협약(MOU)을 체결했다.
이번 협약에 따라 HD현대는 선박 내 사각지대를 ‘제로(zero)화’한 미래형 선박 개발에 나선다. 이 선박은 카메라로 선박 내 사각지대를 촬영, AI기술을 통해 재구성한 뒤 시각화하는 기술이 적용된다. 규정상 시야 확보를 위해 설치하는 구조물이 불필요해져 저항을 최소화할 수 있으며, 조종실 높이와 관계없이 화물을 선적할 수 있어 적재효율을 극대화할 수 있게 됐다.
ABS와 LISCR은 HD현대가 개발하는 선박에 적합한 규정 변경 제안서를 공동 개발하기로 했다. 규정 개정을 선제적으로 추진함으로써 신기술 상용화 및 AI 기반 선박 시장 선점에 유리한 고지를 점할 수 있을 것으로 기대된다.
이번 박람회에서는 HD현대가 개발한 친환경 선박 기술에 대한 기본 인증(AIP)도 잇따라 이뤄진다.
HD현대는 6월 4일(화) 미국 아모지사와 공동 개발한 암모니아 연료전지 기반의 무탄소 전기추진시스템 및 발전용 엔진 대체 기술을 적용한 암모니아추진선에 대해 각각 영국 로이드선급(LR)과 미국선급으로부터 기본인증을 획득한다.
스위스 윈지디(WinGD) 등과 함께 개발한 암모니아 연료 엔진 및 연료공급시스템과 HD현대가 독자 개발한 인공지능 안전 패키지를 적용한 석유화학제품운반선 및 컨테이너선에 대해 미국선급, 노르웨이선급(DNV)으로부터 5일(수)과 6일(목) 각각 기본인증을 받을 예정이다.
정기선 부회장은 “친환경·디지털 기술의 융합을 통한 미래형 선박 개발을 통해 기술 변화에 선제적으로 대응함으로써 바다의 대전환을 주도할 것”이라고 말했다.
한편, HD현대는 앞서 지난달 31일 그리스 아테네에서 조선·해양 관계자 100여 명을 초청해 ‘국제테크포럼’을 개최하고, 암모니아추진선의 안정성을 획기적으로 강화한 신기술 등을 공개한 바 있다.
[디펜스투데이]
Tag
#HD현대중공업
#사각지대해소
#포시도니아2024
#디펜스투데이
저작권자 © 디펜스투데이 무단전재 및 재배포 금지
안형진 기자
다른기사 보기","{""AI/컴퓨팅"": [""AI"", ""인공지능""], ""재료/제조"": [""ALD""], ""기타/기술"": [""IP""], ""무인체계/로봇"": [""HRI""]}",True,AI 기술을 활용한 선박 사각지대 해소 기술,2024-06,relevant,"이 기사는 HD현대가 개발 중인 AI 기술 기반 선박 사각지대 해소 기술에 대해 다루고 있습니다. 기술 개발이 완료되어 실제 선박에 적용되는 시점은 명시되지 않았지만, 박람회에서 협약 체결 등의 진척이 있었으므로 상용화가 가까운 시기에 이루어질 것으로 보입니다."
"HD한국조선해양 ‘탄소 제로’ 암모니아추진선 신기술 공개",2024-06,http://www.defensetoday.kr/news/articleView.html?idxno=7480,"HD한국조선해양이 차세대 친환경 선박으로 각광 받는 암모니아추진선의 안정성을 강화하는 신기술을 발표했다.
HD한국조선해양은 5월 31일(현지시간) 그리스 아테네에서 전 세계 조선·해운 관계자 100여 명을 초청한 가운데 '국제테크포럼'을 열고, 암모니아 연료의 독성가스 배출량을 제로 수준으로 줄이는 친환경 신기술을 선보였다고 6월 2일 밝혔다.
HD한국조선해양이 그리스 아테네에서 전 세계 조선·해운 관계자 100여 명을 초청한 가운데 '국제테크포럼'을 열고, 암모니아추진선 신기술을 발표했다.(사진:HD현대중공업)
  현재 글로벌 조선사들이 개발 중인 암모니아추진선은 탄소 배출이 전혀 없는 친환경 선박으로 주목받고 있지만, 연료인 암모니아의 독성 위험을 어떻게 안전하게 제거하느냐가 선박 개발의 핵심 이슈였다.
국제테크포럼에 참석한 유로나브(EURONAV), 테나마리스(THENAMARIS), NYK 등 글로벌 기업들은 선박 연료용 암모니아의 상용화에 있어 최대 단점으로 평가받는 누출 위험과 관련 다양한 해소 방안에 대해 많은 관심을 보였다.
이에 HD한국조선해양은 이번 포럼에서 선박의 안정성을 한층 강화하기 위해 독자기술로 개발한 일체형 암모니아 스크러버(Integrated Scrubber) 기술을 공개했다.
일체형 암모니아 스크러버는 배출되는 암모니아를 두 차례에 걸쳐 흡수, 배출량을 제로(zero) 수준으로 낮출 수 있는 차세대 친환경 기술이다. 또한 배기가스가 나가는 배출구를 선원 거주 공간과 멀리 이격시켜 배치하는 독자 설계로 안전 요소를 더욱 강화했다.
HD한국조선해양은 이날 자체 개발 중인 ‘AI 선박 관리 시스템’과 ‘원격용 드론 시스템’도 함께 공개했다. HD한국조선해양은 이들 시스템을 암모니아추진선에 적용할 경우, 암모니아의 미세 누출원을 실시간으로 탐지할 수 있어 사고를 사전에 방지할 수 있다고 강조했다.
HD현대중공업 박승용 사장은 “HD현대는 전 세계에서 가장 많은 가스선 건조 실적과 독자 기술을 보유하고 있다”며, “축적된 친환경 기술 노하우를 바탕으로 미래 선박 시장을 선도해 나갈 것”이라고 밝혔다.
앞서, HD한국조선해양은 지난해 세계 최초로 암모니아 추진 LPG운반선 2척을 수주한 이래 현재까지 총 4척의 암모니아추진선을 수주한 바 있다.
한편, HD한국조선해양은 이달 3일(월)부터 닷새간 그리스 아테네에서 열리는 ‘포시도니아 2024’에 참가해, ‘IMO 2050’ 실현을 위한 친환경 미래기술을 선보일 예정이다. 포시도니아는 노르웨이 노르시핑, 독일 국제조선해양기자재박람회와 함께 세계 3대 조선·해양 박람회로, 올해는 77개국, 2천여 개 기업이 참가한다.
[디펜스투데이]
Tag
#HD현대중공업
#암모니아추진선
#국제테크포럼
#디펜스투데이
저작권자 © 디펜스투데이 무단전재 및 재배포 금지
이승준 기자
다른기사 보기","{""AI/컴퓨팅"": [""AI"", ""AR""], ""재료/제조"": [""AM""]}",True,암모니아추진선 신기술,2024-06,relevant,"이 기사는 HD한국조선해양이 개발한 암모니아추진선 신기술에 대해 다루고 있습니다. 구체적으로 무해한 배기가스를 위한 일체형 암모니아 스크러버 기술, AI 선박 관리 시스템, 원격용 드론 시스템 등을 소개하고 있습니다. 이는 군사 기술의 상용화가 아니지만, 환경친화적인 선박 기술 개발에 대한 내용으로 볼 수 있습니다."
"HD현대, 액화수소운반선 개발 위해 글로벌 협력 확대",2024-05,http://www.defensetoday.kr/news/articleView.html?idxno=7424,"HD현대가 글로벌 에너지 기업 쉘(Shell)과 협력해 해상 액화수소 운송 기술 개발을 가속화한다.
HD현대의 조선 계열사인 HD한국조선해양과 HD현대중공업은 최근 경기도 성남시에 위치한 HD현대 글로벌R&D센터(GRC)에서 쉘과 액화수소운반선 개발을 위한 기술 공동개발협약(JDA, Joint Development Agreement)을 체결했다고 24일(금) 밝혔다.
HD현대가 경기도 성남시에 위치한 HD현대 글로벌 R&D센터(GRC)에서 글로벌 에너지 기업 쉘(Shell)과 액화수소운반선 개발을 위한 기술 공동개발협약(JDA)을 체결했다. (사진 왼쪽부터 김성준 HD한국조선해양 대표, 캐리 트라우스(Karrie Trauth) 쉘 수석부사장, 전승호 HD현대중공업 기술본부장)(사진:HD현대중공업)
ㅇ액화소
이날 협약식에는 김성준 HD한국조선해양 대표, 전승호 HD현대중공업 기술본부장, 캐리 트라우스(Karrie Trauth) 쉘 수석부사장 등 주요 경영진이 참석했다.
이번 협약에 따라 HD현대와 쉘은 2030년 상용화를 목표로 대형액화수소운반선 공동 개발을 진행, 향후 본격화될 액화수소 해상운송시장을 선점하겠다는 계획이다. 글로벌 시장조사기관 스타티스타(Statista)에 따르면 선박, 파이프라인 등 수소 운송 시장은 2050년 약 5,660억 달러 규모에 이를 것으로 예상된다.
HD한국조선해양은 독자 기술을 활용해 대형 액화수소탱크와 수소화물운영 시스템 등 핵심기술을 연구 개발하고 HD현대중공업은 수소엔진 개발과 액화수소운반선 설계를 담당한다. 쉘은 자체 기술 개발 및 운반선 운영 등에 대한 노하우를 공유하고 액화수소운반선 설계에 대한 타당성을 검토할 예정이다.
HD한국조선해양은 지난 2023년 자체 개발한 대형수소운반선 수소화물시스템에 대해 DNV 선급으로부터 개념승인(AIP)를 받은 바 있다.
쉘은 미래 에너지 시스템을 구축하고 순배출제로(net-zero emission)를 달성하기 위해 에너지 포트폴리오 다양화 등 노력을 지속하고 있다. 이번 협력을 통해 HD현대는 쉘의 혁신적인 역량을 활용해 향후 다양한 분야에서 사업 기회를 창출할 수 있을 것으로 기대된다.
HD한국조선해양 김성준 대표는 “HD한국조선해양은 세계 1위 조선기업으로 메탄올, 암모니아, CO2, 수소와 같은 친환경 에너지 관련 선박 기술을 독자 개발해 왔다”며, “글로벌 에너지 기업인 쉘과의 파트너십을 통해 차세대 친환경 에너지 시장의 선두주자로 나설 것”이라고 덧붙였다.
쉘의 캐리 트라우스(Karrie Trauth) 수석부사장은 “HD현대와 이전부터 시장 선도적인 선박 설계 및 건조에 대한 협력을 이어오고 있다”며, “이번 프로젝트는 파트너십을 더욱 강화할 뿐 아니라 미래 선박을 설계하고 더 나은 에너지 솔루션을 제공하는 의미 있는 기회가 될 것”이라고 밝혔다.
HD현대는 다양한 글로벌 기업과 손잡고 수소 운송 분야의 기술 개발에 적극 나서고 있다. 지난 2월에는 호주 최대 에너지 기업인 우드사이드에너지(Woodside Energy), 현대글로비스, 일본의 글로벌 선사 MOL(Mitsui O.S.K. Lines)과 액화수소 운송 밸류체인 개발 협력에 대한 양해각서를 체결한 바 있다.
[디펜스투데이]
Tag
#HD현대중공업
#쉘
#액화수소운반선
#개발
#디펜스투데이
저작권자 © 디펜스투데이 무단전재 및 재배포 금지
이승준 기자
다른기사 보기","{""우주/위성"": [""ISS""], ""AI/컴퓨팅"": [""AI"", ""AR""], ""센서/통신"": [""EMI""], ""무기/방어체계"": [""DE"", ""HEL""], ""기타/기술"": [""IP""]}",True,액화수소운반선,2030-01,relevant,"이 기사는 HD현대와 쉘이 액화수소운반선 개발을 위해 기술 공동개발협약을 체결했다는 내용으로, 2030년 상용화를 목표로 하고 있습니다. 향후 액화수소 해상운송 시장에 진출하겠다는 계획이 나와 있어 군사 기술의 상용화와 관련이 있습니다."
"스카이디오(Skydio), 고감도 비냉각식 열화상 카메라로 드론 페이로드 혁신",2024-05,http://www.defensetoday.kr/news/articleView.html?idxno=7246,"미국의 드론 제조사인 스카이디오(Skydio)는 플리어 열화상(Thermal by FLIR) 프로그램을 활용하여 보 손+(Boson+) 열화상 카메라 모듈 기반의 탁월한 원적외선(Longwave Infrared, LWIR) 페이로드를 달성했다.
스카이디오(Skydio)는 9월 20일 개최된 어센드 컨퍼런스(Ascend Conference)에서 텔레 다인 플리어(Teledyne FLIR)의 보손+(Boson+) 열화상 카메라 모듈을 장착한 스카이디오 X10 드론을 공개했다. (사진:텔레다인 플리어)
미국에 본사를 둔 스카이디오(Skydio)는  9월 20일 개최된 어센드 컨퍼런스(Ascend Conference)에서 텔레 다인 플리어(Teledyne FLIR)의 보손+(Boson+) 열화상 카메라 모듈을 장착한 스카이디오 X10 드론을 공개했다. 
플리어 열화상(Thermal by FLIR) 프로그램의 협업을 통해 개발된 이 드론은 공공 안전 및 주요 인프라 점검 조종 사들이 가장 진보된 비냉각식 열화상 기술을 이용할 수 있도록 지원한다.
플리어 열화상 프로그램은 제품 개발과 마케팅을 위한 협력 프로그램이다. 이는 스카이디오와 같은 OEM(Original Equipment Manufacturer)들이 텔레다인 플리어의 열화상 카메라 모듈을 제품에 통합할 수 있도 록 지원하고, 제품 혁신을 통한 시장 진출 지원도 제공한다. 
스카이디오 X10은 맞춤형 방사선 측정 보손+ 열화상 카메라 모듈을 기반으로 열화상 이미징 페이로드를 탑재한 최초의 드론으로, 검사, 상황인식, 수색 및 구조임무 에 중요한 크기, 무게, 전력(SWaP)을 개선하고, 탁월한 열 성능을 제공한다.
텔레다인 플리어의 제품 개발 담당 부사장인 댄 워커(Dan Walker)는 “플리어 열화상 프로그램은 고객들이 새로 운 애플리케이션과 기능을 혁신하고, 개발할 수 있도록 설계되었다.”며, “스카이디오와 함께 보손+를 통합하여 뛰어난 성과를 달성하게 되어 매우 기쁘게 생각한다. 스카이디오 고객은 드론의 크기와 임무수행 능력을 향상 시키기 위해 만들어진 가장 효과적인 무인 열화상 이미징 기능을 곧 활용할 수 있게 될 것이다.”고 밝혔다.
텔레다인 플리어의 제품 개발 담당 부사장인 댄 워커(Dan Walker)는 “플리어 열화상 프로그램은 고객들이 새로 운 애플리케이션과 기능을 혁신하고, 개발할 수 있도록 설계되었다.”며, “스카이디오와 함께 보손+를 통합하여 뛰어난 성과를 달성하게 되어 매우 기쁘게 생각한다. 스카이디오 고객은 드론의 크기와 임무수행 능력을 향상 시키기 위해 만들어진 가장 효과적인 무인 열화상 이미징 기능을 곧 활용할 수 있게 될 것이다.”고 밝혔다.
스카이디오 X10은 맞춤형 방사선 측정 보손+ 열화상 카메라 모듈을 기반으로 열화상 이미징 페이로드를 탑재한 최초의 드론으로, 검사, 상황인식, 수색 및 구조임무 에 중요한 크기, 무게, 전력(SWaP)을 개선하고, 탁월한 열 성능을 제공한다.(사진:텔레다인 플리어)
스카이디오의 최고기술책임자인 아베 바흐라흐(Abe Bachrach)는 “스카이디오 고객들은 공공 안전과 에너지 유 틸리티 및 국방 등과 같은 우리 사회의 중요 산업을 담당하고 있으며, 우리 모두에게 이익이 되는 시의적절한 의 사결정을 내리기 위해 매우 정확한 데이터를 필요로 한다.
이를 위해서는 SWaP에 최적화된 패키지 기반의 고화 질 열화상 이미지가 필요하다.”며, “이를 위해 조종사들이 임무를 완수하는데 필요한 성능과 기능을 최적의 조 합으로 제공하는 텔레다인 플리어의 보손+ 열화상 카메라 모듈을 스카이디오 X10 플랫폼에 통합하기로 결정했 다.”고 말했다.
열화상 성능 및 SWaP 향상
모두 미국에서 생산되는 보손+는 스카이디오 X2에 장착된 이전 세대 열화상 카메라보다 4배 더 높은 640 x 512 픽셀의 해상도를 제공하는 것은 물론, 30mK(millikelvins) 이상에서 경쟁사 페이로드보다 두 배 더 뛰어난 열 감 도를 갖추고 있다. 이는 상용화된 드론용 비냉각식 원적외선(Longwave Infrared, LWIR) 카메라 모듈 중 가장 감도가 뛰어난 제품이다.
향상된 감도와 해상도를 통해 더욱 선명한 장면 세부 정보를 제공함으로써 특히 법 집행 관, 소방관, 수색 및 구조 인력을 비롯한 열화상 검사자 및 최초 대응자에게 중요하게 요구되는 야외의 저대비 장 면에서도 탐지 기능을 향상시킬 수 있다.
또한 텔레다인 플리어 팀은 스카이디오와 긴밀히 협력하여 표준 보손+ 카메라 광학장치의 무게를 48%까지 줄 인 맞춤형 광학 장치를 개발했다. 무게를 줄임으로써 비행 시간을 극대화하는 것은 물론, 열화상 카메라 모듈의 부피를 43%까지 감소시켜 페이로드 폼팩터 또한 개선할 수 있었다.
스카이디오 X10은 이미징 품질을 더욱 향상시킬 수 있는 텔레다인 플리어의 프리즘(Prism™) ISP를 활용한 맞춤 형 열화상 이미지 신호 프로세싱 또한 갖추고 있다. (사진:텔레다인플리어)
스카이디오 X10은 이미징 품질을 더욱 향상시킬 수 있는 텔레다인 플리어의 프리즘(Prism™) ISP를 활용한 맞춤 형 열화상 이미지 신호 프로세싱 또한 갖추고 있다. 이는 열화상 이미지를 방사선 측정 JPEG(R-JPEG)로 제공할 수 있으며, 캡처된 각 이미지에는 장면의 모든 픽셀에 대한 온도 데이터가 포함되어 있어 태양광 패널, 장비 및 유틸리티 검사에 필요한 세부적이고, 정량적인 통찰력을 지원한다.
X10에서 캡처된 R-JPEG 데이터는 텔레다인 플리어의 휴대용 열화상 카메라에서 캡처한 R-JPEG 데이터와 결합 되어 공중에서 지상까지 종합적인 검사 보고서를 생성할 수 있다. 또한 스카이디오 X10 사용자는 첨단 열화상 이미징 프로세싱 및 분석 기능을 갖춘 플리어의 Thermal Studio 소프트웨어를 활용하여 동료, 파트너 및 고객들 과 공유할 수 있는 맞춤형 PDF 보고서도 생성할 수 있다.
스카이디오에 대한 자세한 정보는 스카이디오 웹사이트에서 확인할 수 있다.
  [디펜스투데이]
Tag
#텔레다인플리어
#Teledyne FLIR
#스카이디오 X10
#플리어 열화상
#디펜스투데이
저작권자 © 디펜스투데이 무단전재 및 재배포 금지
이승준 기자
다른기사 보기","{""AI/컴퓨팅"": [""AR""], ""센서/통신"": [""적외선"", ""Infrared"", ""FLIR"", ""IR""], ""기타/기술"": [""PDF"", ""IP"", ""LED""], ""센서/통신/레이더"": [""LWIR""]}",True,열화상 카메라 탑재 드론,2024-09,high,이 기사는 스카이디오 드론에 열화상 카메라 모듈을 탑재한 내용을 다루고 있습니다. 2024년 9월 개최된 어센드 컨퍼런스에서 공개된 것으로 보아 해당 기술의 상용화 시점을 명확히 제시하고 있습니다. 열화상 카메라 기술은 군사/안전/검사 등의 다양한 분야에서 활용될 수 있어 군사 기술의 상용화 사례로 볼 수 있습니다.
"HD 현대, 전기추진선 국제표준 정립",2024-05,http://www.defensetoday.kr/news/articleView.html?idxno=7345,"HD현대의 조선 부문 계열사인 HD한국조선해양과 HD현대중공업이 대형선 전기추진 시장 선점을 위해 미국 선급협회(이하 ABS)와 손을 잡았다.
HD한국조선해양, HD현대중공업이 미국 선급협회(ABS)와 ‘선박용 고압 직류 송배전 시스템(MVDC) 선급 규정 및 연구를 위한 상호 협력 협약(MOU)’을 체결했다. (왼쪽에서 첫 번째 HD한국조선해양 권병훈 전동화센터장, 세 번째 ABS 김성훈 한국지사장) (사진:HD현대)
  HD현대는 경기도 성남시에 위치한 HD현대 글로벌R&D센터(이하 GRC)에서 ABS 김성훈 한국지사장, HD한국조선해양 권병훈 전동화센터장 등이 참석한 가운데 ‘선박용 고압 직류 송배전 시스템(MVDC, Medium Voltage Direct Current) 선급 규정 및 연구를 위한 상호 협력 협약(MOU)’을 체결했다고 5월 3일(금) 밝혔다.
MVDC는 1.5kV~100kV 사이의 고압 전기를 직류로 송전하는 기술을 말한다. 교류송전 대비 에너지 손실이 적다는 장점이 있어 차세대 전력 공급방식으로 주목받고 있다. 특히 MVDC를 대형 전기추진 선박에 적용할 경우 기존 교류 전력계통 대비 전기 에너지 통합 효율이 최대 20%까지 향상될 수 있다.
앞서 HD한국조선해양은 저압 직류 송배전 시스템(LVDC)을 적용해 국내 최초 직류 기반 하이브리드 전기 추진선 ‘울산 태화호’를 건조한 바 있다. 울산 태화호는 2,800톤급의 중형 선박이다.
하지만 선박용 MVDC는 에너지 효율이 높다는 장점에도 아직 국제표준이 마련되지 않아 상용화에 어려움을 겪고 있다. HD한국조선해양과 HD현대중공업이 ABS와의 협업을 통해 선박용 MVDC의 개발 및 국제표준 정립에 나선 배경이다.
HD한국조선해양 권병훈 전동화센터장은 “무탄소 대형 선박과 차세대 전기추진 함정에는 MVDC 기술이 선택이 아닌 필수”라며, “선박용 MVDC 개발과 국제표준 정립을 통해 대형선 전기추진 시장을 선도 할 계획”이라고 말했다.
한편, HD한국조선해양과 HD현대중공업은 지난해 10월 영국 로이드선급으로부터 ‘고압 직류 송배전 시스템(MVDC)과 대용량 연료전지(SOFC) 기반 초대형 원유 운반선용 저탄소 전기추진시스템’에 관한 기본설계 인증을 획득한 바 있다.   
[디펜스투데이]
Tag
#HD현대
#HD현대중공업
#미국 선급협회
#디펜스투데이
저작권자 © 디펜스투데이 무단전재 및 재배포 금지
이치헌 기자
다른기사 보기","{""센서/통신"": [""IR""], ""재료/제조"": [""SOFC""]}",True,선박용 고압 직류 송배전 시스템 (MVDC),2024-05,relevant,"이 기사는 HD현대가 미국 선급협회(ABS)와 손을 잡고 선박용 MVDC 기술 개발 및 국제표준 정립에 나선다는 내용을 다루고 있습니다. 기술명과 상용화 시점이 명시되어 있으며, 관련성이 높습니다."
"현대로템, K808 차륜형장갑차 첫 수출 달성",2024-05,http://www.defensetoday.kr/news/articleView.html?idxno=7340,"우리 군의 핵심 기동전력 차륜형장갑차가 해외 시장에 첫 발을 내딛는다.
현대로템은 지난 4월 30일(현지시간) STX가 페루 육군 조병창(Fábrica de Armas y Municiones del Ejército, FAME S.A.C.)이 발주한 차륜형장갑차 공급 사업의 우선협상대상자로 선정됐다고 5월 2일 밝혔다.
현대로템은 최종 계약 후 STX를 통해 페루 육군에 차륜형장갑차 K808 ‘백호’ 30대를 공급한다.
금액은 약 6000만 달러 규모다.
현대로템 K808 차륜형장갑차.(사진:이승준)
이번 사업은 현대로템 차륜형장갑차의 첫 해외 수출이자 국산 전투장갑차량의 중남미 지역 최초 진출 사례다.
지난 2022년 폴란드에 K2 전차를 수출하며 전차 완성품을 수출한 이래 차륜형장갑차까지 수출하며 글로벌 지상무기체계 시장에서 K-방산의 경쟁력을 확고히 다진 것이다.
우리 군의 제식 차륜형장갑차인 K808의 첫 해외 수출 달성에는 국방부와 방위사업청(이하 방사청)의 적극적인 지원이 큰 영향을 끼쳤다.
우선 국방부는 페루 육군 실사단의 우리나라 방문 시 고속기동, 대테러 등 K808의 전술 운용 장면과 함께 차량에 탑재된 윈치(Winch)로 자체구난하는 모습을 실물 차량으로 시연하며 K808의 성능과 기능을 알렸다.
또 차량의 정비체계와 관련 시설들까지 직접 소개하는 등 구체적인 운용 사례를 시연한 바 있다.
현대로템 K808 차륜형장갑차.(사진:이승준)
방사청 역시 실사단 방문 시 현대로템의 차륜형장갑차가 국내에서 유일하게 전력화된 장비임을 소개하며 K808의 기술적 우수성은 물론 시험평가 및 실제 운용을 거치면서 입증된 성능을 적극 소개했다.
나아가 차륜형지휘소용차량 등 차륜형장갑차 기반의 계열화 모델 소개를 통해 ‘규모의 경제’ 실현에 따른 기술 및 군수지원 측면에서의 장점을 함께 알렸다.
특히 방사청은 K808의 경쟁력을 소개하는 별도의 서한을 페루측에 보내며 이번 사업 수주에 힘을 싣기도 했다.
이번에 첫 수출되는 K808 백호는 우리 군의 제식 차륜형장갑차로 우수한 기동성을 기반으로 전방의 야지에서도 신속한 병력 수송이 가능한 보병전투용 장갑차다. 
현대로템은 지난 2003년 차륜형장갑차 자체 개발을 시작한 이래 다양한 시제 모델을 개발하며 관련 역량을 꾸준히 강화한 바 있다.
이후 2012년 차륜형장갑차 체계 개발 사업을 수주해 2016년 개발 및 국방규격 제정이 완료됐다.
차륜형장갑차는 지금까지 500대 이상이 우리 군에 인도됐으며 올 4분기부터는 4차 양산 납품이 시작될 예정이다.
현대로템의 차륜형장갑차는 6x6 6륜 구동체계의 K806과 8x8 8륜 구동체계의 K808의 두 가지 모델이 있다.
이번에 페루 수출이 성사된 K808은 전방에서의 임무를 상정해 전장의 거친 운용 환경에서도 최상의 기동력을 발휘할 수 있도록 K806 대비 다양한 기능이 탑재된 것이 특징이다.
피탄으로 인한 펑크에도 주행 가능한 런플랫(Run-flat) 타이어가 장착됐으며 노면 접지압에 따라 공기압을 자동으로 조절할 수 있는 공기압자동조절장치(Central Tire Inflation System, CTIS)도 탑재됐다.
수상추진장치를 적용해 하천 도하도 가능하다.
아울러 차륜형장갑차는 개발 단계부터 임무에 따라 다양한 무장과 장비를 탑재해 운용할 수 있도록 모듈화 개념이 반영된 것이 특징이다.
실제로 네트워크 기반의 실시간 부대 지휘가 가능한 차륜형지휘소용차량이 개발돼 지난해 우리 군에 납품된 바 있다.
차륜형장갑차에는 현대자동차의 기술도 반영됐다.
자동차와 유사한 차륜형장갑차의 기본 근간에서 착안해 버스, 트럭 등에 사용되는 현대자동차의 상용 엔진을 기반으로 군용화 개발된 엔진이 탑재됐다.
현대로템의 방산 기술과 현대자동차의 자동차 기술 간의 시너지 효과로 차륜형장갑차의 심장인 엔진 완성도를 끌어올린 것이다.
현대로템은 20여 년 전 차륜형장갑차 자체 개발에 착수한 초기 단계부터 현대자동차와 협업을 지속해왔다.
기술력과 신뢰성이 입증된 현대자동차의 상용 엔진을 기반으로 차륜형장갑차 적용 방안에 대한 연구개발을 거듭한 끝에 완성도는 물론 운용 및 유지보수에도 유리한 차륜형장갑차의 엔진을 완성할 수 있었다. 
이번 수출을 통해 현대로템은 향후 중남미 시장에서의 사업 확장 기반도 마련할 수 있을 것으로 기대된다.
중남미에서는 대테러 및 치안 유지 활동의 일환으로 장갑차에 대한 수요가 증가하는 추세다.
현대로템은 인근 국가들에서 추가적인 사업 기회를 모색하고 시장 수요에 적극 대응한다는 계획이다. 
현대로템 관계자는 “K2 전차에 이어 당사 차륜형장갑차의 사상 첫 수출 성과를 통해 글로벌 시장에 K-방산의 경쟁력을 알리게 됐다”며 “앞으로도 첨단 기술 연구개발과 영업활동에 적극적으로 나서 방산 수출 역량 강화에 최선을 다할 것”이라고 말했다. 
[디펜스투데이]
Tag
#차륜형장갑차
#K808
#페루 육군 조병창
#디펜스투데이
저작권자 © 디펜스투데이 무단전재 및 재배포 금지
이승준 기자
다른기사 보기","{""AI/컴퓨팅"": [""AR""], ""센서/통신"": [""IR""], ""무기/방어체계"": [""DE""], ""재료/제조"": [""TEM"", ""AM""], ""지상장비"": [""K2""]}",True,차륜형장갑차,2024-05,high,"본문은 현대로템의 K808 차륜형장갑차가 페루에 처음 수출되는 사실을 다루고 있습니다. 차륜형장갑차의 상용화 및 수출이 이루어졌으며, 구체적인 수출 시기와 규모 등의 정보가 제시되어 있어 높은 품질의 기술 정보를 제공하고 있습니다."
"현장취재 '2024 드론쇼 코리아'",2024-04,http://www.defensetoday.kr/news/articleView.html?idxno=7303,"아시아 최대 드론 전시회 '2024 드론쇼코리아'가 3월 6일부터 8일까지 부산 벡스코에서 열렸다.
유콘시스템에서 제작하는 대대급 정찰용 UAV인 리모아이다.(사진:안형진)
대한항공 중고도무인정찰기(MUAV) (사진:안형진)
행사는 부산광역시, 산업통상자원부, 과학기술정보통신부, 국토교통부, 국방부가 주최하고 벡스코, 한국무인기시스템협회가 주관했다.
올해 8회째 '드론쇼코리아'는 10개국 228개 업체에서 881부스 규모 전시회다.
또 6개국 44명이 연사·좌장으로 참여하는 컨퍼런스, 다양한 체험 이벤트도 열렸다.
LIG넥스원에서 개발한 해군용 USV로 기뢰전형과 정찰형이다. (사진:안형진)
풍산과 프리뉴가 공동개발한 탄약투하공격드론은 경장갑차량 및 밀집병력등 핵심표적 타격 능력을 가지고 있다.탄약 투발 능력을 기존 1발에서 2발 이상으로 늘리고, 공격고도도 기존 50m에서 150m로 늘려 안전성을 확보했다.(사진:안형진)
  P-8A 포세이돈 해상초계기로 6대가 전량 6월달에 해군에 인도될 예정이다.급속히 노후되는 P-3CK부터 교체를 진행하고 해상초계전력을 일신할 것이다.(사진:안형진)
해군이 해상 무인전력을 도입해서 유무인 복합작전을 수행하는 것이 네이비씨고스트다.(사진:안형진)
올해 8회째를 맞이하는 '드론쇼코리아'는 10개국 228개 업체에서 881부스 규모 전시회를 마련했다. 또 6개국 44명이 연사·좌장으로 참여하는 컨퍼런스, 다양한 체험 이벤트도 열렸다.
공군에서 전시한 KF-21과 무인기들로 이루어진 유무인 복합체계다.(사진:안형진)
올해 행사는 '드론에 대한 모든 것, 무한한 확장으로 세상을 이롭게 하다'라는 주제로 드론산업 확장성과 효용성에 주목했다. 드론으로 구현될 산업간 융복합 사례를 소개하고 최신 기술이일상에 적용될 다양한 가치를 선보였다.
윙맨들은 공중 전투에서 정찰 및 공격임무를 갖고 움직인다.(사진:안형진)
LIG넥스원에서 전시한 대형드론과 MPUH다. (사진:안형진)
국방부는 국방혁신 4.0의 핵심인 'AI 기반 유무인복합전투체계'를 주제로 전시했다. 육군은 AI기반 유무인복합전투체계 구현을 위한 '아미타이거(Army TIGER) 전력'과 '드론봇' 장비를, 해군은 미래 해양전을 대비한 'AI 기반 해양 유무인복합전투체계', 공군은 공중무인체계 비전과 능력을 선보였다.
대한항공에서 전시한 스텔스 무인기인 UCAV 와 윙맨들이 같이 은밀하게 적진에 침투하는 드론이다.(사진:안형진)
KUS-SX를 전시했다.배회드론으로 목표물이 반응하면 바로 공격을 하는 기능을 갖췄다.(사진:안형진)
방위사업청은 드론 관련 예비사업 설명회를 개최했다. 경찰대학 국제대테러연구센터와 관련 기업들로 구성된 치안드론공동관에서는 치안드론의 활용 및 안티드론의 기술과 정책을 알렸다. 국내 업체들도 다양한 기술과 제품을 선보였다.
대한항공은 양산에 착수한 중고도무인기를 필두로 유무인복합체계, 신개념 미래형 무인기, AI 기반 군집드론 등을 선보였다.
KAI에서 선보인 AAV로 차세대 이동수단으로 민/군 공통플랫폼으로 개발하고 있다.(사진:안형진)
공격능역을 갖춘 군단급 무인기 블록II를 선보였다.(사진:안형진)
숨비는 에어택시 PAV 2세대 기체와 민ㆍ군 수송 및 공격용 유상하중 100kg급 'CAV'를 국내 최초 공개했다.
파블로항공은 자율군집제어와 첨단 관제기술 및 4개 사업분야, 8종의 드론 기체를 선보였다.
KF-21을 기준으로 무인기들과 같이 편대를 이루어서 정찰 및 공격을 할 수 있다.(사진:안형진)
풍산에서 개발한 UAV용 폭탄들이 전시되어 있다.(사진:안형진)
드론모빌리티이노베이션은 개발 중인 수소 수직이착륙기(VTOL)를, 베셀에어로스페이스는 신규 수직이착륙 무인기를 최초 공개했다. 풍산은 다목적 전투드론, 탄약투하드론, 초소형 지능형 드론, 40미리자폭드론 등 고위력 고효율의 군사용 드론을 전시했다.
베셀에서 만든 4연장 캐니스터를 갗춘 무인기발사대 시스템이다. (사진:안형진)
LIG넥스원은 대드론 통합체계와 드론용 데이터링크 및 통제 기술, 민군 겸용으로 활용할 수 있는 수송드론 등을 전시하고, SK텔레콤은 카메라로 촬영한 영상을 실시간 모니터링,기기제어, AI분석까지 가능한 통합 영상관제 솔루션을 선보였다.
양산에 돌입한 공군용 MUAV다.(사진:안형진)
부산시는 상용화를 앞두고 있는 B-UAM 추진 경과와 성과를 홍보하기 위해 컨소시엄사인 LG U+, GS건설과 공동관을 구성했다. 교통관제 및 버티포트 등을 소개하고, 국토교통부와 항공안전기술원은 국내 드론기업들의 드론 제작·활용 기술을 토대로 드론 인프라·활용관을 구성해 국내 드론산업 육성 성과와 상용화 사례를 제시했다
  [디펜스투데이]
Tag
#드론쇼코리아
#유무인복합
#배회드론
#자폭드론
#부산
#드론
#벡스코
#MUAV
#디펜스투데이
저작권자 © 디펜스투데이 무단전재 및 재배포 금지
안형진 기자
다른기사 보기","{""무인체계"": [""UAV"", ""수직이착륙"", ""VTOL""], ""AI/컴퓨팅"": [""AI"", ""AR""], ""재료/제조"": [""AM""], ""무인/자율시스템"": [""USV""], ""함정/항공기"": [""P-8"", ""P-3""], ""항공기/전투기"": [""KF-21""], ""방산기업"": [""KAI""]}",True,"['대대급 정찰용 UAV', '해군용 USV', '탄약투하공격드론', 'P-8A 포세이돈 해상초계기', '유무인 복합전투체계', 'UCAV', 'KUS-SX']","['2024-06', None]",high,해당 기사는 2024년 3월에 열린 '2024 드론쇼 코리아'에서 전시된 다양한 군사용 무인체계와 기술들을 다루고 있습니다. 구체적인 기술명과 일부 전력화 시점이 언급되어 있어 relevance가 높습니다.
"현대로템, ‘KTX-청룡’ 영업운행 전 집중점검",2024-04,http://www.defensetoday.kr/news/articleView.html?idxno=7225,"현대로템이 신형 고속철도차량의 안전한 영업운행을 위한 사전점검을 실시했다.
현대로템이 제작한 KTX-청룡(사진:현대로템)
현대로템은 시속 320km급 신형 동력분산식 고속차량인‘KTX-청룡’ 납품 전 성능 검증을 마쳤다고 9일 밝혔다.
KTX-청룡은 설계 최고속도 시속 352km, 운행 최고속도는 시속 320km이다. 8량 1편성으로 운영되며 사전점검 대상은 총 16량 2편성이다. 1편성당 좌석수는 515좌석이며 두 개 이상의 차량을 하나로 묶어서 한 개 차량으로 운행하는 복합(중련) 차량으로 운행하면 좌석수는 최대 1030석이다.
기존 KTX-산천과 같은 동력집중식 차량이 동력차를 맨 앞과 뒤쪽에만 연결해 앞에서 끌고 가는 것과 달리 동력분산식 차량은 동력이 전 차량에 분산되어 있어 에너지 효율과 가감속 성능이 뛰어나 역간 거리가 짧고 곡선 선로가 많은 국내 철도 환경에 적합하다.
현대로템 관계자가 KTX-청룡 철도차량을 점검하는 모습 (사진:현대로템)
특히 현대로템은 지난 2008년 동력집중식 고속차량(KTX-산천)을 세계에서 네 번째로 개발하고 상용화한 후 꾸준한 연구개발을 통해 지난 2012년 동력분산식 고속철도 시제차량(HEMU-430X) 국산화에도 성공했다. 이후 지난 2021년 동력분산식 고속차량 KTX-이음을 선보였다. 
산업통상자원부에서는 고속차량에 대한 기술적 중요성을 높이 평가해 지난 2016년 ‘속도 350km/h 이상 고속차량 동력시스템 설계 및 제조기술’을 국가핵심기술로 지정한 바 있다.
현대로템은 KTX-청룡이 영업 운행에 투입되기 전 지난 2022년 10월부터 지난 1월까지 경부고속∙호남고속∙경강선 등에서 18만km 이상 시운전을 운행하며 성능 검증을 마쳤다.
또한 시민들의 승차감 향상을 위해 다양한 보완 작업을 진행했다. 우선 주행 중 발생하는 소음을 저감하기 위해 객실과 운전실에 흡음재와 차음판을 추가했다. 또 고속 주행 중 발생하는 철도차량의 진동을 줄이기 위해 최적화된 공기스프링(현가장치)을 적용했다.
이와 함께 현대로템은 객실 내 악취나 오염물질을 차단하기 위해 객실 난방온도와 냉난방 및 공기조화기술(HVAC, Heating, Ventilation, & Air Conditioning)이 적용된 신선공기댐퍼를 추가로 적용할 예정이다.
현대로템은 공장에서 완성차 시험을 한 뒤 출고검사, 예비주행 및 시운전시험 과정을 거쳐 인수검사까지 마무리했으며 안정적인 운행을 위해 한국철도공사(코레일)와 함께 약 3주 간의 ‘길들이기 시운전’을 진행한다. 이 기간 동안 현대로템은 좌석, 화장실 등 승객 편의시설에 대한 최종 점검을 진행하며 영업운행 준비를 마칠 예정이다.
현대로템 관계자는 “철저한 사전 점검을 통해 신형 고속차량 운행 안전확보에 만전을 기했다”며 “앞으로도 시민들의 안전한 승차 환경 조성과 고객만족에 최선을 다하겠다”고 말했다.
[디펜스투데이]
Tag
#현댜로템
#kTX-청룡
#동력분산식
#디펜스투데이
저작권자 © 디펜스투데이 무단전재 및 재배포 금지
이치헌 기자
다른기사 보기","{""AI/컴퓨팅"": [""AI""], ""센서/통신"": [""IR""]}",True,KTX-청룡,2024-04,high,"이 기사는 현대로템이 개발한 KTX-청룡 고속철도차량의 영업운행 전 집중점검에 대해 다루고 있습니다. KTX-청룡은 시속 320km급 동력분산식 고속차량으로, 2024년 4월 영업운행을 앞두고 있습니다. 따라서 이는 군사 기술의 상용화와 관련된 기사로 볼 수 있습니다."
"한국의 우주 군사력과 ICEYE",2024-04,http://www.defensetoday.kr/news/articleView.html?idxno=7187,"우크라이나에 대한 서방측 지원 중 가장 큰 힘이 되고 있는 것 중 하나는 서방측의 우주력을 우크라이나가 활용할 수 있는 길이 열렸다는 것이다. 이미 세계 언론의 주목을 받고 있는 우크라이나의 스타링크(Starlink) 시스템 사용, 그리고 ICEYE의 합성개구레이더 정찰위성 활용 등이 바로 그것이다.
국산 위성발사체(액체연료 로켓) 누리호 발사에 성공하면서 이미 세계적인 위성체 강국인 한국이 독자적으로 우주에 접근할 수 있는 길이 열렸다.(사진:항우연)
위상배열레이더가 통합된 ICEYE의 SAR 정찰 위성
한국의 우주 군사력 건설에 ICEYE의 솔루션을 통합하는 방안에 대해서 살펴보기 전에 먼저 ICEYE의 합성개구레이더 위성들에 대해서 간단하게 살펴보도록 하겠다.
ICEYE의 합성개구레이더 위성에 통합되어 있는 X 밴드 SAR 시스템은 위상배열레이더이다. SAR를 X 밴드 위상배열레이더로 구현하는 것은 파라볼릭 안테나를 사용하는 레이더보다 장점이 많기 때문이다.
2022년 10월 기준으로 추가로 10여개의 국가가 ICEYE와 계약 체결을 위한 상담 중이기 때문에 궤도에 올려져 있는 ICEYE의 위성 21기 중 아직 주인이 없는 15기의 인공위성과 내년까지 신규 발사될 예정인 14기의 레이더인공위성 총 29개의 인공위성들도 머잖아 타국과 계약이 될 것이다. (사진:ICEYE)
먼저 우주 전자전에 강하다(robust)는 것이다. 한국도 육군이 계획하고 있는 우주 무기 중에 각종 정찰위성 교란 시스템이 포함되어 있으며 이 중에는 정찰 위성의 SAR 시스템, 그리고 디지털 영상 데이터 전송 체계를 교란하는 전자 공격 체계가 포함되어 있다(2022년 10월 기준으로 ADD에서 사전 연구 중이며 2023년에 중기계획 전환 예정). 이와 같은 우주 전자전 체계는 장래에 널리 확산될 전망이다.
다목적 실용위성 3A호 모형(사진:디펜스투데이)
ICEYE의 합성개구레이더 위성에 통합된 X 밴드 위상배열레이더는 동시에 다수의 채널을 사용한다. 이는 위성 전자전 체계의 X 밴드 재밍 밴드폭(bandwidth)를 크게 만들어서 재밍 효과(NSR : Noise-to-Signal Ratio)를 크게 저하시키고 우주 전자전 환경에서도 합성개구레이더가 강인하게 작동할 수 있도록 한다. 위상배열레이더의 전자적인 스티어링(steering)이 커질수록 위상차(phase difference)가 증가하는 것 역시 X 밴드 위상배열레이더가 통합된 ICEYE의 합성개구레이더위성이 강력한 EP(Electronic Protection) 성능을 보유하도록 하는 장점이다.
합성개구레이더와 별도로 ICEYE의 영상 전송 데이터 링크 역시 강력한 EP 성능을 확보한 시스템이라고 한다. ICEYE의 위성이 생성한 디지털 영상 데이터를 적대적인 통신 재밍로부터 보호하는 구체적인 방법은 당연히 기밀이지만 암호화가 그 핵심이라고 한다.
ICEYE의 첫 합성개구레이더 위성은 2018년 1월 18일에 발사되었다. 이후 2018년 12월 18일에 두번째 위성이 발사되었으며, 2019년에는 3기, 2020년에는 2기, 2021년에는 7기가 발사되었다. 그리고 2022년에 드디어 ICEYE의 연간 위성 발사 숫자가 두 자리수에 돌입하면서 2022년 1월 22일부터 2022년 후반기까지 총 10기의 합성개구레이더 위성이 발사됐다. 2023년에는 ICEYE의 합성개구레이더 위성 11기가 발사됐다.(사진:ICEYE)
추정을 하자면 밀도 높은 암호화를 통해서 영상 데이터를 적대적인 재밍과 COMINT로부터 보호하면서 동시에 영상데이터 전송의 PRF(Pulse Repetition Frequency)를 대폭증대함으로써 적대적인 전자전 체계의 탐지를 피하는 것이 ICEYE의 합성개구레이더 위성의 영상 전송 체계에 적용된 항재밍 기법의 요체인 것으로 짐작된다. 그리고 디지털 영상전송 체계에 많이 사용되는 다수의 반송파(carrier)를 동시에 지향성이 큰 안테나와 함께 사용하는 것도 ICEYE의 항재밍 기법에 반영된 것으로 추정된다.
합성개구레이더를 전자적인 빔 조향을 하는 위상배열레이더를 사용하여 구현하기 때문에 분해능이 정밀하고 넓은 구역을 신속하게 스캔할 수 있다.
합성개구레이더와 별도로 ICEYE의 영상 전송 데이터 링크 역시 강력한 EP 성능을 확보한 시스템이라고 한다. ICEYE의 위성이 생성한 디지털 영상 데이터를 적대적인 통신 재밍로부터 보호하는 구체적인 방법은 당연히 기밀이지만 암호화가 그 핵심이라고 한다.(사진:ICEYE)
정밀한 영상 분해능과 전천후 스캔 두 마리 토끼를 모두 잡았다는 것 역시 ICEYE의 합성개구레이더 위성의 장점이다.
정찰 위성 중 EO/IR 영상 위성, 즉 전자광학위성의 경우에는 RF(Radio Frequency)보다 파장이 짧은 대역을 사용하기 때문에 분해능이 합성개구레이더의 그것보다 우수한 반면 전천후 운용성은 떨어진다. 반대로 합성개구레이더 위성은 전자광학 위성보다 분해능은 약간 떨어지는 반면 전천후 스캔이 가능한 시스템이다.
ICEYE의 합성개구레이더 위성에 통합되어 있는 X 밴드 SAR 시스템은 위상배열레이더이다. SAR를 X 밴드 위상배열레이더로 구현하는 것은 파라볼릭 안테나를 사용하는 레이더보다 장점이 많기 때문이다.(사진:ICEYE)
ICEYE의 위성 영상 솔루션은 전천후 스캔을 할 수 있는 합성개구레이더 위성을 사용하면서 동시에 서브미터급 분해능까지 확보하고 있다.
ICEYE의 2세대 합성개구레이더 위성의 분해능은 0.5m, 반송파 기준 10dB 가량 에너지 격차가 있는 주파수 격차는 0.6GHz이며, 3세대 합성개구레이더 위성은 0.3m 미만의 분해능을 기록한다. 이는 전자광학 위성의 그것보다 좀 더 우수한 분해능이다.
ICEYE의 합성개구레이더 위성 중 2022년 1월에 발사된 시스템이다,(사진:ICEYE)
전천후 스캔을 할 수 있는 ICEYE가 이처럼 대부분의 전자광학 위성 보다 우수한 분해능까지 갖추게 된 비결은 X 밴드 위상배열 레이더를 사용한다는 것, 그리고 2세대 합성개구레이더 위성보다 더욱 큰 안테나를 사용한다는 것이다.
2021년 1월에는 이 사진에서 볼 수 있는 것처럼 3기의 합성개구레이더 위성을 SpaceX에 탑재하여 발사하였다.(사진:ICEYE)
합성개구레이더의 원리는 간단히 말하면 초대형 위상배열 레이더를 사용하여 지상을 스캔하는 것과 같은 효과를 구현하는 것이라고 할 수 있다. 이는 X 밴드 레이더로 지상을 스캔을 할 때 LPRF(Low Pulse Repetition Frequency) 스캔을 하면서 RBM(Real Beam Mapping)을 할 경우 분해능이 떨어지고 영상 왜곡(예 : 멀티패스 효과, 쉐도우 효과 등)이 발생하기 때문이다. 그러므로 빔 샤프닝(beam sharpening)을 하기 위해서 가상의 초대형 위상배열레이더를 구현하는 것이다.
ICEYE의 제 3 세대 합성개구레이더 위성은 물리적으로 실제 위상배열레이더를 사용한다. X 밴드 위상 배열레이더를 사용함으로써 2.6m² 면적의 X 밴드 안테나의 물리적인 개구비(aperture rate)보다 더욱 큰 개구비의 안테나를 사용하는 효과를 달성하도록 설계되었다. ICEYE의 제 2 세대 합성개구레이더도 1.3m² 면적의 X 밴드 안테나를 사용하는 시스템으로서 실제 개구비는 이런 물리적인 조건으로 산출되는 값보다 더욱 크게 설계되었는데, 제 3 세대 합성개구레이더 위성은 스티어링이 같은 소자들도 경로 차이가 발생하는 시스템을 제 2 세대 체계의 그것보다 2배 더 큰 면적의 안테나와 통합함으로써 더욱 큰 개구비를 갖도록 설계된 것이다.
브라질 공군이 ICEYE의 합성개구레이더 위성 2기 운용 계약을 체결한 당시 모습. 2022년 10월 기준으로 ICEYE의 합성개구레이다(SAR : Synthetic Aperture Radar) 21개 (23년에 14기를 추가로 발사) 중 6기는 미국과 브라질을 포함한 총 4개국이 사용하고 있다.(사진:ICEYE)
이와 같은 체계를 활용하여 상술한 것과 같이 초대형 개구면을 갖는 가상의 위상배열레이더로 지상을 스캔하는 것과 같은 효과를 구현하는 기법(합성개구레이더)을 사용함으로써 적외선(IR)보다 파장이 긴 RF를 사용함에도 불구하
고 ICEYE의 합성개구레이더 위성은 전자광학/적외선 영상위상보다 더욱 분해능이 우수한 것이다.
그리고 위상배열레이더를 사용함으로써 단위 면적당 스캔소요 시간이 대폭 단축된다는 것도 ICEYE의 합성개구레이더 위성의 장점이다. 파라볼릭 안테나를 사용하는 합성개구레이더 위성의 경우에는 빔 스티어링을 하려면 자세 변경을 해야하기 때문에 스캔 공간이 제한되지만 위상배열레이더가 통합된 ICEYE의 합성개구레이더 위성은 자세 변화 없이 넓은 구역을 신속하게 스캔할 수 있다.
공군뿐만 아니라 육군도 우주 무기체계를 확보하기 위한 구체적인 계획을 갖고 있다.(사진:육군)
합성개구레이더 정찰 위성을 저렴하고 신속하게 제공하는 ICEYE의 솔루션
ICEYE의 첫 합성개구레이더 위성은 2018년 1월 18일에 발사되었다. 이후 2018년 12월 18일에 두 번째 위성이 발사되었으며, 2019년에는 3기, 2020년에는 2기, 2021년에는 7기가 발사되었다. 그리고 2022년에 드디어 ICEYE의 연간 위성 발사 숫자가 두 자릿수에 돌입하면서 2022년 1월 22일부터 2022년 후반기까지 총 10기의 합성개구레이더 위성이 발사됐다.
2023년에는 ICEYE의 합성개구레이더 위성 11기가 발사됐다. 2018년 1월에 발사된 SAR 위성은 기술 실증 체계라는 점을 감안하면 실질적으로는 2018년 12월 18일에 발사된 위성이 ICEYE의 첫 합성개구레이더 위성이라고할 수 있겠다.
2022년 10월 기준으로 총 21기의 ICEYE 인공위성이 궤도에 올려져 있으며 14기의 위성(올해 3분기, 4분기에 발사되는 인공위성 3기와 내년에 발사되는 인공위성 11기)이 제작 라인에 거치되어 조립되고 있다.
그러므로 425 사업 정찰위성 5기 중 첫 번째 위성을 발사하는 2024년 이전에 ICEYE의 솔루션을 사용하기 위한 계약을 체결하면 신속하게 35개의 위성 중 일부를 정찰 위성으로 사용할 수 있게 된다.
현재 궤도에 올려져 있는 ICEYE의 합성개구레이더 위성 21개 중 미국이 2기, 캐나다가 1기, 브라질이 2기, 그리고 우크라이나가 1기 총 6기는 이미 상기 계약국들이 사용하고 있다.
공군은 다양한 우주 감시체계들을 확보하려 하고 있다. 공군이 장래에 확보하는 각종 우주감시체계는 적대적인 우주 위협의 조기경보문만 아니라 한국의 우주 자산과 충돌 위험이 있는 각종 우주 잔해물 감시에도 활용될 것이다.(사진:공군)
2022년 10월 기준으로 추가로 10여개의 국가가 ICEYE와 계약 체결을 위한 상담 중이기 때문에 궤도에 있는 ICEYE의 위성 21기 중 아직 주인이 없는 15기의 인공위성과 내년까지 신규 발사될 예정인 14기의 레이더 인공위성 총 29개의 인공위성들도 머잖아 타국과 계약이 될 것이다. 그러므로 한국이 425 사업 정찰위성 5기가 모두 전략화되기 전에 사용할(그리고 2029년 이전까지 425 사업 정찰위성들과 함께 사용할) 정찰 위성을 ICEYE의 합성개구레이더 위성 36기 중에서 신속하게 확보하려면 계약을 서둘러야 할 것이다.
ICEYE 솔루션의 또 다른 장점은 비용이 매우 저렴하다는 것이다. 이는 발주 수량에 맞춰서 한정된 숫자의 인공위성을 제작하여 발사하는 것이 아니라 이미 대량으로 궤도에 올려진 합성개구레이더 인공위성 중 아직 계약으로 점유되지 않은 위성을 사용하는 것이기 때문이다.
잉글리쉬 채널(English Channel)을 ICEYE의 합성개구레이더 위성이 스캔하여 생성한 위성 사진이다. 이동 물체인 선박들을 자동으로 식별하여 사진에 표시하였다.(사진:ICEYE)
서두에서 소개한 것처럼 ICEYE의 합성개구레이더 위성은 X 밴드 레이더를 사용하면서도 전자광학 위성못지않은 정밀한 분해능(0.3m 미만)과 함께 레이더 위성의 장점인 전천후 감시 정찰 능력을 보유한 시스템이며, 전자적인 빔 조향을 하는 위상배열레이더를 사용함으로써 넓은 구역을 신속하게 스캔하면서 합성개구레이더와 영상 전송 체계를 적대적인 우주 전자전 체계로부터 보호하는 고성능 첨단 시스템이다. 이와 같은 고성능 체계를 저렴한 가격으로 계약할 수 있으며, 계약과 동시에 사용을 시작할 수 있는 서비스는 오직 ICEYE에서만 제공할 수 있다.
ICEYE의 제 1 세대 합성개구레이더 위성이 호르무즈(Hormuz) 해협을 스캔하여 생성한 영상의 일부. 이 사진에서 볼 수 있는 것처럼 ICEYE의 합성개구레이더 위성은 이동 표적을 식별할 수 있는 MTI(Moving Target Indicator) 기능도 보유하고 있다.(사진:ICEYE)
우크라이나 전쟁과 우주 군사력
2022년 10월 기준으로 ICEYE의 합성개구레이더(SAR : Synthetic ApertureRadar) 21개(내년까지 14기를 추가로 발사할 예정) 중 6기는 미국을 포함한 총 4개국이 사용하고 있다. 이 4개국에 우크라이나가 포함되어 있다.
2022년 2월부터 시작된 우크라이나와 러시아의 전쟁은 러시아가 우크라이나를 침공한 시점에 대부분의 식자들이 예상했던 것과 달리 (본고가 작성되고 있는 2022년 10월 기준) 8개월 이상 장기화되고 있다. 객관적인 경제력과 군사력, 인구 거의 모든 면에서 침략자인 러시아보다 열세한 우크라이나가 대부분의 사람들의 예상과 달리 선전하면서 키이우 전역과 하르키우 전역 등에서 러시아군을 격퇴하고, 헤르손에서도 러시아군을 파죽지세로 밀어붙이면서 러시아가 장악한 지역은 도네츠크와 루한스크, 자포리자 등 우크라이나 끝자락으로 위축되었다.
우크라이나에 대한 서방측 지원 중 가장 큰 힘이 되고 있는 것 중 하나는 서방측의 우주력을 우크라이나가 활용할 수 있는 길이 열렸다는 것이다. 이미 세계 언론의 주목을 받고 있는 우크라이나의 스타링크(Starlink) 시스템 사용, 그리고 ICEYE의 합성개구레이더 정찰위성 활용 등이 바로 그것이다.(자료:공군)
이와 같이 우크라이나가 승세를 이어가며 침략자를 격퇴하고 있는 것은 소규모 작전제대인 BTG(Battalion Tactical Group)들을 중심으로 작전하는 러시아군 작전 운용에서 필수적인 공지작전 운용에 심각한 차질을 초래할 정도로 러시아군의 각개 전역 가용 항공력이 부족했다는 점, 러시아군의 부족한 NCW(Network Centric Warfare) 능력, 그리고 러시아군의 초기 OCA(Offensive Counter Air) 실패 등과 맞물린 우크라이나의 효과적인 공군력 운용에 기인한 우크라이나의 제공권 확보, 러시아군의 작전 제대 군수지원 실패 등 다양한 요인이 맞물린 결과라고 할 수 있다.
이와 같은 저궤도 정찰 위성 군집의 장점은 재방문 주기가 매우 짧다는 것이다. 저궤도 위성 군집인 초소형 SAR 위성의 경우 재방문 주기가 30분으로 매우 짧다(425 사업 정찰 위성 5기의 재방문 주기는 약 2시간).(자료:공군)
그러나 전략적인 관점에서 가장 큰 원인은 러시아를 압도하는 국력을 자랑하는 미국의 지원, 그리고 러시아보다 다소 큰국력을 갖춘 NATO 주요 회원국(영국, 프랑스, 독일 등)의 우크라이나 지원과 대러 제재, 폴란드 등 우크라이나 인접국들의 우크라이나 지원 등이다.
우크라이나에 대한 서방측 지원 중 가장 큰 힘이 되고 있는 것 중 하나는 서방측의 우주력을 우크라이나가 활용할 수있는 길이 열렸다는 것이다. 이미 세계 언론의 주목을 받고있는 우크라이나의 스타링크(Starlink) 시스템 사용, 그리고 ICEYE의 합성개구레이더 정찰위성 활용 등이 바로 그것이다.
KAMD(Korea Air and Missile Defense)의 지휘 통제 중추는 공군의 항공우주작전본부에 통합이 되어 있다. 이는 공군이 탄도미사일 조기경보와 요격을 담당한다는 것을 의미한다. 실제로 KAMD의 핵심 자산인 EL/M-2080, L-SAM, PAC-3등이 모두 공군이 운용하는 체계들이다. 장래에 해군의 이지스함이 SM-6 유도탄을 탑재하고 적대 탄도탄을 상승단계에서 요격하는 체계로 운용하는 것도 항공우주작전본부를 기반으로 하는 공군의 KAMD 지휘 중추의 통제 하에 시행된다. 이미 한국 해군 이지스함의 탄도미사일 탐지와 추적이 공군의 항공우주작전본부와 연동되어 있다. 이와 같이 탄도미사일로부터 국민의 생명과 안전, 주요 핵심 기간 시설과 군사력을 보호하는 전략 방공은 공군이 담당하고 있기 때문에 한국의 미래 우주 무기체계 중 북한과 러시아, 중국의 탄도미사일을 조기에 탐지하기 위한 조기경보위성은 합동우주자산이 아닌 공군의 우주 자산으로 운용될 것이다.(자료:공군)
우크라이나는 5,000개의 스타링크(Starlink) 단말기(5,000개의 단말기 중 1,330개는 미국 정부가 지원하였다)를 제공 받음으로써 대량의 저궤도 초연결통신체계를 활용할 수 있게 되었다.
일례로 대한민국 국방부 독자 표준(MND-STD : Ministry of National Defense Standard) 0016호 프로토콜을 사용하는 VHF 대역 Adhoc 데이터 통신체계를 네트워크 중심적인 군수지원(해당 체계의 K7 계열 단말기 연동 포맷 사용)에 핵심체계로 접목을 한 것처럼 우크라이나도 스타링크를 기반으로 하는 네트워크 중심적인 후속 군수지원체계를 운용하고 있다. 이는 우크라이나군이 제한적인 전역에서조차 러시아군을 감당하지 못했던 2014년과 달리 2022년에는 대규모 전구(우크라이나)에서 승세를 이어가는 중요한 요인 중 하나가 되고 있다.
공군의 전략 방공은 현재 KAMD를 중심으로 시행되고 있다. 장래에는 우주 감시용 전파망원경과 우주물체 추적 대형 AESA 레이더, 고출력레이저를 사용한 위성추적체계 등을 활용한 주변국의 우주 체계들의 감시와 추적, 위성 기반 탄도미사일 추적 등 우주 공간으로 한국 공군의 전략 방공의 외연이 확장될 것이다.(자료:공군)
수천기의 저궤도 통신 위성을 사용하는 스타링크 시스템을 기반으로 하는 고속 인터넷을 중심으로 하는 군수지원은 용량과 LOS(Line Of Sight)에서 한국 육군이 사용하는 VHF 대역 데이터 통신 기반 전투근무지원보다 앞서있다.
공군은 대형 위상배열레이더인 레이더 우주감시체계를 사용하여 우주 공역에서 공군이 방어를 담당하는 공역을 감시하면서 탐지한 우주 표적을 추적하고, 이 중 정밀한 추적이 필요한 표적을 선정하여 고출력 레이저를 사용한 위성추적체계를 활용하여 추적하는 방식으로 한국의 우주 공역을 통과하는 우주 물체들을 감시하게 될 것이다.(자료:공군)
한국의 우주 군사력 확보 프로젝트 중 육군의 우주력 확보 계획인 페가수스(Pegasus) 프로젝트에 저고도 초연결 통신위성군집 확보가 포함되어 있다. 이 시스템이 전력화가 되어 육군의 주력 데이터 링크 시스템인 VHF 대역 데이터 통신 역시 위성을 연결 모드로 활용할 수 있게 되기 전까지 연결 노드를 통한 장거리 연동 측면에서 스타링크와 같이 대규모 저궤도 통신 위성군집을 사용하는 것이 더욱 우수하다. 이는 우크라이나가 한국 전구(KTO)보다 더욱 대규모 전구라는 사실에 부합하는 것이다.
주변국의 위성과 위성 요격무기뿐만 아니라 각종 우주 잔해물, 적대적이지 않은 우주 물체까지 우주 위협으로 부상하고 있다. 이는 각종 저궤도 인공위성 숫자가 대폭 증가하는 추세와 무관하지 않다.(자료:공군)
스타링크 체계는 장거리 연동 측면에서는 불리한 J 밴드와 밀리미터파(MMW : Millimeter Wave)를 사용한다는 단점은 대규모 저궤도 위성군을 연결 노드로 사용함으로써 해소하면서 동시에 J 밴드 이상의 대역의 장점인 대용량 데이터 유통의 장점도 함께 누리는 것이다.
침략자를 격퇴하는 숨은 공신, ICEYE의 정찰 위성
그리고 ICEYE의 X 밴드 합성개구레이더 위성 중 1기를 손에 넣었다는 것도 우크라이나가 서방측 지원을 통해서 우주 군사력을 확보한 중요한 사례 중 하나라고 할 수 있다. 2022년 8월 18일에 우크라이나는 ICEYE의 합성개구레이더 위성 중 1기가 제공하는 전천후 SAR 스캔 영상을 제공받기 위한 계약을 체결하였다.
화력여단에 배치되어 있는 K-239는 239mm 유도로켓과 KTSSM을 사용하여 지상작전사령부 종심 공간 내부의 표적을 타격하는 무기체계이다. 장래에 천무 II가 배치되면 400mm 유도로켓도 지상작전사령부의 작전 종심 정밀타격 무기로 사용될 것이다.(사진:디펜스투데이)
개전 이후 우크라이나군은 주요 전역에서 작전 종심에 대한 전천후 영상 정찰 수단 확보를 위해서 노력하였다. 심지어 우크라이나 정부는 한국 정부가 보유하고 있는 아리랑 위성의 영상 정보 공유를 요청하기도 하였다.
좌로부터 천무의 239mm 유도로켓, 천무 II의 400mm 유도로켓, 그리고 KTSSM 지대지 미사일이다. 이와 같은 육군의 작전급 종심타격수단 활용은 장래에 육군의 우주무기체계인 저궤도 전술정찰위성군, BFT(Blue Force Tracker) 위성과 밀접하게 연계될 예정이다.(사진:디펜스투데이)
이미 발사되어 궤도에 올려진 ICEYE의 합성개구레이더 위성의 영상을 지원받을 수 있게 되면서 우크라이나는 신속하게 정찰위성을 손에 넣게 되었다. 이는 러시아의 침공을 받은 직후 긴박한 전황 때문에 느긋하게 인공위성의 제작과 발사를 기다릴 수 없었던 우크라이나의 상황에 적합한 솔루션이었던 것이다.
지상작전사령부는 군단급 작전종심보다 더욱 깊은 지상작전사령부의 작전 종심에 위치한 표적들을 장거리 타격하기 위해서 천무(K-239)를 발사대로 활용하는 KTSSM을 사용하고 표적 선정을 위해서 저궤도 전술정찰위성들을 사용하게 될 것이다.(사진:디펜스투데이)
우크라이나군의 종심 정찰 능력은 ICEYE의 합성개구레이더 위성을 사용하기 전에는 튀르키예의 바이락타르(Bayraktar)가 제작한 TB-2 UAV를 활용한 사단급 정찰 능력에 한정되었다. 그러나 ICEYE의 합성개구레이더 위성을 활용할 수 있게 되면서 우크라이나군의 종심 작전능력이 비약적으로 향상되었다.
예를 들어서 러시아군이 전선 후방에 배치한 주요 보급 집적소, 탄약집적소등을 ICEYE의 SAR 위성 스캔 영상을 기반으로 탐지, 식별하고 이들을 우크라이나 포병이 정밀하게 타격한 것이다. 러시아군의 작전주력이자 최소 규모의 작전 부대인 BTG(Battalion Tactical Group)들의 작전에 필수적인 주요 보급 집적소들이 파괴되고, 탄약 집적소들이 타격당하면서 러시아군이 화력 열세에 처하게 되면서 우크라이나를 침공한 러사아군은 공세종말점에 도달하여 파죽지세로 밀려나게 되었다.
군단을 넘어서 지상작전사령부의 작전 종심 공간에서 공지작전(air-land operation)을 위해서 추천해야하는 표적들을 파악하고, 지상작전사령부 직할 화력여단의 장거리 타격무기(예 : ATACMS, KTSSM,400mm 유도로켓 등)로 정밀 타격해야 하는 표적들을 선정하기 위해서는 전천후 레이더 정찰 위성(X 밴드SAR 위성)과 적외선 영상 정찰 위성이 필요하며 이들과 함께 AI(Artificial Intelligence) 위성 영상 판독시스템이 필요하다.(자료:육군)
우크라이나는 독자적인 우주 군사력을 구축하려던 국가는 아니다. 다시 말해서 우크라이나는 독자적인 우주 군사력 구축 프로그램들을 갖고 있는 한국과 다르다는 것이다. 그러나 우크라이나군이 ICEYE의 SAR 위성을 신속하게 전력화할 수 있었던 것은 전략정찰위성(425 사업)과 초소형 SAR 위성군, 초소형 전술정찰위성군 등 다양한 정찰위성을 독자적으로 확보하려고 하는 한국에게도 시사하는 바가 크다.
오늘날에는 드론봇과 워리어 플랫폼 등이 육군의 게임 체인저로 주목을 받고 있다. 그러나 장래에는 육군의 우주 군사력 구축 프로젝트인 페가수스 프로젝트가 육군의 게임 체인저로 자리잡게 될 것이다.(자료:육군)
우크라이나의 경우와 마찬가지로 ICEYE의 솔루션을 사용하는 것은 이미 궤도에 올려진 위성들 또는 현재 제작 라인에 거치되어 제작 중인 합성개구레이더 위성을 사용할 수 있는 계약을 하는 것이기 때문에 한국이 425 사업 정찰위성등이 전력화되기 전에 사용할 정찰 위성을 신속하게 정찰 위성을 확보할 수 있는 것이다. 이는 425 사업 정찰위성 5기가 모두 전력화될 때까지 필요한 시간 동안 사용할 수 있는 정찰 위성을 확보할 수 있기 때문이다.
한국군은 장래에 육군의 작전급 정찰 위성(초소형 전술정찰위성 군집)과 합동우주자산인 전략급 정찰 위성(425 사업 정찰위성 5기, 초소형 합성개구레이더 위성 군집 등)들을 운용하게 된다.(사진:디펜스투데이)
원래 425 사업 위성 5기(X 밴드 SAR 위성 4기, EO/IR 영상 위성 1기)는 2022년부터 발사될 예정이었지만 위성의 핵심 임무 장비인 X 밴드 SAR 체계(Thales의 Alenia Space가 개발 참여) 개발 지연 등으로 일정이 지연되면서 2024년부터 발사될 예정이다. 그리고 425 사업 위성의 수명주기가 완료되기 전까지 대체 정찰위성 12기(X 밴드 SAR 위성 10기, EO/IR 정찰위성 2기)를 2030년 이전에 추가로 발사해야 한다.
원래 425 사업 위성 5기(X 밴드 SAR 위성 4기, EO/IR 영상 위성 1기)는 2022년부터 발사될 예정이었지만 위성의 핵심 임무 장비인 X 밴드 SAR 체계(Thales의 Alenia Space가 개발 참여) 개발 지연 등으로 일정이 지연되면서 2023년부터 발사했다. 그리고 425 사업 위성의 수명주기가 완료되기 전까지 대체 정찰위성 12기(X 밴드 SAR 위성 10기, EO/IR 정찰위성 2기)를 2030년 이전에 추가로 발사해야 한다.(사진:디펜스투데이)
다시 말해서 ICEYE가 이미 발사한 위성들과 현재 제작 중인 위성, 발사 대기 중인 위성들을 사용하기 위한 계약을 체결함으로써 425 사업 등으로 북한과 주변국에 대한 실시간 감시 체계가 완비되기 전까지 남은 시간의 공백을 메꿀 수 있는 것이다.
한국의 우주 군사력 확보 계획
전술한 것과 같이 ICEYE의 솔루션은 계약이 체결되자마자 정찰 위성을 확보할 수 있다는 점이 가장 매력적이다. 한국은 2023년에 첫 발사된 425 사업 정찰위성 5기 모두 전력화될 때까지 기다릴 여유가 별로 없다. 킬 체인에 연동되는 정찰 위성은 지금 당장 필요하기 때문이다. 이미 진행 중인 425 사업을 폐기하고 다른 프로그램으로 대체해야 한다는 뜻이 아니다. 425 사업 정찰위성 5기가 모두 전력화되기 전까지 남아있는 약 3년 또는 4년의 시간동안 사용할 수 있는 정찰 위성들이필요하다는 것이다.
육군이 사용하는 다양한 프로토콜의 데이터 통신 체계(예 : 국방부 표준 0016호와 0018호 등)와 각종 유무인복합체계 인터페이스(예 : NATO 표준 제 4586호 UAV 조종 통제 등)들을 포함한 다양한 표준의 통신 체계들의 BLOS(Beyond Line Of Sight) 초연결 노드로 운용되는 저궤도 소형통신위성 군집 역시 페가수스 프로그램의 핵심 체계이다.(자료:육군)
그리고 425 사업 정찰 위성들이 모두 전력화된 뒤에도 ICEYE의 정찰 위성을 단 1기라도 추가로 함께 사용하면 정찰 위성의 재방문 주기가 단축되면서 더욱 밀도 높은 감시와 정찰을 할 수 있게 되는 것이다.
한국군 우주무기체계 중 합동우주자산에 포함된 KPS(Korean Positioning System)는 장래에 주로 육군 미사일전략사령부의 현무 계열 유도탄, 그리고 육군의 다양한 드론봇 체계가 주로 사용하게 될 것이다.(자료:육군)
이처럼 425 사업 정찰위성 5기를 모두 궤도에 올려놓기 전에 추가로 정찰 위성을 신속하게 확보해야 하는 것은 2022년 현재 시점에 북한의 각종 탄도 미사일과 지대지 크루즈 미사일 등의 위협이 고조되고 있기 때문이다. 특히 최근에 대두된 위협 중에서 북한의 SLBM(Submarine-Launched Ballistic Missile)에서 파생된 저수지 발사 탄도 미사일은 그 발사 시설이 추가로 건설되고 있는 현장을 사전에 탐지하여 미리 좌표를 파악하려면 2022년 후반기인 현 시점부터 정찰 위성을 사용하여 북한을 감시해야 한다.
육군의 페가수스 프로젝트 청사진. 각종 인공위성뿐만 아니라 성층권 비행체, 그리고 지상에 배치되는 정찰위성 재밍 체계(전자광학 정찰위성의 센서를 고출력 레이저로 교란하는 시스템, SAR 위성의 레이더에 대한 고출력 ECM, SAR 위성의 디지털 영상 전송에 대한 통신 교란 등)도 포함되어 있다는 것을 알 수 있다.(자료:육군)
425 사업 정찰위성 5기 전력화가 시작되는 2024년 이전에 신속하게 추가 정찰위성을 확보할 수 있는 유일한 방법은 ICEYE의 솔루션을 사용하는 것이다. ICEYE의 위성 솔루션의 가장 혁신적인 면모는 계약과 동시에 정찰 위성을 손에 넣을 수 있다는 점이다. 이는 발주 이후의 레이더 정찰 위성 제작 기간과 발사체 선정 등에 소요되는 시간이 반영된 전력화 스케쥴을 수립해야 하는 전통적인 방식이 아니라 ICEYE에서 발주를 받지 않은 다수의 합성개구레이더 위성들을 지속적으로 제작하여 스페이스 X등을 사용하여, 발사한 후 이를 사용할 고객을 찾아서 제공하는 서비스를 제공하고 있기 때문이다.
육군이 보유한 탄도미사일 중 현무-2C, 현무-4등 사거리가 800km가 넘어가는 유도탄들은 우주 공역에 궤도 정점이 형성된다. H-hour 시점부터 24 시간동안 선제타격과 킬 체인에 가장 많이 사용되는 무기체계가 이들 탄도 미사일이며, F-hour 이후에 사용하는 Pre-ITO에도 탄도미사일의 표적이 적재된 ITO(Integrated Tasking Order)가 많다는 점을 감안하면 한국 육군은 전시에 우주 공역을 활발히 사용하는 군사 집단이라고 할 수 있다. 2022년에는 현무-2C와 현무-4가 육군의 대표적인 우주무기인 것이다. 그리고 장차 한국형위성항법(KPS)를 가장 많이 사용하는 세력도 육군이 될 것이다. 현재에는 MTCR 규정(사거리 300km 이상의 탄도미사일 개발에 기술적인 지원과 부품을 제공하지 않는다)과 한국군 탄도미사일 중 현무 계열 전략 탄도미사일의 기술 자료는 외국(미국 포함)에 제공할 수 없는 기밀 자료라는 것 때문에 군용 GPS가 통합된 전술급 탄도미사일(예 : ATACMS, KTSSM)과 달리 현무 계열 탄도미사일에는 상용 GPS가 통합되어 있다. 이 때문에 장래에 육군의 미사일전략사령부가 보유할 사거리 1,500km 이상의 IRBM(Intemediate Range Ballistic Missile)등에는 상용 GPS 대신 암호화 코드를 사용하는 KPS가 통합될 것이다. 그리고 육군의 미래 전력인 각종 UAV와 군용 로봇들에도 KPS가 적극적으로 도입될 것이다. 다시 말해서 육군의 미래 전력은 우주전력과 깊게 연동이 되는 것이 필연적이며, 우주 공간을 가장 많이 사용하는 군사 세력인 것이다.(자료:육군)
한국은 공군과 해군, 그리고 육군이 각자 우주 무기체계 확보 계획을 가지고 있다. 대표적인 항공우주세력인 공군이 425 사업 정찰위성과 초소형 SAR 위성들의 발사와 운용을 책임질 것이라고 흔히 생각하지만 해당 체계들은 KSP(Korean Positioning System) 위성 등과 함께 3군 합동우주자산으로 운용될 예정이다.
KPS는 3군 합동우주자산이지만 장래에 주로 육군에서 수요가 많이 발생하기 때문에 페가수스 프로젝트에서도 중시되고 있다.(자료:육군)
육군이 각종 우주 무기체계 도입에 적극적이라는 것은 많은 사람들에게 다소 의외일 수도 있겠다. 그러나 육군은 현무 2C 탄도 미사일을 손에 넣은 후부터 우주 공간에서 재돌입하는 탄도 미사일을 다종 확보하고 있다.
그리고 육군이 보유한 탄도 미사일 중 우주 공간을 사용하는 체계들(현무-2C, 현무-4/5)은 H-Hour 시점부터 스탠바이(Stand-by) ATO(Air Tasking Order)를 사용하는 시간동안 북한의 핵무기 사용 능력에 근본적으로 타격을 입히기 위한 선제타격(preemptive strike) ITO(Integrated Tasking Order)들에 적재된 표적들, 그리고 BMOA(Ballistic Missile Operation Area)에서 돌출한 TST(Time Sensitive Taget)들에 대한 핵심 타격 수단이며, F-hour 시점 이후에도 최소한 한미연합사의 연합공군구성군사령부(CACC : Combined Air Component Command)에서 24 시간 단위로 ATO를 작성하기 시작하는 시점까지는 킬 체인에서 핵심적인 무기체계로 운용된다.
육군은 BFT 위성과 저궤도 전술정찰위성 등 페가수스 프로젝트에 포함된 육군의 위성들을 궤도에 올려놓는고체연료 발사체들도 독자적으로 운용하려 하고 있다. 특히 저궤도 전술정찰위성과 저궤도 초연결위성은 운용기간이 짧고 전시에 요격을 당할 수도 있기 때문에 대체 위성을 자주 발사해야 한다. 이와 별도로 425 사업 정찰위성과 초소형 SAR 위성들을 발사하는 로켓은 3군(자료:육군)
간단하게 말해서 현무-2C와 현무-4, 현무-5 탄도 미사일을 보유한 육군 미사일전략사령부는 전시에 우주 공간을 가장 많이 사용하는 부대라는 것이다.
그리고 군단을 넘어서 지상작전사령부의 작전 종심 공간에서 공지작전(air-land operation)을 위해서 추천해야 하는 표적들을 파악하고, 지상작전사령부 직할 화력여단의 장거리 타격무기(예 : ATACMS,KTSSM, 400mm 유도로켓 등)로 정밀 타격해야 하는 표적들을 선정하기 위해서는 전천후 레이더 정찰위성(X 밴드 SAR 위성)과 적외선 영상 정찰 위성이 필요하며 이들과 함께 AI(Artificial Intelligence) 위성영상 판독 시스템도 필요하다.
지상작전사령부와 미사일전략사령부가 육군의 우주군사력 건설과 밀접한 부대라는 것을 알 수 있다.(자료:육군)
실제로 육군의 발전 계획에는 지상작전사령부의 표적 선정에 인공 지능을 도입하고, 군단급 종심보다 더욱 깊은 지상작전사령부의 작전 종심의 표적에 대한 지상작전사령부의 독자적인 타격 능력 확보가 포함되어 있다.
ICEYE의 합성개구레이더 위성들은 이미 궤도에 올려져 있거나 혹은 제작 라인에 거치되어 조립 중이다. ICEYE와 계약하여 제작 라인에 있는 위성들을 배정을 받을 경우 이미 제작에 들어간 위성들이 발사체, 발사 일정까지 결정이 되어 있기 때문에 신속하게 전력화를 할 수 있다.(사진:스페이스X)
이 때문에 한국의 우주 군사력 확보 계획에 포함되어 있는 우주 무기체계 중 초소형 SAR 위성 군집과 별도로 육군의 초소형 정찰위성 군집이 포함되어 있다. 이와 같은 저궤도 정찰위성 군집의 장점은 재방문 주기가 매우 짧다는 것이다. 저궤도 위성 군집인 초소형 SAR 위성의 경우 재방문 주기가 30분으로 매우 짧다(425 사업 정찰 위성 5기의 재방문 주기는 약 2시간).
아리랑 3A 위성은 1톤급 상용 영상 위성이다. 이 시스템에는 전자광학 영상 센서가 통합되었다.(사진:디펜스투데이)
이와 같이 재방문 주기가 짧은 저궤도 전술정찰위성 군집을 운용하면서 인공 지능을 활용한 영상 판독 기술을 사용하는 것은 작전 종심을 짧은 주기로 밀도 높게 스캔하여 생성된 영상 자료에서 신속하게 표적을 추출해야 하기 때문이다. 이는 특히 TCT(Time Critical Target)을 신속하게 추출하고 지상 작전사령부 예하 군단들의 작전 종심의 전황 전개 페이스에 맞는 작전 지휘를 하기 위해서 필수적이다.
네덜란드 로테르담을 ICEYE의 합성개구레이더 위성으로 스캔하여 생성한 사진들을 통합함으로써 생성한 영상을 캡쳐한 것이다. ICEYE의 위성은 위상배열레이더를 사용하여 넓은 구역을 신속하게 스캔할 수 있기 때문에 1회 스캔에서 스캔 표적에 대한 대량의 위성 사진들을 생성하여 실시간 영상을 만달어낼 수 있다.(사진:ICEYE)
그러므로 육군의 우주 군사력 구축 프로그램인 페가수스(Pegasus) 프로그램에 독자적인 작전급 정찰위성인 초소형 전술 정찰위성군집이 포함되어 있다. 그리고 육군이 사용하는 다양한 프로토콜의 데이터 통신 체계(예 : 국방부 표준 0016호와 0018호 등)와 각종 유무인 복합체계 인터페이스(예 : NATO 표준 제 4586호 UAV 조종 통제 등)들을 포함한 다양한 표준의 통신 체계들의 BLOS(Beyond Line Of Sight) 초연결 노드로 운용되는 저궤도 소형통신위성 군집, 그리고 한국형 BFT(Blue Force Tracker) 위성도 페가수스 프로그램에 통합되어 있다.
ICEYE의 합성개구레이더 위성이 일본 나고야의 항구를 스캔하여 생성한 위성 사진(사진:ICEYE)
한국형 BFT는 RT-1720 데이터 통신 무전기, 또는 그 개량형인 EPLRS(Enhanced Position and Location Reporting System)를 단말기로 사용하는 블루 포스(blue force) 제대 식별과 위치 추적 체계와 기능면에서 유사한 체계를 위성(한국형 BFT 위성) 기반으로 구현함으로써 FEBA(Forward Edge of Battle Area)방어를 담당하는 4개 군단(해체되는 6 군단과 8 군단 제외)과 기동군단, 나아가서는 지상작전사령부의 지휘 통제 중추에서 FEBA와 작전 종심 최북단 사이의 공간에서 아군 제대들을 정확하게 식별하고 그 위치를 실시간으로 파악할 수 있게 된다.
ICEYE의 제 1 세대 합성개구레이더 위성이 대한민국 인천 국제공항을 스캔하여 생성한 사진. 해상도 1m급 SAR 위성 스캔으로도 활주로에 주기된 항공기 등의 형상을 디테일하게 식별할 수 있다. ICEYE의 위성 영상 솔루션은 전천후 스캔을 할 수 있는 합성개구레이더 위성을 사용하면서 동시에 서브미터급 분해능까지 확보하고 있다. ICEYE의 2세대 합성개구레이더 위성의 분해능은 0.5m, 반송파 기준 10dB 가량 에너지 격차가 있는 주파수 격차는 0.6GHz이며, 3세대 합성개구레이더 위성은 0.3m 미만의 분해능을 기록한다. 이는 전자광학 위성의 그것보다 좀 더 우수한 분해능이다.(사진:ICEYE)
그리고 장차 KPS가 주로 육군의 미사일전략사령부의 지대지 미사일에 주로 통합(MTCR 규정과 현무 계열 유도탄의 보안 문제 때문에 미사일전략사령부의 지대지 미사일에는 지상작전사령부의 단거리 탄도미사일과 달리 민수용 GPS가 통합되어 국산 항재밍 L 밴드 안테나와 연동되어 있다)될 것이며 육군의 드론봇 체계들에도 장래에 KPS가 통합될 것이라는 점 때문에 KPS 위성들은 합동우주자산으로 기획되어 있음에도 불구하고 페가수스 프로젝트에서는 KPS가 육군의 핵심우주자산에 포함되어 있다.
ICEYE의 합성개구레이더 위성은 X 밴드 레이더를 사용하면서도 전자광학 위성 못지 않은 정밀한분해능(0.3m 미만)과 함께 레이더 위성의 장점인 전천후 감시 정찰 능력을 보유한 시스템이며, 전자적인 빔 조향을 하는 위상배열레이더를 사용함으로써 넓은 구역을 신속하게 스캔하면서 합성개구레이더와 영상 전송 체계를 적대적인 우주 전자전 체계로부터 보호하는 고성능 첨단 시스템이다.이와 같은 고성능 체계를 저렴한 가격으로 계약할 수 있으며, 계약과 동시에 사용을 시작할 수 있는 서비스는 오직 ICEYE에서만 제공할 수 있다.(사진:ICEYE)
이처럼 한국군은 장래에 육군의 작전급 정찰 위성(초소형 전술정찰위성 군집)과 합동우주자산인 전략급 정찰 위성(425 사업 정찰위성 5기, 초소형 합성개구레이더 위성 군집 등)들을 운용하게 된다.
그러나 425 사업 정찰위성 5기가 모두 전력화되는 2025년 이후(2024년 연말에 발사되기 때문에 실질적인 1호 위성 전력화는 2025년부터) 425 사업 정찰위성을 포함한 정찰위성들을 손에 넣기 전에 2022년 시점의 긴급한 정찰위성 수요부터 충족하려면 ICEYE가 제공하는 솔루션을 주목할 필요가 있다. 앞서 거듭 강조한 것처럼 이미 궤도에서 작동하는 고성능 합성개구레이더 위성을 계약과 함께 곧바로 사용할 수 있도록 하기 때문이다
[디펜스투데이]
Tag
#ICEYE
#한국군
#우주군사력
#합성개구레이더위성
#디펜스투데이
저작권자 © 디펜스투데이 무단전재 및 재배포 금지
신선규 기자
다른기사 보기","{""무인체계"": [""UAV""], ""우주/위성"": [""GPS"", ""저궤도"", ""위성항법"", ""ISS""], ""AI/컴퓨팅"": [""AI"", ""LAN"", ""AR"", ""RL"", ""Artificial Intelligence""], ""센서/통신"": [""Radio Frequency"", ""적외선"", ""VHF"", ""IFF"", ""전자전"", ""RF"", ""IR"", ""HF""], ""무기/방어체계"": [""DE"", ""SAM""], ""재료/제조"": [""TEM"", ""AM""], ""작전/전술"": [""ACE""], ""항공기"": [""B-2"", ""Pegasus""], ""해양/기상"": [""TC""], ""센서/통신/레이더"": [""Synthetic Aperture Radar"", ""합성개구레이더"", ""SAR""], ""무기/방어"": [""EMP"", ""ECM""], ""미사일/방공"": [""missile"", ""ballistic""], ""해군장비"": [""submarine"", ""carrier""], ""첨단기술"": [""space"", ""radar""]}",True,ICEYE 합성개구레이더 위성,2018-01,high,"기사는 ICEYE의 합성개구레이더 위성 시스템의 기술 내용과 한국의 우주군사력 강화 계획에 활용될 수 있음을 다루고 있습니다. 특히 ICEYE의 첫 위성이 2018년 1월에 발사된 점을 언급하고 있어, 상용화/전력화 시점이 명확히 제시되어 있습니다."
"싱가포르 에어쇼 24의 대한민국 관련 방산업체들",2024-03,http://www.defensetoday.kr/news/articleView.html?idxno=7168,"IAI
바락ER 지대공 미사일이 전시되어 있다.
Barak ER 미사일은 사거리 150km의 장거리 지대공 미사일이다.
ER은 요격기와 MMR 레이더 기능을 150km 범위로 조정한 버전이다.
바락ER옆에 있는 바락 8 LR-SAM은 4개의 모듈의 수직 발사 체계로 총 32발을 탑재하며, 바락 8은 마하 2의 초음속 유도탄이며, 탄두에는 60kg의 폭풍파편형으로 최대 요격고도는 16km이며, 최대 사거리는 70 ~ 90km이다.바락ER 앞에 있는 '로템-L'은 쿼드콥터 형태로서 무게는 6kg이다.
휴대가 간편하며, 로템-L의 1회 비행시간은 30~45분, 작전거리는 10km다. 1.2kg 중량의 탄두를 실을 수 있고, 목표물 1m 내 정밀 타격이 가능하다.
특수전사령부에서 운용하고 있다.천장 맨앞에 전시된 하롭은 해상용과 지상용 버전이 있는 전투에서 입증된 정찰용 드론이다.
하롭은 테러 위협을 비롯한 다양한 전투 시나리오에서 사용된다. 하롭은 주야간 전자 광학 시커를 사용하여 고정된 표적과 움직이는 표적을 모든 각도에서 매우 정밀하게 스캔, 탐지, 식별하고 공격한다.
하롭 뒤에 전시된 미니 하피(Mini Harpy)는 원격 정찰 장비이자 스탠드 오프 공대지 무기체계로 통합되는 배회 공격 드론이다. 로템-L의 옆에 전시된 포인트 블랭크(직사형)는 지상에 있는 전술 부대에게 특히 단기간 목표물에 대한 공격 작전을 수행할 수 있는 보다 정밀한 능력을 갖는다. (사진:안형진)
사브(Saab)
개인용 로켓화기인 구스타프 무반동포를 전시했다. 밑에는 구스타프 무반동포와 사용하는 탄약들도 같이 전시했다. M4 모델은 보병이 조작하기 쉽도록 중량을 7kg 미만으로 줄이고길이를 약간 감소, 신형 광학장비를 장착한 모델이다. (사진:안형진)
보잉/ 사브 신형지상발사소구경활공탄(GLSDB)을 전시했다.사거리 150㎞짜리 지상발형 장거리 활강폭탄으로 우크라이나에서 실전데뷔했다.(사진:안형진)
글로벌아이는 평시, 위기 및 분쟁 시 전략적 국가 자산으로 세계에서 가장 진보된 AEW&C 솔루션으로 혁신적인 전 영역 기능은 단일 솔루션에서 항공, 해상 및 지상 감시를 동시에 한다. (사진:안형진)
보잉
F-15EX에 대해서 설명 하는 보잉관계자(사진:안형진)
F-15EX 시뮬레이터. 복좌형태다.(사진:안형진)
조종석의 디스플레이는 일체형 대형디스플레이로 전후방 전부 구성되어 있다.(사진:안형진)
F-15K+도 이것과 같은 형태로 구성 될것이다.미공군은 F-15EX를 단좌로 운용하기 위한 계획도 되어 있다.(사진:안형진)
후방석도 정보를 한눈에 바로 파악할 수 있어서 탐지와 공격에 대한 빠른 판단이 가능하다.(사진:안형진)
엘빗
공중에 전시된 스카이스트라이커 무인기는 스카이스트라이커는 동체 내부에 5 또는 10Kg 탄두를 장착하여 고정밀 성능을 발휘할 수 있는 완전 자율 배회폭탄(LM)으로 운용자가 지정한 표적을 찾아 획득하고 타격할 수 있다.(사진:안형진)
헤르메스 900 UAS에는 다양한 고성능 센서가 장착되어 있어 넓은 스펙트럼 범위에서 지상 또는 해상 표적을 감지할 수 있다.(사진:안형진)
헤르메스 650은 200미터(656피트) 미만의 활주로에서 이륙할 수 있다.(사진:안형진)
헤르메스 650은 450과 900 기종 사이에 위치하며, 2개의 페이로드 베이에 260kg의 유용한 페이로드를 탑재할 수 있고 위성 통신 기능을 통해 300km 가시거리 내에서 비행할 수 있다.(사진:안형진)
KAI(한국항공우주산업)
KF-21과 AI를 탑재한 무인공격기로 구성된 유무인복합 체계를 전시했다.(사진:안형진)
육군이 운용하는 KUH-1 수리온에 무인정찰공격드론으로 구성된 MUM-T 시스템을 전시히고 있다.(사진:안형진)
KAI는 AI기반 차세대 공격 시스템을 공개했다. KF-21과 FA-50는 AI를 탑재한 차세대 전투시스템을 탑재한 무인공격드론과 협업을 해서 전투를 한다. (사진:안형진)
라파엘
DRONE DOME은 효과적인 무인 항공기 비행 금지 구역을 시행한다는 목표로 완전하고 포괄적인 솔루션으로 모듈식 시스템으로 고객의 요청에 따라 맞춤화된 것은 물론 정지형 또는 모바일 구성으로 사용할 수 있다.(사진:안형진)
스카이 스팅(Sky Sting)은 첨단 6세대 공대공 미사일로 단거리부터 장거리까지 사용이 가능하다. 특별한 운동학적 능력을 가지고 있습니다.공대공 미사일과 대공 방어 시스템의 요격미사일로 모두 사용될 수 있다.SPICE 250 ER™은 통합 터보제트 엔진을 추가하면 공대지미사일의 사거리가 최소 150km가 된다.Ice Breaker는 최대 300km의 거리에서 육상 및 해상의 고가치 목표물을 공격하는 단거리 전술미사일 체계다. 효과적인 탄두, 정확한 조준점 및 일제 사격 능력은 가장 잘 방어된 목표물이라도 관통할 수 있다.라이트닝 포드는 실시간 전방 적외선(FLIR) 및 TV HD 컬러 카메라 이미지를 제약없이 24시간 전송한다. 고해상도 센서와 효과적인 EO 설계로 스탠드오프 범위에서도 안정적인 작동을 한다. (사진:안형진)
제네럴 아토믹스
제네럴 아토믹스에서 제작한 대형 중고도, 장기 체공 다중 임무 무인기인 MQ-9B 시가디언을 전시했다.대잠 수색 장비나 해상 수색 레이더 대신 통신 중계나 정보 수집을 위한 전용 장비를 탑재할 수도 있으며, 적군의 탐지 또는 통신 능력을 침묵시키기 위해 특별히 제작된 전자전 시스템을 갖추고 비행할 수도 있다.(사진:안형진)
엠브라에르
엠브라에르는 태극기가 마킹된 C-390 밀레니엄 제트수송기를 브리핑 자료 표지로 보여주며 부스를 방문한 기자들에게 설명하고 있다.(사진:안형진)
엠브라에르는 C-390 밀레니엄 제트수송기를 아시아에서 한국공군이 첫 도입을 홍보하고 있었다. C-390 밀레니엄 제트수송기 운용국들을 차례로 소개하고 있다. 브라질 공군을 시작으로 포르투갈,헝가리,네덜란드,오스트리아,체코에 이어서 대한민국을 소개하고 있다. (사진:안형진))
디힐 디펜스
IRIS-T 단거리 공대공 미사일의 이미지에 KF-21과 FA-50 이미지가 같이 올라와 있다. 사거리는 20Km이며, LIG넥스원이 라이센스 생산 예정이다. (사진:안형진)
[디펜스투데이]
Tag
#싱가포로에어쇼24
#IAI
#사브
#라파엘
#보잉
#엘빗
#KAI
#엠브라에르
#디힐
#디펜스투데이
저작권자 © 디펜스투데이 무단전재 및 재배포 금지
안형진 기자
다른기사 보기","{""무인체계"": [""UAS"", ""MQ""], ""AI/컴퓨팅"": [""AI"", ""AR""], ""센서/통신"": [""적외선"", ""FLIR"", ""EW"", ""전자전"", ""IR""], ""무기/방어체계"": [""SDB"", ""SAM""], ""재료/제조"": [""AM""], ""항공기"": [""무인공격기"", ""MQ-9"", ""F-15""], ""항공기/전투기"": [""KF-21"", ""FA-50""], ""드론/무인체계"": [""drone""], ""방산기업"": [""Saab"", ""KAI""]}",True,"Barak ER 미사일, Barak 8 LR-SAM, 로템-L, 하롭, 미니 하피, 포인트 블랭크, 구스타프 무반동포, GLSDB, AEW&C, F-15EX, F-15K+, 스카이스트라이커, 헤르메스 900 UAS",2024-03,relevant,"기사에는 다양한 방산 제품들이 소개되고 있으며, 이들의 상용화 및 전력화 시점에 대한 정보가 제공되고 있습니다. 따라서 이 기사는 군사 기술의 상용화/전력화/배치와 관련된 정보를 제공하고 있습니다."
"KAI, AAV와 FA-50단좌형 개발에 908.6억원 투자 결정",2024-03,http://www.defensetoday.kr/news/articleView.html?idxno=7084,"KAI(한국항공우주산업(주))가 3월 7일 열린 이사회에서 AAV(미래비행체)와 FA-50 단좌형 개발에
총 908.6억원 투자를 결정하고 미래사업 추진에 박차를 가한다.
KAI AAV(미래비행체) 이미지(사진:KAI)
AAV 개발 1단계 사업에 553억원을 투입한다.
KAI는 이번 투자를 시작으로 AAV개발을 핵심기술 단계에서 체계개발로 전환하고 AAV 상용화에 나선다.
2028년까지 총 1,500억원 규모로 예상되는 AAV 체계개발 중 1단계(‘24년~‘25년)에 투입되는 비용으로
독자 모델 형상을 기반으로 기본설계와 상세설계가 진행되며, 분산전기추진, 비행제어, 비행체 통합설계 등
핵심기술 실증을 추진한다.
KAI는 단좌형 개발에 돌입하면서 350억여원을 투자해 개량할 예정이다.(사진:디펜스투데이)
향후, 2단계(‘26년~‘28년) 사업에서 비행체 제작과 시험비행을 완료하고 2031년까지 국내와 美 FAA 인증 획득을 통해 국내외 시장진출을 한다.
KAI는 자체 개발 AAV 기술 실증기를 바탕으로, 향후 우주항공청 과제와 연계하여 한국형 표준 AAV 플랫폼 개발을 추진하고 민군 겸용 AAV 개발까지 사업화한다는 계획이다.
2050년까지 국내외 누적 판매량 23,000대를 목표하고 있다. 
  
FA-50 단좌형 개발에도 355.6억원을 투입한다.
전 세계 다목적전투기 시장 수요에 선제적으로 대응하고 포트폴리오를 확대하여 신규시장을 창출한다는 계획이다. 
다목적전투기인 FA-50의 경우 명실상부 K-방산 수출의 핵심으로 지금까지 전 세계 138대가 수출됐으며,
기존 운용국들을 중심으로 단좌형에 대한 수요가 꾸준히 확인되고 있다.
FA-50 단좌형은 공대공/공대지 작전임무반경 확대 등 다목적 임무수행능력이 더욱 강화되고 다양한 옵션 제시를
통해 고객의 요구를 충족시키는 것이 가능해 사업기회가 다변화 된다.
KAI는 해외 수출과 국내 사업화 등 총 450여 대로 예상되는 단좌형 시장에서 50%이상의 시장점유율을 달성하여
최대 300대 이상의 시장 창출이 가능할 것으로 전망한다.
강구영 사장은 “지난해 최대 매출 달성 등 주력사업에서 성과를 내고 미래사업을 위한 내실을 다졌다.”며 “뉴에어로스페이스 시대를 대비해 4차산업혁명기술 기반의 미래사업에 투자를 확대하고 미래 항공우주시장을 선점해 나가겠다.”고 밝혔다. 
KAI는 2월에 열린 이사회에서 미래 핵심사업인 차세대 공중 전투체계의 핵심 기술개발을 위해 총 1,025억원 규모의 투자를 결정하고 유무인 복합체계 개발에 착수했다. 
이번 이사회에서는 만기 도래 회사채 상환과 안정적 유동성 확보를 위해 4,000억원 규모의 회사채 발행도 승인했다.
[디펜스투데이]
Tag
#KAI
#FA-50 단좌형
#디펜스투데이
저작권자 © 디펜스투데이 무단전재 및 재배포 금지
이승준 기자
다른기사 보기","{""AI/컴퓨팅"": [""AI""], ""항공기"": [""전투기""], ""항공기/전투기"": [""FA-50""], ""방산기업"": [""KAI""]}",True,"AAV(미래비행체), FA-50 단좌형",2031-00,relevant,"이 기사는 KAI가 AAV와 FA-50 단좌형 개발에 투자하는 내용을 다루고 있습니다. AAV는 2031년까지 국내외 인증을 받아 시장에 진출할 계획이며, FA-50 단좌형도 향후 450여 대의 시장이 예상되고 있습니다. 따라서 이 기술들은 상용화/전력화 단계에 있다고 볼 수 있습니다."
"일본 방위성, SPY-7 이지스 시스템 탑재 구축함 건조 시작",2024-03,http://www.defensetoday.kr/news/articleView.html?idxno=7066,"일본 정부는 2024년 방위예산으로  7조 9496억 엔을 책정했다.
2023년 8월 말에 사전 계산했던 7조 7385억 엔보다 2111억 엔 늘어난 액수로 10년 연속 예산을 증액한 것이다.
AN/SPY-7 이지스 시스템을 탑재한 마야급 개량형 2척이 건조에 들어간다.(사진:록히드마틴)
2척을 건조할 이지스 시스템 탑재함은 마야급 개량형으로  방위성은 건조비 등을 포함한 취득경비로 3731억 엔을 계상했고 여기에 각종 시험 준비와 운용지원 설비 등의 관련 경비로 815억 엔을 계상하면서 이지스 시스템 탑재함 1척을 마련하기 위한 총 비용은 4546억 엔이다.
방위성이 구상 중인 이지스 시스템 탑재함의 크기는 전장 190m, 폭 25m, 기준배수량 1만 2000톤으로 해상자위대가 보유한 마야급 이지스함(전장 170m, 폭 21m, 기준배수량 8200톤)에서 한 단계 거대해졌다.
심지어 미 해군의 최신 이지스함인 알레이 버크급 Flight III와 비교해서 1.7배의 크기다.
방위성은 이지스탑재함의 핵심 무장으로 12식 지대함 유도탄 능력향상형, 토마호크 순항미사일, 요격미사일 SM-3 Block 2A와 SM-6를 탑재한다. 
SM-3Block2A는 미야가 2021년 미국 미사일방어청과 합동으로 고고도 요격능력을 증명했다.
한 척당 건조비가 최신 이지스함인 마야급의 2.4배에 달할 정도로 비싸져 버렸지만 30년가량 운용한 후 폐기하는데 드는 라이프 싸이클 코스트(LCC) 역시 마야급의 2,540억 엔을 넘을 것이라고 예상된다.
육상용 기반의 SPY-7 레이더를 함정에 탑재하여 운용하는 사례로 추가 개발유지비가 추가 되지만, 고고도 요격 및 함대지 공격플랫폼으로 건조된다.
스페인의 F-100 호위함에도 AN/APY-7 이 탑재된다.(사진:록히드마틴)
미 해군이 최신 이지스함에 레이시온의 SPY-6를 채용하는 것과 달리 SPY-7는 록히드 마틴 제품으로 마야급 개량으로 명명되어 2척이 각각 2027년과 2028년에 취역한다.
2023년 11월 기자회견에서 키하라 미노루(木原 稔) 방위상과 스즈키 슌이치(鈴木 俊一) 재무상은 공고급 구축함의 후속함에 탑재할 레이더를 백지에서 재검토할 것을 주문하기도 했다.
공고급 후속함 4척은 이지스탑재함 2척 건조가 마무리 되는대로 AN/SPY-6로 갈 준비를 자민당에서 요구하고 있다.
공고급 구축함은 미 해군의 알레이 버크급 구축함을 베이스로 해상자위대가 1993년부터 도입한 이지스함으로 총 4척을 운용 중에 있고 레이더는 록히드 마틴의  AN/SPY-1를 탑재하고 있다.
공고급 후속함의 레이더를 백지에서 재검토하라는 의미는 미 해군과의 상호운용성과 운용비용 등을 고려하여 록히드 마틴이 아닌 레이시온도 검토대상에 포함하라는 의미인데 해상자위대의 차기 구축함에 SPY-6를 탑재한다면 AN/SPY-7를 탑재한 이지스 시스템 탑재함의 레이더용 소자는 일본기업인 후지쓰사의 소자를 써서 유지보수가 용이하다.  
AN/SPY-7은 일본,스페인.캐나다 등 사용하므로 운용에 문제가 발생하지는 않는디.
[디펜스투데이]
Tag
#이지스시스템
#마야급개량
#AN/SPY-7
#JMSDF
#해상자위대
#방위성
#디펜스투데이
저작권자 © 디펜스투데이 무단전재 및 재배포 금지
이승준 기자
다른기사 보기","{""미사일/방공"": [""SM-3""], ""지상장비"": [""K2""]}",True,AN/SPY-7 이지스 시스템,2027-2028,high,"군사 기술의 전력화를 다루고 있으며, AN/SPY-7 이지스 시스템을 탑재한 2척의 마야급 개량함이 2027년과 2028년에 취역할 것으로 명시되어 있음."
"아이스아이, 25cm 초고해상도 첨단 레이다 위성 발사",2024-03,http://www.defensetoday.kr/news/articleView.html?idxno=7070,"지속적인 관측 서비스와 자연재해 솔루션 분야의 글로벌 리더인 아이스아이(ICEYE)는 2024년 3월 4일(미국서부시간), 업계 최고해상도인 25cm 영상 촬영이 가능한 1,200MHz 레이다 대역폭의 기술 실증기를 포함해 3기의 SAR(Synthetic Aperture Radar, 합성개구레이다) 위성을 추가로 발사하는데 성공했다.
아이스아이, 스페이스X 트랜스포터-10 발사(사진:스페이스X)
이 위성들은 이날 미국 캘리포니아 반덴버그 우주군 기지(Vandenberg Space Force Base)에서 스페이스X(SpaceX)의 라이드쉐어 트랜스포터-10(Transporter-10)에 탑재되어 발사되었으며 위성분리 통합업체인 엑소런치(Exolaunch)에 의해 궤도에 안착하였다. 위성들과의 통신이 성공적으로 이루어졌으며, 정상적인 초기 운영과정을 수행하고 있다.
임무 수행을 위해 발사된 3기의 SAR 위성 중 2기는 아이스아이의 미국 자회사에서 제조되었으며, 1기는 아이스아이 핀란드에서 제조한 궤도내 기술 실증기이다. 아이스아이의 독보적인 X-대역 안테나가 업그레이드되어 장착된 이 실증기 모델은 1,200MHz 레이다 대역폭을 통해 최대 25cm의 고해상 영상을 촬영할 수 있다. 아이스아이는 먼저 엔지니어링 테스트를 수행한 다음, 바로 상용서비스에 투입될 예정이다.
아이스아이의 공동창립자이자 CEO인 라팔 모드르제브스키(Rafal Modrzewski)는 “아이스아이는 더욱 늘어난 위성군을 통해 지구상의 모든 곳에서 일어나는 변화에 보다 신속하고, 정확하게 대응할 수 있는 객관적이고, 신뢰할 수 있는 정보를 제공하고 있다.”며, “1,200MHz 대역폭의 기술 실증기 발사로 25cm 해상도의 SAR 영상 촬영이 가능해짐에 따라, 세밀한 원격 감지를 통한 최고수준의 선명도 제공으로 고객에게 최우선 순위의 의사결정 능력을 제공하고 있다.”고 밝혔다.
미국 애리조나 투손의 데이비스-몬탄 공군기지 위성사진(사진:ICEYE)
이번에 발사된 위성에는 영상 품질을 크게 개선하는 것은 물론, 더 빠른 다운링크 속도로 보다 민첩한 영상 수집을 지원하고, 아이스아이의 글로벌 지상국 네트워크와의 통합을 개선할 수 있는 첨단 레이다가 포함되어 있다.
아이스아이의 미국 자회사 CEO인 에릭 젠슨(Eric Jensen)은 “아이스아이 파트너들은 시간에 민감한 긴급한 요구사항을 해결하기 위해 변화에 대한 지속적이면서도 신뢰할 수 있는 감지를 필요로 한다.”며, “미국에서 제작한 위성 2기를 아이스아이 위성군에 추가하여 국방, 정보, 민간 및 상업 분야의 고객들에게 전략적 통찰력을 제공할 수 있는 역량을 강화하게 되어 기쁘게 생각한다.”고 말했다.
아이스아이는 2018년부터 현재까지 34기의 위성을 성공적으로 발사했으며, 주간이나 야간은 물론, 어떠한 환경 조건에서도 지구 표면의 모든 위치를 촬영할 수 있는 세계 최대 규모의 SAR 군집위성을 운용하고 있다. SAR 데이터는 아이스아이의 정부 및 상업 고객들에게 실시간에 가까운 정확한 통찰력을 제공한다.
아이스아이는 올해 안에 최대 15기의 위성을 발사할 계획이다.
[디펜스투데이]
Tag
#아이스아이
#ICEYE
#25cm 초고해상도 첨단 레이다 위성
#디펜스투데이
저작권자 © 디펜스투데이 무단전재 및 재배포 금지
이승준 기자
다른기사 보기","{""AI/컴퓨팅"": [""AR""], ""센서/통신"": [""EW""], ""무기/방어체계"": [""DE""], ""작전/전술"": [""ACE""], ""센서/통신/레이더"": [""Synthetic Aperture Radar"", ""SAR""], ""첨단기술"": [""space"", ""radar""]}",True,25cm 초고해상도 첨단 레이다 위성,2024-03,high,"이 기사는 아이스아이 기업이 25cm 해상도의 SAR 위성을 발사했다고 보도하고 있습니다. 위성 발사 및 상용서비스 개시 시점이 명확하게 제시되어 있으며, 주요 기술 사양도 상세히 다루고 있어 군사 기술의 상용화/전력화에 관한 내용으로 판단됩니다."
"HD현대, ‘해상 원자력 에너지 협의기구’ 공동 설립",2024-03,http://www.defensetoday.kr/news/articleView.html?idxno=7069,"HD현대가 세계 해상 원자력 분야 첫 국제 민간기구 설립을 주도하며 이 분야 ‘퍼스트무버’로 나선다.
HD현대 조선 중간 지주사 HD한국조선해양은 ‘해상 원자력 에너지 협의기구(NEMO, Nuclear Energy Maritime Organization)’를 글로벌 원자력 선도 기관들과 공동 설립했다고 6일(수) 밝혔다.
영국 런던에 사무국을 둔 NEMO는 향후 국제해사기구(IMO), 국제원자력기구(IAEA)와 함께 해상 환경에서의 원자력 배치, 운영 및 해체에 이르기까지 글로벌 표준과 규정을 수립하고 해상 원자력 상용화를 추진해 나갈 예정이다.
HD현대의 CI와 NEMO(Nuclear Energy Maritime Organization)
NEMO에는 HD현대를 비롯해 빌 게이츠가 설립한 미국의 대표적인 소형 모듈 원자로(SMR) 기업인 테라파워(Terrapower), 원자력 발전소 분야 세계 최고 기술력을 보유한 웨스팅하우스(Westinghouse EC), 영국의 로이드선급(Lloyd Resister), 용융염원자로 분야 혁신기업 덴마크의 시보그(Seaborg) 등 7개국 총 11개의 원자력 분야 선도 기업들이 참여한다.
HD현대는 지난 2022년에는 테라파워에 3천만 달러를 투자하며 차세대 에너지 기술 분야에 본격 진출했으며, 지난 2월부터 글로벌 원자력 선도기업들과 함께 SMR 공동연구를 해 나가고 있다.
NEMO의 초대 의장을 맡게 된 맘도우 엘-샤나와니(Mamdouh el-Shanawany) 전 IAEA 안전 부문 책임자는 “NEMO 출범이 해상 원자력 시대를 앞당길 수 있는 초석이 될 수 있다는 점에서 매우 기대가 크다”며, “우리의 비전과 가치를 공유하고자 하는 글로벌 기관들의 참여를 확대해 나갈 것”이라고 말했다.
NEMO의 운영위원으로 활동 예정인 HD한국조선해양 그린에너지연구랩 박상민 부문장은 “해상 환경에 적용하기에 우수한 차세대 SMR의 상용화를 위해서는 글로벌 표준 수립이 필수적”이라며, “이번 NEMO의 주도적 설립을 통해 조선 및 원자력 분야 세계 시장을 주도해 나갈 것”이라고 밝혔다.
[디펜스투데이]
Tag
#HD현대
#NEMO
#해상 원자력 에너지 협의기구
#디펜스투데이
저작권자 © 디펜스투데이 무단전재 및 재배포 금지
안형진 기자
다른기사 보기","{""AI/컴퓨팅"": [""WAN"", ""AR"", ""GAN""], ""재료/제조"": [""AM""], ""작전/전술"": [""MDO""], ""첨단기술"": [""nuclear""]}",True,해상 원자력 에너지,2024-03,relevant,"이 뉴스는 HD현대가 주도하여 '해상 원자력 에너지 협의기구(NEMO)'를 설립했다는 내용입니다. 이를 통해 해상 환경에서의 원자력 배치, 운영 및 해체 등에 대한 글로벌 표준과 규정을 수립하고 해상 원자력 상용화를 추진할 계획입니다. 따라서 이는 군사 기술의 상용화와 관련된 뉴스로 판단됩니다."
"뱀파이어 시스템, 우크라이나의 대UAS 대응 지원",2024-03,http://www.defensetoday.kr/news/articleView.html?idxno=6736,"L3해리스는 차량 종류에 상관없는 모듈 탑재식 팔레트형 ISR 로켓 장비(VAMPIRE) 시스템을 우크라이나에 지원할 예정이다.
L3해리스의 대UAS용 뱀파이어 시스템(사진:L3해리스)
우크라이나 지상군은 뱀파이어 시스템으로 적 드론을 표적으로 삼아 파괴하고 적의 지상 위협을 방어할 수 있다.
L3해리스는 적의 공격으로부터 우크라이나 민간 인프라를 보호하기 위해 첨단 정찰 및 정밀 타격 기능을 제공하도록 시스템을 설계했다.
L3해리스는 우크라이나를 위해 모든 시스템의 설치와 납품을 적시에 완료하여 미국방부에 납품했다.
뱀파이어의 임무 관리 시스템은 무기 스테이션에 첨단 웨스캠 MX-10 RSTA 표적 센서를 통합하여 운용자가 신속하고 정확하게 표적을 교전할 수 있도록 한다.
이 시스템은 우크라이나에서 사용하기 위해 특별히 선정된 고급 정밀 살상용 로켓으로 정확성과 경제성을 결합한 것으로, 지상 및 공중 표적을 교전할 때 시스템 치사율을 높이기 위해 L3해리스의 근접 신관을 통합한다.
[디펜스투데이]
Tag
#L3Harris
#VAMPIRE’s mission management system
#뱀파이어시스템
#디펜스투데이
저작권자 © 디펜스투데이 무단전재 및 재배포 금지
안형진 기자
다른기사 보기","{""무인체계"": [""UAS""], ""우주/위성"": [""ISS""], ""AI/컴퓨팅"": [""AR""], ""센서/통신"": [""ISR"", ""IR""], ""재료/제조"": [""TEM"", ""AM""]}",True,VAMPIRE 시스템,2024-03,high,"이 기사는 L3해리스가 우크라이나에 VAMPIRE 시스템을 지원하는 것에 대해 다루고 있습니다. VAMPIRE 시스템은 차량에 탑재할 수 있는 모듈형 ISR 로켓 장비로, 우크라이나 지상군이 적 드론을 타격하고 지상 위협을 방어하는 데 사용될 예정입니다. 기사에는 시스템의 주요 기능과 납품 완료 등 상용화 및 전력화 관련 정보가 구체적으로 나와 있습니다."
"싱가포르 에어쇼 2024, 보잉 777X, F-15EX 시뮬레이터로 최신 민간, 방산 제품 공개",2024-02,http://www.defensetoday.kr/news/articleView.html?idxno=7013,"보잉은 2월 20~25일 싱가포르 에어쇼 2024에서 상용 제품, 방산제품 및 글로벌서비스를 강조한다. 
보잉 경영진은 2050년까지 순배출 제로라는 상업용 항공의 목표를 어떻게 지원하고 있는지 논의한다.
보잉은 F-15EX 시뮬레이터를 통해서 조종석을 공개하고 있다.(사진:U.S.Air Force)
브렌단 넬슨 보잉 글로벌 사장은 ""빠르게 성장하는 동남아시아의 경제가 미래를 위한 새로운 항공우주 제품과 서비스에 지속적으로 투자하는 모습을 보여주는 싱가포르 에어쇼에 다시 한 번 참가하게 되어 자랑스럽다.""라고 말했다.
""보잉은 이 지역의 상업 및 정부 고객에게 필요한 역량을 제공하는 동시에 지역 내 입지를 지속적으로 확대하고 파트너와 공급업체를 위한 새로운 기회를 열어가고 있다.""라고 밝혔다.
보잉은 에어쇼 기간 동안 777X 내부와 F-15EX 시뮬레이터로 조종석을 공개한다.
넓고 유연한 아키텍처를 강조하는 777X 기내 경험을 몰입감 있게 전시할 예정으로, 777의 후속 기종으로 동체를 연장하고 GE9X 엔진과 새로운 날개를 장착해 현재 개발 중인 모델로 보잉 777 모델 중 가장 크며 2024년에 개발이 완료된다.
F-15E 스트라이크 이글 계열 최신 기체인 F-15EX를 시뮬레이터를 통해 차세대 다목적 전투기의 최첨단 디자인과 조종석을 체험할 수 있다.
보잉은 777계열의 차세대 여객기인 777X의 내부를 싱가포르 에어쇼에서 공개하고 있다.(사진:Boeing)
  보잉 디펜스의 F-15, P-8A 포세이돈, AH-64E 아파치, CH-47F 치누크, C-17 글로브마스터 III 등을 전시하고 있다.
비행 전시에는 B-52H가 참여한다.
보잉 글로벌 서비스로 디지털, 유지보수, 개조, 부품 및 교육 솔루션 등 정부 및 상업 고객을 위한 서비스를 선보이고 있다.
첨단 항공 모빌리티로는 자회사인 위스크가 세계 최초의 완전 전기 자율 주행 4인승 에어택시인 전기 수직 이착륙(eVTOL) 솔루션에 대해 발표했다.
보잉은 2050년까지 다양한 전략으로 배출량을 줄이고 항공 산업이 탈탄소화를 실현할 수 있는 방법에 대한 실행 가능한 통찰력을 제공하는 데이터 모델링 도구인 캐스케이드 기후 영향 모델을 시연하고 있다.
또한 지역 협력과 정책 옹호를 통해 전 세계적으로 지속 가능한 항공 연료 생산을 촉진하기 위한 노력에 대해서도 논의한다.
보잉은 싱가포르 에어쇼의 에어로캠퍼스에 참가하여 차세대 항공우주 엔지니어와 리더들의 참여를 유도하고, 항공우주 혁신을 위한 지속적인 노력의 일환으로 투자한 4개 회사를 소개하고 있다.
[디펜스투데이]
Tag
#F-15EX
#777X
#싱가포르에어쇼2024
#Boeing
#보잉
#디펜스투데이
저작권자 © 디펜스투데이 무단전재 및 재배포 금지
이승준 기자
다른기사 보기","{""무인체계"": [""VTOL""], ""AI/컴퓨팅"": [""AI""], ""센서/통신"": [""IR""], ""항공기"": [""전투기"", ""B-52"", ""C-17"", ""F-15""], ""항공기/차량"": [""AH-64""], ""함정/항공기"": [""P-8""], ""방산기업"": [""Boeing""]}",True,"['F-15EX', '777X']",['2024-02'],high,이 기사는 싱가포르 에어쇼 2024에서 보잉이 공개할 방산 및 상용 제품을 다루고 있습니다. 특히 F-15EX 전투기 및 777X 여객기의 개발 현황과 전시 계획을 구체적으로 언급하고 있어 상용화/전력화와 관련된 정보를 제공하고 있습니다.
"HD현대중공업, ‘힘센엔진’ 15,000대 생산 신기록",2024-01,http://www.defensetoday.kr/news/articleView.html?idxno=6920,"HD현대중공업이 국내 최초 독자 기술로 개발한 ‘힘센엔진(HiMSEN)’의 누계 생산 1만5천대를 달성하며, ‘글로벌 NO.1 엔진 메이커’로서의 위상을 확고히 하고 있다.
HD현대중공업이 1월 29일(월) 국내 최초로 독자 개발한 ‘힘센엔진(HiMSEN)’의 누계 생산 1만5천대 달성 기념 행사를 가졌다(사진:HD현대중공업)
HD현대중공업은 1월 29일(월) 한주석 엔진기계사업대표와 HD현대마린솔루션 이기동 사장, 선주 감독관, 해외 조선소 및 선급 관계자 등이 함께한 가운데, ‘힘센엔진 생산누계 1만5천대 달성 기념 행사’를 가졌다.
이날 한주석 엔진기계사업대표는 “HD현대중공업의 끊임없는 연구개발과 기술 혁신의 성과물인 ‘힘센엔진’은 국내뿐만 아니라 전 세계에서 높은 평가를 받고 있다”며, “앞으로도 친환경 엔진 개발, 제품 품질 향상을 위해 최선을 다할 것”이라고 전했다.
이날 HD현대중공업은 4천320㎾급 힘센엔진(모델명: 9H35DF)을 생산하며, 힘센엔진 누계 생산 1만5천대를 기록했다. 이 엔진은 중국 장수성 양쯔장조선에서 건조 중인 스위스 MSC사의 1만6천TEU급 컨테이너선에 탑재될 예정이다.
‘힘센엔진’은 HD현대중공업이 지난 2000년 8월, 10년여 간의 연구 끝에 독자 기술로 개발한 4행정(4-Stroke) 중형엔진이다. 지난 2001년 첫 생산한 4대를 시작으로 매년 생산량이 크게 늘어 생산 10년 만인 2011년 2월 생산 누계 5천대를 기록했고, 이후 5년 뒤인 2016년 3월 생산 누계 1만대를 달성했다. 올해도 1천여대를 생산할 계획인 가운데, 수주 잔량만 해도 2천700여대에 이른다.
HD현대중공업이 1만5천번째로 생산한 힘센엔진(HiMSEN) (사진:HD중공업)
힘센엔진 개발 전까지 국내 엔진회사들은 모두 해외업체의 라이선스를 받아 제품을 생산했지만, HD현대중공업은 지난 2011년부터 중형엔진 분야에 자사 엔진을 100% 생산·적용하고 있다. 현재 엔진시장의 높은 진입장벽을 뚫고 전 세계 60여개국에 수출하며, 선박용 중속엔진 시장 점유율 35%로 세계 1위를 기록하고 있다.
HD현대중공업은 지난 2015년 ‘힘센엔진 상태 원격 모니터링시스템’ 상용화를 비롯해 2019년 중형엔진으로는 세계 최대 출력을 자랑하는 3만6천마력(26.4MW)급 이중연료(DF) 엔진을 개발하는 등 끊임없이 기술력을 강화하고 있다.
특히 최근에는 강화되는 환경 규제에 대응해 메탄올, 암모니아 등 친환경 연료 엔진 개발에도 힘을 쏟고 있다. HD현대중공업은 지난해 2분기 고성능 신형 힘센엔진인 H32모델(3~4.5MW급) 메탄올 엔진의 개발을 마쳤고, 올해 H22모델(1.4~2.2MW급) 암모니아 엔진도 개발 중이다.
이러한 친환경 힘센엔진 개발은 엔진 유지보수 시장 확대로도 이어지고 있다. HD현대는 그룹사간 협력 체계 구축을 통해 엔진 애프터마켓 사업 선점에 나서고 있다.
특히 HD현대마린솔루션은 힘센엔진 뿐만 아니라 HD현대중공업이 생산한 엔진을 장착한 모든 선박을 대상으로 애프터마켓 원스톱 솔루션을 제공한다. 제품 유지 보수 및 업그레이드 등 애프터서비스 강화를 통해 HD현대중공업의 엔진 판매 확대에 기여하는 선순환 구조를 형성하고 있다.
이외에도 HD현대중공업은 세계 시장에서 인정받는 힘센엔진의 기술력을 바탕으로 ‘라이선싱 사업’을 추진하며, 선박용 엔진시장의 해외거점을 확보하고 있다.
HD한국조선해양은 사우디아람코개발회사(SADCO)·사우디 산업투자공사 두수르(Dussur)와 공동 투자해 설립한 합작사인 ‘마킨(MAKEEN)’ 엔진공장을 지난해 6월 착공했다.
마킨 엔진공장은 사우디 동부 주베일(Jubail) 인근 라스 알 헤어 지역의 킹살만 조선산업단지(King Salman Maritime Complex) 내에 15만 제곱미터(약 4만5천평) 규모로 설립됐다.
오는 2025년 4분기부터 본격적인 엔진 생산에 착수할 예정으로, 연간 최대 생산 능력은 선박용 대형엔진 30대, 중형엔진 235대, 선박용 펌프 160대 등이다.
[디펜스투데이]
Tag
#HD현대중공업
#힘센엔진
#디펜스투데이
저작권자 © 디펜스투데이 무단전재 및 재배포 금지
장훈 기자
다른기사 보기","{""AI/컴퓨팅"": [""AI"", ""AR""], ""함정/항공기"": [""USS""], ""전파망원경/천문"": [""ALMA""]}",True,힘센엔진(HiMSEN),2001-01,high,"이 기사는 국내 최초 개발된 중형 엔진인 '힘센엔진'의 생산량 1만 5천대 달성을 다루고 있습니다. 엔진 생산이 시작된 2001년부터 성과를 보이고 있으며, 엔진 성능 향상과 친환경 연료 엔진 개발 등 지속적인 기술 혁신을 하고 있습니다. 따라서 이 기사는 군사 기술의 상용화 및 기술 개발 현황을 다루고 있다고 볼 수 있습니다."
"공군, 2023년 공군을 빛낸 인물·단체 시상식",2024-01,http://www.defensetoday.kr/news/articleView.html?idxno=6926,"공군은 1월 29일(월), 공군본부 대회의실에서 이영수 공군참모총장 주관으로 2023년 공군을 빛낸 인물·단체 시상식을 거행했다. 
공군은 1월 29일(월), 공군본부 대회의실에서 이영수 공군참모총장 주관으로「2023년 공군을 빛낸 인물·단체 시상식」을 거행했다. 사진은 수상자들과 함께 기념촬영하고 있는 이영수 총장(사진:공군)
공군은 전투력 발전, 조직운영 발전, 신지식·정보화, 희생·봉사, 체육·문화, 협력, 특별 등 7개 부문에서 개인 3명과 단체 4개팀을 선정해 상패와 상금을 수여했다. 각 부문 수상자와 수상 내용은 다음과 같다.
전투력 부문에서 공군을 빛낸 단체로 선발된 공군작전사령부 항공우주작전본부를 대표해 수상한 항작본부 김도형 작전계획처장(대령)과 기념촬영하고 있는 이영수 총장.(사진:공군)
전투력 발전 부문에서는 굳건한 영공방위 대비태세 유지에 기여한 공군작전사령부 항공우주작전본부가 수상의 영예를 안았다.
  조직운영 발전 부문에서 공군을 빛낸 단체로 선발된 군수사령부 항공자원관리단 무인항공기체계과를 대표해 수상한 정승우 무인항공기체계과장(중령)과 기념촬영하고 있는 이영수 총장(사진:공군)
항공우주작전본부는 적의 도발의지를 억제하고, 美 공군과 확고한 연합방위태세를 유지하기 위해 한미연합연습, 美 전략자산 전개 하 연합공중훈련, 연합편대군종합훈련(KFT:Korea Flying Training), 비질런트 디펜스(Vigilant Defense), 쌍매훈련 등 다양한 연합 연습과 훈련을 실전적으로 실시했다. 
신지식, 정보화 부문에서 공군을 빛낸 인물로 선발된 공군 지능정보체계관리단 김현철 중령 (사진:공군)
아울러, 주변국 군용기의 KADIZ(한국방공식별구역) 진입 시 조건반사적 전술조치를 통해 빈틈없는 대비태세를 유지했을뿐 아니라, 2023 통합화력격멸훈련,건군 75주년 국군의 날,서울 ADEX 2023등 주요 국가급 행사도 성공적으로 지원하며 대내·외에 공군의 위상을 알리는데 크게 기여하였다.
희생, 봉사 부문에서 공군을 빛낸 단체로 선발된 제15특수임무비행단을 대표해 수상한 이종호 작전지원전대장(대령)과 기념촬영하고 잇는 이영수 총장.(사진:공군)
항공우주작전본부장 강근신 준장(진)(49세)은 “항공우주작전본부는 우리 군 항공우주작전의 핵심이자 한미동맹의 심장이라며”며, “앞으로도 부여된 임무를 완벽히 수행하고, 유사시 적의 싸울 의지와 능력을 분쇄할 수 있도록 철저한 작전태세를 유지하겠다”고 말했다.
체육 부문에서 공군을 빛낸 인물로 선발된 제11전투비행단 항공정비전대 김정민 중사.(사진:공군)
조직운영 발전 부문에서는 고고도 정찰용무인항공기 RQ-4B 운용 예산 절감에 기여한 군수사령부 항공자원관리단 무인항공기체계과가 선정됐다.
    협력 부문에서 공군을 빛낸 인물로 선발된 서울특별시 이상용 디지털 수석.(사진:공군)
무인항공기체계과는 고고도 정찰용무인항공기 RQ-4B의 가동률을 안정적으로 유지하기 위해 항공기 부품을 적시에 원활하게 수급할 수 있도록 미측과 적극적으로 협조하였다. 특히, 사업추진 과정에서 공군이 기존에 보유하고 있는 부품 재고를 충실히 조사·반영하여 구매 품목을 사전에 확보함으로써 1200억여 원 이상의 예산을 절감할 수 있었다.
특별 부문에서 공군을 빛낸 단체로 선발된 UAE 군사협력팀을 대표해 수상한 강상훈 준위(2023년도 팀원)와 기념촬영하고 있는 이영수 총장.(사진:공군)
무인항공기체계과장 정승우 중령(50세)은 “확고한 영공방위태세를 유지하는데 있어서 정보감시정찰은 매우 중요하다”며, “정보감시정찰을 공백없이 지원하고 예산도 절감할 수 있게 되어 보람을 느꼈다”고 말했다.
신지식·정보화 부문에서는 최신 IT 기술을 연구·개발하여 공군에 선도적으로 적용한 공군 지능정보체계관리단 소속 김현철 중령(47세)이 선정됐다.
 
지능정보체계관리단 AI신기술체계개발대장인 김 중령은 전군 최초로 국방망 기반 공군 생성형 AI(GPT)를 구축하고, AI 자동번역체계, 검찰 사건처리 시스템 등을 자체 개발·적용했다. 또한, 병력감소를 대비하여 단순하고 반복적인 업무를 자동화할 수 있도록 로봇사무자동화(RPA:Robotics Process Automation) 기술을 선도적으로 적용하여 시효성 윤활유 자산관리, 간부 필수교육 이수처리 등 20여 개의 업무를 자동화함으로써 장병들의 업무 효율을 높이는데 크게 기여하였다. 
  
타군과 외부기관에도 기술자문을 제공할 정도로 뛰어난 능력을 인정받고 있는 김 중령은 특히 지난해 11월「2023 대한민국 IT 서비스 혁신대상」개인부문에서 대상을 수상하는 등 공군의 위상을 높이는데에도 일조하고 있다.
  
김 중령은 “많은 공군인을 대표해 이러한 영예를 안겨 준 공군에 깊이 감사드린다”며, “앞으로도 공군이 확고한 영공방위태세를 유지할 수 있도록 작전지원 역량을 끌어올리는데 최선을 다하겠다”고 소감을 밝혔다. 
[디펜스투데이]
Tag
#2023년 공군을 빛낸 인물·단체 시상식
#공군
#ROKAF
#디펜스투데이
저작권자 © 디펜스투데이 무단전재 및 재배포 금지
이치헌 기자
다른기사 보기","{""무인체계"": [""무인항공기"", ""RPA"", ""RQ""], ""AI/컴퓨팅"": [""AI"", ""LAN""], ""무기/방어체계"": [""DE""]}",True,고고도 정찰용무인항공기 RQ-4B,2023-01,relevant,기사에 따르면 공군이 고고도 정찰용무인항공기 RQ-4B의 가동률을 안정적으로 유지하기 위해 노력한 것으로 나타났습니다. 이를 통해 RQ-4B가 이미 전력화되어 운용 중임을 알 수 있습니다.
"KAI-대구시, AAM 모터 개발과 상용화를 위한 전략적 협력",2024-01,http://www.defensetoday.kr/news/articleView.html?idxno=6868,"KAI(한국항공우주산업)는 18일 대구광역시(이하 대구시)와 ‘한국형 AAM(Advanced Air Mobility, 미래항공모빌리티) 산업생태계 조성’을 위한 상호협력 업무협약(MOU)을 체결했다.
   
대구시청 산격청사에서 진행된 협약식에는 KAI 강구영 사장과 홍준표 대구시장 등 양측 기관장과 주요 관계자가 참석했다. 
KAI와 대구시가 한국형 AAM 산업생태계 조성을 위한 상호협력 업무협약(MOU)을 체결했다. (오른쪽부터 KAI 강구영 사장, 대구시 홍준표 시장) (사진:KAI)
이번 협약을 통해 KAI와 대구시는 정부 주도 연구개발 사업에 공동대응하고 AAM 비행체 핵심구성품인 모터 개발과 상용화를 위한 전략적 협력에 나선다. 
KAI는 UAM과 RAM 등 AAM 교통망에서 실질적인 운송수단으로 사용될 AAV(Advanced Air Vehicle, 미래항공기체)의 목표 성능과 제원을 제시하고 한국형 AAM 산업육성 로드맵을 수립할 계획이다. 
대구시는 지난해 7월 선정된 ‘모빌리티 모터 소부장 특화단지’를 자동차에서 AAM까지 확대하고 모터 개발 및 구성품 단위 인증지원 사업과 공공형/관용 운항사업 모델 기획을 추진한다. 
업무협약식에서 관계자들이 사진을 찍고 있다. (오른쪽부터 세번째 KAI 강구영 사장, 네번째 대구시 홍준표 시장) (사진:KAI)
KAI 강구영 사장은 “KAI의 항공우주 기술 및 노하우와 대구시 모빌리티 모터 소부장 특화단지의 전략적 결합은 K-AAM 시장경쟁력 제고에 초석이 될 것”이라며, “상호협력을 통한 시너지로 글로벌 미래항공모빌리티 시장에서 K-AAM 위상을 강화해 나가겠다.”고 밝혔다. 
대구광역시 홍준표 시장은 “이번 협약을 통하여 대구시와 KAI가 국내 UAM 산업생태계를 이끌어 나갈 선도적인 역할을 할 것이며, 지역 모터특화단지 산업 확장을 통해 지역경제 활성화에도 기여해 주길 기대한다.”고 밝혔다.
KAI는 지난해 1월 ‘Global KAI 2050’비전 선포식에서 미래 에어모빌리티 사업을 미래 6대 사업으로 선정하고 핵심기술 개발에 착수했다. 
AAV 핵심기술인 전기분산 추진시스템, 프롭/로터 최적 형상 설계를 선행연구 중으로 비행제어 로직과 시뮬레이션 기술을 고도화하고 있다. 
자체 투자로 하이브리드 추진시스템을 적용한 저탄소 친환경 비행체인 수직이착륙무인기를 개발 중이며, 탄소제로 친환경 수소연료전지 항공기 기반 기술도 연구 중이다. 
다가오는 AAM 시대를 대응하고 시장 선점을 위한 국내 산업생태계 구축 및 인프라 강화에도 나서고 있다. 
KAI는 국토부가 주관하는 K-UAM 그랜드 챌린지(K-UAM GC) 사업에 참여해 한국항공우주연구원과 UAM 비행 절차를 구체화한 바 있다. 
경상남도, 진주시와 AAV 실증센터 구축과 공역 확보를 위해 협력하고 있으며, GS건설, GS칼텍스, LG유플러스 등 AAM 분야별 전문업체들과 AAM 산업생태계 조성도 추진 중이다.
[디펜스투데이]
Tag
#KAI
#대구광역시
#Advanced Air Mobility
#미래항공모빌리티
#디펜스투데이
저작권자 © 디펜스투데이 무단전재 및 재배포 금지
이승준 기자
다른기사 보기","{""무인체계"": [""수직이착륙""], ""AI/컴퓨팅"": [""AI""], ""센서/통신"": [""IR""], ""재료/제조"": [""RAM"", ""ICL"", ""AM""], ""방산기업"": [""KAI""]}",True,"AAM(Advanced Air Mobility, 미래항공모빌리티)",null,relevant,이 기사는 KAI와 대구시가 AAM 산업 생태계 구축을 위해 협력하는 내용을 다루고 있습니다. 구체적으로 AAM 비행체 핵심 구성품인 모터 개발과 상용화를 위한 협력을 언급하고 있습니다. 하지만 상용화 시점은 명확하게 제시되어 있지 않습니다.
"현대로템, 열차제어시스템, 장영실상 수상",2023-12,http://www.defensetoday.kr/news/articleView.html?idxno=6771,"현대로템은 지난 28일 당사가 개발한 열차제어시스템인 ‘무선통신기반 차상 열차 자동제어시스템(KTCS-2, Korean Train Control System 2)’이 올해 52주차 ‘IR(Industrial Research)52 장영실상’의 수상 제품으로 선정됐다고 12월 29일 밝혔다.
IR52 장영실상은 과학기술정보통신부가 주관하는 상으로 우수 신기술 제품 및 기술혁신 성과가 우수한 조직을 선정해 1년 52주 동안 매주 1건씩 시상된다. 지난 1991년 처음 제정된 이래 국내 산업기술 분야 최고 권위를 가진 상으로 자리잡고 있다. 
KTCS-2 열차제어시스템 개발로 IR52 장영실상을 수상한 현대로템 신호제어연구팀 김경식 팀장(왼쪽에서 두 번째), 조성민 책임연구원(왼쪽에서 첫 번째), 강성원 책임연구원(왼쪽에서 세 번째), 김봉수 책임연구원(왼쪽에서 네 번째) (사진:현대로템)
이번에 수상한 현대로템의 KTCS-2 시스템은 국내 기술로 개발된 한국형 표준 열차제어시스템이다. 열차와 지상 신호 정보를 종합해 차량 간격과 위치를 연속적으로 제어할 수 있어 수송성 증대는 물론 운행 안전 확보에도 유용하다.
그동안 고속철도 열차제어시스템은 국산 제품이 없어 전량 해외에 의존해왔으나 KTCS-2의 개발로 국산 고속철도 열차제어시스템 시대를 열게 됐다. KTCS-2는 고속철도 열차제어시스템으로는 세계 최초로 철도용 4세대 무선통신 LTE-R을 적용해 기존 대비 2배 이상 빠른 속도로 데이터를 전송할 수 있다.
또 국내 최초로 유럽 표준 사양인 ‘ETCS(European Train Control System) Level 2’를 충족함과 함께 기존 해외 제품 대비 우수한 성능을 확보해 글로벌 열차제어시스템 시장 진출을 위한 경쟁력을 갖췄다.
아울러 철도분야 글로벌 안전무결성 인증인 ‘SIL(Safety Integrity Level)’ 평가 결과 최고 등급인 ‘SIL 4’를 획득하는 등 안전성에 있어서도 우수함을 인정받았다.
현대로템은 국내는 물론 글로벌 시장에서도 경쟁할 수 있는 성능과 신뢰성 확보를 위해 알고리즘 및 시스템 설계부터 실제 열차에 탑재해 시범 운행하기까지 수많은 시행착오를 거치며 KTCS-2의 완성도를 끌어올렸다.
지난 2012년 KTCS-2 개발을 위한 국토교통부의 국가연구개발과제에 참여해 2018년 기술 개발에 성공한 것에 이어 지난해에는 한국철도공사(코레일)의 협조로 실제 KTX 열차에 탑재해 시범 운행을 완료한 바 있다. 올 10월에는 KTCS-2가 탑재된 열차가 전라선에서 처음으로 영업운행에 투입되는 등 상용화도 안정적으로 진행됐다.
현대로템 관계자는 “이번 수상으로 당사의 열차제어시스템 기술력을 입증해 의미가 깊다”며 “지속적인 연구개발을 통해 KTCS-2를 필두로 국내 고속철도를 비롯한 GTX, 일반 철도 시장은 물론 해외에서도 성과를 거둘 수 있도록 관련 기술력을 강화할 것”이라고 말했다.
[디펜스투데이]
Tag
#현대로템
#KTCS-2
#무선통신기반 차상 열차 자동제어시스템
#장영실상
#디펜스투데이
저작권자 © 디펜스투데이 무단전재 및 재배포 금지
이승준 기자
다른기사 보기","{""AI/컴퓨팅"": [""AI"", ""AR""], ""센서/통신"": [""LTE"", ""IR""], ""재료/제조"": [""TEM""], ""해양/기상"": [""TC""]}",True,무선통신기반 차상 열차 자동제어시스템 (KTCS-2),2023-10,high,기사에서 KTCS-2 열차제어시스템의 개발 완료 및 실제 KTX 열차에 탑재되어 시범운행을 마치고 2023년 10월부터 전라선에서 영업운행에 투입되는 등 상용화가 진행되었다고 언급하고 있습니다.
"IAI, 장거리 배회 자폭드론",2023-12,http://www.defensetoday.kr/news/articleView.html?idxno=6744,"이스라엘 항공우주 산업(IAI)이 두 국가와 장거리 정찰용 공격정찰드론을 납품하는 두 건의 개별 계약을 체결했다.
계약의 총 가치는 1억 4,500만 달러다.
두 건의 중요한 주문은 23년 초반에 체결된 계약에 이은 것으로, 당시에도 IAI의 장거리 배회 드론 구매를 선언한 바 있다.
일련의 주문은 IAI의 장거리 배회 드론 제품군에 대한 전 세계적인 수요 증가를 나타내며, 이 시장 부문에서 IAI의 독보적인 역량을 입증한다. 
IAI는 장거리 배회 자폭 드론 공급 계약을 맺었다.(사진:IAI)
보아즈 레비(Boaz Levy) IAI 사장 겸 최고경영자(CEO)는 ""배회 드론은 전 세계 전장에서 작전 성공을 달성하는 데 매우 중요한 것으로 입증됐다.
배회 드론으로 달성할 수 있는 타격의 유연성은 전투에서 큰 장점이며, 도달할 수 있는 정밀도는 전략적으로나 국가적으로 매우 중요하다.
 IAI의 로터링 탄약 제품군에 대한 신뢰를 강조한다""고 말했다.
IAI의 장거리 배회 공격드론 제품군에는 하피 NG, 하롭, 미니 하피가 있다. 
1980년대에 IAI는 하피를 출시하면서 배회 공격드론 부문을 만들었다.
AR 탐색기를 장착한 하피는 적 대공 방어(SEAD) 자율 파괴 임무를 위해 설계되었다. 
오늘날 IAI는 다양한 방사능 표적에 대응할 수 있는 차세대 하피 NG를 공급한다.  
하피에서 파생된 하롭은 해상용과 지상용 버전이 있는 전투에서 입증된 정찰용 드론이다.
하롭은 테러 위협을 비롯한 다양한 전투 시나리오에서 사용된다.
하롭은 주야간 전자 광학 시커를 사용하여 고정된 표적과 움직이는 표적을 모든 각도에서 매우 정밀하게 스캔, 탐지, 식별하고 공격한다. 
배회 정찰공격 드론은 목표를 정찰한 뒤에 자폭해서 파괴한다.(사진:IAI)
미니 하피는 전 세계에서 유일하게 주야간 전자광학, 증강현실(AR), 3중 시커를 탑재할 수 있는 정찰용 탄약이다.
시커를 결합하면 악천후에서도 탐지 및 공격이 가능하며 표적이 탐지 및 파괴를 피하기가 매우 어렵다.
미니 하피는 전기 추진 방식이며 대전차 탄두를 장착하고 있다.
다른 장거리 LM과 마찬가지로 미니 하피는 캐니스터 발사 방식이다.
IAI는 방공, 정밀 타격, 미사일, 우주, 레이더, 무인항공기, 민간 항공 및 사이버 방어 분야에서 새로운 길을 개척하고 있다는 자부심을 갖고 있다.
IAI의 지상, 공중, 해군, 우주 시스템은 현재 이스라엘의 철의 검 전쟁 중 보안군과 전 세계의 다른 방위 기관에 중요한 역할을 하고 있다.
[디펜스투데이]
Tag
#IAI
#배회드론
#공격정찰
#디펜스투데이
저작권자 © 디펜스투데이 무단전재 및 재배포 금지
이승준 기자
다른기사 보기","{""무인체계"": [""무인항공기""], ""AI/컴퓨팅"": [""AI"", ""AR"", ""증강현실""]}",True,장거리 배회 자폭드론,2023-12,high,이 기사는 IAI가 장거리 배회 자폭드론을 개발하고 이를 2개국에 납품하는 계약을 체결했다고 보도하고 있습니다. 구체적인 제품명과 배치 시기가 제시되어 있어 높은 품질의 정보라고 판단됩니다.
"롤스로이스의 트렌트 1000 엔진, 세계 최초 100% 항공 연료 기반 비행 지원",2023-12,http://www.defensetoday.kr/news/articleView.html?idxno=6669,"롤스로이스(Rolls-Royce)는 버진애틀랜틱(Virgin Atlantic) 항공의 100항공편을 통해 100% 지속가능한 항공 연료(SAF, Sustainable Aviation Fuel) 기반의 역사적 비행이 런던 히드로 공항을 출발해 뉴욕 JFK 공항으로 이륙했다고 밝혔다.
이번 비행으로 오늘날의 엔진과 기체 및 연료 인프라와 호환되고, 화석연료 기반의 항공유를 안전하게 드롭인(Drop-In) 방식으로 대체할 수 있는 SAF의 가능성을 입증하기 위한 지난 1년 간의 도전적 협력이 정점에 이르면서 새로운 이정표를 수립하게 되었다.
롤스로이스 트렌트 1000엔진 100% SAF 비행 지원(사진:롤스로이스)
롤스로이스의 트렌트 1000 엔진을 탑재한 보잉 787(Boeing 787)을 통해 상업 항공사가 100% SAF를 이용해 대서양을 횡단하는 세계 최초의 비행으로 기록되었다.
영국 교통부의 지원을 기반으로 보잉과 롤스로이스, 임페리얼 칼리지 런던(Imperial College London), 쉐필드 대학(University of Sheffield), ICF 및 RMI(Rocky Mountain Institute) 등이 참여하고, 버진애틀랜틱이 주도하는 컨소시엄을 통해 실현되었다.
장거리 항공의 탈탄소화 및 탄소중립 2050으로 나아가기 위해서는 SAF의 역할이 매우 중요하다.
전기 및 수소와 같은 다른 기술들은 상용화까지 아직 수십 년이 소요될 것으로 예상되지만, SAF는 현재 사용 가능한 대체제이다.
오늘날 SAF는 전 세계 항공유 사용량의 0.1% 미만에 불과하며, 연료 표준에 따라 50% SAF 혼합물만 허용되고 있다.
버진애틀랜틱의 100항공편 비행으로 업계와 정부가 SAF 산업의 성장을 촉진시키기 위해 정책 및 투자 과제로 생산 확대에 신속하게 대응할 필요가 있음이 입증되었다.
SAF 기능을 입증한 이번 비행에 이어, 컨소시엄 파트너인 ICF와 RMI, 임페리얼 칼리지 런던 및 쉐필드 대학의 지원으로 SAF 사용이 탄소 무배출 비행에 미치는 영향 평가도 수행될 예정이다.
이 연구는 SAF가 비행운과 미립자에 미치는 영향에 대한 과학적 판단 기준을 마련하고, 비행 계획 과정에서 비행운을 예측하는데 도움이 될 것으로 기대되고 있다.
연구 결과 및 데이터는 업계와 공유될 예정이며, 버진애틀랜틱은 버진 유나이트(Virgin Unite)가 일부 자금을 지원하는 RMI의 기후 영향 평가 위원회(Climate Impact Task Force)의 비행운 연구 작업에도 계속 참여하게 된다.
롤스로이스 트렌트 1000엔진 100% SAF 비행 지원(사진:롤스로이스)
버진애틀랜틱의 100항공편에 사용된 SAF는 에어비피(AirBP)가 공급한 HEFA(Hydroprocessed Esters and Fatty Acids) 88%와 마라톤 페트롤리엄 코퍼레이션(Marathon Petroleum Corporation)의 자회사인 바이렌트(Virent)가 공급한 SAK(Synthetic Aromatic Kerosene) 12%로 구성된 독특한 이중 혼합물이다.
HEFA는 폐지방으로 만들어졌으며, SAK는 식물성 당류를 비롯해 식물 단백질, 오일 및 섬유질과 같은 식품 잔여물로 만들어졌다.
SAK는 엔진 기능에 요구되는 방향족 화합물을 연료에 첨가시키기 위해 100% SAF 혼합물에 필요하다.
탄소중립 2050을 달성하기 위해서는 사용 가능한 모든 공급 원료와 기술에 대한 혁신 및 투자를 통해 SAF 물량을 극대화하고, 새로운 무공해 항공기를 시장에 출시하는데 필요한 연구 개발을 지속해야 한다.
롤스로이스는 최근 현재 생산 중인 자사의 모든 유형의 민간 항공 엔진에 대한 테스트를 완료하고, 100% SAF와의 호환성을 입증했다고 밝혔다.
이는 자사 엔진에 100% SAF를 사용하는데 어떠한 기술적 장벽이 없음을 입증하겠다고 공표한 2021년의 약속을 이행한 것이다.
버진애틀랜틱의 샤이 와이스(Shai Weiss) CEO(Chief Executive Officer)는 “이번 100항공편 비행은 SAF가 화석연료 기반의 항공유의 안전한 드롭인 대체제로 사용되어 탈탄소화 장거리 항공을 실행할 수 있는 유일한 솔루션임을 입증했다.
이를 달성하기까지 상당히 도전적인 협력이 필요했고, 결과적으로 중요 이정표를 달성하게 되어 자랑스럽게 생각한다.”며, “하지만 여전히 해결해야 할 과제들이 남아 있다.
현재 SAF 물량이 충분하지 않고, 대규모 생산에 도달하기 위해서는 훨씬 더 많은 투자가 필요하다.
이는 정부의 명확한 규제와 가격 지원 메커니즘이 확립되어야 가능하다. 이번 100항공편 비행은 이러한 노력을 통해 성공할 수 있다는 것을 입증한 사례이다.”고 밝혔다.
버진애틀랜틱의 창업자인 리처드 브랜슨(Richard Branson)은 “도전하지 않는다면, 세상에 가능한 일은 없을 것이다.
버진애틀랜틱은 1984년부터 항공 산업의 현재에 안주하지 않고 더 나은 발전을 위해 항상 도전해 왔다.
지난 40년 동안 탄소섬유 항공기에서 지속가능한 연료 기반 항공기에 이르기까지 빠르게 한계를 확장하면서 버진애틀랜틱의 개척 정신은 계속 이어지고 있다.”며,
“탈탄소화 장거리 항공 비행을 위해 노력해 온 버진애틀랜틱 팀과 파트너들이 오늘 100항공편에 탑승하여 새로운 기록을 수립하게 된 것을 자랑스럽게 생각한다.”고 말했다.
영국 교통부 장관인 마크 하퍼(Mark Harper)는 “이번 100% SAF 기반 비행으로 현재와 미래의 탈탄소화 운송으로 수명주기 배출량을 70%까지 감축할 수 있는 차세대 솔루션에 대한 가능성을 확인했다.”며,
“이번 비행을 지원한 영국 정부는 새로운 SAF 산업을 통해 일자리를 창출하고, 경제 성장을 도모하는 것은 물론, 탄소중립 항공으로 나아갈 수 있도록 지원을 계속할 것이다.”고 밝혔다.
롤스로이스의 기술 및 안전 엔지니어링 그룹 디렉터인 사이먼 버(Simon Burr)는 “롤스로이스의 트렌트 1000 엔진이 100% SAF를 이용해 대서양을 횡단하는 최초의 광동체(Widebody) 항공기에 동력을 공급하게 된 것을 매우 자랑스럽게 생각한다.”며,
“롤스로이스는 최근 현재 생산 중인 모든 유형의 민간 항공 엔진에 대해 100% SAF 호환성 테스트를 완료하고, 100% SAF 사용에 따른 엔진의 기술적 장벽이 없음을 추가로 입증했다.
이번 비행은 항공 산업의 탄소중립을 향한 여정에 중요한 이정표가 될 것이다.”고 말했다.
보잉의 환경 지속가능성 부문 부사장인 셰일라 레메즈(Sheila Remes)는 “버진애틀랜틱과 보잉은 2008년, 747기에 대한 첫 상업용 SAF 시험 비행을 완료한데 이어, 오늘은 787 드림라이너(Dreamliner)를 이용해 또 한 번의 중요 이정표를 달성하게 되었다.”며,
“이번 비행은 2030년까지 100% SAF 호환 항공기를 제공하겠다는 보잉의 목표를 향한 중대한 진전이다.
또한 오늘의 역사적 성과는 공동의 노력을 통해 민간 항공 산업의 탄소중립 목표를 달성할 수 있음을 보여주는 것이다.”고 말했다.
트렌트 1000은 탁월한 연비와 환경적 성능을 제공한다.
이 엔진은 이전 4세대 트렌트 엔진의 경험과 함께 최신 기술을 적용하여 보잉 787 드림라이너 계열 항공기에 동력을 공급할 수 있도록 특별히 최적화되었다.
[디펜스투데이]
Tag
#롤스로이스
#트랜트1000엔진
#버진애틀린틱항공
#지속가능한 항공 연료
#Sustainable Aviation Fuel
#디펜스투데이
저작권자 © 디펜스투데이 무단전재 및 재배포 금지
이승준 기자
다른기사 보기","{""우주/위성"": [""ISS""], ""AI/컴퓨팅"": [""AI"", ""LAN"", ""AR"", ""ML""], ""센서/통신"": [""IR""], ""무기/방어체계"": [""DE""], ""재료/제조"": [""AM""], ""무기/방어"": [""ICF""], ""방산기업"": [""Boeing""]}",True,"지속가능한 항공 연료(SAF, Sustainable Aviation Fuel)",2023-12,relevant,이 뉴스는 롤스로이스의 트렌트 1000 엔진이 100% 지속가능한 항공 연료(SAF)를 사용하여 역사적인 비행을 한 것을 보도하고 있습니다. 이는 SAF 기술의 상용화 및 실제 적용 사례를 보여주는 것으로 평가할 수 있습니다.
"한화시스템, 정부용 우주 인터넷 개발 착수",2023-12,http://www.defensetoday.kr/news/articleView.html?idxno=6656,"국방신속획득기술연구원(원장 변용관) 주관 398억원 규모의 ‘상용 저궤도 위성 기반 통신체계’ 사업 협약을 체결했다고 11월 29일 밝혔다.
  개발에 착수한 ‘상용 저궤도 위성 기반 통신체계’에 활용될 원웹의 저궤도 통신위성 (사진:한화시스템)
본 사업은 상용 저궤도 위성통신망을 육·해·공군의 기존 전술망과 연동하는 것으로, 미래 군의 다영역 동시 통합 작전 수행(Multi Domain Operation, MDO)을 위한 초연결·다계층 네트워크의 초석을 다질 계획이다.
2021년 3억달러 당시 환율 한화 3450억원 투자를 단행한 유텔셋 원웹의 저궤도 위성통신망을 활용해 한국군에 최적화된 솔루션을 제시하며, 상용 저궤도 위성 기반의 통신체계를 군에 최초로 공급할 예정이다.
2026년까지 군에 적합한 저궤도 통신망 구축과 보안성을 높인 차량·함정용 이동형 ESA 위성 단말기 개발 등을 맡아 실행한다.
※ ESA(Electronically Steerable Antenna, 전자식 빔 조향 안테나): 평판형 안테나로 가볍고 얇게 설계할 수 있어 기계식 안테나에 비해 크기와 무게를 줄일 수 있음. 수천 개의 위성과 지상 기지국 네트워크를 연결해 해상·육상·상공에서 고속 통신이 가능함.
이번 사업을 통해 상용 저궤도 위성 기반의 군 통신체계가 구축되면 우리 군은 지상망의 지형적 제약을 극복하고, 기동 간 대용량 정보를 신속하고 끊김없이 주고받을 수 있어 군 작전 능력을 급격히 향상시킬 수 있을 것으로 기대하고 있다.
신속시범사업 관리를 책임지고 있는 변용관 국방신속획득기술연구원 원장은 “본 상용 저궤도 위성 기반 통신체계 신속시범사업의 성공을 통해 군 통신전력을 획기적으로 향상시킬 수 있기를 기대한다”며 “민·관·군 그리고 국제협력까지 원활하게 이뤄질 수 있도록 노력하겠다”고 말했다.
김정호 한화시스템 항공·우주 사업대표는 “우주산업은 민간이 우주개발을 주도하는 뉴 스페이스로 빠르게 전환 중이며, 우주 국방력과 우주산업 경쟁력을 동시에 효율적으로 확보하기 위해서 민군협력은 필수적”이라며 “한화시스템은 군 지상 통신망을 개발·공급해온 기술력과 이번 사업 수행 경험을 바탕으로 향후 위성망-지상망의 초연결·다계층 네트워크가 구현될 미래형 전술통신체계 구축에 기여할 수 있기를 바란다”고 밝혔다.
  [디펜스투데이]
Tag
#한화시스템
#저궤도위성
#정부용우주인터넷
#디펜스투데이
저작권자 © 디펜스투데이 무단전재 및 재배포 금지
장훈 기자
다른기사 보기","{""우주/위성"": [""저궤도"", ""위성통신""], ""AI/컴퓨팅"": [""AI""], ""작전/전술"": [""MDO""]}",True,상용 저궤도 위성 기반 통신체계,2026,relevant,이 기사는 한화시스템이 정부 주관의 '상용 저궤도 위성 기반 통신체계' 개발에 착수했다고 보도하고 있습니다. 개발 완료 시점은 2026년으로 명시되어 있어 상용화/전력화 시점을 확인할 수 있습니다. 이는 군사 기술의 상용화 및 전력화와 관련된 기사라고 볼 수 있습니다.
"한화시스템, 국내 최초 '국산 기술' 민간 위성 발사",2023-12,http://www.defensetoday.kr/news/articleView.html?idxno=6650,"국내 최초 '순수 우리 기술'로 개발한 민간주도의 상용 지구관측 위성이 자체 발사에 성공했다.
한화시스템이 자체 개발·제작한 '소형 SAR 위성'이 제주도 남쪽 해상에서 4일 오후 2시 정각에 발사되고 있다.(사진:한화시스템)
한화시스템(대표이사 어성철)은 자체 개발·제작한 '소형 SAR 위성'을 제주도 남쪽 해상에서 12월 4일 오후 2시 정각에 성공적으로 발사했다고 밝혔다.
한화시스템이 자체 개발·제작한 '소형 SAR 위성'이 제주도 남쪽 해상에서 4일 오후 2시 정각에 발사되고 있다.(사진:한화시스템)
한화시스템 '소형 SAR 위성' 발사는 해외 의존도가 높았던 위성 제조·발사 분야의 국내 기술력을 증명해낸 것으로, 우주 강국들이 기술패권을 유지하기 위해 해외수출을 통제해왔던 분야에서 국내 첫 국산화를 이뤄냈다는 점에서 의미가 크다. 발사체는 정부가 앞서 개발한 고체 발사체 및 궤도진입 기술을 바탕으로 만들어진 것으로, 정부 기술지원과 민간기업의 기술력을 결집해 이번 성과를 거뒀다.
한화시스템이 자체 개발·제작한 '소형 SAR 위성'이 제주도 남쪽 해상에서 4일 오후 2시 정각에 발사되고 있다.(사진:한화시스템)
14시 정각에 발사한 한화시스템의 소형 SAR위성이 목표한 우주궤도에 안착 후 15시 45분 40초에 첫 교신에 성공하고,  17시 38분 01초에 용인연구소 지상관제센터와 쌍방교신에 성공했다.
한화시스템은 소형 SAR 위성을 활용해 B2G(기업과 정부 간 거래)·B2B(기업 간 거래)용 ▲고해상도 위성 이미지 분석을 통한 환경 모니터링 ▲GIS(Geographic Information System) 지도 제작을 위한 데이터 분석 ▲위성 영상 정보를 자동 융합·분석해 다양한 부가 가치를 창출할 예정이다.
한화시스템이 자체 개발·제작한 '소형 SAR 위성'이 제주도 남쪽 해상에서 4일 오후 2시 정각에 발사되고 있다.(사진:한화시스템)
한화시스템이 개발한 소형 SAR 위성은 일반 위성과는 다르게 탑재체와 본체 및 태양전지판이 일체화된 형태이다. 다수의 전장품을 하나로 통합해 발사체에 최대한 많이 실을 수 있도록 설계되어 발사 비용이 크게 절감될 것으로 기대된다.
어성철 한화시스템 대표이사는 “국민의 세금으로 개발·축적된 우주산업 기술이 민간기업들의 도전을 통해 국민의 편의와 안전을 위해 활용될 수 있다면 더 없이 감사한 일”이라며, “한화시스템은 민간주도의 위성 개발·제조·발사·관제·서비스까지 사업 영역을 확대해 나가며 K-우주산업 대표 위성 기업으로 성장해 나갈 것”이라고 뜻을 밝혔다.
한편, 이번 제주 해상 발사는 지난 7월 한화시스템-제주특별자치도간 ‘제주 민간 우주산업 육성 MOU’ 체결을 통해 제주 우주산업 생태계 조성을 위한 협력에 따라 이루어졌다. 특히 한화시스템은 제주도에 위성개발·제조시설인 ‘한화우주센터’ 구축을 통해 협력을 더욱 강화해 나갈 예정이다. 
[디펜스투데이]
Tag
#한화시스템
#소형SAR위성
#발사성공
#민간주도
#디펜스투데이
저작권자 © 디펜스투데이 무단전재 및 재배포 금지
이승준 기자
다른기사 보기","{""우주/위성"": [""GEO""], ""AI/컴퓨팅"": [""AR""], ""재료/제조"": [""TEM""], ""센서/통신/레이더"": [""SAR""]}",True,소형 SAR 위성,2023-12,high,"이 기사는 한화시스템이 자체 개발한 소형 SAR 위성의 성공적인 발사를 다루고 있습니다. 이는 국내 최초의 민간 주도 상용 지구관측 위성 발사로, 우주 강국들이 기술패권을 유지해왔던 분야에서 국내 기술력을 입증했다는 의미가 큽니다. 발사 성공 및 궤도 진입 시점이 명확히 제시되어 있어 상용화 관련 내용이 잘 드러나고 있습니다."
"HD현대, AI 분야 산학연 포럼 ‘HD현대&SNU AI 포럼’",2023-11,http://www.defensetoday.kr/news/articleView.html?idxno=6630,"HD현대가 산학연 협력 강화를 통해 AI 분야 초격차 경쟁력 확보에 나선다.
HD현대는 11월 30일(목) 서울대학교와 공동으로 AI 분야 산학연 포럼인 ‘HD현대&SNU AI 포럼’을 개최했다. HD현대 글로벌R&D센터(GRC)에서 열린 이날 행사에는 정기선 HD현대 부회장과 홍유석 서울대학교 공대학장을 비롯, 국내외 산학연 AI 전문가들이 참석했다.
HD현대가 글로벌R&D센터(GRC)에서 개최한 ‘제2회 HD현대&SNU AI포럼’ 포스터(사진:HD현대)
이날 진행된 포럼은 AI 기술 전반에 대한 이해도를 높일 수 있는 ‘인사이트(Insight) 세션’과 그룹 핵심 사업 AI 기술을 소개하는 ‘유스케이스(Usecase) 세션’으로 나누어 진행됐다. 기조 강연자로는 세계적인 AI 연구기관 캐나다 벡터연구소(Vector Institute)의 부사장 데발 판디아(Deval Pandya) 박사가 나서 ‘AI의 역사와 진화과정’을 주제로 강연을 진행했다.
인사이트 세션은 ‘AI 미래와 방향성’이라는 주제로 네이버클라우드 하정우 센터장, 서울대 윤성로 교수, LG AI연구원 이화영 상무 등 AI 전문가들의 강연과 참석자들의 대담 방식으로 진행됐으며, HD현대 AI전략담당 김영옥 상무가 HD현대의 AI 전략과 방향성을 소개했다.
이어 진행된 유스케이스 세션은 조선해양, 건설기계, 에너지 등 HD현대의 3대 핵심사업을 중심으로 구체적인 AI 적용 사례에 대한 발표로 구성됐다.
첫 번째 세션은 ‘바다의 무한한 잠재력 실현’을 주제로 HD현대의 자율운항 전문회사 아비커스의 자율운항선박 상용화 현황과 관련 기술 등 조선해양 분야에 적용하고 있는 AI 기술들이 논의됐다. 더불어, 포스코 김주민 전무가 연사로 나서 포스코의 AI 기술 적용 사례를 설명했다.
두 번째 세션은 ‘시공간적 한계를 초월하는 산업솔루션’을 주제로 HD현대사이트솔루션의 스마트 건설기계와 AI 활용 방안 등 건설기계 분야 AI 기술력이 소개됐다. 서울대학교 이성주 교수는 AI 유망기술과 제조혁신에 대해 발표했다.
세 번째는 ‘지속 가능한 미래 에너지’를 주제로 HD현대오일뱅크의 빅데이터·AI 활용 전략이 논의 됐으며, 산업용 AI 솔루션 스타트업 마키나락스의 윤성호 대표가 연사로 나서 에너지 산업과 신재생 에너지를 바탕으로 한 지속 가능한 미래 비전을 공유 했다.
이날 개회사에서 HD현대 정기선 부회장은 “올해 1월 AI 센터를 발족하는 등 이전과는 다른 수준으로 AI 분야 투자를 진행하고 있다”며, “포럼을 통해 국내 제조업 AI 기술 발전에 기여하겠다”고 밝혔다.
한편, HD현대는 그룹 내 AI 생태계 활성화를 위해 지속적인 노력을 기울이고 있다. 지난해 12월에는 서울대학교와 ‘제1회 HD현대&SNU AI포럼’을 개최한 바 있으며, 지난 9월에는 국내 대학생·대학원생과 임직원을 대상으로 AI 해커톤 대회 ‘AI Challenge’를 진행한 바 있다. 
[디펜스투데이]
Tag
#HD현대
#제2회 HD현대&SNU AI포럼
#서울대학교
#AI생태계
#디펜스투데이
저작권자 © 디펜스투데이 무단전재 및 재배포 금지
이승준 기자
다른기사 보기","{""AI/컴퓨팅"": [""AI""], ""무기/방어체계"": [""DE""]}",True,"자율운항선박, 스마트 건설기계, 빅데이터·AI 활용 전략",,relevant,"이 기사는 HD현대가 AI 기술 분야에서 산학연 협력을 통해 경쟁력 확보에 나선 내용을 다루고 있습니다. 구체적으로 자율운항선박, 스마트 건설기계, 에너지 분야의 AI 기술 적용 사례를 다루고 있어 관련성이 있습니다. 하지만 아직 상용화/전력화 시점은 나와 있지 않습니다."
"저궤도 위성통신 서비스 유통 계약",2023-11,http://www.defensetoday.kr/news/articleView.html?idxno=6620,"원웹은 11월 23일 국내 서비스 개시를 위한 '저궤도 위성통신 유통·공급 계약(Distribution Partnership Agreement)'을 체결했다고 밝혔다.
이번 계약을 통해 원웹의 저궤도 통신망을 활용한 초고속 인터넷 공급을 가시화 하며, 정부의 국경 간 공급 협정(Cross-Border Provision) 승인을 위한 수순을 밟는다. 
각국에서 이용하는 위성통신망은 위성 주파수와 궤도로 이루어지며, 국제전기통신연합(ITU)에 국제 등록을 통해 확보된다.
해외 위성망을 사용하는 경우, 위성통신 서비스가 주로 통신·항법·관측 등에 활용되는 특성상 통신 전파의 북한 월경(越境) 등 국가 안보 위협요소 방지를 위해 우리 정부의 국경 간 공급 승인을 받아야 한다.
원웹의 위성망을 활용해 '우주 인터넷' 네트워크를 확보하는 '상용 저궤도위성기반 통신체계' 사업 참여를 추진 중이며, 인터넷 접속이 어려운 격오지와 해상·공중 등에서 '위성통신 안테나'를 장착해 저궤도 위성으로부터 24시간 안정적인 '우주 인터넷' 서비스를 받도록 하는 B2B 위성통신 서비스 공급을 준비하고 있다. 
지난 7월 과기부에 기간통신 사업자 등록을 완료한 바 있으며, 이달 말 원웹 유통·공급 계약서를 첨부하여 국경 간 공급 협정서를 과기부에 제출할 예정이다. 
  원웹의 위성망을 활용한 '저궤도 위성통신 네트워크' 가상도 (사진:한화시스템)
""정부용 저궤도 통신 네트워크를 우선순위 과제로 추진 중이다""라며, "" '우주 인터넷' 서비스는 인프라가 열악한 도서·산간과 재난재해와 지정학적 위기상황 등 긴급 상황에서 끊김없는 원활한 통신을 제공하며 이용가치가 빛을 발할 것""이라고 말했다.  
원웹은 지난 9월 28일(현지 시각) 세계 3대 위성통신 기업인 프랑스 유텔셋과 인수합병(M&A) 절차를 마무리하고 유텔셋 원웹(Eutelsat OneWeb)으로 사명 변경을 마쳤다.
정지궤도위성(GEO) 사업 규모가 큰 유텔셋은 원웹의 저궤도 위성(LEO) 사업 인수를 통해 시장을 더욱 확대할 것으로 기대된다.
[디펜스투데이]
Tag
#한화시스템
#저궤도위성
#위성통신서비스
#윈웹
#디펜스투데이
저작권자 © 디펜스투데이 무단전재 및 재배포 금지
이승준 기자
다른기사 보기","{""우주/위성"": [""정지궤도"", ""LEO"", ""GEO"", ""저궤도"", ""위성통신""], ""AI/컴퓨팅"": [""AR""], ""센서/통신"": [""EW""], ""무기/방어체계"": [""DE""], ""기타/기술"": [""IP""], ""무인/자율시스템"": [""ROV""], ""해군장비"": [""ship""]}",True,저궤도 위성통신 네트워크,2023-11,relevant,기사에서 원웹과 유텔셋의 저궤도 위성통신 서비스 유통 계약 체결 및 국내 서비스 개시를 다루고 있어 관련성이 높음. 다만 정확한 전력화/배치 시점은 언급되지 않음.
"KAI, 두바이 에어쇼 참가...수리온, LAH 해외 무대 첫 데뷔",2023-11,http://www.defensetoday.kr/news/articleView.html?idxno=6555,"KAI(한국항공우주산업㈜)는 11월 13일(현지시간)부터 17일까지 중동 최대 전시회인 두바이 에어쇼에 참가해 국산항공기와 K-스페이스의 마케팅을 펼치고 있다.
KAI 부스를 방문한 이라크 국방부 장관(싸벳 모하마드 사이드 멀 아바시)(사진:KAI)
올해로 34회를 맞는 두바이 에어쇼에는 20여개국 1400여개의 항공 및 방산업체가 참가했으며 180여대의 군용 및 상용 항공기들이 전시와 시범비행을 진행하고 있다.
두바이 에어쇼 야외전시장에 전시된 수리온(사진:KAI)
KAI는 이번 에어쇼에 KF-21, FA-50, LAH, 수리온 등 주력기종을 전시하고 다목적 수송기(MC-X), 차세대중형 및 초소형 SAR 위성 등 미래사업과 K-스페이스 라인업을 선보이고 있다.
두바이에어쇼 KAI 부스전경 (사진:KAI)
미래전장의 게임체인저로 불리는 유무인복합체계를 고정익과 회전익 주력기종에 적용한 KAI의 차세대 공중전투체계를 중동시장에 중점 소개한다. 
두바이에어쇼 개막일(11.13)에 비행 중인 LAH (사진:KAI)
국산헬기 수리온과 소형무장헬기 LAH는 해외 에어쇼에 처음으로 실물기가 참여하여 시범비행을 통해 우수성을 세계 무대에 알렸다.
두바이에어쇼 개막일(11.13)에 비행 중인 LAH (사진:KAI)
 지난 10월 28일 사천본사를 출발한 수리온과 LAH는 29일 UAE 두바이에 도착해 항공기 조립을 마친 후 점검·정비시험비행과 에어쇼 사전연습 및 리허설 비행을 실시했다. 
두바이에어쇼에 야외전시된 LAH(사진:KAI)
수리온은 올해로 군 전력화 10주년을 맞이했으며, 250여 대가 생산되어 육군과 해병대뿐만 아니라 경찰, 해경, 소방, 산림 등 다양한 파생헬기로 운용되며 성능 우수성과 안정성을 기반으로 해외시장에서 주목받고 있다. 
두바이에어쇼에 야외전시된 수리온
500MD 토우와 AH-1S 공격헬기를 대체할 LAH는 현재 양산 중으로 육군의 항공타격작전(대기갑전투) 및 공중강습엄호등의 임무를 수행할 예정이다. 
두바이에어쇼에 야외전시된 수리온과 LAH(사진:KAI)
수리온과 소형무장헬기는 에어쇼에서 고난도 및 특수 기동을 선보이며 세계 항공방산업계 관계자들의 이목을 집중시킬 것으로 기대된다. 
야외전시된 수리온을 관람 중인 모하메드 빈자예드 알나하얀(Crown Prince) UAE 왕세자(사진:KAI)
UAE는 지난 1월 대통령의 순방을 계기로 방위산업을 중심으로 한 제2의 중동붐의 핵심시장으로 떠오르고 있다. 
야외전시된 수리온을 관람 중인 이라크 국방부 장관 싸벳 모하마드 사이드 멀 아바시(사진:KAi)
한-UAE 양국 정상회담에서 전략적 방위산업협력을 약속했으며, KAI도 이 자리에서 UAE와 차세대 수송기 공동개발 협력에 대한 양해각서를 체결했다. 
KAI는 에어쇼 기간 중 UAE를 비롯해 중동 및 아프리카 고위 정부 관계자, 육해공 군 수뇌부들과 사업협력 방안을 논의하고 새로운 사업기회를 만들어나갈 계획이다.
KAI 강구영 사장은 “이번 에어쇼는 T-50, FA-50에 이어 수리온과 LAH 등 회전익 항공기가 해외무대에 첫 선을 보인 역사적인 순간이다.”라며“UAE를 포함한 중동과의 전략적 파트너십을 강화해 국산항공기와 K-스페이스가 제2의 중동붐을 이끄는 핵심사업으로 자리매김할 수 있도록 앞장서겠다.”고 밝혔다.
[디펜스투데이]
Tag
#두바이에어쇼
#LAH
#수리온
#고난도 및 특수 기동
#UAE
#KAI
#한국항공우주산업
#디펜스투데이
저작권자 © 디펜스투데이 무단전재 및 재배포 금지
이승준 기자
다른기사 보기","{""AI/컴퓨팅"": [""AI"", ""AR""], ""항공기/차량"": [""공격헬기""], ""센서/통신/레이더"": [""SAR""], ""항공기/전투기"": [""KF-21"", ""FA-50""], ""방산기업"": [""KAI""]}",True,"['KF-21', 'FA-50', 'LAH', '수리온']",2023-11,high,"이 기사는 KAI의 두바이 에어쇼 참가와 수리온 및 LAH 헬기의 해외 첫 데뷔를 다루고 있습니다. 수리온은 이미 군 전력화가 완료된 상태이며, LAH는 현재 양산 중인 것으로 나와 있어 상용화/전력화 단계에 있습니다. 구체적인 기술명과 시기가 언급되어 있어 기사 내용이 매우 관련성이 높습니다."
"헥사곤-시스콘, 자동·자율 측정 시스템 공동 개발",2023-11,http://www.defensetoday.kr/news/articleView.html?idxno=6554,"센서, 소프트웨어, 자율 기술을 결합한 디지털 리얼리티 솔루션 분야의 글로벌 리더, 헥사곤 매뉴팩처링 인텔리전스(Hexagon Manufacturing Intelligence)는 국내 공장 자동화 전문 기업 ‘시스콘’과 협력해 ‘자동 및 자율 측정 시스템’ 기술 개발을 완료했다고 11월 14일 발표했다. 현재 해당 기술은 시제품이 완성된 단계로 2024년 2분기 내 상용화 예정이다.
헥사곤과 시스콘은 새로운 측정 시스템을 공동 개발해 기존의 작업자가 수동으로 운영하는 측정 시스템을 자동, 자율화하여 고가의 전용 ‘측정실’ 구축 없이 제품을 측정할 수 있는 공간 확보만으로도 자동 및 자율 측정이 가능하다. 또한 무인으로 운영가능한 자율 측정 환경을 제공해 측정실 운영을 위한 작업자 없이 업무 시간 이외에도 자율 측정이 가능하며, 다수의 제품을 하나의 시스템으로 측정해 비용을 획기적으로 절감하고 효율성과 생산성을 향상시킬 수 있다. 
헥사곤과 시스콘이 공동 개발한 자동(Automatic) 및 자율(Autonomous)측정 시스템(사진:헥사곤)
시스콘은 자동화에 필요한 시스템 컨설팅부터 프로그램 개발, 시운전, 유지보수 및 교육 등의 서비스를 제공하고, 자체 연구소를 통해 자율주행 이송 로봇 개발 및 IT 솔루션을 개발하고 있다. 최광용 시스콘 대표이사는 “시스콘의 FA, IT, 그리고 ROBOT 기술과 헥사곤의 기술을 결합한 새로운 시스템으로 제조산업의 디지털 융합의 가치를 제공하겠다”며 “지속적인 협력을 통해 시장을 선두하는 혁신적인 엔지니어링 서비스와 솔루션을 개발하겠다”고 말했다. 
완성차 및 부품을 생산하는 자동차, 항공, 금형, 중공업 등 다양한 산업군에서 활용 가능한 새로운 시스템 개발에는 헥사곤의 대형 체적 측정을 위한 일체형의 레이저 트래커 라이카 앱솔루트 트래커AT960(Leica Absolute Tracker AT960)과 3D 레이저 스캐너 앱솔루트 스캐너 AS1(Absolute Scanner AS1)이 사용됐다. 빠른 다이내믹 측정을 제공하는 AT960MR은 자유도(6DoF)의 프로빙 및 스캐닝과 리플렉터를 활용한 측정을 통해 자동화 검사를 위한 빈틈없는 솔루션을 제공한다. 또한 AS1 스캐너(AS1 Scanner)는 최첨단 블루 레이저 기술과 고급 프로그래밍을 활용한 비접촉 3D 측정 기능을 통해 새로운 시스템이 간편한 사용법으로 최대의 성능을 발휘할 수 있도록 사용됐다.  
홍석관 헥사곤 부사장은 “헥사곤과 시스콘은 완전 측정 자율화 시스템을 개발해 작업자의 경험과 기술을 자동 및 자율화 측정시스템에 프로그램화 했다”며 “제품 품질 판단을 위한 작업자의 경험과 숙련도가 매우 중요한 제조업 분야에 최소한의 조작으로 측정이 이뤄지는 자율화 시스템을 더욱 폭넓게 적용하겠다”고 말했다. 
헥사곤과 시스콘는 올해 5월 MOU체결 이후, 7개월간 자동화 및 자율 측정 및 검사 시스템 개발, 제조 및 고품질 제품 확보 관련 고급 기술 협력 등 스마트 제조 기술 분야의 협력을 지속하고 있다. 향후 헥사곤은 시스콘과의 지속적인 협력을 통해 제조산업의 자동 및 자율화 기술을 활용하여 제조공장의 디지털화를 통한 제조산업 자산관리, 실시간 설비제어, 효율적 제조 설비의 운영 등의 다양한 자율화 시스템을 개발하는데 협업할 계획이다. 
[디펜스투데이]
Tag
#시스콘
#자동.자율측정시스템
#헥사곤
#디펜스투데이
저작권자 © 디펜스투데이 무단전재 및 재배포 금지
이승준 기자
다른기사 보기","{""드론/무인체계"": [""autonomous""]}",True,자동 및 자율 측정 시스템,2024-02,high,"이 기사는 군사 기술의 상용화를 다루고 있습니다. 자동 및 자율 측정 시스템이라는 구체적인 기술명이 명시되어 있으며, 2024년 2분기 내에 상용화될 예정이라고 밝히고 있습니다. 따라서 이 기사는 군사 기술의 상용화와 관련되어 있고, 기술명과 상용화 시점이 모두 명확하게 제시되어 있어 고품질 정보로 판단됩니다."
"인천국제공항공사, 도심항공교통(UAM) 공항셔틀 노선 개발 업무협약",2023-11,http://www.defensetoday.kr/news/articleView.html?idxno=6533,"인천국제공항공사(사장 이학재)는 11월 9일 인천시 중구 파라다이스시티호텔에서 인천광역시, 광명시, 한국도로공사, 인천항만공사, 항공우주산학융합원과‘UAM(도심항공교통) 공항셔틀 노선 개발 업무협약’을 체결했다고 밝혔다. 
파라다이스시티 호텔에서 열린 UAM 공항셔틀 노선 개발 업무협약 체결식에서 인천국제공항공사 이학재 사장(사진 왼쪽에서 두 번째)이 업무협약을 체결한 후 참석자들과 기념촬영을 하고 있다. (사진:인천국제공항공사)
제3회 K-UAM 컨펙스(Confex)의 공식행사로 진행된 이날 협약 체결식에는 인천국제공항공사 이학재 사장, 인천광역시 유정복 시장, 광명시 박승원 시장, 한국도로공사 손진석 경영부사장, 인천항만공사 이경규 사장, 항공우주산학융합원 유창경 원장을 포함해 UAM 관련 국내외 여러 기관과 기업 관계자가 참석해 그 의미를 더했다.
이번 업무협약을 통해 인천국제공항공사는 2001년 개항 이래 구축한 항행시설 무중단 운영과 세계 1위의 공항서비스 노하우를 바탕으로, 공항과 도심항공교통체계를 연결하고 공항 주변 공역에 대한 안전 관리를 지원할 계획이다.  
파라다이스시티 호텔에서 진행된 ‘제3회 K-UAM 컨펙스(Confex)’ 행사에서 인천국제공항공사 이학재 사장(사진 가운데)이 인천공항의 UAM 도입계획에 대해 설명하고 있다. (사진:인천국제공항공사)
또한 공사는 UAM 공항셔틀 최적 노선을 개발하는 한편, UAM에 대한 대국민 수용성을 높이기 위해 인천시를 포함한 UAM 유관기관 과 협력관계를 강화할 예정이다.
인천시와 광명시는 공역체계 분석 및 관리 체계, 도시계획 등에 필요한 제도 개선을 지원하고 한국도로공사와 인천항만공사는 도로와 항만에 UAM 체계를 도입함으로써, 도심에서 시작해 도로와 항만, 공항을 잇는 다양한 노선이 검토될 예정이다.
인천국제공항공사 이학재 사장은 “이번 협약체결을 바탕으로 도심과 공항을 연결하는 UAM 공항셔틀 노선이 다각적으로 검토될 것으로 기대한다”며 “앞으로도 인천국제공항공사는 유관기관과의 적극적인 협력체계를 바탕으로, 한국형 도심항공교통(K-UAM)의 성공적 실현을 위해 적극 노력할 계획이다”고 말했다.
한편 인천국제공항공사는 이번 협약 체결식에 앞서 관계기관과 ‘UAM 상용화 기반 마련을 위한 업무협약’을 체결하는 등 K-UAM 상용화를 위한 관계기관 협업체계를 강화해 나가고 있다. 
[디펜스투데이]
Tag
#인천국제공항공사
#UAM
#공항셔틀노선
#디펜스투데이
저작권자 © 디펜스투데이 무단전재 및 재배포 금지
이치헌 기자
다른기사 보기","{""재료/제조"": [""AM""]}",True,UAM(도심항공교통),2023-11,relevant,기사에서 인천국제공항공사가 UAM 공항셔틀 노선 개발을 위한 업무협약을 체결했다고 보도하고 있습니다. 이는 UAM 기술의 상용화를 위한 준비 작업으로 볼 수 있습니다. 다만 실제 상용화 시점은 명시되어 있지 않아 high 수준은 아닙니다.
"HD현대, 대형선용 저탄소 전기추진시스템 독자 개발",2023-10,http://www.defensetoday.kr/news/articleView.html?idxno=6467,"HD현대가 대형선박용 저탄소 전기추진시스템 독자 개발에 성공했다.
HD현대 조선 계열사인 HD한국조선해양과 HD현대중공업은 최근 부산 벡스코에서 열린 ‘국제조선 및 해양산업전’(KOMARINE 2023)에 참가해 영국 로이드선급(LR)으로부터 ‘고압직류전력계통(MVDC)과 대용량 연료전지(SOFC) 기반의 초대형원유운반선(VLCC)용 저탄소 전기추진시스템(Phase. II)’에 관한 기본설계인증(AIP)을 획득했다고 10월 27일(금) 밝혔다.
HD한국조선해양과 HD현대중공업이 최근 ‘국제조선 및 해양산업전(KOMARINE 2023)’에서 영국 로이드선급(LR)로부터 ‘고압직류전력계통(MVDC)과 대용량 연료전지(SOFC) 기반의 초대형원유운반선(VLCC)용 저탄소 전기추진시스템(Phase. II)’에 관한 기본설계인증(AIP)을 획득했다. 사진 왼쪽부터 HD한국조선해양 김성준 미래기술연구원장, 로이드선급 김영두 극동아시아 기술총괄 부사장 (사진:HD현대)
앞서 HD한국조선해양과 HD현대중공업은 올해 2월 LR로부터 해당 시스템구성에 관한 개념설계인증을 획득한 바 있으며, 이후 LR과 지속적으로 협력하며 시스템의 실효율 및 추진드라이브에 대한 실증 내용을 포함한 이번 인증을 획득하게 됐다.
이번에 인증을 획득한 시스템은 30만톤급 초대형 원유운반선에 적용되는 30MW급 전기추진시스템이다. 특히 암모니아 이중연료 중형엔진과 고효율의 대용량 연료전지를 활용해 대형엔진과 동일한 추진 효율을 내면서도 Net-Zero(무탄소) 달성이 가능한 것이 특징이다.
이와 더불어 기존 솔루션 대비 에너지통합효율을 20% 개선했으며, 전력품질 또한 40%가량 향상시켰다. 또 시스템 전체 중량을 20% 낮췄다.
HD현대는 이번 인증 획득을 위해 핵심 기자재와 기술을 독자 개발해 완전 국산화를 달성하게됐다. HD현대는 이번에 개발한 대형선 저탄소 전기추진시스템에 대한 육상실증을 2027년까지 완료하고 2028년까지 상용화를 추진할 계획이다.
HD한국조선해양 김성준 미래기술연구원장은 “암모니아 이중연료 엔진, 대용량 연료전지 등 선박 전기추진 관련 첨단기술 개발로 대형선박의 전동화 실현에 한발 더 나아가게 됐다”며, “선박 전동화에 특화된 선형, 프로펠러 등 관련 기술까지 결합시켜 대형선박의 탈탄소 트렌드를 선도해 나갈 것”이라고 말했다. 
LR 김영두 극동아시아 기술총괄 부사장은 ""현재 유럽을 필두로 한 전세계적인 탈탄소화 규제에 대응하기 위해 다양한 기술개발이 이루어지고 있다""며, ""조선업에서는 저탄소·고효율의 전기추진시스템개발이 큰 경쟁력을 가져올 것""이라고 말했다. 
[디펜스투데이]
Tag
#HD현대
#HDgksrnrwhtjsgodid
#로이드선급
#전기추진시스템독자개발
#디펜스투데이
저작권자 © 디펜스투데이 무단전재 및 재배포 금지
장훈 기자
다른기사 보기","{""AI/컴퓨팅"": [""AI"", ""AR""], ""재료/제조"": [""SOFC""], ""기타/기술"": [""IP""]}",True,고압직류전력계통(MVDC)과 대용량 연료전지(SOFC) 기반의 초대형원유운반선(VLCC)용 저탄소 전기추진시스템,2028-01,relevant,"이 기사는 HD현대가 대형선박용 저탄소 전기추진시스템을 독자 개발했으며, 2027년까지 육상실증을 완료하고 2028년까지 상용화를 추진할 계획이라고 보도하고 있습니다. 따라서 상용화 시점이 명확히 제시되어 있고, 관련 기술도 구체적으로 언급되어 있어 질적으로 높은 편입니다."
"코마린2023,HD 현대, ‘탄소 제로’ 미래 선박 기술 대거 공개",2023-10,http://www.defensetoday.kr/news/articleView.html?idxno=6447,"HD현대가 국내 최대 조선・해양 산업전시회에서 친환경 미래 선박 기술을 선보이며 기후 위기 시대 ‘탄소 제로’의 해법을 제시한다.
HD현대중공업, HD한국조선해양, 현대미포조선, 현대삼호중공업, HD현대일렉트릭, HD현대글로벌서비스, HD현대인프라코어, 아비커스 등 HD현대의 조선・해양 관련 8개사는 10월 24일(화)부터 27일(금)까지 부산 벡스코에서 열리고 있는 ‘국제조선 및 해양산업전(KORMARINE 2023, 이하 코마린)’에 참가한다.
HD현대 그룹사 공동 부스(사진:HD현대)
코마린은 독일 SMM, 노르웨이 노르쉬핑(NOR-SHIPPING), 그리스 포시도니아(POSIDONIA), 중국 마린텍(MARINTEC) 등과 함께 세계 최대 조선해양기자재 전시회로 성장해 가고 있다.
올해는 그리스, 네덜란드, 노르웨이, 독일 등 전 세계 40여개국 900여개 기업이 참가해 1,900부스를 운영하며 3만여명의 관람객이 찾을 것으로 보인다.
HD현대는 이번 전시회에서 약 213㎡의 그룹사 공동 부스를 마련해 친환경・스마트 선박 관련 최첨단 기술을 대거 소개한다.
특히 HD현대중공업은 2030년 상용화를 목표로 개발 중인 수소 운반선 모형과 이중연료(Duel Fuel) 엔진 모형을 전면에 내세워 미래 수소 사회를 앞당길 친환경 무탄소 선박 기술력을 선보인다.
HD현대인프라코어가 공개하는 전자식 엔진인 6기통 'DX12'와 12기통 'DX22' 모델 (사진:HD현대)
수소 운반선은 친환경 수소연료엔진 또는 수소・LNG 이중연료엔진과 이산화탄소 포집 및 저장 장치를 장착해 환경오염을 최소화할 수 있다. 또한 선박 상단부에 친환경 동력체인 윙세일을, 선체 아랫부분에는 공기윤활시스템을, 선미에는 선박 추진력을 높이는 미래형 프로펠러를 적용해 고효율 운항이 가능하다.
이와 함께 HD현대는 LNG선을 개조한 FSRU(부유식 LNG 저장・재기화 설비), 메탄올 이중연료 추진 컨테이너선, 선박자율운항 시스템 등 다양한 기술을 선보인다.
HD현대인프라코어는 국제해사기구(IMO)의 최신 유해물질 배출규제인 IMO Tier III를 만족하는 전자식 엔진인 6기통의 DX12와 12기통의 DX22, 2가지 모델을 공개한다.
행사 둘째 날인 25일(수)에는 HD현대글로벌서비스가 SM그룹의 해운 부문을 총괄하는 KLC SM과 ‘친환경 선박 시장 선도를 위한 업무협약(MOU)’도 체결할 예정이다.
협약에 따라 KLC SM은 환경규제 대응을 위한 노력을 강화할 예정이며, HD현대글로벌서비스는 선박의 에너지 효율 개선과 유지보수 및 디지털화 등을 통해 KLC SM을 지원한다.
HD현대중공업 관계자는 “HD현대는 지난 50여년의 역사를 바탕으로 해양 모빌리티 및 친환경 에너지 산업을 선도해 바다에서의 새로운 기회를 개척하고 있다”며, “차세대 청정에너지 기술 개발과 수소를 비롯한 미래 핵심 에너지원의 가치사슬 역량 확대로 글로벌 탈탄소 에너지 전환을 주도해 나가겠다”고 말했다. 
[디펜스투데이]
Tag
#HD현대
#코마린2023
#HD현대인프라코어
#디펜스투데이
저작권자 © 디펜스투데이 무단전재 및 재배포 금지
장훈 기자
다른기사 보기","{""AI/컴퓨팅"": [""AR""], ""기타/기술"": [""IP""], ""해군장비"": [""ship""]}",True,"수소 운반선, 이중연료 엔진, 전자식 엔진 DX12, DX22",2030년 상용화 목표,relevant,"이 기사에서는 HD현대가 친환경 미래 선박 기술을 개발하고 있음을 다루고 있습니다. 구체적인 기술로 수소 운반선, 이중연료 엔진, 전자식 엔진 DX12와 DX22를 소개하고 있으며, 2030년 수소 운반선 상용화를 목표로 한다고 언급하고 있습니다. 이는 군사 기술의 상용화와 관련된 내용이라고 볼 수 있습니다."
"현대로템, 미래 지상무기체계 비전 제시",2023-10,http://www.defensetoday.kr/news/articleView.html?idxno=6418,"현대로템이 대규모 방위산업 전시회에 참가해 미래 성장을 견인할 사업 비전 제시.
현대로템은 ‘서울 ADEX 2023(Seoul International Aerospace & Defense Exhibition 2023)’에 참가했다.
현대로템에서 전시중인 수출형 K-2EX전차와 30t급 신규장갑차(사진:디펜스투데이)
ADEX는 격년 개최되고 있으며 35개국 550개 업체가 참가했다.
‘평화를 수호하는 내일의 첨단 기술’을 주요 테마로 참가하는 현대로템은 각종 신제품과 유무인 복합체계(MUM-T) 구축에 최적화된 제품들을 전시해 미래 지상무기체계의 청사진.
237평 규모의 복층 전시관에 기아, 현대위아 등과 현대자동차그룹 통합 전시관을 구축했다.
현대로템은 신규 30t급 차륜형장갑차의 실물을 세계 최초로 공개.
30t급 차륜형장갑차는 방호력 증강에 중심을 두고 글로벌 시장 공략을 위해 현대로템이 개발 중인 모델로 중구경 및 대구경 포탑 등 다양한 임무장비를 장착할 수 있으며 수상 운용이 가능한 것이 특징이다.
현대로템 ADEX 전시관(사진:현대로템)
현대로템은 미래 차세대 전차의 최신 컨셉 모델.
현대자동차 디자인센터와 협업해 디자인된 차세대 전차는 미래 전장환경을 고려해 스텔스 형상 구현 및 유무인 복합체계 운용개념이 반영됐다. 
현대로템은 차세대 전차를 가상으로 탑승해볼 수 있는 증강현실(AR) 및 가상현실(VR) 구역도 마련했다.
현대로템이 육성 중인 미래무인체계 기술의 민간 활용 가능성도.
그 일환으로 현대로템은 현대자동차와의 협업을 통해 개발된 상용 무인 콘셉트카 ‘유팟(U-POD)’을 공개.
유팟은 국내 최초의 군용 무인차량인 현대로템의 다목적 무인차량을 기반으로 만들어졌다.
원격 및 자율주행 기능을 갖추고 스스로 화물을 싣고 이동해 내릴 수 있어 디지털 기반 첨단 유통물류체계에 최적화됐다.
그 밖에도 푸드트럭, 폐기물 수거 차량 등 민간에서 다양하게 사용될 수 있는 확장성을 보유하고 있다.
이와 함께 현대로템은 지난해 군에 성공적으로 납품되며 기술력과 신뢰성을 입증한 다목적 무인차량의 성능개량 모델을 전시하며 미래무인체계 분야 선도업체다.
기존 차량 대비 기동성과 자율주행 성능이 강화된 모델이다.
특히 현대로템은 기존 주력 제품인 K2 전차의 수출형 모델을 전시했다.
대표적으로 능동방어시스템, 원격무장장치(RCWS) 등 다양한 장비와 최신 전장품을 추가한 성능개량 콘셉트 모델 ‘K2EX(K2 EXport)’이다.
[디펜스투데이]
Tag
#현대로템
#K2EX
#차세대전차
#최신컨셉
#디펜스투데이
저작권자 © 디펜스투데이 무단전재 및 재배포 금지
이치헌 기자
다른기사 보기","{""AI/컴퓨팅"": [""가상현실"", ""VR"", ""AR"", ""증강현실""], ""무기/방어체계"": [""DE""], ""의료/생체"": [""RNA""], ""작전/전술"": [""ACE""], ""지상장비"": [""K2""], ""첨단기술"": [""space""]}",True,"['K2EX 전차', '30t급 신규 장갑차', '차세대 전차', '유팟(U-POD) 무인 콘셉트카', '다목적 무인차량']",,relevant,"기사는 현대로템이 전시한 다양한 군사 기술 제품과 개념 모델을 다루고 있습니다. 실제 배치나 전력화 시점은 명시되지 않았지만, 상용화 및 민간 활용 가능성에 대한 내용이 포함되어 있습니다."
"폴란드, 노르웨이 NSM미사일 대량 구매로 해상 공격능력 강화",2023-09,http://www.defensetoday.kr/news/articleView.html?idxno=6291,"폴란드 군비청은 80억 즈워티(20억 달러) 로 “수백”발의 해상용 공격 미사일을 주문했다고 밝혔다.
마리우스 브와슈차크 국방장관은 기존 해군 대함 시스템을 두 개의 새로운 해군 미사일로 교체하는 계약에 서명했다. 
폴란드에서 도입하는 노르웨이 NSM대함 미사일(사진:Kongsberg Defense and Aerospace)
이번 계약을 통해 폴란드 해군은 발트해 연안 방어 능력을 강화할 수 있게 된다.
노르웨이의 콩스버그 디펜스 에어로스페이스(Kongsberg Defense and Aerospace)가 체결한 계약에는 “지휘 차량, 미사일 발사대 및 수백 발의 대함 NSM 미사일” 공급이 포함된다고 군수국은 밝혔다.
콩스버그의 사장 겸 최고경영자(CEO)인 게이르 호이(Geir Håøy)는 성명에서 이번 거래가 회사 역사상 가장 큰 단일 계약이라고 말했다.
납품은 2026년부터 2032년까지 이루어질 예정이다.
이 계약에 따라 폴란드 방산업체는 노르웨이 기업과 협력하여 무기 공급에 참여할 것이라고 밝혔다.
폴란드는 지대함 NSM 미사일도 도입예정이다.(사진:Kongsberg Defense and Aerospace)
발표는 올해 MSPO 방위산업 박람회 첫날에 이루어졌다.
콩스버그에 따르면 NSM 미사일은 사거리가 185km(115마일)를 넘는 시스키밍 유도 미사일이다.
러시아의 우크라이나 침공으로 여러 지역 국가들이 해군 공격 능력을 강화하고 있다.
2023년 5월, 라트비아 정부는 발트해 방어 능력을 강화하기 위해 NSM 미사일 구매를 승인하기로 했다.
[디펜스투데이]
Tag
#Kongsberg Defense and Aerospace
#폴란드
#NSM대함미사일
#디펜스투데이
저작권자 © 디펜스투데이 무단전재 및 재배포 금지
장훈 기자
다른기사 보기","{""센서/통신"": [""IR""], ""무기/방어체계"": [""DE""], ""작전/전술"": [""ACE""], ""첨단기술"": [""space""]}",True,NSM 대함 미사일,2026-2032,high,이 기사는 폴란드가 노르웨이의 NSM 대함 미사일을 대량 구매하여 해군 공격능력을 강화하는 것을 다루고 있습니다. 구체적인 구매 규모와 납품 일정이 제시되어 있어 상용화/전력화와 관련된 정보를 제공하고 있습니다.
"HD한국조선해양, 세계 최초 ‘AI 기관사’ 탑재 선박 건조",2023-08,http://www.defensetoday.kr/news/articleView.html?idxno=6178,"HD현대의 조선 중간 지주사인 HD한국조선해양이세계 최초로 ‘AI 기관사’를 탑재한 선박을 인도하며 자율운항선박 분야를 선도하고 있다.
HD한국조선해양은 최근 H-LINE해운의 18만 톤급 LNG 추진 벌크선에 AI기반 기관자동화솔루션을 탑재 후 인도했다고 8월 24일(목) 밝혔다. 이 선박은 전남 영암 현대삼호중공업에서 건조됐다.
현대삼호중공업이 건조해 H-LINE해운에 인도한 18만 톤급 LNG 추진 벌크선의 시운전 모습(사진:HD현대중공업)
HD한국조선해양이 H-LINE해운과 공동으로개발해 탑재한 기관자동화솔루션은 통합상태진단솔루션(HiCBM)과 통합안전관제솔루션(HiCAMS)이다. 두 솔루션은 선박 주요 장비에 대한 상태를 실시간으로 진단하고, 화재와 같은 비상 및 돌발 상황을 자동으로 인식하는 지능형 시스템이다. 선박 운항 시 기관사·갑판원을 대신하는 AI선원 역할을 수행한다. 
HiCBM은 추진·발전용 엔진, 압축기 및 펌프 등 선박 핵심 기기를 실시간으로 진단하고 관리하는 시스템으로, 인공지능이 항해 중 고장의 징후를 사전에 탐지하고 방지할 수 있도록 하여 운항 안정성을 확보하는 역할을 한다. HiCAMS는 선내 CCTV를 활용해 안전관련 이벤트를 인공지능이 실시간으로 감지하고 분석하는 시스템으로, 선박과 선원의 안전을 유지하기 위한 핵심 역할을 한다. 
두 시스템은 기존 운항 중인 선박에도 적용이 가능해 AI기반 기관자동화솔루션 시장 확대가 기대된다.
이번에 최초 적용된 두 시스템은 시운전 기간 중 미국선급협회(ABS)의 입회하에 안전성과 신뢰성이 검증되었으며, 지난해 9월에는 ABS로부터 두 시스템에 대한 기본인증(AIP)을 획득한 바 있다.
HD한국조선해양은 지난해 6월 계열사인 아비커스가 대형상선에 자율운항 시스템을 탑재, 세계 최초로 대양 횡단에 성공한 바 있다. 이번 기관자동화솔루션 상용화로 항해사는 물론 기관사, 갑판원의 도움 없이 장시간 운항이 가능한 대형상선 분야 세계 첫 ‘무인 선박’ 시대에 한 걸음 더 다가서게 됐다.
HD한국조선해양 권병훈 전무는 “인공지능 및 디지털기술 기반 자율운항선박 시대의 도래는필연적이다”며 “이번 기관자동화솔루션을 발판으로 항해 자동화 이외에도 포괄적인 범위의 자율운항선박 기술개발과 상용화를 선도해나가겠다”고 밝혔다.
H-LINE해운 관계자는 “HD한국조선해양과공동 개발한 기관자동화솔루션을 H-LINE해운의 LNG  추진 벌크 선박에 세계 최초로 적용하여 스마트·친환경 선사로서 주도적 역할을 하겠다”며 “앞으로도 미래 기술을 선제적으로 적용해 경쟁력을 강화해 나가겠다”고 밝혔다. 
[디펜스투데이]
Tag
#HD현대중공업
#H-Line해운
#Al기관사
#기관자동화솔루션
#디펜스투데이
저작권자 © 디펜스투데이 무단전재 및 재배포 금지
장훈 기자
다른기사 보기","{""AI/컴퓨팅"": [""AI"", ""인공지능""], ""무기/방어체계"": [""ICBM""], ""재료/제조"": [""AM""], ""기타/기술"": [""IP""]}",True,"AI 기관사, 기관자동화솔루션",2023-08,high,해당 기사는 세계 최초로 AI 기반 기관자동화솔루션을 탑재한 선박이 건조되어 인도된 것을 다루고 있습니다. 기술명과 상용화 시점이 명확히 제시되어 있어 고품질의 정보라고 판단됩니다.
"일본 신형 이지스 시스템 탑재함 2024년부터 건조 착수예정",2023-08,http://www.defensetoday.kr/news/articleView.html?idxno=6086,"일본은 지상배치형 요격시스템 이지스 어쇼어의 배치 포기에 따라 새로 만드는 이지스 시스템 탑재함 건조비가 척당 약 3950억엔(약 3조6천억원)에 이르는 것으로 8월 12일 알려졌다.
적의 미사일 거점 등을 공격하는 반격능력(적기지 공격능력)으로 활용하는 미국제 순항미사일 토마호크도 탑재 가능한 MK41 VLS를 갖췄다고 정부 관계자가 밝혔다.
일본 정부는 이지스 탑재함을 2척 건조할 예정인데, 2027년도에 1척, 2028년도에 1척을 배치할 계획으로 2024년도부터 건조에 착수할 예정이다.
VLS는 총 128셀을 갖춰서 발사 능력을 갖춰 기존 이지스함의 30% 정도 늘릴 예정이다.
세종대왕급 클라스가 과무장이 아닌 것으로 해상자위대도 128셀의 VLS를 장착함으로써 88셀로 제한된 정조대왕급도 함의 크기에서 여유가 있기 때문에 함대지/함대공용 VLS를 추가로 장착을 고려해야 할 것이다.
해상자위대가 척당 약 3조6천억원을 투입해서 건조될 이지스 탑재함 레이더는 AN/SPY-7과 128셀의 VLS를 장착할 예정이다.(사진:록히드마틴)
1척당 정비비 약 3950억엔에는 2019년~20년도에 걸쳐 조달이 끝난 미 록히드마틴사제의 레이더 AN/SPY-7과  VLS등의 구매비용도 포함한다.
AN/SPY-7은 이지스 어쇼어에서의 운용을 상정하고 있었지만 해상용으로 전용한다.
2019년 당초 예산에는 엔진과 잠수함에 대처하는 소나(수중음파탐지기), 센서 등의 취득비용으로 2208억엔을 계상했다. 2020년 예산의 개산 요구로 나머지 경비를 포함시켜 미사일 방어 체제의 조기 강화를 목표로 한다.
지난해 12월 국무회의 결정한 국가안보전략 등 안보 3개 문건에서는 미사일 방어 강화를 골자 중 하나로 내세웠다.
이지스 탑재함은 극초음속 활공무기(HGV)를 비롯한 급속한 기술의 진전을 바탕으로 복잡하고 다양해지는 하늘로부터의 위협에 대처하기 위한 기반으로서 건조하여 배치한다.
이지스 시스템 탑재함 이미지 (이미지출처:방위성)
함대공 미사일 SM6도 탑재하고 적의 미사일권 밖에서도 공격할 수 있는 장사정의 스탠드오프 미사일에 관해서는 12식 지대함 유도탄의 사거리 연장형을 함상에서도 발사할 수 있도록 개량을 추진한다.
미국이 개발 중인 대HGV 신형 요격미사일 탑재도 상정하고 있다.
이지스 시스템 탑재함 미사일 방어를 기본 임무로 하는 해상자위대 함선.기존 이지스함으로는 요격이 어려운 고도 수천 km의 탄도미사일에도 대처한다.기준 배수량 1만t대 초반, 속력 약 30노트, 승무원 200명대를 계획하고 있다.
마야급의 확대계량형으로 실질상 마야급 후속 함정으로 해상자위대의 이지스 호위함은 10척으로 늘어나며, 기존 이지스 호위함에도 함대지 미사일 VLS를 추가로 장착하는 개량도 계획하고 있어어서, 해상자위대의 중국과 북한을 비롯한 주변국 견제용으로 전력이 대폭강화될 예정이다.
[디펜스투데이]
Tag
#イージス搭載艦
#이지스시스템탑재함
#방위성
#해상자위대
#JMSDF
#디펜스투데이
저작권자 © 디펜스투데이 무단전재 및 재배포 금지
이승준 기자
다른기사 보기","{""센서/통신/레이더"": [""소나""]}",True,이지스 시스템 탑재함,2027-04,high,이 기사는 일본이 새로운 이지스 시스템 탑재함을 2024년부터 건조하기 시작하여 2027년부터 배치할 계획이라고 다루고 있습니다. 구체적인 기술명과 배치 시점이 명시되어 있어 군사 기술의 상용화 및 배치에 대한 정보를 제공하고 있습니다.
"미공군과 아처, 6대의 미드나이트 전기수직이착륙기 공급 계약 체결",2023-08,http://www.defensetoday.kr/news/articleView.html?idxno=6043,"미공군과 전기 수직이착륙(eVTOL) 항공기 제조업체인 아처 에비에이션이 총 1억 4,200만 달러 규모의 신규 계약을 체결했다.
아처는 최대 6대의 마드니이트 항공기를 공군에 납품하고, 추가 비행 테스트 데이터 및 인증 관련 테스트 보고서 공유, 조종사 교육, 유지보수 및 수리 작업 개발 등을 제공할 예정다.
미공군에 납품예정인 미드나이트 전기 수직이착륙기 (사진:아처 에비에이션)
아처는 2021년부터 미공군의 AFWERX 프로그램을 통한 일련의 프로젝트에서 미 공군과 협력해 왔으며, AFWERX 민첩성 프라임 프로그램이 수직 비행 시장과 국방 목적의 eVTOL 기술의 혁신적 잠재력을 평가하는 데 도움을 주기 위해 노력하고 있다. 
최근 아처가 첫 번째 미드나잇 항공기의 제작을 완료한 가운데, 국방부는 수직 이착륙 기능, 약 1,000파운드의 목표 탑재량, 독점 전기 파워트레인 시스템, 저소음 프로파일을 갖춘 아처의 항공기가 미공군 항공 및 작전의 패러다임을 바꿀 수 있는 잠재력을 가지고 있음을 인정하고 있다.
아처의 설립자 겸 CEO인 아담 골드스타인은 ""이 역사적인 계약은 아처의 eVTOL 항공기가 제공하는 최첨단 기술을 수용하려는 우리 군의 확고한 의지를 반영하는 것이다.""라고 말했다.
""eVTOL 기술의 개발과 상용화가 계속해서 국가적 우선순위로 남아 있는 것은 분명하다. 미 국방부 및 미 공군과 긴밀히 협력하여 수송, 물류 및 구조 작전에 중점을 두고 미드나잇을 작전 비행단에 통합할 수 있기를 기대한다""고 말했다.
AFWERX 민첩성 프라임 프로그램 책임자인 톰 미거 대령은 ""미국이 새로운 항공우주 기술을 개발하고 배치하는 데 있어 세계를 계속 선도하는 것이 우리의 사명이다.""라고  말했다.
""eVTOL 항공기는 항공우주 분야의 세 번째 혁명의 정점이며, 이러한 항공기와 그 후속 기종은 역량과 효율성의 발전을 주도할 것이다. 
미공군은 아처 에비에이션과의 계약을 통해 미 국방부와 미 공군은 이 항공기의 도입 초기부터 기술이 발전함에 따라 이 항공기가 미군에 제공할 수 있는 많은 혜택을 누릴 수 있도록 역할을 할 수 있는 기회를 얻게 되었다고 보고 있다.
[디펜스투데이]
Tag
#U.S. Air Force
#아처에비에이션
#Electric vertical takeoff and landing
#Midnight aircraft
#디펜스투데이
저작권자 © 디펜스투데이 무단전재 및 재배포 금지
이승준 기자
다른기사 보기","{""무인체계"": [""수직이착륙"", ""VTOL""], ""AI/컴퓨팅"": [""AI"", ""LAN""], ""센서/통신"": [""IR""], ""항공기/전투기"": [""aircraft""]}",True,전기 수직이착륙기(eVTOL),2023-08,high,이 뉴스는 미 공군이 아처 에비에이션의 전기 수직이착륙기인 '미드나이트' 항공기 6대를 구매하는 계약을 체결했다고 다룹니다. 구매 계약이 체결되었으므로 상용화 및 전력화가 이뤄지고 있음을 알 수 있습니다. 기술명과 배치 시점도 명확하게 제시되어 있습니다.
세계 최초 ‘위그선 시뮬레이터 훈련체계’ 개발 - 로마스 인더스트리,2023-07,http://www.defensetoday.kr/news/articleView.html?idxno=5964,"국내 특수선박 제조업체 로마스 인더스트리즈가 악천후 등 다양한 비행환경을 구현하는 수면비행선박(이하 위그선)의 모의비행훈련장치 개발에 뛰어들었다.
위그선은 수면 효과를 받아 비행을 하는 교통수단으로, 항공기의 단점인 고가의 운송 비용을 보완하면서 선박보다 탄소 배출이 적고 속도가 더 빠르다는 장점이 있다. 차세대 이동수단으로 주목받고 있는 위그선은 현재 상용화를 앞두고 있지만 제도적 기틀 마련과 조종사 양성 문제는 아직 풀어야 할 과제다.
로마스 인더스트리즈의 위그선 JV-1 (사진:로마스 인더스트리즈)
항공기와 선박 두 운송수단의 특징을 골고루 가지고 있는 위그선을 조종하기 위해서는 수면비행선박 조종 자격증이 필요하다. 조종 자격증을 취득하기 위해서는 경량 항공기 조종 자격증과 6급 이상의 항해사 자격증을 동시에 보유해야 하며, 95시간 이상의 실제 위그선 조종훈련 시간을 보유해야만 한다.
위그선 조종훈련 시간 중 35시간은 모의비행훈련장치로 대신할 수 있지만 현재 위그선 모의비행훈련장치가 개발돼 있지 않아 실제 위그선 조종사 양성 과정이 시작되면 비용과 시간적 측면에서 비효율적 교육이 예상된다.
또한 위그선 조종사는 모의비행훈련장치 훈련을 통해 비정상 상황에서의 다양한 대처 능력을 길러야 하지만, 모의비행훈련장치가 없어 실제 위그선으로 비행훈련을 진행해야 하므로 다양한 비정상적인 비행 환경을 경험하지 못할 수도 있다.
이 같은 상황에서 로마스 인더스트리즈가 위그선 모의비행훈련장치 개발에 나서 관계자들의 주목을 받고 있다.
아직 전 세계적으로 위그선 조종사 면허 취득에 필요한 모의비행훈련장치 개발을 시도한 사례는 없지만, 로마스 인더스트리즈가 위그선 모의비행훈련장치 개발에 성공한다면 새로운 시장을 국내외에서 선점할 수 있을 것으로 전망된다. 특히 로마스 인더스트리즈는 위그선 모의비행훈련장치 자체 제작을 위한 시뮬레이터 개발자와 사내 위그선 조종사 및 엔지니어를 보유하고 있어 개발에 성공할 가능성이 높다는 평가를 받고 있다.
향후 위그선 모의비행훈련장치가 완성돼 훈련 교보재로서 활용된다면 높은 파도, 비, 폭설 등의 위험을 감수하지 않고도 훈련의 질을 극대화할 수 있게 될 것이며, 이를 통해 실제 위그선의 조종감과 기능을 학습할 수 있는 기회를 얻게 돼 위그선 조종사 양성과정의 새로운 장을 열어줄 것으로 기대된다.
로마스 인더스트리즈는 올해부터 위그선 모의비행훈련장치 소프트웨어 개발 및 하드웨어 제작에 착수한다. 올해 기본 구상과 애드온 소프트웨어의 초기 버전을 개발할 계획이며, 2024년에는 하드웨어 제작, 조립 및 플랫폼 연동을 진행할 예정이다.
로마스 인더스트리즈의 주문건 개발팀장은 “6축 모션 운동장치를 탑재한 위그선 모의비행훈련장치와 JV-1 시뮬레이션 소프트웨어를 동시에 개발해 위그선 시뮬레이터 시장을 개척하고, 로마스 인더스트리즈 JV-1 위그선의 효율적인 비행교육을 실현할 예정”이라고 말했다.
한편 지정교육기관기준 별표24에서 설명하는 구비요건을 충족하는 위그선 모의비행훈련장치는 2024년까지 개발을 완료할 예정이다.
  [디펜스투데아]
Tag
#로마스인더스트리즈
#위그선
#JV-1
#모의비행훈련장치
#디펜스투데이
저작권자 © 디펜스투데이 무단전재 및 재배포 금지
이승준 기자
다른기사 보기","{""함정/항공기"": [""비행선""]}",True,위그선 모의비행훈련장치,2024-12,relevant,"이 기사는 국내 특수선박 제조업체 로마스 인더스트리즈가 위그선 모의비행훈련장치 개발에 착수했다는 내용을 다루고 있습니다. 이는 군사 기술의 상용화와 관련된 내용이 아니지만, 새로운 이동수단인 위그선의 조종사 양성을 위한 모의훈련장치 개발이라는 점에서 군사 분야에도 활용될 수 있는 관련성이 있습니다. 개발 완료 예정 시점도 2024년으로 명시되어 있습니다."
"폴란드 국방장관, FA-50GF 2대 폴란드 도착 확인",2023-07,http://www.defensetoday.kr/news/articleView.html?idxno=5877,"마리우스 브와슈차크 부총리 겸 국방장관은 트위터에 7월 10일(현지시각) 폴란드 공군의 첫 FA/50 전투기 2대가 이미 폴란드에 도착했다고 알렸다.
 한국에서 주문한 이 경전투기는 구소련 이후 장비를 대체하여 폴란드 공군의 역량을 강화할 것이다.라고 밝혔다.
마리우스 브와슈차크 부총리겸 국방장관이 자신의 트위터에 FA-50GF 2대가 폴란드에 정시긍로 도착했음을 알렸다.(Mariusz Błaszczak twitter)
예정대로 도착해서 구러시아제 MIG-29와 SU-22 를 대체하고, 폴란드가 도입한 F-16 전투기와 F-35A 라이트닝-II 조종사 양성 및 작전에 투입할 예정이다.
FA-50GF은 7월 9일 시작으로 올해 말까지 총 12대가 인도된다.
FA-50GF은 폴란드 도착 후 현지에서 조립을 하고 시험 비행 후 8월 15일 '육군의 날'을 기념해 바르샤바에서 열리는 군사 퍼레이드에 참가한다.
 
무장은 AIM-9 사이드와인더,AGM-65 매버릭 공대지 미사일을 포함해 최대 4.5톤(t)의 무장을 탑재하며, 내장 20mm 기관포가 있다. 통상 항속거리는 약 1,800km로 실용상승한도는 약 15km다.
FA-50GF 2대를 시작으로 연말까지 순차적으로 12대가 전량 인도된다.(사진:KAI)
폴란드 공군용 FA-50GF에는 Link-16 데이터 링크와 나토(NATO)의 피아식별장비(IFF)가 장착되며, 상용 GPS도 폴란드 공군의 요구에 따라 장착 되어 있다.
폴란드는 KAI와 22년 9월 FA-50 48대 수출 계약을 체결했다.
폴란드 공군용 개량형인 FA-50PL 36대는 2025년 하반기부터 2028년까지 순차적으로 인도한다.
FA-50PL은 프로브앤드로그 공중급유시스템, 팬텀 스트라이크 능동위상배열레이더(AESA), AIM-9X/AIM-120C 공대공 미사일과 스나이퍼포드, 레이저 유도폭탄등 무장능력을 확장했다.
[디펜스투데이]
Tag
#FA-50GF
#Mariusz Błaszczak
#폴란드도착
#디펜스투데이
저작권자 © 디펜스투데이 무단전재 및 재배포 금지
이승준 기자
다른기사 보기","{""우주/위성"": [""GPS""], ""AI/컴퓨팅"": [""AI"", ""AR""], ""센서/통신"": [""IFF""], ""무기/방어체계"": [""유도폭탄""], ""항공기"": [""F-35"", ""F-16"", ""전투기""], ""항공기/전투기"": [""FA-50""], ""방산기업"": [""KAI""]}",True,"['FA-50GF', 'F-16', 'F-35A']",2023-07,high,"이 기사는 폴란드가 한국에서 구매한 FA-50GF 전투기 2대가 폴란드에 도착했다는 내용을 다루고 있습니다. 또한 폴란드가 도입한 F-16과 F-35A 전투기와의 운용 계획도 언급하고 있습니다. 따라서 이 기사는 군사 기술의 상용화/전력화/배치를 다루고 있으며, 구체적인 날짜와 기술명을 제공하고 있어 높은 품질의 정보라고 볼 수 있습니다."
"합참, 전구작전 위한 합동 공중투하 훈련",2023-07,http://www.defensetoday.kr/news/articleView.html?idxno=5872,"합동참모본부는 공중재보급 임무 수행능력 향상을 위해 최근 육군 지상작전사령부와 공군 공중기동정찰사령부 등 8개 부대가 참가한 ‘2023년 합동 화물의장 및 공중투하 훈련’을 실시했다.
‘합동 화물의장 및 공중투하 훈련’은 지상군에게 재보급되는 장비·물자와 고립지역 인도적 지원물자들을 낙하산과 충격 흡수재 등으로 포장하여 군 수송기를 활용, 임무부대가 요청하는 지점에 투하하는 공중재보급 훈련이다.
C-130 수송기에 화물의장된 기동장비(스타렉스 벤)를 경남 의령 당말리 훈련장에 공중투하 하고 있다(사진:합동참모본부)
한반도 전장환경 특성상 지상병참선이 열악하여 이를 극복하기 위한 방안으로써 공중재보급을 발전시켜야 하며, 이중 공중투하는 지상병참선이나 비행장을 이용할 수 없는 전투부대나 고립된 부대에 군수물자를 재보급하는 것으로 운용능력 확충은 무엇보다 중요하다.
특히 이번 훈련은 회전익 항공기를 활용한 공수인양 훈련 및 해병대 상륙 임무를 고려 중장비(HE) 공중투하 훈련을 신규로 실시하여 물자지원능력을 숙달하였으며, 신속대응사단의 공중강습작전 여건 보장을 위해 군용트럭, 상용짚, 60·81mm 박격포 등 전투장비에 대한 공중투하를 통해 임무 수행능력을 향상시켰다. 또한, 공중투하체계 확대 적용을 위해 저비용투하체계(LCADS LCADS(저비용 투하체계) : Low Cost Aerial Delivery System) 및 재활용 낙하산에 대한 공중투하를 실시하여 적용 가능성을 입증하였으며, 향후 군수부대에서 지속 확보하여 작전지속지원 능력을 확대할 계획이다.
훈련을 주관한 합참 수송/물자과장(육군대령 최용수)은 “이번 합동 화물의장 및 공중투하 훈련 시, 부대별 임무를 고려한 실전적 훈련을 통해 결전태세를 확립하였고, 훈련 간 식별된 보완·발전과제에 대해 각 군과 협업하여 실질적으로 추진해 나갈 계획이며, 앞으로도 각 군의 역량 통합 및 절차 숙달을 통해 전시 안정적 공중재보급 운용능력을 확보해 나가겠다”라고 강조했다.  
[디펜스투데이]
Tag
#합동참모본부
#공중재보급훈련
#공중투하
#합동 화물의장 및 공중투하 훈련
#디펜스투데이
저작권자 © 디펜스투데이 무단전재 및 재배포 금지
이승준 기자
다른기사 보기","{""AI/컴퓨팅"": [""CAD""], ""무기/방어체계"": [""DE""], ""재료/제조"": [""TEM""], ""항공기"": [""C-130""]}",True,공중재보급 체계,,relevant,이 기사는 한국군의 공중재보급 능력 향상을 위한 합동 공중투하 훈련을 다루고 있습니다. 특히 공중투하 체계 확대 적용을 위한 저비용 투하체계 및 재활용 낙하산 시험 등이 언급되었습니다. 이는 공중재보급 관련 기술의 발전과 실전적 운용능력 향상을 보여줍니다. 그러나 구체적인 상용화/전력화 시점은 언급되지 않았습니다.
"FA-50GF 폴란드 공군에 2대 조기 납품",2023-07,http://www.defensetoday.kr/news/articleView.html?idxno=5860,"폴란드 국군총사령부(Dowództwo Generalne)는 7월 9일 공식 트위터에서 ""폴란드행 비행 전 FA-50 탑재""라며 대한항공 화물기에 FA-50 전투기를 싣는 모습을 동영상으로 공개했다. 
트위터에서 한국 한국항공우주산업(KAI)에서 제작한 전투기라고 소개하고 있다.
 
16초 짜리 짧은 영상에는 기체를 분해해서 보호포장으로 감싸진 FA-50GF가 화물기에 탑재되는 모습이다.
폴란드에 첫 인도되는 FA-50GF은 2대이다.
FA-50GF가 대한항공 747 화물기에 분해되서 안전한 운송을위해 포장이 되어 실리고 있다.
(사진:폴란드 국군총사령부(Dowództwo Generalne) twitter)
FA-50GF은 7월 9일 시작으로 올해 말까지 총 12대가 납품될 예정이다. 
FA-50GF은 폴란드 도착 후 현지에서 조립을 하고 시험 비행 후 8월 15일 '육군의 날'을 기념해 바르샤바에서 열리는 군사 퍼레이드에 참가한다.
 
무장은 AIM-9 사이드와인더,AGM-65 매버릭 공대지 미사일을 포함해 최대 4.5톤(t)의 무장을 탑재하며, 내장 20mm 기관포가 있다. 통상 항속거리는 약 1,800km로 실용상승한도는 약 15km다.
폴란드 공군용 FA-50GF에는 Link-16 데이터 링크와 나토(NATO)의 피아식별장비(IFF)가 장착된다.
추가로 상용 GPS도 폴란드 공군의 요구에 따라 장착 되어 있다.
폴란드 공군용 FA-50GF 1호기가 지난 6월 7일 출고식에 공개되었다.(사진:KAI)
마리우스 브와슈차크 부총리 겸 국방장관이 6월 7일(현지시간) 경남 사천 KAI 격납고에서 '폴란드 FA-50GF 1호기 출고식' 행사에 참여했다.
마리우스 브와슈차크 부총리 겸 국방장관은 출고식에서 ""FA-50GF의 빠른 출고 덕분에 폴란드 전력의 조기 보강 및 현대화가 가능해졌다""며 ""FA-50GF이 폴란드의 영공을 비행하는 날을 기대한다""고 말했다.
폴란드는 KAI와 22년 9월 FA-50 48대 수출 계약을 체결했다.
12대의 수출형 FA-50GF는 23년 7월 9일부터 12월말까지 순차적으로 전량 폴란드에 인도되며, 폴란드 공군용 개량형인 FA-50PL 36대는 2025년 하반기부터 2028년까지 순차적으로 인도한다.
FA-50PL은 프로브앤드로그 공중급유시스템, 팬텀 스트라이크 능동위상배열레이더(AESA), AIM-9X/AIM-120C 공대공 미사일과 스나이퍼포드, 레이저 유도폭탄등 무장 업그레이드 등으로 러시아제 MIG-29와 SU-22 를 대체하며, F-35 및 F-16 전투기 파일럿 교육 훈련에도 사용될 예정이다.
[디펜스투데이]
Tag
#FA-50GF
#폴란드인도
#Dowództwo Generalne
#폴란드국군총사령부
#KAI
#디펜스투데이
저작권자 © 디펜스투데이 무단전재 및 재배포 금지
이승준 기자
다른기사 보기","{""우주/위성"": [""GPS""], ""AI/컴퓨팅"": [""AI""], ""센서/통신"": [""IFF""], ""무기/방어체계"": [""유도폭탄""], ""항공기"": [""F-35"", ""F-16"", ""전투기""], ""항공기/전투기"": [""FA-50""], ""방산기업"": [""KAI""]}",True,FA-50GF,2023-07,high,"군사 기술의 상용화/전력화와 관련된 내용을 다루고 있습니다. 주요 기술명은 FA-50GF 전투기이고, 2023년 7월부터 12월까지 폴란드에 12대가 순차적으로 인도될 예정입니다."
"한화시스템, ‘C-130H 성능개량’ 사업 계약 국산 DIRCM 최초 탑재 및 항공생존체계 통합",2023-06,http://www.defensetoday.kr/news/articleView.html?idxno=5741,"한화시스템㈜(대표이사 어성철)은 방위사업청과 ‘C-130H 성능개량(2차)’ 사업 계약을 체결했다고 6월 19일 밝혔다. 
본 사업은 공군에서 운용하는 C-130H 수송기 일부에 지향성 적외선방해장비(DIRCM)·미사일접근경보장비(MAWS)·생존관리컴퓨터(EWC) 등 자체 보호장비를 탑재해 적의 적외선 유도미사일 공격에 대한 생존능력을 향상하기 위한 항공기 성능개량 사업이다.
한화시스템에서 개발한 국산 DIRCM (사진:디펜스투데이)
한화시스템은 세계에서 여섯 번째이자 국내 최초로 DIRCM를 국산화하고 2021년 최초운용시험평가를 성공적으로 완료해 전력화 가능성을 검증받았다. 또한, 수리온 및 소형무장헬기 체계개발 사업을 통해 EWC 국산화 성공 및 생존체계 통합기술을 확보했으며, 피아식별장비(IFF Mode-5) 성능개량사업을 통해 항공기 성능개량 기술도 보유하고 있다. 
특히 항공기의 필수 생존장비인 DIRCM은 그동안 해외 장비를 탑재했으나 본 성능 개량사업에서 부품 및 체계 단위의 완벽한 검증을 통해 국내 순수 기술로 만든 DIRCM을 적기 전력화할 예정이다.
‘지향성적외선방해장비(DIRCM)’는 아군 항공기를 공격하는 휴대용 대공 미사일과 같은 적외선 유도미사일 위협에 대응하는 장비다. 항공기에 장착돼 적의 미사일 위협 신호가 탐지되면 고출력 적외선 레이저(기만 광원)를 발사해 미사일을 교란해 아군 항공기의 생존성을 획기적으로 향상하는 첨단 방어 시스템이다.
한화시스템에서 개발한 EWC(생존관리컴퓨터)(사진:디펜스투데이)
이번 사업을 통해 한화시스템은 국내기술로 개발한 DIRCM과 EWC에 해외 협력사가 제공하는 MAWS를 체계 종합해 단순한 생존장비 탑재가 아닌 항공생존체계 통합솔루션을 적용할 계획이다. 
한화시스템은 ‘함정용 전자광학 방어 기술’ ‘지상용 지향성 방해 기술’에 이어 금번 사업까지 수주하며 육·해·공에 이르는 지향성 능동형 방해 장비 및 항공기 성능개량 분야의 전문업체로서 독보적인 입지를 강화해 나가고 있다.
한화시스템이 국내 최초로 국산화에 성공한 ‘지향성적외선방해장비 (DIRCM)’가 탑재된 C-130H 운용 개념 (사진:한화시스템)
김정호 한화시스템 항공·우주사업부문 사업대표는 “최초로 국산 DIRCM을 탑재하고  생존장비 체계통합을 성공적으로 수행함으로써 그동안 해외 기술에 의존해 오던 한계를 극복하고 자주국방 실현에 기여할 수 있기를 바란다”라며, “향후 우리 군이 운용 중인 다양한 항공기에 생존체계 통합솔루션을 적용할 기회가 본격적으로 열리길 기대하며, 수출 경쟁력을 확보해 글로벌 방산 시장 진출도 적극 도전할 계획이다”라고 전했다.
[디펜스투데이]
Tag
#한화시스템
#DIRCM
#지향성적외선방해장비
#C-130H개량
#디펜스투데이
저작권자 © 디펜스투데이 무단전재 및 재배포 금지
이승준 기자
다른기사 보기","{""센서/통신"": [""적외선"", ""IFF"", ""EW"", ""IR""], ""무기/방어체계"": [""DE""], ""항공기"": [""C-130""]}",True,"['DIRCM', 'EWC']",2023-06,high,"이 기사는 한화시스템이 국내 최초로 개발한 DIRCM 장비와 EWC 장비를 C-130H 수송기에 탑재하고 항공 생존체계를 통합하는 사업 계약 체결에 대해 다루고 있습니다. 이는 실제 군사 기술의 상용화와 전력화를 다루고 있으며, 구체적인 기술명과 배치 시점이 명시되어 있어 정보의 질이 높습니다."
"라파엘, 아이언 빔 해상 시스템 솔루션 공개",2023-06,http://www.defensetoday.kr/news/articleView.html?idxno=5735,"라파엘 어드밴스드 디펜스 시스템즈가 5월 3일부터 5일까지 싱가포르에서 열리는 국제 해양 방위 전시회에 참가하여 특별한 방위 솔루션을 처음으로 선보였다.
 
라파엘은 IMDEX 2023에서 정교하고 다양한 해군 시스템 포트폴리오를 강조했다. 
라파엘 해상 IRON BEAM 시스템(사진:Rafael)
특히 아이언 빔의 해상버전을 처음으로 선보였다. 2022년 3월, 라파엘은 국방부 국방연구개발국(DDR&D)과 함께 고출력 레이저 요격 시스템인 아이언 빔으로 가파른 궤도 위협에 대한 일련의 획기적인 실사격 시험을 성공적으로 완료했다.   
라파엘의 해상 아이언 빔은 단거리 탄도 로켓, 드론, 다양한 크기의 무인항공기 등 다양한 위협을 신속하고 효과적으로 교전하고 무력화하도록 설계되었다. 
육상용과 마찬가지로 해상용도 아이언 돔과 같은 기존 방공 시스템에 통합할 수 있어 운동 방공 기능에 더해 상호 보완적이고 비용 효율적인 방어 솔루션을 구성할 수 있다.
해상용 IRON BEAM (사진:Rafael)
라파엘 육상 및 해상 시스템 부문 총괄 부사장인 란 고잘리(Ran Gozali) 박사는 ""진화하는 위협에는 역동적이고 진화하는 솔루션이 필요하며, 해군 아이언 빔은 이러한 방어 솔루션의 훌륭한 예다. 라파엘의 해군 포트폴리오는 지속적으로 성장하고 있으며, 시스템은 지속적으로 업그레이드되고 있으며, 연구 개발에 집중하여 현재와 미래의 과제에 대한 새로운 솔루션을 빠르게 파악하고 있다. 이번 IMDEX 전시를 통해 해군 분야에서 가장 시급한 보안 과제에 가장 정밀한 솔루션을 제공하는 라웨이엘의 우수성을 자세히 살펴볼 수 있을 것이다.""라고 밝혔다. 
 
라파엘 또한 C-DOME 미션 모듈로 알려진 아이언 돔의 해상용 최신 구성도 선보였다. 이스라엘 해군에서 이미 테스트 및 운용 중인 C-DOME을 통해 RAFAEL은 지역 방위 애플리케이션을 위한 C-DOME 미션 모듈 개념을 개발하여 OPV, 보조 함정 및 기타 해군 지원 함정 및 자산을 위한 고급 솔루션을 제공하여 갑판 관통, 함정 선체 개조 또는 복잡한 플랫폼 통합 없이도 첨단 방공 능력을 갖출 수 있도록 지원한다.
C-DOME 해상 임무 모듈(사진:Rafael)
다양한 해군 분야와 시나리오에서 다년간의 경험과 심도 있는 운영 노하우를 바탕으로 모든 영역에서 전투에서 입증된 기술을 통합한 라파엘은 해상 지역 소프트 및 하드 킬 방어, 전자전, 미사일 타격 시스템, 원격 제어 무기 스테이션 등 파도 위와 아래의 모든 현대 해군 위협에 대해 해군의 방어 우위를 제공하는 선도적인 기술과 솔루션을 제공한다.
고유한 해군 시스템 포트폴리오를 통해 사용자의 요구 사항에 완벽하게 맞춤화된 다양한 조합의 배치가 가능하며, 최근 몇 년 동안 필리핀 해군과 FAIC-M 함정에 대한 전체 솔루션 제품군 공급 계약을 비롯하여 아시아 해군의 다른 임대 계약을 체결하는 등 여러 건의 중요한 계약을 체결했다. 
[디펜스투데이]
Tag
#Rafael
#RAFAEL NAVAL IRON BEAM
#C-DOME MISSION MODULE
#IMDEX2023
#디펜스투데이
저작권자 © 디펜스투데이 무단전재 및 재배포 금지
이승준 기자
다른기사 보기","{""무인체계"": [""무인항공기""], ""우주/위성"": [""ISS""], ""AI/컴퓨팅"": [""AI""], ""센서/통신"": [""전자전"", ""IR""], ""무기/방어체계"": [""DE""], ""재료/제조"": [""AM"", ""PV""], ""해군장비"": [""naval""]}",True,아이언 빔 해상 시스템,2023-05,high,"본문에서 라파엘 어드밴스드 디펜스 시스템즈가 아이언 빔의 해상버전을 처음으로 공개했으며, 이는 기존의 아이언 돔 시스템과 상호 보완적이고 비용 효율적인 방어 솔루션이라고 설명하고 있어 상용화/전력화가 완료된 것으로 보입니다."
"라파엘, 매출 및 수주에서 사상 최대 실적 기록",2023-06,http://www.defensetoday.kr/news/articleView.html?idxno=5734,"2022년 매출 약 34억5000만달러, 수주 약 48억달러, 수주잔고 약 101억달러, 순이익 1억5000만달러로 사상 최고치 기록 달성
라파엘 어드밴스드 디펜스 시스템즈(Rafael Advanced Defense Systems Ltd.)가 회사 이사회 승인에 따라 2022년 매출 34억5000만달러, 순이익(전년도 이익에 대한 특별세 제외) 1억5000만달러의 재무실적을 발표했다.  
수주액은 48억 달러, 수주잔고는 약 3년치 매출에 해당하는 101억 달러다. 2022년에 라파엘은 전년도 이익잉여금에 대한 특별세로 약 1억 2,800만 달러를 이스라엘 정부에 납부했다.
수주 잔고는 100억 달러를 돌파하며 지난해 같은 기간의 약 92억 달러에 비해 약 102억 달러로 기록을 경신했으며, 이는 주로 이스라엘과 해외에서 받은 주문으로 인한 증가다.
2022년 순이익(특별세 제외)은 약 1억 5,000만 달러로 2021년 순이익 약 1억 3,300만 달러에 비해 크게 증가했다. 2022년 회사의 총 매출은 약 345만 달러로 2021년 약 30억 7천만 달러에 비해 감소했다.
요아브 하-에븐(요아브 하-에븐) 라파엘 CEO 겸 사장은 ""2022년은 여러 면에서 어려운 한 해였다:  코로나19 팬데믹의 지속적인 영향, 인력 채용 및 유지의 어려움, 공급망의 어려움은 물론 우크라이나 및 기타 주요 사건의 영향을 받은 이스라엘과 전 세계 시장의 변화와 혁신이 있었다.  
적절한 준비와 회사의 전략적 비전의 실질적인 실행을 통해 RAFAEL은 2022년을 성공적인 한 해로 마무리했다. 이번 회계연도에는 이스라엘과 전 세계에서 기술적 혁신과 마케팅 성과를 거두었으며, 재무적으로도 매우 유망한 성과를 거두었다.  
지난 한 해의 도전과 복잡성 속에서도 RAFAEL은 연구 개발에 대한 막대한 투자의 산물인 다양한 역량과 첨단 시스템을 제공함으로써 IDF와 국방 기관 전체에 상당한 기여를 하며 국가 안보를 뒷받침하는 중심 기둥 역할을 계속해 왔다. 무엇보다도 우리는 인력의 질에 의존하며, 이것이 우리가 도전을 극복하고 우리 앞에 놓인 목표를 달성 할 수있게 해준다. 이와 관련하여 우리는 최고의 인재를 보존, 개발 및 채용하기 위해 모든 수준에서 주요 조치를 취해왔으며 2023년에도 계속해서 이러한 노력을 기울일 것이다. 우리는 이미 또 한 번의 성공적인 한 해를 보내고 있습니다. 이 자리를 빌려 6년간 회사를 이끌며 귀중한 업적을 남긴 우지 란다우(Uzi Landau) 이임 회장에게 감사의 인사를 전하며, 라파엘의 경영진과 이사회를 대표해 라파엘 직원과 그 가족들에게도 감사의 인사를 전하고 싶다.""
요아브 하-에븐 라파엘 CEO 겸 사장(사진:Rafael)
2022년에 라파엘은 개발과 테스트는 물론 상업적 성공과 비즈니스 운영 측면에서 몇 가지 기념비적인 성과를 기록했다. 라파엘은 방공 분야에서 글로벌 리더로서의 입지를 공고히 하고 전 세계 시장에서 입지를 강화했다.  
아이언 돔 시스템을 보완할 수 있는 강력한 레이저 시스템으로 공중 위협을 요격할 수 있도록 설계된 아이언 빔 고에너지 레이저 무기 시스템의 성공적인 테스트를 통해.  이 시스템의 개발은 글로벌 수준의 기술 혁신이며, 동급의 다른 시스템에서는 볼 수 없는 정교한 기술을 갖춘 라파엘 시스템 목록에 합류했다.  
또한 2022년에 라파엘은 록히드마틴과 아이언 빔 시스템 개발을 위한 전략적 협력 계약을 체결했다.  또한 미 육군과 협력하여 '아이언 돔' 배터리의 실사격 시험을 완료했다. 
라파엘은 세계 최첨단 대전차 미사일인 신형 스파이크 NLOS 6세대 미사일을 공개하고, 아이언 돔을 해상용으로 응용한 C-DOME 시험에 성공했다.  
이스라엘 미사일 최초로 표적을 자율적으로 분류할 수 있는 첨단 전자광학 유도 탄두를 장착한 첨단 공대지 미사일인 아이스 브레이커(ICE BREAKER)를 출시했다. 
2022 회계연도에는 라파엘의 활동 확대를 지원하기 위해 두 개의 국제 기업을 인수하는 등 다른 주요 상업적 성과도 있었다.
미국에 본사를 둔 PVP와 영국에 본사를 둔 피어슨 엔지니어링이다.
우수한 실적을 이어가며 라아엘은 특별한 프로젝트로 이스라엘 보안상(이스라엘 보안상 역사상 58번째)을 다시 한 번 수상했다.
2022년에는 직원 채용 부문에서도 약 1,300명의 직원을 채용하는 쾌거를 달성했다.
라파엘은 약 8,000명의 직원을 고용하고 있으며, 대부분 이스라엘 북부에 위치한 하청업체로부터 연간 약 40억 달러 규모의 계약을 체결하는 이스라엘 북부 최대 고용사다.
정부 소유의 민간 기업이 된 이후 라파엘은 총 25억 NIS가 넘는 배당금을 국가로 이전했다.
회사 전체 매출의 약 8.9%가 연구 개발에 대한 투자에 할당된다. 이 투자에는 이스라엘 및 해외 학술 기관과의 공동 활동과 스타트업 및 혁신 센터와의 협업을 포함한 다양한 시민 활동 참여도 포함된다.
2022년 12월 31일에 마감된 2022년 4분기 재무 실적에 따르면 매출은 전년 동기 대비 약 15% 증가한 3,863백만 셰켈, 순이익은 전년 동기 순이익 2억 7천만 셰켈 대비 약 15% 증가한 3억 1천만 셰켈(전년도 이익에 대한 특별세 제외)을 기록했다.
4분기에 라파엘은 전년도(10년 이상) 이익잉여금에 대한 특별세 2억 2,700만 셰켈을 이스라엘에 납부했다.
[디펜스투데이]
Tag
#Rafael
#라파엘
#요아브 하-에븐(요아브 하-에븐) 라파엘 CEO 겸 사장
#디펜스투데이
저작권자 © 디펜스투데이 무단전재 및 재배포 금지
이승준 기자
다른기사 보기","{""AI/컴퓨팅"": [""LAN""], ""무기/방어체계"": [""DE""], ""재료/제조"": [""TEM"", ""PV""], ""기타/기술"": [""EMS""]}",True,강력한 레이저 시스템,,relevant,"기사에서 라파엘이 개발 중인 아이언돔 시스템을 보완할 수 있는 강력한 레이저 시스템에 대해 언급하고 있으나, 구체적인 상용화 시점은 제공하고 있지 않음."
"라파엘, 3억 7천만 유로 규모의 스파이크 미사일 판매 계약 체결",2023-06,http://www.defensetoday.kr/news/articleView.html?idxno=5727,"이스라엘 국방부는 그리스 국방부가 약 3억 7천만 유로에 달하는 계약을 통해 라파엘의 스파이크 미사일을 인수한다고 발표했다.
이스라엘 국방부 국장 에얄 자미르(Maj. Gen. (Res.) Eyal Zamir)와 그리스 국방투자군비총국 국장 아리스테디스 알렉소풀로스(Aristeidis Alexopulos) 준장은 라파엘 어드밴스드 디펜스 시스템즈가 제조한 해상, 공중 및 지상 기반 스파이크 미사일을 수출하는 GTG 계약에 서명했다.
해상용 SPIKE NLOS 미사일(사진:Rafael)
이 계약은 약 14억 4천만 NIS(약 3억 7천만 유로)에 달하며, IMoD의 국제방위협력국(SIBAT)이 주도했다.
라파엘이 생산하는 대전차 유도 미사일 스파이크는 첨단 기술이 집약된 혁신적이고 정밀한 전자광학 미사일이다. 스파이크 미사일은 지상, 공중, 해상에서 약 45개의 플랫폼에서 발사할 수 있다. 
전 세계 40여 개국이 스파이크 미사일을 사용하고 있으며, 여기에는 19개 유럽연합 국가와 북대서양조약기구(NATO) 동맹국이 포함된다. 이미 전 세계 여러 국가에 34,000기 이상의 스파이크 미사일이 인도되었으며, 그 중 6,000기 이상이 훈련 및 작전용으로 발사되었다.
SPIKE NLOS ATGM 시스템(사진:Rafael)
요아브 하르-에븐(요아브 하르-에븐) 라파엘 최고경영자 겸 사장은 그리스 국방부와의 계약을 환영하며, 특히 이번 계약과 관련하여 그리스와의 협력을 증진해준 이스라엘 국방부에 감사드린다. 스파이크 미사일은 그리스 군대의 작전 도구 포트폴리오를 강화할 것이며 가까운 장래에 전략적 협력을 통해 추가 확장을 기대한다라고 밝혔다.
요아브 갈란트 국방부 장관은 이 프로젝트는 이스라엘 국가와 그리스 공화국 간의 일련의 계약에 합류하며, 양국과 방위 시설 간의 강력한 파트너십과 지역 안정을 보장하기 위한 상호 노력을 더욱 강조한다. 
이스라엘의 방위 산업은 이스라엘이 경제적, 정치적으로 긍정적인 성과를 거둘 수 있게 하는 기술력을 보유하고 있다라고 밝혔다.
SPIKE ER 2 미사일(사진:Rafael)
이스라엘 국방부 국장, 에얄 자미르 소장(예비역 소장)은 그리스 국방부와의 이번 협약은 이스라엘과 그리스 간의 전략적 파트너십을 보여주는 또 다른 표현이다. 최근 그리스 공군 조종사 훈련 센터의 역량 업데이트를 포함하여 지난 2년간 체결한 수십억 셰켈 규모의 일련의 계약 중 일부다라고 밝혔다.
[디펜스투데이]
Tag
#Rafael
#NAVAL SPIKE NLOS MISSILE
#SPIKE NLOS ATGM
#SPIKE ER 2
#그리스
#디펜스투데이
저작권자 © 디펜스투데이 무단전재 및 재배포 금지
이승준 기자
다른기사 보기","{""우주/위성"": [""ISS""], ""AI/컴퓨팅"": [""AR""], ""센서/통신"": [""IR""], ""재료/제조"": [""AM""], ""미사일/방공"": [""missile""], ""해군장비"": [""naval""]}",True,"SPIKE NLOS, SPIKE ER 2 미사일",2023-06,high,"기사는 그리스가 이스라엘의 스파이크 미사일을 구매하고 있다는 내용을 다루고 있습니다. 스파이크 미사일은 지상, 공중, 해상 등에서 사용 가능한 유도 미사일로서, 전 세계 40여개국이 사용하고 있는 기술입니다. 계약 규모와 구체적인 배치 시점이 명시되어 있어 기사의 내용이 군사 기술의 상용화/전력화와 관련이 깊다고 볼 수 있습니다."
"노스롭그루먼, 미해군 첫 개량 E-6B 머큐리 전략 지휘통제기 납품",2023-06,http://www.defensetoday.kr/news/articleView.html?idxno=5688,"노스롭그루먼은 미 해군에 첫 번째 E-6B 머큐리 공중지휘통제기를 성공적으로 인도했다고 발표했다. 
이 공중지휘통제기는 통합 개조 및 유지보수 계약(IMMC)의 첫 번째 E-6B 머큐리 공중지휘통제기기로, 기록적인 시간 내에 해군에 인도되었다.
두 번째 공중지휘통제기는 이미 레이크 찰스에 도착했으며 공중지휘통제기에 대한 기능 업그레이드, 통합 및 테스트가 진행 중이다.
노스롭그루먼이 개량해서 미해군에 인도한 E-6B 머큐리 핵전쟁 공중지휘통제기(사진:U.S.NAVY)
노스롭그루먼의 기술을 접목한 현대화 접근 방식을 통해 약 1년 만에 첫 번째 개조 작업을 완료하여 향후 개조 기간을 6개월로 단축할 수 있는 길을 열었다.
5개의 키트가 E-6B 플랫폼에 성공적으로 통합되어 효율성을 구현하고 지휘통제기의  지휘, 제어 및 통신 기능을 개선했다.
노스롭 그루먼의 플랫폼 유지 및 임무 준비 담당 부사장 스콧 파이퍼(Scott Pfeiffer): ""노스롭 그루먼은 현대화에 최첨단 기술을 활용하여 지속적인 임무 준비를 위해 국가사령부(NCA)와 미국 전략 및 비전략군 사이에 생존 가능하고 안정적이며 내구성 있는 공중 지휘, 통제 및 통신을 제공하려는 해군의 임무를 지원하고 있다""고 말했다.
노스롭그루먼은 2022년 2월 미 해군의 상용 보잉 707 항공기의 파생형인 E-6B 머큐리 플랫폼에 대한 통합 개조 및 유지보수 계약(IMMC)을 수주했다. 이 작업은 레이크 찰스에 있는 노스롭 그루먼의 항공기 유지보수 및 제작 센터에서 수행되었다.
중요한 TACAMO(Take Charge and Move Out) 전략 통신 임무의 일부인 E-6B는 광범위한 주파수 스펙트럼에서 작동하여 보안 및 비보안 음성 및 데이터 정보를 송수신한다. 
이 공중지휘통제기는 대통령, 국방부 장관 및 미국 전략 사령부를 지원하기 위해 생존 가능하고 안정적이며 내구성 있는 공중 지휘, 통제 및 통신기능을 갖고 있다.
두 번째 지휘통제기는 이미 레이크 찰스에 도착했으며 항공기에 대한 기능 업그레이드, 통합 및 테스트가 진행 중이다. 
향후 몇 년 동안 노스롭그루먼은 해군의 E-6B 공중지휘통제기에 대한 이러한 개조를 지속적으로 수행하여 NCA와 미국 핵 3국을 연결하는 지휘, 통제 및 통신 기능을 개선할 것이다. 
노스롭그루먼은 1억 1,100만 달러 규모의 계약에 따라 필요한 핵심 개조를 위한 통합 생산 라인을 구축할 예정이다.
[디펜스투데이]
Tag
#노스롭그루먼
#E-6B
#U.S.NAVY
#핵전쟁공중지휘통제기
#개조개량
#디펜스투데이
저작권자 © 디펜스투데이 무단전재 및 재배포 금지
이승준 기자
다른기사 보기","{""AI/컴퓨팅"": [""AR""], ""센서/통신"": [""지휘통제"", ""IFF""], ""재료/제조"": [""AM""]}",True,E-6B 머큐리 공중지휘통제기,2023-06,high,이 기사는 미 해군이 노스롭그루먼으로부터 E-6B 공중지휘통제기를 개량/납품 받은 내용을 다루고 있습니다. 구체적인 기술명과 납품 시점이 제시되어 있어 상용화/전력화 정보를 포함하고 있습니다.
"KAI, 미래 해양 항공 플랫폼",2023-06,http://www.defensetoday.kr/news/articleView.html?idxno=5677,"KAI(한국항공우주산업㈜)은 ‘제13회 국제해양방위산업전(이하 MADEX)’에서 차기 사업들을 공개했다.
강구영 KAI 사장(왼쪽2번째)이 이종섭 국방장관(왼쪽3번째)에게 KAI 항공기를 소개하고 있다(사진:KAI)
MADEX는 해군이 주최하는 해양방위산업 전시회로 2001년부터 격년으로 개최되고 있다.
전시회에는 12개국 145개 업체가 참여하고 28개국 해군대표단 100여 명이 방문했다.
KAI는 현재 개발 중인 상륙공격헬기와 소해헬기를 비롯해 NI-500VT 함탑재 무인기 등 한국 해군의 주력 기종이 될 미래 항공 플랫폼을 선보였다.
(왼쪽부터) Natasha Pheiffer BAE 아시아사업개발대표, Mark Goldsack 영국 방위보안청장 , 강구영 KAI 사장, 박인수 KAI 회전익시험평가실 상무(사진:KAI)
특히, KAI는 다목적수송기(MC-X, Multirol Cargo eXperimental) 기반의 해상초계기 형상을 최초 공개했으며, 올해 UAE와의 공동개발을 선언한 차세대 수송기의 시장 확대 기대감을 높였다.
함정용시뮬레이터와 KUH-1 VR 시뮬레이터 등 4차 산업 혁명 기술이 적용된 미래형 훈련체계를 경험할 수 있는 메타버스존을 마련하고 관람객들에게 체험 기회를 제공했다.
태진수 KAI 회전익개발그룹장(왼쪽)이 이종호 해군참모총장(중앙) 및 관람객에게 설명하고 있다.(사진:KAI)
KAI는 이번 전시회에서 미래 항공플랫폼의 국내 사업화와 상륙기동헬기, 상륙공격헬기, 해경헬기 등 다양한 해상 작전을 위한 파생형이 개발된 수리온의 첫 수출을 위한 해외 마케팅을 추진하고 있다.
해군 항공사령관, 해병대 전력기획실장 등 군 고위인사들과의 면담을 통해 미래 전장에서 중요성이 증대되고 있는 미래 해군전력 강화를 위해 KAI가 개발 중인 신규 해상 무기체계를 소개하고 사업화를 논의했다.
다목적 수송기 MC-X 모형(전면)과 해상초계기 형상(후면) (사진:디펜스투데이)
저탄소 친환경 비행체인 수직이착륙무인기 NI-500VT(Night Intruder-500 Vertical Take off & Landing)는 함탑재 운용이 가능하여 해군의 정찰, 수색 임무 수행에 강점이 있다.
말레이시아, 필리핀 등 기존 FA-50 도입국의 해군 공군총장 등을 만나 상륙기동/공격헬기, 소해헬기 등 다양한 수리온 파생형의 우수성을 알리고 추가 수출을 위한 마케팅을 펼쳤다.
수직이착륙 정찰용 무인기 NI-500VT 전시 모형(사진:디펜스투데이)
올해로 전력화 10년을 맞은 수리온은 국내 200여 대 군‧관용 헬기의 안정적인 운용실적과 후속지원 기반은 물론 9종의 다양한 플랫폼을 보유하고 있어 최근 해외 고객들의 관심이 늘고 있다.
6월 8일 KAI는 MADEX 현장에서 BAE와 소해헬기 무인 기뢰 처리 시스템 계약 선언식을 가졌다. 수리온 기반으로 개발되고 있는 소해헬기에 3종의 임무장비(레이저 기뢰 탐색 장비, 수중 자율 기뢰 탐색체, 무인 기뢰 처리 시스템)를 체계 통합할 예정이다.
KAI 부스를 구경하는 관람객들(사진:KAI)
강구영 사장은 “미래전장에서 해군의 전략적 역할이 강화되면서 항공전력의 중요성이 주목받고 있다.” 며 “KAI도 다양한 해상용 미래항공 플랫폼 개발로 해군 전력강화에 기여하겠다.”고 밝혔다.
전시 마지막 날인 6월 9일 강구영 사장과 임직원들은 6월 호국보훈의 달을 맞아 한국 UN사 친선협회와 함께 부산 UN 기념공원 묘역을 찾아 참배했다.
KAI 전시 부스(사진:KAI)
[디펜스투데이]
Tag
#KAI
#MADEX2023
#국제해양방위산업전
#벡스코
#디펜스투데이
저작권자 © 디펜스투데이 무단전재 및 재배포 금지
이승준 기자
다른기사 보기","{""무인체계"": [""수직이착륙"", ""Experimental""], ""AI/컴퓨팅"": [""AI"", ""LAN"", ""VR"", ""AR""], ""센서/통신"": [""IFF"", ""IR""], ""무기/방어체계"": [""DE""], ""항공기/차량"": [""공격헬기""], ""항공기/전투기"": [""FA-50""], ""방산기업"": [""KAI""]}",True,"['무인기(NI-500VT)', '상륙공격헬기/소해헬기', '다목적수송기(MC-X) 기반 해상초계기']","[None, None, None]",relevant,"이 기사는 KAI가 MADEX 국제 방산전에서 소개한 다양한 미래 항공 플랫폼을 다루고 있습니다. 무인기, 헬기 등 새로운 군사 기술이 소개되었지만 실제 전력화 시점은 언급되지 않았습니다. 따라서 이는 계획 단계의 기술이라고 볼 수 있습니다."
"인텔샛, 일본항공에 2Ku 연결 업그레이드 제공",2023-06,http://www.defensetoday.kr/news/articleView.html?idxno=5670,"세계 최대의 통합 위성 및 지상파 네트워크 운영업체이자 기내 연결(IFC) 서비스의 선도적인 제공업체인 인텔샛(Intelsat)은 오랜 고객인 일본항공(Japan Airlines, JAL)과 약 50대의 보잉 737 및 767을 인텔샛의 2Ku 기내 연결 솔루션으로 업그레이드하는 계약을 체결했다.
인텔샛 상용 항공의 상용 항공 담당 수석부사장인 데이브 비주르(Dave Bijur)는 “10년에 걸쳐 JAL이 인텔샛에 준 신뢰를 소중하게 생각한다. JAL은 인텔샛의 미국 이외 최초의 상용 항공 고객이었고, 고객이 무료 서비스를 즐길 수 있는 일본 시장 최고의 JAL의 기내 연결 서비스를 계속 지원할 수 있기를 기대한다”고 밝혔다.
일본항공(JAL)과 약 50대의 보잉 737 및 767을 인텔샛의 2Ku 기내 연결 솔루션으로 업그레이드 계약(사진:비즈니스와이어)
보잉 737 및 767기 외에도 JAL의 자회사인 제이에어(J-AIR Co. Ltd.)는 현재 엠브라에르 E190(Embraer E190) 항공기에 인텔샛의 2Ku 시스템을 설치하고 있다. 최근 발표한 바와 같이 제이에어는 2024년 말까지 14대의 E190에 2Ku 시스템 설치를 완료할 예정이다. 설치가 완료되면 제이에어는 기내 엔터테인먼트 및 연결 서비스를 제공하는 일본 최초의 지역 항공사가 된다.
일본항공 고객 경험 담당 수석부사장 돗토리 미쓰코(Mitsuko Tottori)는 “인텔샛은 2013년부터 JAL의 신뢰할 수 있는 파트너였다. 우리는 인텔샛과 협력하여 승객에게 보다 강력한 기내 연결을 제공할 수 있다. 2017년부터 국내선을 이용하는 모든 승객에게 무료 서비스를 제공하는 세계 최초의 항공사가 된 것을 자랑스럽게 생각하며 새로운 2Ku 단말기가 가져올 더 빠른 속도와 안정성의 이점을 기대한다”고 말했다.
2Ku 서비스에는 기계적으로 조정되는 위상 배열 안테나가 포함되는데, 이는 인텔샛이 JAL의 항공기에 거의 10년 전에 원래 설치했던 짐벌 안테나를 대체할 예정이다. 이 서비스는 2025년에 서비스를 시작하게 될 인텔샛의 새로운 소프트웨어 정의 위성(software-defined satellites, SDS) 군집 뿐만 아니라 처리량이 많은 최신 위성에서 작동하도록 설계되었다.
  [디펜스투데이] 
Tag
#인텔샛
#JAL
#2Ku서비스
#디펜스투데이
저작권자 © 디펜스투데이 무단전재 및 재배포 금지
이승준 기자
다른기사 보기","{""AI/컴퓨팅"": [""AI"", ""AR"", ""RL""], ""센서/통신"": [""IR""], ""무기/방어체계"": [""DE""], ""첨단기술"": [""satellite""]}",True,2Ku 서비스,2025,relevant,기사에 따르면 인텔샛이 일본항공(JAL)과 약 50대의 보잉 737 및 767을 인텔샛의 2Ku 기내 연결 솔루션으로 업그레이드하는 계약을 체결했다고 보도하고 있습니다. 이 2Ku 서비스는 2025년에 서비스를 시작하게 될 인텔샛의 새로운 소프트웨어 정의 위성(SDS) 군집과 최신 위성에서 작동하도록 설계되었습니다. 따라서 이는 군사 기술의 상용화 사례에 해당합니다.
"보잉 협력업체 B-52J 개량 불확실",2023-05,http://www.defensetoday.kr/news/articleView.html?idxno=5610,"B-52 폭격기 1대가 보잉 오클라호마시티 엔지니어링 센터의 하이베이 시설에 입고되어 또 하나의 임무를 수행하고 있는데, 110억 달러 규모의 B-52 개량 사업을 궤도에 올려놓았다. 
미공군이 수십 년 동안의 지속적인 운용을 위해 전통있는 B-52 전략폭격기를 재가동시키기로 결정한 지 5년이 지났다.
향후 20년 동안 노스롭 그루먼 B-21이 로크웰 인터내셔널 B-1B 및 노스롭 B-2 폭격기를 대체할 2018 폭격기 벡터 계획에 따라 B-52는 은밀하게 침투하는 B-21 레이더의 장거리 미사일 발사 플랫폼으로 계속 임무를 할 계획이다. 
제 2 폭격비행단 소속의 B-52H 폭격기다. 미공군은 B-52J로 명명하여 기골보강,AN/APG-82 레이더 파생버전과 롤스로이스 F-130 엔진으로 교체하는 작업을 하고 있다.(사진:U.S.Air Force)
1962년에 생산이 완료된 8개 엔진이 장착된 폭격기는 2062년까지 전력을 유지하려면 대규모 개량이 필요하다. 
노후화를 방지하고, B-52의 항속 거리를 20% 이상 연장하기 위해 16,000파운드 추력의 프랫& 휘트니 TF33 터보팬을 BR725 파생 롤스로이스 F130 엔진으로 교체하며, 이를 위해서는 내부 구조 보강 와 항전장비에 대대적인 변경이 필요하다.
1980년대에 마지막으로 업데이트된 신뢰할 수 없는 기계식 스캔 APQ-166 레이더는 최신 능동 전자 탐지 어레이(AESA)로 교체되어 B-52가 하늘, 땅, 바다에서 미사일 발사 위치로 향하는 도중에 위협이 있는지 탐지할 수 있게 될 것이다. 
AGM-181 Long Range Standoff (LRSO) nuclear-tipped cruise missile.(사진:U.S.Air Force)
레이시온 AGM-181 장거리 스탠오프 미사일 및 새로운 위성 링크와 같은 다른 주요 업그레이드와 함께 재지정된 76대의 B-52J 중 첫 번째 기종이 향후 10년 이내에 운용될 예정이다.
업그레이드된 B-52 폭격기들은 수백 또는 수천 마일 떨어진 안전한 거리의 목표물에 최대 70,000파운드의 장거리 미사일을 발사하는 임무를 맡게 될 것이다.
이러한 여러 가지 중복된 현대화 노력은 평균 61년이 넘은 폭격기들에 대한 불안감을 불러일으키고 있다. 
Damage Inc. II(애리조나주 투손에 있는 미공군 격납고에서 작년에 오클라호마시티로 이전한 B-52H 기체 일부)가 가장 높은 순위에 올라 있다.
디지털 엔지니어링 모델과 가상 프로토타입의 시대에 Damage Inc. II는 보잉의 컴퓨터 가정이 현실과 일치하는지 확인하기 위한 물리적 테스트 자산을 나타낸다. 
클린 시트 프로토타입의 경우 디지털 프로토타입은 종이 위의 2D 설계를 3D 모델로 검증하는 데 유용한 방법이다. 
B-52는 이미 존재하기 때문에 엔지니어는 현실 세계에서 디지털 모델을 검증할 수 있다.
예를 들어 오른쪽 F130 엔진의 나셀 내부에 오일 캔을 배치하는 것은 3D 디지털 모델에서 접근 가능한 것처럼 보일 수 있다.
하지만 엔지니어가 대표적인 방한 장비를 착용하고 B-52의 날개 아래 사다리에 올라서면 화면에서는 올바르게 보이는 것이 실제로는 다르게 보일 때가 있다. 
롤스로이스의 F130엔진이 B-52폭격기 엔진으로 선정되어 통합작업 중이다. (사진: 롤스로이스)
II의 실제 모델조차도 한계가 있다.
1960년대 초에 제작되어 수십 년에 걸쳐 수리된 항공기는 외피 아래에는 기록되지 않은 수많은 변형이 있을 수 있다.
보잉 엔지니어들은 현재 보유 중인 여러 B-52 항공기 간의 부적합 규모를 파악하기 위해 검사할 샘플을 선정했다.
항공기 전체의 설계 변형이 매핑되지는 않았지만 일반적으로 예상되는 사항을 알고 있다고 확신하고 있다.
B-52의 엔진을 교체하는 것은 TF33을 제거하고 F130을 설치하는 것만큼 간단하지 않다. 롤스로이스 터보팬의 크기가 약간 다르기 때문에 플러터 엔벨로프가 달라지기 때문에 2개의 엔진이 장착된 4개의 포드는 각각 새로운 철탑에 더 높게 장착된다고 보잉의 B-52 부 프로그램 매니저인 에릭 라바스크(Erik LaVasque)는 말한다. 더 높은 위치와 약간 더 넓은 나셀로 인해 F130 포드의 더 많은 배기력이 B-52의 4개의 파울러 플랩으로 향하게 된다.
그 결과 보잉은 추가 하중을 지탱하기 위해 플랩 트랙을 강화하고 있다. 
TF33에서 F130으로 전환하면서 조종석의 조종석도 변경되었다.
이제 8개의 추력 레버는 일련의 풀리를 통해 TF33의 기계식 엔진 제어장치에 직접 와이어로 연결한다.
보잉은 추력 레버가 승무원의 추력 명령을 해석한 디지털 신호를 생성하여 F130의 전권 디지털 엔진 제어(FADEC)에 전달할 수 있도록 B-52의 배선을 다시 연결하고 있다.
또한 8개의 엔진 각각에 있는 FADEC는 새로 설치된 데이터 집중 장치에 성능 업데이트를 전송하여 결함이 감지될 경우 승무원에게 경고를 보내도록 설계되었다. 
승무원이 실시간으로 더 많은 시스템 성능 데이터에 노출됨에 따라 조종석 디스플레이도 혁신적으로 변화하고 있다.
조종석 양쪽에 있는 두 개의 음극선관 디스플레이는 하나의 다기능 터치 스크린으로 대체될 예정이다. 
추력 업그레이드와 더불어 B-52는 전력도 크게 향상된다.
각 TF33의 45kVA 발전기는 8개의 65kVA 발전기로 교체되어 기내 전력 용량이 44% 증가하여 총 520kVA로 늘어난다.
추가 전원 공급 장치는 새로운 레이더의 요구 사항을 충족하도록 설계되었으며 공군이 미래 센서와 무기를 배치함에 따라 충분한 확장여유가 있다. 
레이더 현대화 프로그램(RMP)은 하이브리드 레이시온 AESA 레이더를 설치하고 있다.
보잉 F/A-18E/F의 APG-79에 탑재된 프런트엔드 어레이의 수정된 버전이 보잉 F-15E 및 F-15EX의 APG-82에 탑재된 새로운 변형 레이더 프로세서와 통합되고 있다.
스텔스나 초음속이 없는 경우, B-52J의 생존성 등급은 위협을 피할 수 있다.
장거리 무장을 탑재하는 것은 적의 방공 시스템으로부터 폭격기를 안전하게 멀리 떨어뜨리기 위한 것이다.
이것이 실패할 경우, 레이더는 B-52가 요격 범위 내에 들어오기 전에 승무원에게 갑작스러운 위협을 인지하도록 설계되어 있다. 
그러나 1950년대 폭격기에 최신 레이더를 장착하려면 더 많은 변화가 필요하다.
레이더 업그레이드는 공군이 B-52 승무원을 5명에서 4명으로 줄이고, 방어 시스템 운영자의 기능을 조종석 아래 레이더/항법장치와 항법장치 스테이션으로 이전하면서 이루어진다.
또한 냉전 시대의 센서 디스플레이는 두 스테이션 모두에 20 X 8인치 크기의 L3Harris 테크놀러지스의 다기능 터치 스크린 두 개로 교체될 예정이며, 보잉은 새로운 레이더를 지원하기 위해 두 대의 강력한 새 임무 컴퓨터를 설치한다. 
이러한 중복되는 업그레이드를 획득 시스템을 통해 각각 안내하는 것은 어려운 일이다.
공군은 2019년에 국방부 중간 획득 당국이 허용하는 신속한 시제품 제작 형식으로 B-52 상용 엔진 교체 프로그램(CERP)을 시작했다.
그러나 새로운 공군 지휘부는 작년에 이 프로그램을 전통적인 구조로 전환하기로 결정했으며, 올해 9월에 엔지니어링 및 제조 개발(EMD) 마일스톤이 예정되어 있다. 
B-52 CERP는 2년 전 RMP 업그레이드에 이어 2030년에 배치할 예정이다. 그러나 기존 계약 규칙에서 요구하는 획득 계획 기준선을 설정하는 EMD 결정에 따라 일정이 재검토될 수 있다. 
미공군은 롤스로이스 엔진과 레이시온 레이더를 포함한 기성 하드웨어를 선택하여 개발 위험을 최소화하려고 했다.
이러한 결정으로 인해 F130을 지원하는 데 필요한 구조적 및 전자적 변경과 B-52 임무에 맞게 전투기 레이더를 조정하기 위한 새로운 소프트웨어 코드가 문제가 발생할 수도 있다.
디지털 및 물리적 프로토타입 외에도 공군은 테스트 역량도 확장하고 있다. AGM-181 프로그램을 지원하기 위해 두 대의 계기식 B-52H로 구성된 일반 비행 테스트 부대를 두 배로 늘렸다. 
총 4대의 B-52H가 상용 엔진 교체 프로그램(CERP) 및 레이더 현대화 프로그램(RMP) 비행 테스트를 위해 계측기를 추가할 계획이며, 필요한 경우 최대 2대의 폭격기를 추가로 비행 테스트에 투입할 수 있다.
[디펜스투데이]
Tag
#B-52J
#전략폭격기개량
#U.S.Air Force
#디펜스투데이
저작권자 © 디펜스투데이 무단전재 및 재배포 금지
이승준 기자
다른기사 보기","{""우주/위성"": [""ISS""], ""AI/컴퓨팅"": [""AI"", ""AR""], ""센서/통신"": [""IR""], ""무기/방어체계"": [""DE""], ""재료/제조"": [""AM""], ""기타/기술"": [""IP""], ""항공기"": [""B-1"", ""B-2"", ""B-21"", ""전투기"", ""전략폭격기"", ""B-52"", ""F-15""], ""미사일/방공"": [""missile""], ""첨단기술"": [""nuclear""]}",True,"['B-52 폭격기 엔진 교체', 'B-52 폭격기 레이더 업그레이드', 'B-52 폭격기 항속거리 연장', '장거리 스탠오프 미사일']",2030년대 초반,relevant,"이 기사는 B-52 폭격기의 현대화 계획을 다루고 있습니다. 주요 기술로는 엔진 교체, 레이더 업그레이드, 항속거리 연장, 장거리 스탠오프 미사일 탑재 등이 언급되었습니다. 이 기술들은 향후 10년 내 전력화될 것으로 예상되지만, 정확한 시점은 제시되지 않았습니다."
"LIG 넥스원 ‘초소형위성체계 군지상체’ 계약",2023-05,http://www.defensetoday.kr/news/articleView.html?idxno=5589,"LIG넥스원(대표 김지찬)은 국방과학연구소(ADD)와 약 991억원 규모의 ‘초소형위성체계 군지상체’ 계약을 체결했다. ADD 주관으로 올해부터 2030년까지 초소형위성체계 군지상체 개발을 완료할 계획이다.
초소형위성체계는 기존의 군정찰위성과 상호보완적으로 운용됨으로써 킬체인(Kill-Chain)능력을 강화시켜 한반도 및 주변해역의 신속한 위기상황 감시와 국가안보 대응력을 향상시킬 것으로 기대된다.
LIG 넥스원 위성모형(자료사진:디펜스투데이)
초소형위성체계 군지상체는 초소형 SAR(Synthetic Aperture Radar, 영상레이다) 및 EO(Electric Optical, 전자광학) 군집위성에 대한 임무/수집계획을 수립하고 관제를 통한 위성체 운용 및 위성체가 획득한 영상데이터를 수신하여 처리, 저장 및 배포를 수행한다. LIG넥스원은 과거 중고도무인기 지상통제체계를 통한 지상체 구축 개발 경험 및 무기체계 체계종합 개발업체로 검증된 기술력을 바탕으로 성공적인 개발을 확신하고 있다.
LIG넥스원은 본 사업을 통해 초소형위성체계 사업의 민지상체 및 활용시스템 용역 개발 등 다양한 위성사업 지상체 시장 및 위성서비스 분야 시장 진입을 위한 교두보를 마련하였다.
또한, LIG넥스원은 복수개발로 진행되는 ‘초소형위성체계 SAR검증위성’ 사업에서 한국항공우주산업(KAI)의 SAR 탑재체 분야 협력사로 참여하고 있으며, 앞서 다목적실용위성 6호 SAR 탑재체(2014년)를 시작으로 정지궤도 공공복합통신위성 통신탑재체(2021년), 한국형 위성항법시스템(KPS)의 탑재체 분야(2022년)를 수행하며 위성산업 전반에 한국형 New Space 시대를 차근차근 준비하고 있다. 
그리고, 성공적인 개발을 위해 관련 시설과 전문인력 양성에도 총력을 기울이고 있다. 위성체계연구소를 중심으로 ‘위성체계아카데미’를 운영해 빠르게 발전하는 위성분야 기술 습득을 주도하고, 국내외 유능한 기업과 정부 출연 연구소, 대학과 연대를 강화하는 전략을 병행하고 있다. 
  
더불어 LIG넥스원은 위성사업에서 수익을 창출하기 위한 스마트 생산 시설과 상용 부품을 활용한 저비용 개발 기술력을 갖추기 위해 노력 중이다. 뿐만 아니라 위성항법과 위성통신, 지상관측 분야의 서비스 시장 진출을 계획하는 등 ‘Total Solution Company for Space’를 위해 향후 다양한 분야의 투자와 사업화를 계획하고 있다.
[디펜스투데이]
Tag
#LIG넥스원
#초소형위성체계 군지상체
#국방과학연구소
#디펜스투데이
저작권자 © 디펜스투데이 무단전재 및 재배포 금지
이승준 기자
다른기사 보기","{""우주/위성"": [""위성항법시스템"", ""정지궤도"", ""위성항법"", ""위성통신""], ""AI/컴퓨팅"": [""AI"", ""AR""], ""센서/통신"": [""EW""], ""연구/프로그램"": [""OTA""], ""작전/전술"": [""ACE""], ""센서/통신/레이더"": [""Synthetic Aperture Radar"", ""SAR""], ""첨단기술"": [""space"", ""radar""], ""방산기업"": [""KAI""]}",True,초소형위성체계 군지상체,2030,relevant,"이 기사는 LIG 넥스원과 국방과학연구소(ADD) 간의 '초소형위성체계 군지상체' 개발 계약 체결을 다루고 있습니다. 초소형위성체계 군지상체는 초소형 SAR 및 EO 군집위성의 임무/수집계획 수립, 위성체 운용, 데이터 처리 등을 담당할 것으로 보입니다. 개발 계획은 올해부터 2030년까지이며, 전력화 시점은 명확히 제시되지 않았습니다."
"K-UAM 드림팀' 업무협약 체결",2023-05,http://www.defensetoday.kr/news/articleView.html?idxno=5580,"한화시스템·한국공항공사·SK텔레콤·티맵모빌리티가 참여하는 'K-UAM 드림팀' 컨소시엄(이하 드림팀)과 함께 지난 22일 경상남도(도지사 박완수)와 남해안 관광 UAM 사업 추진을 위한 업무협약을 체결했다고 5월 23일 밝혔다. 
경남도 MOU 체결 박완수 경남도지사(정중앙), 어성철 한화시스템 대표이사(사진 왼쪽에서 4번째)(사진:한화시스템)
드림팀은 지난해 9월 제주도, 10월 대구시와의 UAM 사업 협력을 잇따라 발표한 뒤 이번에는 경상남도와 UAM 협력체계를 구축함으로써 정부가 추진하는 2025년 UAM 상용화에 속도를 높일 전망이다.
특히 드림팀은 정부가 추진 중인 남해안권 관광벨트 사업에 UAM 기반의 교통체계와 사업모델을 적용함으로써 민간 차원의 정부 정책 지원은 물론 남해안 지역의 UAM 산업 기반과 생태계를 조성해 나간다는 계획이다.
한화시스템이 개발 중인 UAM 기체 ′버터플라이′(사진:한화시스템)
남해안 관광 UAM 사업 추진을 위해 ▲한화시스템은 UAM 기체개발·운영·제조·유지보수(MRO)와 관광라인 지형 및 해안선에 최적화한 UAM 교통관리 솔루션 공급·서비스 ▲한국공항공사는 남해안 관광벨트와 연계한 UAM 버티포트 구축, 항행시설 인프라를 활용한 UAM 교통관리 서비스 제공 ▲SKT는 AI 기반 종합적인 UAM 서비스 운영, UAM 전용 상공 통신망 구축, 美 조비(Joby Aviation)와 기체 도입 ▲티맵모빌리티는 UAM과 지상교통을 연계한 MaaS 플랫폼 개발·운영 ▲경상남도는 UAM 운용부지·인프라 제공, 인허가·행정 등을 지원할 예정이다.
경상남도 남해안은 한려해상국립공원을 비롯한 876개의 섬과 27개의 해수욕장 등 풍부한 해양 관광자원이 위치한 지역으로 항공관광에 대한 논의가 꾸준히 있어왔다. 
한화시스템이 개발 중인 UAM 기체 ′버터플라이′(사진:한화시스템)
이번 협약을 통해 드림팀과 경상남도는 천혜의 자연환경과 미래 항공 서비스가 결합된 고부가가치 관광산업을 개발함으로써 지역 경제 활성화는 물론 ‘동양의 지중해’로 불리는 남해안이 글로벌 관광지로 도약할 수 있을 것으로 기대하고 있다.
현재 미국·영국·프랑스·일본 등 세계 주요 국가들이 교통혼잡과 탄소배출 문제를 해결할 수 있는 새로운 교통체계로 UAM 상용화를 추진하는 가운데 한국도 올해부터 실증사업에 돌입하는 등 UAM 상용화를 위한 준비가 한창이다. 실증사업에 참여하고 있는 드림팀은 도심 환경에서 안전하게 운용될 수 있도록 기체·교통 관리·기반 인프라 등의 기술적 안전성과 각 요소의 통합 운용성을 면밀하게 검증해 2025년 UAM 상용화를 선도해 나간다는 계획이다.
어성철 한화시스템 대표이사는 “국내 항공산업의 중추 역할을 해온 경남에서 새로운 항공교통인 UAM 생태계가 꽃을 피울 것으로 기대한다”며, “업계선도적인 UAM 기체를 개발 중인 한화시스템은 독보적인 운영기술과 교통관리 시스템을 구축해 '지역 모빌리티 혁신'에 기여할 것”이라고 말했다. 
[디펜스투데이]
Tag
#한화시스템
#경상남도
#UAM사업
#MOU
#디펜스투데이
저작권자 © 디펜스투데이 무단전재 및 재배포 금지
이치헌 기자
다른기사 보기","{""AI/컴퓨팅"": [""AI""], ""재료/제조"": [""AM""]}",True,Urban Air Mobility (UAM),2025-01,relevant,이 기사는 한국에서 UAM 상용화를 위한 정부와 민간의 협력 노력을 다루고 있습니다. 특히 2025년 상용화 목표와 관련된 내용이 포함되어 있어 상용화 시점이 명확합니다. 기사에서 구체적인 UAM 기술 개발 및 서비스 구축 계획을 다루고 있어 기술명과 상용화 관련 내용이 모두 포함되어 있습니다.
"아이스아이(ICEYE), 프로그램 발표",2023-05,http://www.defensetoday.kr/news/articleView.html?idxno=5552,"AI 기반 지리공간 솔루션 선도 공급업체인 바야낫(Bayanat)과 아랍에미리트(UAE)의 대표적인 위성 솔루션 공급업체인 야셋(Yahsat: AI Yah Satellite Communications Company)은 아랍에미리트의 국영 위성 원격 감지 및 지구 관측 역량을 구축하여 지역 및 글로벌 지구 관측 시장에서 상업적 비즈니스 기회를 창출하기 위한 포괄적인 우주 프로그램을 발표했다.
이 프로그램은 핀란드에 기반을 둔 세계적인 SAR(Synthetic-Aperture Radar) 위성 제조업체인 아이스아이(ICEYE)와 두 회사 간의 파트너십을 통해 추진된다. 바야낫은 우주 분야로 자사 역량을 확장하는 성장 전략을 가속화함에 따라 관련 업계의 선두주자로 자리매김할 수 있게 되었다. 
아부다비 야스(YAS) 섬 SAR 영상(사진:ICEYE)
아이스아이는 이번 UAE에 제시한 것과 유사한, 위성 국내생산 및 초고해상도 첨단위성군 신속한 인도, 정보제공 등을 한국에 제시한 바 있다. 
SAR은 지표면에 빛을 조사하여 반사된 신호를 측정함으로써 고해상도 이미지를 생성하는 능동형 센싱 시스템(Active Sensing System)이다.
기존의 광학 영상 위성과 달리 SAR은 기상 조건이나 직사일광 조도(Solar Illumination)와 상관없이 밤낮으로 이미지를 포착할 수 있다.
특히 아이스아이의 레이다 안테나는 다른 뉴스페이스(New Space) SAR 위성 서비스와 비교해 훨씬 더 넓은 지리적 영역을 커버할 수 있는데다 더 작은 영역에 대해서도 고해상도 이미지를 제공할 수 있다.
바야낫 프로그램은 SAR 애플리케이션을 위한 종단간 솔루션의 지속적인 데이터 스트림을 제공하기 위해 최소 5개의 SAR 저궤도(LEO: Low Earth Orbit) 위성군 개발을 목표로 하고 있다.
이 프로그램은 야셋의 선도적인 위성 인프라 및 빠르게 성장하는 광범위한 위성 지원 혁신 솔루션 기반의 업스트림 및 다운스트림 역량과 바야낫의 첨단 AI 및 데이터 분석 기반의 다운스트림 역량을 결합하여 시너지 효과를 극대화함으로써 가치사슬 전반을 지원하게 된다.
이와 함께 시의적절하고 정확한 방식으로 다양한 산업 분야에 귀중한 지리공간적 통찰력을 제공할 수 있도록 바야낫의 상용 제품을 크게 향상시킬 수 있을 것으로 기대되고 있다.
ICEYE는 바야낫 및 야셋과 함께 UAE 우주 생태계 전반의 경제 효과를 극대화하기 위한 포괄적인 프로그램을 발표했다.(사진:ICEYE)
이 프로그램은 아랍에미리트의 위성 제조 능력을 발전시키고, 보다 광범위한 우주 생태계를 실현할 수 있는 토대가 될 것이다.
이를 통해 자주적인 SAR 데이터 수집 능력 및 데이터 개인정보보호 강화를 비롯해 우주 탐사를 위한 자체 보유 역량을 보다 확장함으로써 아랍에미리트에 다양한 전략적 이점을 제공하게 될 것이다.
또한 이 프로그램은 아랍에미리트의 우주 생태계 전반의 전략적 플레이어 간의 중요 협력을 촉진하고, 우주 기술에 대한 입지를 강화하는 것은 물론, 바야낫 및 야셋를 비롯해 아랍에미리트 국가의 미래 우주 탐사에 대한 새로운 가능성을 열어줄 것이다.
바야낫의 하산 알호사니(Hasan AlHosani) CEO는 “2024년 1분기로 예정된 첫 번째 저궤도 위성 발사를 통해 바야낫의 기존 제품을 획기적으로 향상시키고, 국내외 고객들에게 보다 포괄적인 고품질의 서비스를 제공하게 될 것이다.
바야낫 및 아이스아이의 파트너십을 기반으로 야셋과의 협력을 강화함으로써 최첨단 솔루션을 제공하는 동시에, 기술 개발과 과학 발전 및 지속가능한 경제 성장에 기여할 수 있는 자주적인 지구 관측 생태계 발전을 주도하게 될 것이다.
역동적으로 빠르게 진화하는 지구 관측 분야에서 선도적 입지를 구축하고, 아랍에미리트의 상용 우주 프로그램 개발을 추진하게 되어 매우 기쁘게 생각한다.”고 밝혔다.
야셋의 알리 알 하셰미(Ali Al Hashemi) 그룹 CEO는 “아랍에미리트의 우주 전략 2030(Space Strategy 2030)에 따라 우주 분야의 경제 성장을 가속화하기 위한 야셋의 적극적인 노력의 일환으로 바야낫과 협력하여 이 야심찬 프로그램에 참여하게 된 것을 매우 기쁘게 생각한다.
야셋은 자사의 세계적 수준의 인프라와 혁신적인 솔루션을 기반으로 MENA(Middle East and North Africa) 지역 우주 분야에서 아랍에미리트의 리더십을 강화하기 위해 다양한 산업 및 정부기관과 협력하고 있다.
또한 우주 분야의 국가적 역량 구축, 지구 관측 및 국내 제조 등과 같은 새로운 분야를 발전시키기 위해 주력하고 있다.”고 말했다.
아이스아이의 공동 창업자이자 CEO인 라팔 모드르제브스키(Rafal Modrzewski)는 “아이스아이는 고객들을 위해 새로운 시대에 부합하는 SAR 지구 관측 위성을 설계, 제작 및 공급할 수 있는 검증된 능력을 갖춘 세계 선도적인 뉴스페이스 회사이다.
가장 까다롭고 정교한 영상을 필요로 하는 아랍에미리트 고객들의 요구를 충족하기 위한 바야낫의 우주 프로그램에 기여할 수 있게 되어 매우 기쁘게 생각한다.
아이스아이는 내년 발사 전까지 바야낫이 아랍에미리트의 공공 및 민간 부문 고객들의 이익을 위해 레이다 위성 영상을 활용할 수 있도록 현재 궤도에 있는 위성에 대한 액세스를 제공할 예정이다.”고 밝혔다.
[디펜스투데이]
Tag
#ICEYE
#UAE
#아이스아이
#바야낫
#야셋
#디펜스투데이
저작권자 © 디펜스투데이 무단전재 및 재배포 금지
이승준 기자
다른기사 보기","{""우주/위성"": [""LEO"", ""Low Earth Orbit"", ""저궤도"", ""Satellite Communication""], ""AI/컴퓨팅"": [""AI"", ""AR""], ""센서/통신"": [""EMI"", ""EW""], ""재료/제조"": [""TEM""], ""작전/전술"": [""ACE""], ""센서/통신/레이더"": [""SAR""], ""첨단기술"": [""space"", ""satellite"", ""radar""]}",True,SAR 위성 기술,,relevant,"해당 기사는 아이스아이가 한국에 제시한 SAR 위성 기술 관련 내용을 포함하고 있으며, 이러한 기술의 아랍에미리트 내 상용화 계획을 다루고 있습니다. 하지만 구체적인 배치 시점은 언급되지 않았습니다."
"FA-50PL - 블록20형 전자주사식 AESA 레이더 팬텀 스트라이크",2023-05,http://www.defensetoday.kr/news/articleView.html?idxno=5540,"향후 수출형 FA-50 레이더는 APG-33 팬텀 스트라이크 확정.
KAI의 FA-50 개량형 경전투기가 폴란드와 말레이시아의 채택으로 구소련제 전투기 및 항공전력이 전무한 나라들이 관심을 갖는 기체가 되었다.
록히드마틴의 F-16V블록70의  가격급등과 더딘 인도도 그 원인이다.
레이시온 AN/APG-33 팬텀 스트라이크 AESA 레이더 (사진:레이시온)
폴란드 공군은 부품공급중단으로 가동율이 저하된 구소련제  MiG-29 펄크럼 전투기와 Su-22 전투공격기를 완전 대체하기 위해서 48대의 FA-50 개량형을 발주했다.
폴란드 공군용 기체는 FA-50PL 이라 명명되었으며 1차분은 FA-50GF 12대로 FA-50GF는 주요 기능과 무장 능력이 'TA-50 블록2'와 유사하지만, 기존 위성위치확인시스템(GPS) 체계에 상용 내장형 위성항법장치(EGI)가 추가 되었다.
초도분 FA-50GF 기체4대는 6월 7일 인도식을 갖고, 나머지 1차분 기체 8대는 연말까지 납품할 계획이다. 
1차분 FA-50GF 12대는 FA-50PL 36대의 2차분 개량형 인도후 개량을 할 예정이다.
2025년부터 인도되는 2차분 36대는 FA-50 블록20으로 통칭되는 개량형으로 공중급유장치, 스나이퍼 포드,레이저 유도폭탄 그리고 AESA 레이더 APG-33 팬텀 스트라이크 레이더를 장착하게 된다. 
AN/APG-33 팬텀 스트라이크 AESA 레이더와 구성품(사진:레이시온)
폴란드는 FA-50PL에 미국 레이시온사제 APG-33 팬텀 스트라이크 AESA 레이더 탑재를  이미 2022년 여름에 확정했다. 
레이시온이 공개한 AN/APG-33 팬텀 스트라이크 레이더의 성능이다.
팬텀스트라이크 AESA의 중량은 100파운드(45kg) 미만으로 최신 AESA 레이더의 절반의 무게와 기존 최신형 AESA레이더와 대등한 성능을 발휘한다 
디지털빔 조향, 다중모드, 지상표적 및 공중표적에 대한 교차 타게팅능력(interleaved ground and air targeting)을 가지고 있다.
레이시온이 자체 개발한 Chirp 디지탈 수신기/여자기(励磁機:송신기의 반송파를 생성하는 발진기), 혁신적인 질화칼륨 소자 적용 패키징으로 AESA 레이더로서는 유래없는 '공냉식 설계' 채택에 따라 동종 레이더 시스템 대비 전력은 65%만 사용하며, 패키지 비용의 절감과 중량의 감소로 다양한 플랫폼에 적용 가능하다.
작은 사이즈와 가벼운 중량, 오픈 아케텍쳐 설계로 보다 저렴한 비용으로 손쉽게 업그레이드가 가능한 점이 최대의 장점이다.
팬텀스트라이크 AESA 레이더중 소형 버젼은 탐지능력 측면에서 F-16 사통레이더의 성능과 동등하며, 중형 버전은 F-16의 사통레이더 보다 더 길다고 레이시온의 주장이 해외 군사매체를 통해서 나오기도 했다.
폴란드가 FA-50 개량형 도입이 후 신규 도입국들과 협상국들은 미국제 무장과 연동할 수 있는 AESA 레이더 장착형을 원하고 있다. 
LIG 넥스원이 5월 2일 공군 세미나에서 공랭식 AESA 레이더 시제품인 ESR-500A 프로토타입을 공개했다.
국내 최초로 공랭식을 적용한 전투기용 AESA 레이더로 현재 FA-50에 장착된 기계식레이더(MSA, Mechanical Scanned Array) 대비 ‘다수표적 동시 탐지/추적 능력’ 및 ‘공중/지상 표적 동시추적능력’ 등 다방면에서 장점을 보유하고 있다. 공·지·해 목표에 대응하는 다수의 운용모드를 보유하고 있으며 GaN(질소와 갈륨의 혼합물)소자를 활용한 송수신 모듈을 적용해 소형/경량화를 달성했다.
문제는 아직 제대로된 테스트가 이루어지지 않았고, 미국제 공대공 무장인 단거리 무장인 AIM-9X, 중거리 공대공 무장인 AIM-120C 인티그레이션 및  공대지 무장을 해야할 경우 비용이 추가된다는 문제점이 있다.
폴란드 공군용 FA-50PL을 위해서 프로브 앤 드로그 방식의 공중급유 시스템을 탑재한 FA-50 시험기가 KAI에서 공개 되었다.
     [디펜스투데이]
Tag
#디펜스투데이
#밀리터리
#국방
#군사
#이슈분석
#현대병기
#획득무기
#무기백과
#디펜스TV
저작권자 © 디펜스투데이 무단전재 및 재배포 금지
이승준 기자
다른기사 보기","{""우주/위성"": [""GPS"", ""위성항법""], ""AI/컴퓨팅"": [""AI"", ""AR"", ""GAN"", ""RL""], ""센서/통신"": [""IR""], ""무기/방어체계"": [""유도폭탄""], ""항공기"": [""F-16"", ""전투기""], ""항공기/전투기"": [""FA-50""], ""방산기업"": [""KAI""]}",True,APG-33 팬텀 스트라이크 AESA 레이더,2025-01,high,이 기사는 폴란드 공군이 도입하는 FA-50 전투기에 레이시온사의 APG-33 AESA 레이더를 장착한다는 내용을 다루고 있습니다. 레이더 성능 및 배치 시점(2025년부터)이 구체적으로 언급되어 있어 기술의 상용화와 전력화 시기를 확인할 수 있습니다.
"HD현대에너지솔루션, 기술 개발 박차",2023-05,http://www.defensetoday.kr/news/articleView.html?idxno=5524,"HD현대의 태양광부문 계열사인 HD현대에너지솔루션이 차세대 기술로 주목받고 있는 초고효율 태양광 제품 개발에 박차를 가하고 있다.
HD현대에너지솔루션은 최근 산업통상자원부 국책과제인 ‘대면적박형 HJT 태양전지 및 모듈 양산기술 고도화’의 주관기관으로 선정됐다고 5월 12일(금) 밝혔다. HD현대에너지솔루션이 총괄하는 이번 국책과제에는 국내 부품·장비 생산기업, 태양광 연구기관 및 대학 등 총 8곳이 함께 참여한다.
HD현대에너지솔루션
HD현대에너지솔루션은 이번 사업을 통해 2026년까지 초고효율 대면적(M10급) HJT  태양전지 양산에 나설 계획이다. 현재 20% 초반 수준에 머물러 있는 태양광 제품의 발전효율을 26%까지 높이겠다는 목표다. 또한 HJT 관련 소재·부품·장비 기술 개발 및 상용화도 추진해, 국내 태양광산업 생태계를 활성화한다는 방침이다.
현재 상용화된 글로벌 태양전지의 효율은 최대 23% 수준으로, 소수점 단위로 효율 경쟁이 이뤄질 만큼 태양광 업체 간 격차가 크지 않다. 
HJT(Hetero-junctionTechnology, 이종접합 기술)는 단결정실리콘에 비정질(非晶質) 실리콘을 코팅한 구조로, 광전환 시 표면 에너지 손실을 최소화할 수 있어 효율이 높고 제조공정이 비교적 단순한 것이 장점이다. 단위면적당 발전량이 가장 많아 도심 고층 빌딩이나 전기차 등 태양광 면적이 한정된 경우에도 활용성이 높다.
특히 발전효율이 30% 이상인 미래 초고효율 태양광 기술 ‘탠덤(Tandem)’과도 호환성이 높아 차세대 기술로 주목을 받고 있다. 독일 태양광 시장조사기관 ITRPV에 따르면, HJT를 비롯한 고효율 ‘N타입’ 태양광 제품의 글로벌 시장 점유율은 2026년부터 50%를 넘어설 전망이다.
한편 HD현대에너지솔루션은 국내 산학연 기관들과 협업해 탠덤 태양전지 기술개발에 나서는 한편, 현대자동차와는 탠덤 모듈 원천기술 개발에 착수하는 등 미래 태양광 기술 확보도 적극적으로 추진하고 있다.
HD현대에너지솔루션 관계자는 “이번 국책과제를 통해 초고효율 HJT 기반의 탠덤 원천기술 확보를 위한 발판을 마련할 것”이라며, “제로에너지 건축물, 친환경 모빌리티 솔루션 등 다양한 태양광 애플리케이션을 통해 글로벌 시장 선점과 탄소중립 실현에 나서겠다”고 밝혔다.
[디펜스투데이]
Tag
#HD현대에너지솔루션
#초고효율 태양광 제품 개발
#디펜스투데이
저작권자 © 디펜스투데이 무단전재 및 재배포 금지
이치헌 기자
다른기사 보기","{""무기/방어체계"": [""DE""], ""재료/제조"": [""PV""], ""항공기/차량"": [""M1""]}",True,초고효율 HJT(이종접합 기술) 태양전지,2026-00,relevant,"이 기사는 HD현대에너지솔루션이 초고효율 HJT 태양전지 개발에 박차를 가하고 있으며, 2026년까지 양산화할 계획이라고 보도하고 있습니다. 이는 상용화 관련 내용으로 볼 수 있습니다."
"HL만도-AJ대원, AI 자율주행 순찰 로봇 상용화 MOU 체결",2023-05,http://www.defensetoday.kr/news/articleView.html?idxno=5508,"EV·자율주행 솔루션 전문기업 HL만도와 부동산 관리서비스 전문기업 AJ대원이 ‘AI 자율주행 순찰 로봇 상용화’ 양해각서(MOU)를 체결했다고 9일 밝혔다. 판교 넥스트엠 센터에서 체결된 이번 협약식에는 HL만도 최성호 부사장, AJ대원 김종성 부사장 등이 참석했다.
이번 협약을 통해 양사는 ‘아파트 관리 전문 AI 자율 주행 순찰 로봇(가칭 : HA순찰로봇)’ 사업화를 본격 추진한다. HL만도의 자율주행 기술 노하우와 AJ대원의 아파트 관리 노하우를 결합해 서비스를 제공하는 형태다.
HA순찰로봇(가칭)이 과천 래미안슈르 아파트 단지를 순찰하고 있다.(사진:HL그룹)
서비스 대상은 과천 래미안슈르 아파트다. 48개 동에 3143세대가 거주하는 래미안슈르 아파트는 과천의 대단지 랜드마크다. 양사는 올해 안에 대상 지역 환경에서 활용 가능한 솔루션을 확보하고, 내년(2024년)부터 정식 서비스를 시작할 예정이다. 양사가 개발하는 ‘HA순찰로봇’은 단지 내 어린이 놀이터 경계, 어린이 통학로 교통안전 지도, 주·정차 단속, 화재 감시 등 순찰 업무를 수행하게 된다.
HL만도 최성호 부사장은 “AJ대원과의 협업을 통해 대중에게 실질적인 자율 주행 로봇 서비스를 선보이게 됐다”며 “기술을 선도하는 HL만도의 로봇이 될 수 있도록 노력하겠다”고 밝혔다.
AJ대원 김홍철 대표이사는 “아파트 관리 역시 노동 집약적 업무에서 IT 기반의 업무로 전환되는 시대가 도래 했다”며 “HL만도의 로봇 기술이 아파트 관리 업무의 DX화를 가속시키는데 중요한 역할을 할 것”이라고 말했다.
HA순찰로봇은 ‘골리’의 업그레이드 버전이다. 인지, 주행 등 솔루션을 대단지 아파트 운행에 맞게 HL만도에서 최적화할 예정이다. 골리는 공원, 빌라촌, 공장 등지에서 다양한 실증 경험을 쌓아왔다. HL만도 순찰 로봇에 적용된 기술을 기반으로, 40여 년의 업력과 노하우를 축적해 온 AJ대원이 아파트 입주민의 생활 루틴, 패턴 등에 맞춰 입주민의 편리를 위한 서비스 기획과 운영을 담당할 예정이다. HA순찰로봇의 공식명칭은 정식 서비스 일정에 맞춰 양사가 확정할 계획이다.
  [디펜스투데이]
Tag
#HL만도
#AJ대원
#HA순찰로봇
#디펜스투데이
저작권자 © 디펜스투데이 무단전재 및 재배포 금지
이승준 기자
다른기사 보기","{""AI/컴퓨팅"": [""AI""]}",True,AI 자율주행 순찰 로봇,2024-01,relevant,"이 기사는 HL만도와 AJ대원이 AI 자율주행 순찰 로봇을 상용화하기 위해 MOU를 체결했다는 내용을 다루고 있습니다. 상용화 계획이 구체적으로 제시되어 있으며, 내년(2024년)부터 정식 서비스를 시작할 예정이라고 언급되어 있습니다. 따라서 이 기사는 군사 기술의 상용화 및 전력화와 관련되어 있다고 볼 수 있습니다."
"두산에너빌리티, 미국 뉴스케일파워·한국수출입은행과 글로벌 SMR 사업 확대 공동 추진",2023-04,http://www.defensetoday.kr/news/articleView.html?idxno=5465,"두산에너빌리티가 미국 뉴스케일파워, 한국수출입은행과 글로벌 시장 SMR 사업 확대를 목표로 기술, 금융 및 제작 공급망 지원에 관한 양해각서(MOU)를 체결했다고 26일 밝혔다.
25일(현지시각) 미국 워싱턴 D.C.에서 열린 ‘한미 첨단산업·청정 에너지 파트너십 행사’에서 진행된 이날 체결식에는 두산에너빌리티 박지원 회장과 뉴스케일파워 존 홉킨스 사장, 한국수출입은행 윤희성 행장 등 관계자들이 참석했다.
25일(현지시각) 미국 워싱턴 D.C.에서 열린 한미 첨단산업·청정 에너지 파트너십 행사에서 두산에너빌리티 박지원 회장이 대표 발언을 하고 있다.(사진:두산에너빌리티)
SMR 분야의 선두주자인 뉴스케일파워의 SMR 모델은 미국 원자력규제위원회(NRC)의 설계인증 심사를 최초로 완료하는 등 전 세계 SMR 모델 가운데 기술적 수준이 높고 상용화에 가장 앞서 있는 것으로 평가받고 있다. 두산에너빌리티는 2019년 국내 업체들 가운데 가장 먼저 뉴스케일파워와 지분투자를 통한 협력관계를 맺었으며, 지금까지 국내 투자사들과 함께 총 1억400만 달러의 지분투자를 완료했다.
이번 협약으로 세 회사는 뉴스케일파워의 SMR을 세계 시장에 보급하기 위한 기술 지원, 마케팅, 현지 공급망 개발, 수출 금융 등에서 긴밀히 협력하기로 했다. 두산에너빌리티는 제작 기술을 고도화하고 생산능력을 확대할 계획이며, 한국수출입은행은 금융 지원을 통해 뉴스케일파워 SMR의 글로벌 사업 확대를 협력하게 된다. 뉴스케일파워는 SMR 건설에 한국 공급망을 적극 활용할 예정이다.
이날 두산에너빌리티 박지원 회장은 한미 간 첨단산업 및 청정 에너지 분야 23건 사업협력 MOU를 체결하면서 국내 에너지 기업으로서는 유일하게 대표 발언을 맡았다. 미국의 센트러스, 엑손모빌, 테라파워 등 6개 기업 등이 대표 발언에 함께했다.
두산에너빌리티 박지원 회장은 “이번 행사는 올해 한미 동맹 70주년을 맞은 양국이 안보동맹을 넘어 첨단산업과 청정 에너지 분야로 협력을 확대하는 데 크게 기여할 것으로 생각한다”며 “SMR 기술의 글로벌 확대는 깨끗하고 안전한 에너지 솔루션 제공과 지속가능한 경제 발전에 크게 기여할 것으로 기대한다”고 말했다.
뉴스케일파워 존 홉킨스 사장은 “한국 파트너들과 그들의 기술 전문성을 통해 뉴스케일파워는 유연하고 신뢰성 있으며 탄소 배출이 없는 에너지를 공급한다는 본연의 목표를 달성할 수 있을 것”이며 “뉴스케일파워 SMR 건설을 위한 공급망 구축은 가속화 될 것”이라고 밝혔다.
한국수출입은행 윤희성 은행장은 “뉴스케일파워와 두산에너빌리티, 한국수출입은행이 3자 간 체결한 MOU를 통해 우리 기업의 글로벌 SMR 사업 진출을 위한 교두보를 마련했다”고 말했다.
두산에너빌리티는 2019년부터 뉴스케일파워와 함께 SMR 제작성 검토 및 시제품 제작을 진행해 왔다. 지난해 말에는 뉴스케일파워가 미국 첫 SMR 발전소로 추진 중인 미국 아이다호 UAMPS의 CFPP(Carbon Free Power Project) 발전소에 사용될 소재 제작 계약을 체결했으며, 올해 말에는 원자로 제작에 돌입할 계획이다. 
[디펜스투데이]
Tag
#디펜스투데이
#밀리터리
#국방
#군사
#이슈분석
#현대병기
#획득무기
#무기백과
#디펜스TV
저작권자 © 디펜스투데이 무단전재 및 재배포 금지
이승준 기자
다른기사 보기","{""AI/컴퓨팅"": [""AR""], ""재료/제조"": [""AM""]}",True,Small Modular Reactor (SMR),,relevant,"해당 기사는 두산에너빌리티, 뉴스케일파워, 한국수출입은행이 글로벌 SMR 사업 확대를 위해 협력하는 내용을 다루고 있습니다. 이는 군사 기술의 상용화/전력화와는 직접적으로 관련되어 있지 않지만, 원전 기술의 발전과 관련된 내용이므로 국방 및 안보와 간접적으로 관련되어 있다고 볼 수 있습니다."
"인텔샛, 새로운 미션 연장 팟으로 위성 수명 연장",2023-04,http://www.defensetoday.kr/news/articleView.html?idxno=5416,"세계 최대의 통합 위성 및 지상파 네트워크 사업자이자 기내 연결(IFC)의 선도적인 공급업체인 인텔샛(Intelsat)이 노스럽 그라만 코퍼레이션(Northrop Grumman Corporation)의 스페이스로지스틱스(SpaceLogistics)에 미션 연장 팟(Mission Extension Pod, MEP)을 주문했다.
이를 통해 인텔샛 위성을 가동하고 많은 고객에게 중단 없는 서비스를 제공할 수 있을 예정이다.
미션 확장 포드 렌더링(사진:인텔샛)
MEP “제트팩”은 스페이스로지스틱스의 임무 로봇 차량(Mission Robotic Vehicle, MRV)이 정지 궤도에서 작동하는 인텔샛 위성에 설치하고 2026년부터 최소 6년 동안 위성 서비스의 연속성을 보장한다.
인텔샛은 어떤 위성에 서비스를 적용할지 밝히지 않았다. MEP와 MRV 모두 중요한 설계 검토를 완료하고 조립 및 테스트 중이며 출시를 앞두고 있다.
인텔샛의 최고기술경영자인 브루노 프로몬트(Bruno Fromont)는 “인텔샛은 안전하고 지속 가능한 우주 관리에 전념하고 있다”라며 “인텔샛은 4년 전 노스럽 그러먼과 협력해 최초의 위성 궤도 서비스를 통해 업계를 성공적으로 이끌었다. 새로운 MEP는 고객에게 가장 신뢰할 수 있는 서비스를 제공한다는 인텔샛의 사명을 보장할 것이다”라고 덧붙였다.
이번 구매는 2020년 스페이스로지스틱스의 MEV-1(Mission Extension Vehicle)이 인텔샛 901(IS-901)과 최초의 궤도 상용 우주선 도킹을 수행해 수명을 5년 더 연장하면서 처음 설정한 인텔샛의 우주 지속 가능성의 업적을 이어간다. 2021년에는 두 번째 MEV-2(Mission Extension Vehicle)가 인텔샛 10-02에 유사한 수명 연장 서비스를 제공하기 시작했다.
“스페이스로지스틱스는 우주를 지속 가능하게 만들기 위한 인텔샛의 약속을 공유하며, MRV 및 MEP와 함께 차세대 우주 서비스 제공업체로서 관계를 확장할 것을 기대한다”라고 스페이스로지스틱스 사장인 롭 하우지(Rob Hauge)는 말했다.
[디펜스투데이] 
Tag
#인텔샛
#미션연장포드
#위성수명연장
#디펜스투데이
저작권자 © 디펜스투데이 무단전재 및 재배포 금지
이승준 기자
다른기사 보기","{""우주/위성"": [""ISS""], ""재료/제조"": [""ICL""], ""작전/전술"": [""ACE""], ""첨단기술"": [""space""], ""방산기업"": [""Northrop""]}",True,위성 수명 연장 팟,2026-01,relevant,"기사에서 인텔샛이 노스럽 그라만의 스페이스로지스틱스로부터 미션 연장 팟(MEP)을 구매하여 2026년부터 최소 6년간 위성 서비스의 연속성을 보장할 계획이라고 언급하고 있어, 이는 상용화/전력화와 관련된 내용으로 판단됩니다."
"아스트로엑스, 자체 개발 수상 PAV 초경량비행장치 안전성 인증 획득",2023-04,http://www.defensetoday.kr/news/articleView.html?idxno=5470,"아스트로엑스(대표 전부환)는 자체 개발한 수상 PAV(인증 형식명: ASX-PAV)가 항공안전기술원에서 실시하는 초경량비행장치 안전성 인증을 4월 7일 획득했다고 밝혔다.
초경량비행장치 안전성 인증은 항공안전법 시행 규칙에 따라 기체 중량 25kg 초과 150kg 이하 규격의 비행체가 사업을 하기 위해서는 반드시 받아야 하는 인증으로 아스트로엑스가 인증받은 기체 중량은 145kg으로 국내 최대 규격이다.
아스트로엑스가 국내 최대 규격 비행체의 안전성 인증을 획득했다 (사진:아스트로엑스)
ASX-PAV는 애초 사람이 탑승하는 기준으로 개발됐으나 아직 UAM 비행체의 인증 기준이 마련되지 않아 초경량비행장치 기준으로 인증을 받아 기술력을 검증하고, 관련 인증 기준이 마련되는 동안 항공기 인증 기준의 2세대 UAM 비행체 개발에 활용한다는 계획이다.
아스트로엑스는 이번 인증 획득에 따라 앞으로 신속한 사업화가 가능해졌다고 설명했다. 이 인증은 아스트로엑스가 개발한 비행체의 안전성이 공인된 것으로 국내 어디든 비행 및 관련 사업을 할 수 있기 때문이다. 현재 국내 드론 업계에서 동 규격의 초대형 초경량비행장치의 안전성 인증을 획득한 비행체는 아스트로엑스의 ASX-PAV가 유일하다.
2023 드론실증도시 아스트로엑스 비행체(사진:아스트로엑스)
아스트로엑스는 국토교통부가 주관하는 2023년도 드론실증도시(인천시, 성남시)와 UAM 그랜드챌린지(GC1)에 비행체 개발 및 실증 역할로 참여하고 있으며, 인천광역시 UAM 실증사업 주관 사업자다. 이번 인증 획득으로 실증사업에서 주어진 임무를 성실히 수행하고, 2세대 UAM 비행체 개발 및 상용화에 박차를 가한다는 계획이다.
전부환 아스트로엑스 대표이사는 “이번 인증으로 미래항공모빌리티 산업의 비행체 부문에 대한 견고한 기술력과 노력을 인정받아 기쁘다”며 “100kg 화물 수송 능력의 대형 물류 드론 사업화와 UAM 기체 연구개발을 지속해 더욱 신뢰받는 기업이 될 수 있도록 노력하겠다”고 말했다. [디펜스투데이]
Tag
#디펜스투데이
#밀리터리
#국방
#군사
#이슈분석
#현대병기
#획득무기
#무기백과
#디펜스TV
저작권자 © 디펜스투데이 무단전재 및 재배포 금지
이치헌 기자
다른기사 보기","{""재료/제조"": [""AM""]}",True,수상 PAV(Personal Air Vehicle),2023-04,high,이 기사는 아스트로엑스가 자체 개발한 수상 PAV 초경량비행장치가 항공안전기술원으로부터 안전성 인증을 받았다는 내용을 다루고 있습니다. 이는 해당 기술이 상용화 단계에 접어들었음을 나타내므로 군사 기술의 상용화에 해당합니다. 기사에서 구체적인 기술명과 인증 획득 시점이 명시되어 있어 정보의 질이 높습니다.
"HD현대일렉트릭, 세계 최초로 1MW급 빌딩용 직류배전 설비 상용화",2023-04,http://www.defensetoday.kr/news/articleView.html?idxno=5462,"HD현대의 전력기기 및 에너지솔루션 계열사인 HD현대일렉트릭이 세계 최초로 1MW급 빌딩용 직류(DC, Direct Current) 배전 설비 상용화에 성공했다.
HD현대일렉트릭은 4월 7일 경기도 판교에 위치한 HD현대 글로벌R&D센터(이하 GRC)에서 한국전력과 공동으로 개발한 1MW(메가와트)급 직류전원 공급 시스템의 상업 운전 개시 기념식을 열었다.
HD현대일렉트릭 이창호 배전사업본부장(왼쪽에서 네 번째), 한국전력공사 김태균 기술혁신본부장(왼쪽에서 다섯 번째) 등 양 사 관계자들이 7일 GRC에서 열린 1MW(메가와트)급 직류전원 공급 시스템의 상용 운전 개시 행사에서 기념 촬영을 하고 있다(사진:HD현대)
  직류배전은 교류전원에서 높은 효율로 변환된 대용량의 직류전원을 다수의 직류부하에 그대로 공급하는 방식으로, 교류배전 대비 초기 투자비용이 크지만 에너지 효율이 높고 계통 연계가 용이해 차세대 배전 방식으로 각광받고 있다.
도심 지역의 상업용 빌딩에 1MW급 대용량 직류배전을 적용한 것은 이번이 세계 최초로, 그동안 실증단계에 머물렀던 기술을 상용화했다는 데 의미가 있다. 현재 GRC 내의 직류부하는 LED 조명, 냉·난방 시스템, 전기차 급속충전소, R&D 설비 등으로, 교류전원 공급 방식 대비 에너지 효율을 연간 10% 이상 향상시킬 것으로 기대된다.
미국 시장조사업체 ‘리포트링커(Reportlinker)’에 따르면 글로벌 직류배전망 시장은 2020년 141억 달러에서 2027년 236억 달러 규모로 2배가량 성장할 전망이다. 최근 정부도 2030년까지 교류·직류 혼용 배전망을 구축하겠다는 계획을 발표하며 미래형 전력망으로써 직류배전망 기술 개발의 중요성을 강조했다.
양 사는 2020년부터 직류배전용 컨버터, 배전반, 케이블 등 주요 전력 설비를 개발해왔다. 이와 함께 △건물 내 배전계통과 보호계전 설계 및 구축 △직류배전 통합관리 시스템 개발 △직류배전 컨버터 공인 성능 및 장기 운영 신뢰성 검증 등의 연구 성과를 거뒀다.
한편 이날 HD현대일렉트릭과 한국전력은 직류전원 공급 서비스의 국내외 사업 진출을 위한 업무협약을 체결하고 공공 및 민간 사업장 대상 직류전원 공급 확대에도 힘을 모으기로 했다.[디펜스투데이]
Tag
#디펜스투데이
#밀리터리
#국방
#군사
#이슈분석
#현대병기
#획득무기
#무기백과
#디펜스TV
저작권자 © 디펜스투데이 무단전재 및 재배포 금지
이승준 기자
다른기사 보기","{""센서/통신"": [""IR""], ""기타/기술"": [""LED""]}",True,1MW급 빌딩용 직류배전 설비,2023-04,high,이 기사는 HD현대일렉트릭이 개발한 1MW급 직류배전 설비의 상용화 개시를 다루고 있어 군사 기술의 상용화를 다루는 것으로 판단됩니다. 해당 기술명과 상용화 시점이 명확히 제시되어 있습니다.
"현대미포조선, 중형 PC선 4척 수주",2023-03,http://www.defensetoday.kr/news/articleView.html?idxno=5358,"HD현대 조선부문 계열사인 현대미포조선이 중형선박 시장을 선도하고 있다. 
현대미포조선은 최근 아프리카 소재 선사와 중형 PC선(Product Carrier) 4척에 대한 건조 계약을 체결했다고 3월 31일(금) 밝혔다. 계약 금액은 총 2,401억원 규모다.
이번에 수주한 선박은 척당 4,620만불로, 울산 현대미포조선에서 건조돼 2025년 하반기부터 순차적으로 선주사에 인도될 예정이다.
현대미포조선이 2021년 건조해 선주사에 인도한 5만톤급 PC선 (사진:HD현대)
현대미포조선은 올해 2월까지 중형 PC선을 총 11척 수주한 데 이어, 이번에 4척을 추가 수주하는 등 올해 전 세계에서 발주된 PC선 총 27척 가운데 15척을 수주하며 약 56%의 점유율을 기록했다.
또한, 현대미포조선은 전 세계 중형 LPG선 부문에서도 수주 잔고 30척 중 80%에 해당하는 24척을 보유하며 세계 1위 점유율을 나타내고 있다.
중형 LPG선은 LPG와 암모니아 등을 주로 운반한다. 암모니아가 차세대 친환경 연료로 주목받고 있어 암모니아 수요 증대가 예상되며, 향후 암모니아 추진엔진이 상용화될 경우 가장 먼저 중형 LPG선에 적용돼 선박 운용의 경제성을 극대화할 수 있을 것으로 기대돼 선주들의 관심이 커지고 있다. 
현대미포조선 관계자는 “중형 PC선 및 LPG선의 시황 개선이 지속되면서 향후 추가 수주가 기대되며, 선가 역시 상승 국면에 있다”며, “끊임없는 기술력 제고를 통해 경쟁사와의 차별화를 극대화시키면서 중형선박 시장을 지속적으로 선도해 나갈 계획”이라고 밝혔다.
[디펜스투데이]
Tag
#HD현대
#현대미포조선
#디펜스투데이
저작권자 © 디펜스투데이 무단전재 및 재배포 금지
장훈 기자
다른기사 보기","{""AI/컴퓨팅"": [""AR""], ""해군장비"": [""carrier""]}",True,중형 PC선 및 LPG선,2025-03,relevant,"기사에서 현대미포조선이 중형 PC선 4척과 LPG선 24척을 수주했다고 언급하고 있어, 이 선박들의 상용화가 진행 중인 것으로 보입니다. 구체적인 기술명과 배치 시점이 언급되어 있어 품질이 relevant합니다."
"무공해 전기 에어택시 개발 스털링 다이나믹스",2023-03,http://www.defensetoday.kr/news/articleView.html?idxno=5355,"양사는 도심 운항이 가능한 수직이착륙 전기택시의 핵심 부품을 개발하기로 했다.
수직이착륙 에어택시 VX4의 조감도. 출처: 스털링 다이나믹스
  엔지니어링, 기술 및 컨설팅 제공 업체인 엑스플레오(Expleo)의 계열사인 스털링 다이나믹스(Stirling Dynamics)는 무공해 항공의 미래를 이끌 새로운 기술을 개발하기 위해 한화에어로스페이스와 파트너십을 맺었다고 발표했다. 양사는 주행거리가 100마일(160Km)에 달하는 전기 '에어택시'인 버티컬 에어로스페이스의 VX4의 핵심 부품을 개발 중이며, 이는 탄소 배출량 제로를 달성한 최초의 상용 항공기로서 항공 산업에 혁신을 가져올 것으로 기대된다.
스털링 다이나믹스와 한화에어로스페이스는 도심 지역 운행에 필수적인 수직 이착륙 기능의 핵심 부품인 VX4의 전기 기계식 작동기(EMA, electro-mechanical actuators)를 설계 및 제조하고 있다. 현재 개발 중인 첨단 EMA 솔루션은 항공기에 유압 또는 공압 시스템이 필요하지 않아 VX4의 성능을 최적화하는 데 도움이 된다.
스털링 다이나믹스의 반둘라 파티나야케(Bandula Pathinayake) 부사장은 이번 파트너십에 대해 ""한화에어로스페이스와의 협력을 통해 양사의 기술 전문성을 결합하여 수직이착륙기용 EMA 개발을 추진하게 되어 기쁘게 생각합니다. EMA에 대한 우리의 작업은 전기화를 향한 업계의 변화와 비행의 미래에 대한 지속 가능한 비전을 반영합니다.""라고 말했다.
엑스플레오의 항공, 우주 및 방위 부문 부사장 제프 호일(Jeff Hoyle)은 ""우리가 개발 중인 기술은 eVTOL 항공기에 필요한 감항성 인증(airworthiness certification)을 충족할 뿐만 아니라 우리 업계의 더 깨끗하고 친환경적인 미래를 보장합니다. 여행 방식을 변화시키는 데 일조할 수 있게 되어 기대가 큽니다.""라고 말했다. 이 프로그램은 수년에 걸쳐 수백만 파운드가 투자될 예정이며 스털링 다이나믹스와 한화에어로스페이스는 EMA를 설계하고 제조 전문성과 역량을 제공하게 된다.
스털링 다이나믹스와 한화에어로스페이스는 2016년부터 협력해 왔으며, 최근 2022년 전략적 제휴 계약을 체결하여 EMA 작업을 함께 수행하고 있다. 양사의 협력은 수직 항공우주 산업에 비용 효율성이 높은 EMA 개발 솔루션을 제공할 수 있는 성공적인 조합이다.
한화에어로스페이스의 사업 개발 담당 수석 매니저인 존 옴(John Ohm)은 ""스털링 다이내믹스와 파트너십을 맺게 되어 기쁘게 생각하며, 항공우주 개발 분야에서 고품질 엔지니어링을 제공하는 것으로 명성이 높은 스털링 다이내믹스로부터 역량을 인정받게 되어 기쁘게 생각합니다. 우리는 전기를 상업용 항공기의 실용적인 동력원으로 쓸 수 있는 새로운 기술을 함께 개발하여 고객이 항공 분야의 지속 가능성을 향상시킬 수 있도록 지원할 것입니다.""라고 밝혔다. 
양사는 혁신적인 기술을 통해 항공 산업의 지속 가능한 미래를 구축하는 데 앞장서고 있으며, 이를 통해 기후 변화와 관련된 문제에 대처하고 전 세계적으로 깨끗한 에너지 사용을 촉진하는 데 기여할 것으로 예상된다. 이러한 노력은 곧 항공 산업의 더 나은 환경 성과와 비행의 미래를 이끌 것으로 기대된다.
저작권자 © 디펜스투데이 무단전재 및 재배포 금지
신상언
다른기사 보기","{""무인체계"": [""수직이착륙"", ""VTOL""], ""우주/위성"": [""LEO""], ""AI/컴퓨팅"": [""AI"", ""RL""], ""센서/통신"": [""IR""], ""재료/제조"": [""AM""], ""연구/프로그램"": [""ORS""]}",True,수직이착륙 전기 에어택시 VX4의 핵심 부품 개발,,relevant,"이 기사는 한화에어로스페이스와 스털링 다이나믹스가 VX4라는 수직이착륙 전기 에어택시의 핵심 부품인 전기 기계식 작동기(EMA)를 공동으로 개발 중이라는 내용을 다루고 있습니다. 이는 군사 기술의 상용화에 해당하지는 않지만, 전기화를 통한 지속 가능한 항공 기술 개발이라는 점에서 관련성이 있습니다."
"A400M, 21세기 다목적 수송기",2023-03,http://www.defensetoday.kr/news/articleView.html?idxno=5301,"A400M은 다목적성이 가장 뛰어난 수송기로 21세기의 공군과 기관이 요구하는 다양한 니즈를 충족한다.
필요한 지점에 직접 접근하여 전술, 전략 임무를 수행하고, “공중급유기”로도 운영할 수 있다.
4개의 Europrop International (EPI) TP400 터보프롭 엔진으로 추진되어 속도와 고도를 기준으로 비행 한계의 범위가 넓다.
전 세계 여러 국가들의 다양한 군사적, 인도적 작전 요건을 충족하는 이상적인 항공기라고 할 수 있다.
A400M 수송기(사진:에어버스)
A400M은 2003년에 OCCAR를 구성하는 벨기에, 프랑스, 독일, 룩셈부르크, 스페인, 터키, 영국의 요구에 따라 개발되기 시작했으며, 2005년에 말레이시아가 합류했다.
그 덕분에 극도로 높은 다목적성을 갖추도록 개발됐다. 첫 비행은 2009년 12월 11일에 실시됐고, 첫 번째 A400M은 2013년 8월 1일에 프랑스 공군에 인도됐다.
현재까지 총 176대의 A400M이 주문되어 111대가 인도됐다. 2020년 이후 모든 최초 발주 국가가 항공기를 운영하고 있으며, 100,000 시간이 넘는 비행시간을 기록했다.
A400M 수송기(사진:에어버스)
다양한 수송 임무 
A400M은 과거에 두 기종 이상의 항공기를 투입하고도 수행하기 어려웠던 임무를 단독으로 수행할 수 있다. 동체 외부 직경은 5.64m (18ft 6in)로 A330/A340 이중통로기와 동일하다.
실사용이 가능한 내부 직경은 4m (13ft)이며, 동체 길이 중 약 18m (59ft)를 활용할 수 있어 부피가 큰 다양한 화물을 수송할 수 있다.
그 예로 NH90, CH-47 시누크 헬기 또는 각각 17톤에 달하는 두 대의 스트라이커 병력 수송 장갑차(ICV)를 수송할 수 있다.
6m (20ft) 크기의 컨테이너를 포함한 25톤 중량의 트레일러트럭, 보트, 그리고 구호 활동에 필요한 굴착기나 기중기와 같은 대형 장비도 탑재할 수 있다.
A400M 수송기(사진:에어버스)
더 나아가 A400M은 독보적인 착륙 성능을 제공하며, 필요한 지점으로 직접 접근하는 것이 가능한 유일한 수송기다.
12개의 바퀴로 구성된 주 착륙 장치는 돌, 자갈, 모래로 만든 활주로에서 운용할 수 있으며, 효율적인 충격 완화가 가능한 동체 구조, 이물질 피해가 최소화된 설계 덕분에 CBR4 표준을 충족하여 짧은 간이 비포장 활주로에서도 이착륙이 가능하다.
이러한 특성 덕분에 자연재해가 발생한 지역에 신속하고 직접적인 인도적 지원을 제공할 수 있다.
A400M 수송기(사진:에어버스)
지상에서는 특별한 지원 장비 없이도 신속하고 자동화된 화물 하역과 선적을 할 수 있다.
32 톤급 윈치와 추가적인 5톤급 기중기를 보유하고 있으며, 화물창은 한 명의 수송원이 컴퓨터 워크스테이션으로 모든 작업을 수행하는 데에 최적화되어 있다.
선적 절차는 화물 데이터베이스를 이용하여 사전에 계획할 수 있다. 지상에서 보내는 시간을 최소화함으로써 적의 공격에 노출될 가능성도 줄일 수 있다.
저속 비행이 가능한 덕분에 저고도에서 보급 물자를 투하하는 임무에도 적합하다. 어떠한 상황에도 신속하고 직접적인 대응이 가능하기 때문에 이상적인 전술 수송기라고 할 수 있다.
A400M, Hercules C-130 & C17(사진:에어버스)
수송 외 임무 수행 능력
A400M은 첨단 기술의 도입으로 4,700 nm / 8,700 km 거리를 비행할 수 있으며, 최고 비행 고도는 37,000 ft, 최대 속도는 마하 0.72다.
이는 제트 엔진으로 추진되는 수송기와 유사한 성능이며, 전략 및 군수 작전에도 투입이 가능하다는 것을 의미한다.
더 높은 고도에서 빠른 속도로 비행하여 같은 시간 동안 더욱 먼 거리를 비행할 수 있기 때문에 보다 신속하게 위기에 대응할 수 있다.
그 덕분에 이전 기종보다 효율적이다. 난기류를 피해 더 높은 고도에서 비행함으로써 승무원과 승객, 그리고 호송 병력 모두의 피로를 줄여준다.
A330 MRTT refuelling A400M(사진:에어버스)
플라이바이와이어 제어 시스템과 비행 한계 보호 시스템은 승무원들의 업무 효율을 증대 시켜주며, 조종사의 단순 조작만으로도 항공기가 최적화된 성능을 발휘할 수 있도록 해준다.
그 예로, 회피 기동을 할 때 실속 하거나 기체에 과도한 부하를 주지 않도록 방지해준다.
고고도 고속 비행 능력 덕분에 전투기와 다른 대형 항공기에 공중급유를 하기 용이하다. 급유는 날개 아래에 위치한 급유 포드 두 개 또는 동체 가운데에 있는 급유 장치로 수행할 수 있다.
공중급유 능력이 기본적으로 탑재되어 급유기 사양으로 신속하게 변경하는 것이 가능하다. 이에 따라 빠르게 변화하는 작전 시나리오에 맞춰 다양한 임무를 수행할 수 있다.
이러한 상황 적응 능력은 A400M의 고유한 특성이며, 그 자체도 비행 중 다른 항공기로부터 급유받는 것이 가능하다.
A400M cockpit(사진:에어버스)
A400M은 공중 침투 임무에서도 뛰어난 성능을 발휘한다. 물자 투하를 위해 최저 15ft, 특수 작전을 위해 최고 40,000ft 고도에서 운용이 가능하다. 완전 무장한 낙하산 부대원 116명이 탑승할 수 있으며, 램프 또는 측면 출입구를 통해 신속한 대규모 병력 투입이 가능하다.
높은 수준의 생존성과 신뢰성
마지막으로, A400M은 저탐지성, 낮은 취약성, 그리고 높은 생존성을 위해 설계되어 자체 보호 능력이 뛰어나다. 적외선 신호가 깔끔하게 최소화된 엔진과 민감한 플라이바이와이어 제어 시스템, 서로 독립적으로 작동하는 4개의 제어 컴퓨터, 손상에 내성을 갖춘 제어 시스템, 부가적인 방어 장치, 그리고 조종실 장갑을 갖춘 덕분에 A400M은 식별, 공격, 격추하기 어렵다.
“가용성”과 관련하여 A400M은 역사상 가장 신뢰성이 높은 수송기다. 12년 동안 단 84일 상당의 계획된 정비가 요구된다. 에어버스 상용기의 개념과 도구를 도입하여 신뢰성이 높은 부품을 사용하며, 이는 높은 가용성으로 이어졌다.
A400M UK loading(사진:에어버스)
A400M은 과거에 3종의 항공기가 수행하던 임무에 단독으로 투입할 수 있으며, 더 적은 자원으로 더욱 많은 일을 해낼 수 있다. 더욱 크기 때문에 더 적은 횟수의 비행으로 보다 많은 화물을 수송할 수 있다.
더욱 빠르기 때문에 같은 시간 안에 더 먼 거리의 임무를 수행할 수 있다. 요약하자면, A400M을 선택하면 더 적은 수의 항공기로 더 많은 것을 할 수 있으며, 이는 뛰어난 투자 효과와 높은 비용 효율을 보장한다.
[디펜스투데이]
Tag
#에어버스
#에어버스밀러터리
#Airbus
#A400M
#대형수송기사업
#디펜스투데이
저작권자 © 디펜스투데이 무단전재 및 재배포 금지
이승준 기자
다른기사 보기","{""AI/컴퓨팅"": [""AI"", ""AR""], ""센서/통신"": [""적외선"", ""IR""], ""의료/생체"": [""RNA""], ""항공기"": [""공중급유기"", ""전투기"", ""대형수송기"", ""Hercules"", ""C-130""], ""함정/항공기"": [""공중급유기"", ""Hercules""], ""방산기업"": [""Airbus""]}",True,A400M 다목적 수송기,2013-08,high,"기사에서 A400M 다목적 수송기의 상용화 및 전력화 현황을 자세히 다루고 있습니다. 첫 번째 A400M이 2013년 8월 1일에 프랑스 공군에 인도되었고, 현재까지 총 176대가 주문되어 111대가 인도된 것으로 나와 있습니다. 따라서 기술명과 전력화 시점이 명확히 제시되어 있어 'high' 수준의 정보라고 판단됩니다."
"개인전장가시화체계 개발시험평가 착수",2023-03,http://www.defensetoday.kr/news/articleView.html?idxno=5271,"방위사업청(청장 엄동환)은 2021년 8월부터 체계개발이 시작된 개인전장가시화체계에 대한 개발시험평가를 2023년 3월 13일 착수했다고 밝혔다. 
개인전장가시화체계는 팀(분대)원간 육성과 수화를 이용하여 작전하던 기존 방식에서 벗어나 모든 팀원이 개인무전기와 정보처리기(상용스마트폰)를 이용하여 작전하는 신개념의 개인전투체계이다.
개인전장가시화 체계 형상(자료:방위사업청)
팀 단위 작전 시 팀원 간 음성통신 및 문자 메시지를 주고 받을 수 있으며, 조준경으로 식별된 적군을 표적화 하여 정보처리기에 탑재된 지도상에 표시하고, 개인무전기를 통해 모든 팀원 또는 지휘소에 전파함으로써 전투현장을 가시화하고 실시간 공유할 수 있다.
2024년에 개인전장가시화체계가 개발이 완료되면 팀원 간 음성, 정지영상, 문자메시지를 활용한 신속한 상황전파와 의사결정이 가능하고, 정보처리기를 통해 적에게 노출되지 않고 사격이 가능하여 생존성 보장과 팀 단위 전투력이 크게 향상될 것으로 기대된다.
운용개념도(자료:방위사업청)
김태곤 첨단기술사업단장은“개인전장가시화체계는 상용 스마트폰을 무기체계에 활용하는 첫 사례로 향후 상용스마트폰을 플랫폼으로 한 다양한 무기체계와 콘텐츠(앱) 개발을 촉진시킬 것으로 기대된다”고 밝혔다.
[디펜스투데이]
Tag
#방위사업청
#개인정장가시화체계
#상용스마트폰무기체계
#디펜스투데이
저작권자 © 디펜스투데이 무단전재 및 재배포 금지
이치헌 기자
다른기사 보기",{},True,개인전장가시화체계,2024-01,high,"이 기사는 군사 기술의 상용화/전력화/배치를 다루고 있습니다. 핵심 기술은 '개인전장가시화체계'이며, 2024년에 개발이 완료될 것으로 예상됩니다. 따라서 상용화와 전력화 시점을 명확히 제시하고 있어 정보 품질이 높습니다."
"대한항공, 한국형 위성항법시스템 위성 구조계 개발 사업",2023-03,http://www.defensetoday.kr/news/articleView.html?idxno=5120,"대한항공이 한국항공우주연구원(항우연)이 주관하는 한국형위성항법시스템(KPS) 위성 구조계 개발 사업에 본격 착수한다.
1월 26일 대한항공은 항우연 관계자들과 KPS 위성 1호기 구조계 개발사업 관련 첫 회의를 개최했다.
KPS 위성 구조계 설계, 제작 방안 및 보유인력, 시설, 장비, 제품보증 등 사업의 전반적인 계획을 발표하고 항우연과의 사업 협력 방안을 제시했다.
한국형 위성항법시스템 위성 (사진:대한항공)
대한항공은 KPS 위성 구조계의 성공적인 개발을 위해 20년간 정지궤도 천리안 위성 1호, 다목적실용위성 3호, 5호 등을 통해 확보한 위성 구조계 개발기술과 전문인력 및 세계적인 수준의 항공우주용 복합재 제작 조립시설 등을 집중 투입할 예정이다.
KPS는 2035년까지 정지궤도에 총 8기의 위성을 배치해 한반도와 주변 영역에 센티미터급 위치정보 등을 제공할 수 있는 고정밀, 고신뢰성의 위성항법시스템을 구축하는 것이다.
평시에는 미국의 상용 GPS와 호환돼 고품질의 서비스를 제공하고, GPS 사용이 제한되는 상황에서도 안정적으로 한반도 지역에 위성항법 정보를 제공할 수 있는 체계다.
대한항공은 2021년부터 소형발사체 공통격벽 추진제 탱크, 3톤 엔진 등과 같은 핵심구성품 개발을 시작으로 우주사업에 참여하고 있으며, 보잉 및 에어버스사와 협업해 복합재 샌드위치 패널 제작, 구조물 조립 등과 같은 위성 구조계 개발 관련 기술을 꾸준히 발전시켜 오고 있다.
특히 대한항공 품질 수준은 항공우주 선진국에서도 인정받고 있으며, 이러한 기술과 역량이 KPS 위성 구조계 사업 수주에 긍정적인 영향을 준 것으로 평가받고 있다.
대한항공은 2025년 KPS 위성 1호기 구조계 개발을 시작으로 2035년까지 후속 KPS 위성 8호기까지 개발 수주 및 납품 등 성공적인 사업 수행을 목표로 전사적인 역량을 집중할 예정이다.
대한항공은 향후 달착륙선 위성 개발 분야에도 적극적으로 참여할 예정으로 다양한 위성개발 기술과 경험을 바탕이다.
[디펜스투데이]
Tag
#대한항공
#KAL
#한국형위성항법시스템
#디펜스투데이
저작권자 © 디펜스투데이 무단전재 및 재배포 금지
이승준 기자
다른기사 보기","{""우주/위성"": [""위성항법시스템"", ""정지궤도"", ""GPS"", ""위성항법""]}",True,한국형 위성항법시스템(KPS),2035,relevant,"이 기사는 대한항공이 한국항공우주연구원의 한국형 위성항법시스템(KPS) 위성 구조계 개발 사업에 착수했다는 내용을 다루고 있습니다. 2035년까지 총 8기의 KPS 위성을 배치하여 고정밀, 고신뢰성의 위성항법시스템을 구축할 계획이라고 언급하고 있습니다. 이는 군사 기술의 상용화 및 전력화 계획에 해당합니다."
"기뢰 AI빅데이터 활용 탐지 및 민간 저궤도위성이용 군통신체계 신속연구개발",2023-03,http://www.defensetoday.kr/news/articleView.html?idxno=5249,"방위사업청(청장 엄동환)은 신속시범사업추진위원회 심의를 거쳐 ’23년 1차 신속연구개발 대상사업 2개를 선정하였다고 밝혔다.
센서(소나)로 부터 얻어진 데이터를 빅데이터화 시키고, 딥러닝 AI 기술을 활용 하여 바다의 지뢰라고 할 수 있는 기뢰를 자동으로 탐지하는 무기체계를 개발하는 사업(자료:방위사업청)
선정된 2개 사업은 미래 군 활용성 등을 고려하여 각 軍에서 요구한 하향식 사업으로 긴밀한 민ㆍ군 협업을 통해 약 2년간의 연구개발 후 ’25년 하반기부터 실제 군에 시범배치되어 운용될 계획이다.
신속연구개발사업 전담기관인 국방신속획득기술연구원(국방과학연구소 부설)은 이번에 선정 된 2개 사업에 대해 3월중 입찰공고를 통해 전반기 협약을 목표로 속도감 있게 사업을 진행할 예정이다.
정지궤도 위성대비 빠른 전송속도를 보유한 민간 저궤도 위성을 활용하여 군 네트워크를 확보하는 사업으로 한국군 전용 게이트웨이를 설치하여 보안성 확보(자료:방위사업청)
빅데이터를 이용한 AI 기반 자동기뢰탐지체계는 다양한 센서(소나)로 부터 얻어진 정보를 빅데이터화 시키고, 딥러닝 기술을 활용하여 바다의 지뢰라고 할 수 있는 ‘기뢰’를 자동으로 탐지하는 체계를 연구개발하는 사업으로 해군의 소해(掃海)작전 능력향상에 기여할 것으로 기대된다.
    
상용 저궤도위성기반 통신체계는 민간 저궤도 위성을 활용하여  군 네트워크를 확보하는 사업으로 한국군 전용 게이트웨이와 위성통신 단말(차량/함정용)을 연구개발하여 보안성을 갖출 예정이며, 정지궤도 위성대비 빠른 전송속도로 인해 군작전능력 향상에 기여할 것으로 기대된다. 
  
방위사업청은 현재 추진되고 있는 신속시범사업(신속연구개발사업+ 신속시범획득 사업)의 효율화를 위해 제도개선 추진도 병행해 나갈 예정이라고 밝혔다.
   
현재 신속연구개발사업과 신속시범획득사업으로 분리되어있는 두 개의 사업을 ’24년부터 신속연구개발사업으로 통합 하고 개발기간을 다양화 하여 사업을 보다 효율화할 예정이다.
신속시범사업을 통해 후속 전력화 사업으로 추진되는 경우, 행정절차를 간소화 하고 시범사업 참여업체에 대한 인센티브를 강화하는 등의 제도개선도 추진할 계획이다.
신속시범사업추진위원회의 위원장을 맡고있는 한경호 미래전력사업본부장은“이번 신속연구개발사업을 통해 급속도로 발전하는 민간의 신기술을 신속하게 무기체계에 적용함으로써 무기체계 성능의 비약적인 향상뿐만 아니라, 무기체계 획득기간 및 비용을 절감하고 우수한 기술을 보유한 민간업체들이 더욱 적극적으로 국방분야에 참여할 수 있는 전환점이 될 수 있을 것으로 기대한다”고 말했다.
신속시범사업은 방위사업청 누리집를 통해 공모내용 확인 및 사업신청이 가능하다.
[디펜스투데이]
Tag
#신속시범획득사업
#저궤도위성군네트워크확보
#AI활용기뢰자동탐지
#방위사업청
저작권자 © 디펜스투데이 무단전재 및 재배포 금지
이승준 기자
다른기사 보기","{""우주/위성"": [""정지궤도"", ""저궤도"", ""위성통신""], ""AI/컴퓨팅"": [""AI""], ""센서/통신/레이더"": [""소나""]}",True,"['AI 기반 자동기뢰탐지체계', '상용 저궤도위성기반 통신체계']",2025-H2,high,이 기사는 AI 기반 자동기뢰탐지체계와 상용 저궤도위성기반 통신체계의 연구개발 및 실제 군 시범배치 계획을 다루고 있으므로 매우 관련성이 높다. 구체적인 기술명과 2025년 하반기부터 실제 군 시범배치할 것이라는 명확한 시점 정보가 제공되어 있다.
"[현장취재] 경기국제보트쇼에서 공개한 삼성중공업 자율운항시스템과 근거리감시스템",2023-03,http://www.defensetoday.kr/news/articleView.html?idxno=5237,"2023 경기국제보트쇼에서는 첨단기술·친환경 특별관이 운영됐다.
상용 선박을 중심으로 연구개발과 국제표준화가 진행 중인 자율운항 기술의 레저 선박 접목 가능성과 비전 제시를 위해 대우조선해양·삼성중공업 등 대형 조선사가 참여해서 자율운항 선박에 대한 선행시스템을 공개했다.
삼성중공업에서 경기국제보트쇼에서 첫 공개한 Samsung Autonomous Ship의 시연장비로 AI로 복잡한 해안을 배에 장비한 각종 레이더와 항법장비를 통합해서 운영한다.(사진:디펜스투데이)
삼성중공업 관계자들은 이번 경기국제보트쇼가 첫 참여라고 밝혔고, 조선 운항 인력이 줄어들고, 첨단선박들의 발전속를 감안한 AI자율운항시스템인 Samsung Autonomous Ship을 전시했다고 밝혔다.
이번 Samsung Autonomous Ship의 시연장비는 2022년 1월 목포해양대학교와 협업으로 진행하여 9,200톤급의 배에  SAS을 장비해서 500해리 이상의 수역에서 복잡한 해안 상황에서 안정적인 운행 성공을 한바 있다.
Samsung Autonomous Ship은 AI와 항적제어 시스템(TCS)이 연결된 전자해도표시시스템(ECDIS), 레이더, 코닝(Conning), 원격조정 주 추진 제어장치(BMS) 등 기존 항법 장비들과 SVISION을 통합해서 선박 주변의 충돌 위험을 감지해서 신속하게 결과를 도출해서 방향과 속도를 빠르게 판단해서 피해를 최소화 할 수 있다. 
SVISION은 레이더 및 AIS의 탐지가 불가능한 기존 모니터링의 시스템이 도달할 수 없는 매우 가까운 위치의 선박주변을 실시간으로 원격 감시할 수 있다.(사진:디펜스투데이)
SVISION은 레이더 및 AIS의 탐지가 불가능한 기존 모니터링의 시스템이 도달할 수 없는 매우 가까운 위치의 선박주변을 실시간으로 원격 감시할 수 있다. DECK HOUSE의 WING BRIDGE 가장자리에 설치되며, 여러대의 카메라 이미지 조합 및 각종 항법의 조합을 증강현실로 나타내어 주변에 발생할 수 있는 위험을 승무원이 빠르게 인지하여 지원한다.
SVISION은 삼성중업에서 건조한 배들에 설치되어 실적이 높고, 설치가 용이하고 파손시 수리가 간편하다고 밝혔다.
[디펜스투데이]
Tag
#경기국제보트쇼
#삼성중공업
#SAS
#SVISION
#디펜스투데이
저작권자 © 디펜스투데이 무단전재 및 재배포 금지
이승준 기자
다른기사 보기","{""AI/컴퓨팅"": [""AI"", ""증강현실""], ""무기/방어체계"": [""DE"", ""SAM""], ""재료/제조"": [""AM""], ""기타/기술"": [""IP""], ""해양/기상"": [""TC""], ""드론/무인체계"": [""autonomous""], ""해군장비"": [""ship""]}",True,자율운항 선박 시스템,2022-01,relevant,"문서에서 삼성중공업이 2022년 1월 목포해양대학교와 협업으로 9,200톤급 선박에 자율운항 시스템(Samsung Autonomous Ship)을 장비해서 실험한 것으로 확인됨. 이는 상용화/실증 단계에 해당함."
"Intelsat, 다중 궤도 운항중 와이파이 시험 완료",2023-03,http://www.defensetoday.kr/news/articleView.html?idxno=5212,"세계 최대의 통합 인공위성 및 지상파 네트워크들 중 하나를 운영하며 선도적인 기내 인터넷 연결(IFC) 제공사인 Intelsat는 동사의 새로운 전자 조정식 배열(ESA) 안테나에 대한 기내 시험을 성공적으로 완료하였다고 금일 발표했다. 이 안테나는 글로벌 스트리밍-고속 와이파이 서비스를 가능하게 하며 전세계적으로 항공사들에게 제공된다.
Intelsat의 ESA는 낮은 지구 궤도 인공위성과 정지 궤도 상의 인공위성들 간에 운영할 수 있는 항공 산업에서 유일하게 상용 공급되는 안테나이다. 2022년 6월에 발표된 새로운 이 안테나는 안테나 및 네트워크 성능을 검증하는 Ball, Stellar Blu Solutions, Intelsat 및 OneWeb 엔지니어들과 함께 비행 시간을 축적해왔다.
항공기 위로 보이는 Intelsat의 ESA 안테나는 낮은 윤곽 및 Intelsat 제품 중 가장 낮은 항력으로 항공사의 CO2 배출을 감소시킨다 (사진: 비즈니스와이어)
2023년 초에, Intelsat는 새로운 안테나 및 기내 와이파이 시스템을 구비한 동사의 Bombardier CRJ-700 지역 제트기 상에서 세계적 항공사들에게 새로운 동 시스템을 성공적으로 실증하였다. 275Mbps를 초과하는 피크 기내 다운로드 속도를 이용하여, 항공사 고객들은 라이브 가상 회의에 참여하고, 미디어 스트리밍을 하며, 중단 없이 연결을 유지할 수 있었다.
Intelsat 및 OneWeb 인공위성 네트워크들을 함께 사용함으로써, Intelsat는 LEO의 저지연 혜택을, LEO 네트워크 자체로는 다룰 수 없는 네트워크 핫스팟을 다루기 위해 GEO가 제공하는 중복성과 함께 제공할 수 있다. 항공기가 극 지역을 비행하든 또는 세계에서 가장 인구가 많은 도시의 상공을 비행하든, ESA 안테나는 이륙부터 착륙까지 완벽한 연결을 제공한다.
단지 90파운드에 불과하고 동작 부품이 없는 새로운 안테나는 항공기의 꼭대기 위에 단지 3.5인치 높이로 설치된다. 터미널의 낮은 윤곽으로 인해 Intelsat이 공급한 제품 가운데 항력이 가장 낮아, 항공사의 탄산가스 배출을 감소시킨다.
“12월에 시스템을 설치한 후에, 저희는 이 신기술을 완벽하게 하기 위해 열심히 노력하였으며 세계 유수의 항공사들을 통해 비행 시험을 하였습니다. 이제 제품에 비해 훨씬 작은 움직이는 부품이 없는 안테나는 항공사들이 시장에서 경쟁을 하고, 고객들을 즐겁게 하며, Intelsat의 다중 궤도 안테나가 시장에서 가장 우수한 성능의 기내 인터넷 연결 경험을 제공할 것임을 확인할 수 있게 합니다”라고 Intelsat Commercial Aviation의 사장인 Jeff Sare는 말했다.
알래스카 항공사는, 동사의 Embraer 지역 제트기 상에서 Intelsat의 ESA 터미널 및 IFC 서비스를 사용할 계획을 최근에 발표하였다. Intelsat는 광범위한 항공기용의 보충식 인증서 프로그램을 진행 중이며 2024년 초에 십셋(shipset)을 인도 및 설치하기 시작할 것으로 예상한다.
  [디펜스투데이] 
Tag
#intelsat
#다중궤도
#고속와이파이
#디펜스투데이
저작권자 © 디펜스투데이 무단전재 및 재배포 금지
이승준 기자
다른기사 보기","{""우주/위성"": [""LEO"", ""GEO"", ""중궤도""], ""AI/컴퓨팅"": [""AR""], ""센서/통신"": [""EW""], ""기타/기술"": [""IP""], ""센서/통신/레이더"": [""SAR""], ""해군장비"": [""ship""]}",True,전자 조정식 배열(ESA) 안테나,2024-01,high,"이 뉴스는 Intelsat社의 새로운 전자 조정식 배열(ESA) 안테나의 개발 완료와 상용화 계획을 다루고 있습니다. 2023년 초에 시험 운용을 완료하였고, 2024년 초에 십셋(shipset)을 인도 및 설치할 계획이라고 명시되어 있습니다."
"2023 드론쇼 코리아 개최",2023-03,http://www.defensetoday.kr/news/articleView.html?idxno=5208,"과학기술정보통신부(장관 이종호, 이하 ‘과기정통부’), 산업통상자원부(장관 이창양, 이하 ‘산업부’), 국방부(장관 이종섭, 이하 ‘국방부’), 국토교통부(장관 원희룡, 이하 ‘국토부’), 부산광역시(시장 박형준, 이하 ‘부산시)가 주최하고 벡스코, 한국무인기시스템협회가 주관하는 국내 최대 드론 전시회 및 컨퍼런스인 ‘2023 드론쇼 코리아(Drone Show Korea 2023)’가 2월 23일(목)부터 2월 25일(토)까지 3일간 부산 벡스코에서 열렸다. 
2023 드론쇼 코리아에 참가한 공군부스에 F-35A 와 KF-21 전투기 모형을 전시했다.(사진:드론쇼코리아)
올해 7회째를 맞이하는 ‘드론쇼 코리아’는 172개사 625부스, 17,600㎡의 규모의 전시회와 8개국(미국, 영국, 독일, 스위스, 일본, 방글라데시, 탄자니아, 한국) 46명이 연사 및 좌장으로 참여하는 컨퍼런스, 다양한 체험 이벤트로 구성됐다. 드론쇼 코리아는 ‘드론의 모든 것, 드론으로 마주할 우리의 미래’ 라는 주제로 드론산업의 확장성에 주목하여, 드론으로 구현될 산업간 융복합 사례를 소개하고 최신 기술이 미래일상에 적용될 다양한 드론 모델을 선보였다. 
역대 최대 규모로 개최되는 전시회는 작년에 이어 UAM/AAM, 공간정보, AI, 수소, 해양 등 드론의 주요한 이슈들을 선도하는 기관/기업들의 참여가 더욱 두드러졌다.
대한항공 부스에 전시된 중고도 무인정찰기 모형(사진:대한항공)
‘과기정통부 원천기술 R&D관’, ‘드론인프라·활용관’, ‘공간정보 융합얼라이언스 공동관’, ‘산업부 DaaS기반 글로벌오션시티 구축관’ 등의 공동관에서는 드론서비스와 기술에 대한 연구성과 및 일상과의 접점 사례들을 소개했다.  
국방부는 국방혁신 4.0을 통한 AI과학기술강군으로 도약하는 현재와 미래의 국방 발전 모습을 전시한다. 육군은 다영역 작전을 주도할 `Army TIGER` 중심의 AI기반 드론봇 전투체계, 해군은 미래 해양전을 대비한 AI 기반 해양 유·무인 복합전투체계, 공군은 미래 전영역 우세 달성을 위한 공중무인체계의 비전과 능력을 선보였다. 더불어, 방위사업청의 드론무기체계 전력화 사업에 대한 사업설명회도 열렸다. 
부산시 UAM 컨소시엄으로 모빌리티 플랫폼부터 기체, 통신, 인프라까지 UAM 서비스 관련 역량을 모두 갖춘 완성형 B-UAM Future Team(LG U+, GS건설, 카카오모빌리티, 파블로항공)이 참여했다.
2023 드론쇼 코리아에 참가한 육군(사진:드론쇼 코리아)
소형드론부터 전술무인기, 스텔스 무인기, 대형 전략 정찰 무인기까지 다양한 플랫폼을 개발 생산하며 해당 분야의 국내 선두 업체로 자리매김하고 있는 대한항공, 차세대 동력원인 수소연료전지로 드론 및 육상용 로봇의 미래를 제시한 두산모빌리티이노베이션, 드론 통합관제 기술 및 드론, 안티드론 솔루션을 전시한 유콘시스템, 대형 무인기 체계에 포함되는 요소기술을 전시한 퍼스텍, 드론 통합 관제 차량을 통해 모니터링 시연을 선보이는 프리뉴, 하이브리드 솔루션으로 최적화된 비행거리와 저탄소 비행이 가능한 기체를 개발하는 플라나, 블록체인·AI 기반 군집비행 제어 기술 공개 및 무인기 및 군집드론 운용·정비 교육 Kit를 소개하는 다온아이앤씨,  네스앤텍, 한컴인스페이스 등 무인기(드론) 관련 기업이 대거 참여했다. 
SK E&S는 수송 분야 및 산업 현장 등 수소드론의 다양한 활용처를 소개하고, 수소 밸류체인을 바탕으로 조성될 '청정수소도시' 부산의 미래 비전을 선보이며, LIG넥스원은 민군 공통 사용가능한 하이브리드 엔진 적용 탑재 중량 40kg급 수송드론과 드론 위협으로부터 중요 시설을 보호할 수 있는 드론방호체계를 전시하고, SK텔레콤은 드론을 활용한 태양광 패널 AI분석, 이동형 로봇 및 드론 통합 영상관제 시스템을 선보였다. 
국토교통부와 항공안전기술원을 주축으로 드론 실증사업에 참여했던 지방자치단체와 국내 드론기업으로 구성된 드론 인프라•활용관이 구성되고, 국토지리정보원과 공간정보품질관리원은 ""드론 공간정보 기술(Drone spatial information tech : DSIT)"" 9개 전문기업과 함께 공간정보 융합 얼라이언스 공동관 부스를 마련하고, 공공측량 시행자 간담회도 개최했다.  한국항공우주연구원, 한국전자통신연구원, 항공안전기술원, 한국교통안전공단, 한국전기연구원, 한국기계연구원 등 국내 무인기 연구 개발 핵심 기관들과 공공수요처들도 전시관을 조성했다.   
코로나19 여파로 그간 참여가 힘들었던 해외기업들이 참여했다. 실내공간 점검 소형 드론 서비스 및 시연을 선보이는 Liberaware(일본), 리튬 배터리 및 배터리솔루션을 제공하는 Shenzhen Grepow Battery(중국)과 Shenzhen Vigorpower Battery(중국), 국내협력사와 공동으로 참여하는 DJI(중국), Amuse Oneself(일본), FLYABILITY(스위스) 등이 부스로 참여했고, 유명 항공전문매체인 Aviation Week Network(미국)가 공식 미디어파트너사로 해외홍보를 진행했고, World UAV Federation(중국) 회장 및 관계자들도 드론쇼코리아와의 파트너쉽 협의를 위해 방문했다.
2월 23일~24일 이틀에 걸쳐 진행된 국제 컨퍼런스의 1일차 기조연설은 ‘드론 및 미래모빌리티 산업의 과제’라는 주제로 전 세계적인 UAM/AAM 붐을 일으킨 우버 엘리베이트(Uber Elevate) 사업을 주도했던 Mark Moore(現 Whisper Aero 최고경영자가)가 첫 발표를 했으며, 뒤이어 캘리포니아공대의 정순조 교수가 빠르게 발전하는 드론과 다양한 무인이동체 그리고 UAM/AAM 등 미래모빌리티의 안정성 확보를 위한 AI/머신러닝 연구의 중요성에 대해 발표했다. 
1일차 오후에는 대한민국의 드론산업을 선도하고 있는 우리 기업들의 글로벌 시장 개척을 촉진시키기 위해 “K-드론의 글로벌 무대” 세션이 열렸으며 코트라 방산물자교역지원센터의 “효과적인 K-드론 해외진출전략의 수립” 발표를 시작으로 글로벌 드론시장에 대한 포괄적인 이해와 방글라데시, 아프리카 대륙을 타겟으로 우리 기업들의 진출 기회를 엿보기 위해 Drone Industry Insight, 방글라데시 환경지리정보서비스센터, 아프리카개발은행 관계자 등 다양한 시각을 제시할 수 있는 해외연사들을 초청했다. 
1일차 마지막 ‘Young Pioneers’ 세션에서는 대한민국 드론산업의 발전을 위해 묵묵히 국내외 시장을 개척해 나가고 있는 젊은 주역들을 소개하고 그들의 경험을 바탕으로 우리가 나아가야 할 방향에 대해 고민해보는 기회도 마련됐다.  
2일차인 24일에는 컨퍼런스를 2개의 트랙으로 나누어 진행하며, 트랙#1에서는 ▲드론과 전쟁 (국내외 드론 무기체계 전력화 현황 등) ▲미래 공간정보기술 (최첨단 공간정보기술 및 UAM 진흥을 위한 공간정보정책 등) ▲드론의 활용 (우리의 삶을 변화시키고 있는 드론의 다양한 활약상) 세션이 진행됐다.
트랙#2에서는 ▲차세대 동력원 (미래모빌리티 시대를 열어갈 핵심기술인 차세대 동력원 연구), ▲심해에서 우주까지(드론과 무인이동체의 무한한 가능성과 확장성), ▲미래모빌리티 생태계(UAM/AAM 시대를 선점하기 위해 수반되어야 하는 다양한 기술과 인프라 등)를 진행했다.  
드론 레저문화의 정착을 위한 ‘팝드론배틀경기’, ‘드론 축구 e-스포츠’, 참가업체 제품체험 및 청소년 대상의 ‘군집드론코딩교육 및 시연’을 했으며, 23일(목) 저녁(19시, 10분 내외)에는 다온아이앤씨의 ‘드론라이트쇼’가 드론으로 마주하는 우리의 미래상을 드론으로 연출했다. 
[디펜스투데이]
Tag
#드론쇼코리아
#벡스코
#육군
#공군
#해군
#부산
#디펜스투데이
저작권자 © 디펜스투데이 무단전재 및 재배포 금지
이승준 기자
다른기사 보기","{""무인체계"": [""UAV""], ""AI/컴퓨팅"": [""AI"", ""머신러닝"", ""AR"", ""RL""], ""무기/방어체계"": [""DE""], ""재료/제조"": [""AM""], ""항공기"": [""F-35"", ""전투기""], ""항공기/전투기"": [""KF-21""], ""드론/무인체계"": [""drone""]}",True,"['AI/컴퓨팅', '무기/방어체계', '재료/제조', '항공기', '항공기/전투기', '드론/무인체계']",,relevant,"이 기사는 2023년 2월에 개최된 '2023 드론쇼 코리아'에 대해 다루고 있습니다. 이 행사에는 다양한 군사 기술과 무인체계가 전시되었으며, 특히 AI, 컴퓨팅, 무기/방어체계, 재료/제조, 항공기, 전투기, 드론 등의 기술이 언급되고 있습니다. 하지만 구체적인 상용화/전력화 시점은 제시되지 않았습니다."
"2023 한․미 FCT Industrial Day",2023-02,http://www.defensetoday.kr/news/articleView.html?idxno=5168,"방위사업청(청장 엄동환)은 국방기술진흥연구소, 대한무역투자진흥공사와 공동으로 2월 21일(화)부터 23일(목)까지(3일간) 서울, 구미, 창원 등에서“한미 FCT Industrial Day”행사를 개최한다고 밝혔다.
이번 행사 개최를 위해 방위사업청, 국방기술진흥연구소, 대한무역투자진흥공사는 작년 10월부터 적극적인 업무협의를 추진해 왔다.
FCT는 미국 국방부가 주관하여 미국에서 생산되지 않는 동맹국·우방국의 우수 장비 및 기술을 시험평가 후 군의 요구도와 기술수준을 고려하여 국방조달로 연계하는 제도이다.
이번 행사는 국내기업에 미국 FCT(Foreign Comparative Test, 해외비교시험) 사업을 소개하고 우수한 제품을 홍보할 수 있는 기회를 부여하며, 미국 FCT팀에게는 미군의 소요를 신속하게 충족시키기 위한 제품을 식별할 자리를 제공해 주는 등 한·미 상호 호혜적 측면에서 마련되었다.   
FCT팀은 우수한 제품을 선별하기 위해 2~3년 주기로 동맹국·우방국을 방문하는데, 이번 FCT팀의 방한은 코로나19의 여파로 지난 ’19년 이후 4년 만에 이루어졌다. 
’19년에는 “지상용 2.75인치 유도로켓(LIG넥스원)”시험을 목적으로 방한하였지만, FCT 사업만을 위해 정부 간 회의를 포함한 별도의 행사 개최는 이번이 처음이다. 
 
정부기관은 이번 행사를 통해 보다 많은 국내기업의 제품이 FCT에 선정됨과 더불어 미국 국방조달로 연계될 수 있도록 적극 지원할 예정이다. 
한미 FCT Industrial Day는 총 3일로 1일차 오전 FCT 사업 소개에는 국내기업 47개사(社)가 참석을 희망하였고, 오후 정부-기업 간(G2B) 상담회에는 총 30개사(社)가 44개 제품을 홍보할 예정이며, 2일차에는 FCT사업에 선정되어 진행 중인 LIG넥스원과 한화디펜스를 방문하여 기업소개 및 FCT 사업추진방안을 토의할 예정이고, 3일차에는 카이스트 내 국방기술진흥연구소 벤처센터 등을 방문하여 기관 및 연구시설을 소개받고 관련 토의를 진행할 예정이다. 
엄동환 방위사업청장은 “FCT와 같은 미국의 신속획득프로그램은 국내기업의 우수한 제품이 미국의 조달시장에 진출할 수 있는 지름길”임을 강조하였고, “보다 많은 기업이 참여하여 FCT에 선정되고 국방조달로 연계될 수 있도록 적극 지원하겠다.” 고 밝혔다.
방위사업청은 이번 행사가 일회성에 그치지 않도록 한·미 FCT 교류의 장을 정례화하고 미국 국방부 FCT 관계기관과 다각적인 소통채널을 확보함으로써 우리 제품을 홍보하고 국내기업을 적극 지원할 예정이다.
[디펜스투데이]
Tag
#2023 한․미 FCT Industrial Day
#FCT
#방위사업청
#디펜스투데이
저작권자 © 디펜스투데이 무단전재 및 재배포 금지
이치헌 기자
다른기사 보기","{""AI/컴퓨팅"": [""AR""]}",True,FCT (Foreign Comparative Test),,relevant,"이 뉴스는 한국과 미국 간의 FCT(Foreign Comparative Test) 사업 관련 행사에 대해 다루고 있습니다. FCT는 미국 국방부가 주관하는 제도로, 동맹국 및 우방국의 우수한 제품과 기술을 시험평가하여 미군의 요구사항에 적합한 경우 국방조달로 연계하는 것입니다. 이번 행사를 통해 한국 기업들이 FCT 사업에 참여하고 우수 제품을 미국 시장에 진출할 수 있는 기회를 얻게 됩니다. 따라서 이는 군사 기술의 상용화와 관련된 내용으로 판단됩니다."
"KAI, 미래항공기체 AAV 실증센터 구축",2023-02,http://www.defensetoday.kr/news/articleView.html?idxno=5158,"한국항공우주산업㈜(이하 KAI)이 미래항공기체(AAV) 산업생태계 조성을 위한 첫걸음을 뗐다. 
KAI는 2월 17일 창원 경남도청에서 경상남도‧진주시‧경남테크노파크(경남TP)와 ‘미래항공기체(AAV) 실증센터 구축을 위한 업무협약’을 체결했다. 
미래항공기(AAV) 실증센터 구축사업 업무협약식 (왼쪽부터 노충식 경남TP원장, 강구영 KAI 사장, 박완수 경남도지사, 조규일 진주시장)(사진:KAI)
협약식에는 박완수 경남도지사, 조규일 진주시장, 강구영 KAI 사장, 노충식 경남TP 원장이 참석했다. 
이번 협약에 따라 경상남도와 진주시가 행정 및 재정적 지원을 하고, 경남TP가 관리‧운영한다. KAI는 실증센터 구축에 필요한 장비 및 인력을 포함하는 기술을 지원하기로 했다. 
이번 협약은 경남 거점의 AAV 비행체를 시험할 수 있는 연구센터와 공역이 마련됐다는 것에 의의가 있다. 
사업 기간은 올해부터 2024년 말까지이다. 해당 부지는 진주시 이반성면에 2024년 내 완공될 예정인 KAI 회전익 비행센터 앞 부지 3천 평 규모이며 총사업비는 250억 원 규모다. 
미래항공기(AAV) 실증센터 구축사업 업무협약식에 참석한 강구영 KAI 사장(사진:KAI)
AAV 실증센터는 비행체 연구, 실증/비행시험, 운용체계 검증이 가능한 센터를 건립하는 것이 목적이다. AAV를 연구하는 타 기업 및 연구기관과의 공동연구‧협업 등이 가능한 환경이 조성돼 AAV 비행체 개발에 집중할 수 있을 것으로 예상된다. 
KAI는 이번 AAV 실증센터를 회전익 비행센터와 연계해 비행실증과 검증을 위한 비행센터로 활용할 계획이다. 향후 AAV 축소 및 실증기체 설계와 제작을 위한 독립 연구소로 활용 할 수 있을 것으로 기대된다.
KAI 관계자는“AAV 실증센터 구축은 공역에 민감한 국내 환경에서 실질적으로 비행시험을 할 수 있는 인프라를 조성하는 것”이라며 “2026년경 국내 기술 기반의 비행체 실증비행이 시작되도록 착실히 준비하겠다.”고 말했다. 
KAI는 올해 1월‘Global KAI 2050’비전을 선포하고 미래 기술 확보를 위해 2027년까지 5년간 R&D 투자에만 1.5조 원을 투입하고 이후 6~10년간 매출의 5~10%인 3조 원 규모로 투자를 확대한다고 밝힌 바 있다. 
 또한, 세계 시장과 군 지원체계 요구도에 대응하는 국산 수직이착륙 비행체의 상용화를 목표로 AAV 독자모델 개발을 진행 중이다. 
 AAV 핵심기술인 전기분산 추진시스템, 프롭/로터 최적 형상 설계를 선행연구 중이며, 2024년 내 축소기 시험비행을 통해 비행제어 로직과 시뮬레이션 기술을 확보할 계획이다.
[디펜스투데이]
Tag
#KAI
#미래항공기실증센터
#AAV
#구축사업협약
#디펜스투데이
저작권자 © 디펜스투데이 무단전재 및 재배포 금지
이치헌 기자
다른기사 보기","{""무인체계"": [""수직이착륙""], ""AI/컴퓨팅"": [""AI""], ""방산기업"": [""KAI""]}",True,AAV(Advanced Air Vehicle),2026-00,relevant,"기사에서 KAI가 AAV 독자모델 개발을 진행 중이며, 2024년 내 축소기 시험비행을 통해 비행제어 로직과 시뮬레이션 기술을 확보할 계획이라고 언급하고 있습니다. 이를 통해 2026년경 국내 기술 기반의 AAV 비행체 실증비행이 시작될 것으로 기대된다고 밝힙니다. 따라서 AAV 기술의 상용화/전력화가 진행 중인 것으로 볼 수 있습니다."
"SKT, 슈퍼컴퓨터 2배로 확대 구축",2023-02,http://www.defensetoday.kr/news/articleView.html?idxno=5143,"SK텔레콤(대표이사 사장 유영상)이 자사의 초거대 AI 모델인 ‘에이닷’의 브레인 역할을 하고 있는 슈퍼컴퓨터 ‘타이탄’을 기존 대비 2배로 확대 구축했다고 밝혔다.
수십억 개 이상의 매개변수를 다루는 초거대 AI를 구동하기 위해서는 방대한 양의 데이터를 빠르고 정확하게 처리할 수 있는 슈퍼컴퓨터 인프라가 필수적이다.
SKT는 2021년부터 슈퍼컴퓨터를 구축해 자체 운영하고 있으며 이번에 NVIDIA A100 GPU 1040개로 증설했다. 기존 대비 약 2배 이상 규모다.
SKT의 슈퍼컴퓨터 ‘타이탄’ (사진:SK텔레콤)
SKT의 슈퍼컴퓨터는 17.1 페타플롭(Petaflop; 1초당 1000조번의 수학 연산 처리를 뜻함) 이상의 성능을 지원해 글로벌에서 손꼽힐 수준의 성능을 갖추게 됐다고 SKT는 설명했다.
1페타플롭은 1초에 1000조번 부동소수점(컴퓨터의 실수인식법) 연산이 가능한 속도인데 17.1페타플롭은 초당 1경 7100조번의 연산 처리가 가능한 수치다.
SKT의 슈퍼컴퓨터는 지난해 전세계 슈퍼컴퓨터 랭킹 ‘Top 500’에서 국내 통신사 최초로 85위에 오른 바 있다. Top 500 재단은 매년 2번 성능 집계를 실시하고 이를 토대로 전 세계 슈퍼컴퓨터 성능 순위를 발표하고 있다.
SKT는 이번 슈퍼컴퓨터 확대 구축을 통해 자사의 초거대 AI 모델인 ‘에이닷’이 기존보다 더 정교한 학습이 가능해질 것으로 보고 있다.
‘에이닷’은 상용 서비스에 수백억개 이상의 파라미터 모델을 이미 적용하고 있고 이번 컴퓨팅 성능 확대를 통해 현재보다 2배 이상 규모의 모델로 고도화 할 예정이다.
이번 슈퍼컴퓨터 확대 구축을 통해 더 광범위한 데이터를 더 빠르고 정확하게 처리할 수 있는 강력한 컴퓨팅 파워를 갖추게 됐다고 SKT는 설명했다.
SKT는 수년간 내재화한 초거대 AI R&D 기술력과 슈퍼컴퓨팅 고도화 등을 기반으로 초거대 AI 범용성을 무한 확장할 계획이다. 이미 에이닷을 통해 FLO, TMAP, 웨이브 등 한국의 대표 미디어 플랫폼과 연동돼 서비스를 제공 중이다.
SKT A.추진단 김영준 담당은 “이번 슈퍼컴퓨터 확대 구축을 통해 에이닷이 기존보다 더 정교한 학습이 가능해져 사람과의 대화 흐름과 답변 완성도가 사람 수준에 가깝도록 개선하는데 큰 역할을 할 것으로 기대된다”며 “앞으로도 공격적인 R&D 투자, 인프라 확대, 인재 영입 등 통해 AI 기술 리더십을 선도하기 위해 지속 노력할 것”이라고 밝혔다.
  [디펜스투데이]
Tag
#SK텔레콤
#슈퍼컴퓨터
#AI
#에이닷
#디펜스투데이
저작권자 © 디펜스투데이 무단전재 및 재배포 금지
이승준 기자
다른기사 보기","{""AI/컴퓨팅"": [""AI"", ""GPU""]}",True,슈퍼컴퓨터,2023-02,relevant,"이 기사는 SK텔레콤이 자사의 초거대 AI 모델 '에이닷'을 구동하기 위해 슈퍼컴퓨터 '타이탄'을 2배로 확대 구축했다는 내용을 다루고 있습니다. 이는 AI 기술의 상용화에 도움이 될 것으로 보이지만, 이 슈퍼컴퓨터가 군사 기술과 직접적인 연관은 없어 보입니다."
"SKT, 고주파 6G 후보 주파수 통과",2023-02,http://www.defensetoday.kr/news/articleView.html?idxno=5135,"SKT는 이번 연구를 통해 건물 외장재로 많이 쓰이는 Low-E유리에 RIS를 적용, 고주파 대역인 6G 후보 주파수를 통과시키는 기술을 세계 최초로 개발했다.
Low-E유리는 뛰어난 단열 특성으로 건물 외장재로 많이 쓰이나, 전파를 차단하는 특성도 갖고 있어 이동통신 주파수 전달에 불리했다. 하지만 이번 SKT의 RIS 적용 기술 개발로 빛과 전파는 투과하고 단열 성능은 그대로 유지할 수 있는 6G RIS 유리 생산이 가능해진 것이다.
SK텔레콤은 화학소재 기업인 동우화인켐과 연구협력을 통해 6G 후보 주파수에 대한 RIS(Reconfigurable Intelligent Surface) 기술개발에 성공했다고 9일 밝혔다. 사진은 SKT 직원들이 6G 후보 주파수에 대한 RIS 기술을 시연하고 있다.(사진:ST텔레콤)
SKT는 이번에 개발한 6G RIS 유리를 상용화 할 경우 6G 실내 커버리지 확장 등 무선 통신 품질 개선에 기여할 수 있을 것으로 기대하고 있다.
SKT가 Low-E유리에 적용한 RIS는 6G 시대를 대비하기 위한 중요한 기술로 주목받고 있다. SKT는 이번 연구에서 6G 후보 주파수로 거론되고 있는 다양한 대역* 중 새로운 주파수 대역으로 논의 중인 어퍼-미드밴드(Upper Midband, 7~24GHz) 와 서브테라헤르츠(Sub-THz , 92~300GHz) 대역에 대한 투과 특성 측정 및 5G 상용 주파수와의 비교 시험을 진행했다.
어퍼-미드밴드와 서브테라헤르츠가 속한 고주파 대역의 경우 넓은 대역폭을 활용할 수 있어 초고속 대용량 무선 서비스에 적합하나, 파장이 짧아 장애물 통과에 분리하여 투과손실이 크고 회절성은 떨어지므로 서비스 커버리지가 줄어드는 한계가 있다. 따라서 주파수 대역에 따른 전파 특성 연구를 통해 해당 대역을 어떤 용도로 활용하고, 고주파 한계를 극복하는 기술에 대한 선제적 연구 개발이 필수적이다.
SK텔레콤은 화학소재 기업인 동우화인켐과 연구협력을 통해 6G 후보 주파수에 대한 RIS(Reconfigurable Intelligent Surface) 기술개발에 성공했다고 9일 밝혔다. 사진은 SKT 직원들이 6G 후보 주파수에 대한 RIS 기술을 시연하고 있다.(사진:ST텔레콤)
RIS는 이러한 고주파 대역의 주파수를 반사시켜 장애물을 통과하게 해주거나, 투과시켜 실내에 들어올 수 있도록 돕는 기술이다. 시험 결과5G 상용주파수 대비 약 4 ~ 2000배 전파 손실이 발생하였으나, RIS 적용 시 약 40% 개선됨을 확인했다.
SKT는 지난해 8월 5G·LTE 대역에서의 투명안테나 및 RIS 기술을 개발한 바 있으며, 일부 수도권 시내버스 공공 와이파이에 사용되는 LTE 모뎀에 투명안테나를 적용해 상용화에 성공하였다. 이와 같은 혁신적 안테나 기술 등 고주파대역 의 한계를 극복하는 기술을 통해5G Advanced 및 6G에 이르는 주요 기술들을 확보해 나갈 계획이다.
류탁기 SKT 인프라 기술 담당은 “이번 6G RIS 기술의 개발은 5G/LTE를 통해 확보한 기술력의 6G로의 자연스러운 진화로 일궈낸 의미 있는 결과로, 5G고도화와 6G시대를 준비하는 모범 사례가 될 것”이라며, “앞으로도 지속적으로 이동통신의 진화 발전을 위한 기술 개발에 최선을 다하겠다”고 밝혔다.
[디펜스투데이]
Tag
#RIS기술
#SJ텔레콤
#6G이동통신
#디펜스투데이
저작권자 © 디펜스투데이 무단전재 및 재배포 금지
이승준 기자
다른기사 보기","{""센서/통신"": [""LTE"", ""RF""], ""작전/전술"": [""ACE""]}",True,6G RIS 유리,,relevant,"이 기사는 SKT가 6G 후보 주파수 대역을 통과시킬 수 있는 RIS 기술을 개발했다는 내용입니다. 이는 상용화를 위한 연구 개발 단계이며, 상용화 시점은 명시되지 않았습니다."
"보잉, 뉴질랜드 P-8A 포세이돈 지원위해 루프트한자 테크닉과 계약",2023-01,http://www.defensetoday.kr/news/articleView.html?idxno=4996,"보잉은 가동율을 향상시키기 위해 4대의 P-8A 항공기로 구성된 뉴질랜드 공군(RNZAF)의 미래 비행대의 지원 범위 내에서 루프트한자 테크니크에 지속 서비스 계약을 체결했다.
계약은 루프트한자 테크닉의 TCS(Total Component Support)를 제공하기 위한 것으로, P-8A의 구성에 포함된 400개 이상의 상용 공통 부품을 다루는 737을 위한 포괄적 부품 서비스 프로그램이다.
P-8A 국제 고객을 지원하기 위해 737 상업 시장을 활용하면 오늘날 운항 중인 4,000대 이상의 737 항공기에서 소규모 항공사가 필요한 글로벌 공급망 재고에 더 쉽게 접촉할 수 있다.
정부 서비스의 보잉 부사장 겸 제너럴 매니저인 도르부져 조그렌은 ""루프트한자 테크닉과의 협력은 업계가 어떻게 협력하여 고객 문제를 해결하고 높은 준비율을 유지할 수 있는지를 보여주는 강력한 사례""라고 말했다. ""우리의 목표는 추가적인 P-8A 고객들이 혜택을 받을 수 있도록 독일의 전략적인 산업 파트너로부터 서비스 오퍼링을 확대하는 것입니다.""
12월 7일 뉴질랜드로 출발한 뉴질랜드 공군용 P-8A 포세이돈 대잠초계기(사진:Boeing)
루프트한자 테크닉이 제공하는 TCS 프로그램은 RNZAF가 독일 회사의 유지보수 및 정비(MRO) 글로벌 공급망에 접근함으로써 상용 공통 부품에 대한 투자를 줄이고 초계기 가동율을 개선할 수 있도록 한다.
보잉과 루프트한자 테크닉은 2021년 독일의 P-8A 포세이돈 부대를 지원하기 위한 전략적 양해각서(MOU)를 체결했다. MOU는 2022년 ESG Electronik System-und Logistik-GmbH와의 3자 협정으로 확대되었다.
독일 보잉사의 마이클 하이딩거 사장은 ""루프트한자 테크닉은 전 세계 보잉 항공기를 지원해온 오랜 역사를 가진 오랜 파트너""라고 말했다. ""이번 새 계약은 독일 산업에 대한 우리의 약속과 대서양과 전 세계적으로 어떻게 협력하여 독일의 지속적인 경제 및 산업 성장을 보장하는 의미 있는 파트너십을 형성하는지를 명확하게 보여줍니다.""라고 밝혔다.
보잉의 성능 기반 물류(PBL) 프로그램에 따라, 루프트한자 테크닉은 또한 보잉 KC-767A 공중급유기의 보유한 이탈리아 부대에 하드웨어 지원을 제공하고 이탈리아 공군을 위한 뛰어난 항공기 가용성을 촉진했다.
 미카엘 폰 푸트카머 루프트한자 테크닉 부사장은  ""특수 임무 항공기의 저명한 전문가이자 상업용 보잉 737기를 서비스한 경험이 있는 선도적인 유지보수, 수리 및 정비 제공자로서, 우리는 뉴질랜드의 포세이돈 비행대를 곧 서비스하기 시작하게 되어 기쁩니다.
""보잉과의 강력한 파트너십 덕분에 항공기 전체 수명 주기에 걸쳐 가능한 최고의 서비스 수준을 제공할 수 있다""고 말했다. ""우리는 독일과 그 이상의 파트너들과의 추가적인 협력을 매우 기대하고 있습니다.""
2018년 7월, 뉴질랜드 정부는 노후화된 P-3K2 해상초계기를 대체하기 위해 P-8A 포세이돈 초계기 4대를 구매한다고 발표했다.
뉴질랜드로 가는 첫 번째 P-8A는 2022년 12월에 인도되었고, 나머지 3대는 2023년에 인도될 예정이다.
P-8A는 155대의 초계기가 인도되거나 운항 중이며 45만 시간 이상의 집단적이고 사고 없는 비행 시간으로 전 세계에 배치되어 있으며, 전세계 대잠전, 정보, 감시, 정찰 및 수색 및 구조 작업에 필수적이다.
[디펜스투데이]
Tag
#보잉
#푸프트한자테크닉
#뉴질랜드
#Total Component Support)
#boeing
#디펜스투데이
저작권자 © 디펜스투데이 무단전재 및 재배포 금지
이승준 기자
다른기사 보기","{""재료/제조"": [""TEM""], ""연구/프로그램"": [""OTA""], ""항공기"": [""공중급유기""], ""해양/기상"": [""TC""], ""함정/항공기"": [""P-8"", ""공중급유기"", ""P-3"", ""대잠초계기""], ""무기/방어"": [""대잠전""], ""지상장비"": [""K2""], ""방산기업"": [""Boeing""]}",True,P-8A Poseidon 다목적 초계기,2022-12,relevant,이 기사는 뉴질랜드가 2018년부터 도입을 시작한 P-8A 포세이돈 다목적 초계기의 가동률 향상을 위한 지원 계약 체결을 다루고 있습니다. 구체적인 배치 시점은 2022년 12월 1호기 인도로 확인됩니다.
"보잉코리아, 상용기 및 우주비행체 리눅스 플랫폼 공동 개발",2023-01,http://www.defensetoday.kr/news/articleView.html?idxno=5072,"보잉(NYSE: BA)이 상용기, 도심항공교통(UAM), 우주 비행체 등 다양한 제품군을 위한 차세대 운영체제를 개발 한다.
다년간의 전략적 노력 끝에 자체 리눅스 개발에 착수하게 된 보잉은 공동 개발을 위해 서울 소재 보잉한국기술연구센터(BKETC)에 임베디드 시스템과 시스템 프로그래밍 전문 소프트웨어 엔지니어 인력을 충원한다.
차세대 보잉 737 (자료사진:보잉)
보잉 리눅스는 세이프티 크리티컬(safety-critical) 애플리케이션에 적용될 수 있도록 조정 및 검증 과정을 거친 최신 리눅스 커널을 기반으로 구동된다.
고성능 요구사항에 맞게 최적화돼 실시간 운영체제를 구현하며, 항공전자 애플리케이션 표준 인터페이스를 지원하는 기능도 추가로 선보인다.
딜런 존스(Dylan Jones) BKETC 연구소장은 “한국 소프트웨어 엔지니어들이 전 세계적으로 영향력 있는 항공우주 프로젝트에 참여할 수 있는 아주 흥미로운 기회”라며 “우리 연구소는 품질과 감항능력을 유지하면서 미래 항공 모빌리티를 위한 혁신적인 기술을 제공해 한국의 기술 역량을 세계 무대에서 다시 한번 증명할 것”이라고 말했다.
보잉 리눅스 배포판은 보잉의 다양한 항공우주 관련 제품군에 사용될 수 있다. 특히 항공기용 세이프티 크리티컬 애플리케이션에 오픈소스 소프트웨어를 적용하는 데 중요한 전환점이 될 것으로 기대된다.
BKETC는 보잉의 핵심 연구 허브로서 자율 비행, 인공지능, 항공전자공학, 임베디드 소프트웨어, 리눅스, 모빌리티 플랫폼, 스마트 캐빈, 스마트 팩토리 등 전략적 기술 연구를 위해 세계 수준의 파트너와 협력하고 있다.
BKETC는 보잉의 12번째 글로벌 연구 센터로 서울 강남구 아셈타워에 위치한다.
[디펜스투데이] 
Tag
#보잉
#리눅스배포판
#BKETC
#리눅스개발
#디펜스투데이
저작권자 © 디펜스투데이 무단전재 및 재배포 금지
이승준 기자
다른기사 보기","{""AI/컴퓨팅"": [""LAN"", ""인공지능""], ""재료/제조"": [""AM""], ""해양/기상"": [""TC""]}",True,리눅스 플랫폼,,relevant,"이 기사는 보잉이 상용기, UAM, 우주비행체 등을 위한 차세대 리눅스 운영체제를 개발하고 있다는 내용을 다룸. 아직 배포나 전력화 시점은 언급되지 않았지만, 관련 기술 개발 과정을 다루고 있어 군사 기술의 상용화 관련성이 있다고 판단됨."
"혜인, 수출용 차륜형 장갑차 캐터필라 엔진 공급 계약 체결",2023-01,http://www.defensetoday.kr/news/articleView.html?idxno=5055,"혜인(대표이사 원경희)이 수출용 차륜형 장갑차 타이곤(TIGON)에 탑재되는 캐터필러 C9.3 엔진 공급 계약을 체결했다고 1월 9일 밝혔다. 
타이곤은 2018년부터 개발한 수출용 차륜형 장갑차로써, 아시아 등지에서 현지 기동시험을 마친 바 있다. 이후 여러 국가에서 현지 시험 평가 요청이 접수됐고, 2022년 3월 사우디아라비아와 시험평가 공급 계약을 체결했다.
캐터필러 C9.3 엔진 (사진:혜인)
콤팩트한 사이즈에 525마력급 출력을 자랑하는 캐터필러 C9.3 엔진은 타이곤 개발 단계부터 채택됐으며 산기슭 같은 심한 경사지뿐만 아니라 사막, 정글, 늪지대까지 작전 수행이 가능하도록 충분한 출력을 제공한다.
가성비, 유지 보수 측면이 강점이다. 
혜인 발전에너지사업본부 김형태 본부장은 “이번 수주는 제품 성능 및 사후 관리 등에서 엄격한 기준이 적용되는 방산 사업에서 지난해 대한민국 육군에서 운용될 자주도하장비 국산화 사업에 이어 캐터필러 육상용 엔진의 우수성과 혜인의 기술 지원 능력을 방산 분야에서 검증받을 수 있는 또 한 번의 기회라”고 말했다.
 
한편 1960년 설립된 혜인은 엔진 및 발전기 세트 및 건설 중장비와 산업·물류 장비 공급을 주력 사업으로 영위하는 에너지 동력 및 건설 기계 선도 기업이다.
[디펜스투데이]
Tag
#혜인
#타이곤장갑차
#캐터필러 C9.3 엔진
#디펜스투데이
저작권자 © 디펜스투데이 무단전재 및 재배포 금지
이치헌 기자
다른기사 보기",{},True,캐터필러 C9.3 엔진,2023-01,relevant,해당 기사는 수출용 차륜형 장갑차 타이곤에 장착되는 캐터필러 C9.3 엔진의 공급 계약 체결을 다루고 있습니다. 이는 군사 기술의 상용화/전력화를 다루고 있는 기사로 볼 수 있습니다.
"한국조선해양, ABS와 무인 선박 실증 협력 양해각서 체결",2023-01,http://www.defensetoday.kr/news/articleView.html?idxno=5050,"HD현대의 조선·해양 중간 지주사인 한국조선해양이 미국선급협회(AmericanBureau of Shipping, 이하 ABS)와 손잡고 사람의 도움 없이 항해는 물론 기관작동, 안전진단까지 가능한 ‘무인 선박’ 현실화에 한 발 더 다가선다.
한국조선해양은 1월 6일(현지시간) 세계 최대 정보기술(IT) 전시회가 개최된 미국 라스베이거스에서 ABS와 자율운항 선박의 기관자동화, 통합안전관제시스템 개발과 실증 협력에 관한 양해각서를 체결했다. 
체결식에는 HD현대 정기선 사장과 한국조선해양 김성준 미래기술원장, 현대중공업 전승호 부사장 등이 참석했으며, ABS에서는 크리스토퍼 제이 위어니키(Christopher J. Wiernicki) 최고경영자, 패트릭 라이언(Patrick Ryan)  최고기술경영자가 함께했다. 
한국조선해양과 미국선급협회(ABS)가 6일(현지시간) 미국 라스베이거스에서 자율운항 선박의 기관자동화 솔루션 개발과 실증 협력에 관한 양해각서를 체결한 후, 기념사진을 촬영하고 있다. (우측부터 현대중공업 전승호 부사장, HD현대 정기선 사장, 한국조선해양 김성준 미래기술연구원장, ABS 패트릭 라이언(Patrick Ryan) 최고기술경영자, ABS 크리스토퍼 제이 위어니키(Christopher J. Wiernicki) 최고경영자) (사진:HD현대)
ABS는 조선·해양 산업의 안정적인 발전을 돕기 위해 선박및 해상 구조물에 대한 기술 적합성과 기준을 선정하는 대표적인 국제 선급협회다.
이번 협약을 통해 양 사는 2024년까지 기관자동화시스템(HiCBM)과 통합안전관제시스템(HiCAMS)을 실제 선박에서 세계최초로 실증할 계획이다. 
기관자동화시스템과 통합안전관제시스템은 선박 내 엔진과 발전기 등 기계 장비의 상태를 스스로 진단하고, 화재와 같은 돌발상황을 자동으로 인식해 대처할 수 있게 해주는 AI 기반 솔루션이다. 
한국조선해양은 이미 지난해 9월 ABS로부터 두 시스템에 대한 기본인증(AIP)을 획득했다. 지난해 6월에는 계열사인 아비커스가 대형상선에 자율운항 시스템을 탑재, 세계 최초로 대양 횡단에 성공한 바 있다. 이번 협약으로 두 시스템에 대한 실증까지 성공하면 항해사는 물론 기관사, 갑판원의 도움 없이 장시간 운항이 가능한 대형상선 분야 세계 첫 ‘무인 선박’ 개발이 현실화된다.
한국조선해양 김성준 원장은 “지난해 말 CES2023 혁신상을 수상한 AI기반 LNG연료추진시스템(Hi-GAS+) 실증사업도 ABS와 협력할 계획”이라며 ”HD현대가 자율운항 기술개발과 상용화에 가장 앞서 가는데 있어 ABS와 협력이 큰 도움이 될 것“이라고 말했다. 
ABS의 크리스토퍼 제이 위어니키 최고경영자는 “세계 1위 조선·해양 그룹과의 협력을 통해 자율운항 및 무인 선박 기술을 선도할 수 있어 기쁘다”며 “대형 선박에 대한 관련 선급 실증 절차를 만들어가는 데 큰 도움이 될 것으로 기대한다”고 전했다.
[디펜스투데이]
Tag
#HD현대
#ABS
#미국선급협회
#무인선박
#자율운항기술개발
#디펜스투데이
저작권자 © 디펜스투데이 무단전재 및 재배포 금지
장훈 기자
다른기사 보기","{""AI/컴퓨팅"": [""AI""], ""무기/방어체계"": [""ICBM""], ""재료/제조"": [""AM""], ""기타/기술"": [""IP""], ""무인체계/로봇"": [""HRI""], ""해군장비"": [""ship""]}",True,무인 선박,2024-12,relevant,"기사에서 한국조선해양과 ABS가 2024년까지 무인 선박 관련 기술인 기관자동화시스템(HiCBM)과 통합안전관제시스템(HiCAMS)을 실제 선박에서 실증할 계획이라고 언급하고 있어, 상용화/전력화와 관련된 내용이 포함되어 있습니다."
"라파엘사, 스카이스포터 급부상",2023-01,http://www.defensetoday.kr/news/articleView.html?idxno=5049,"1월 8일 합동참모본부는 무인기 감지체계에 대한 긴급 소요 방안을 추진 중이다.
특히 해외 제품도 관심을 끌고 있다. 
라파엘사의  '스카이 스포터'는 최신 드론 감지체계로서 광시야(WFOV) 센서를 이용해 감시 대상 영역을 탐색한 뒤 협시야(NFOV) 센서로 목표물을 식별해 그 영상을 구현하는 방식으로 작동하며, 항공 상황 인식 또는 C-UAS/GBAD 시스템에 대한 부대 보호 및 지원을 위한 독립형 AS&W에 필수적인 구성 요소이다.
자동화, 이미지 처리 및 인공지능을 위한 첨단 알고리즘을 특징이라고 한다.
기존 레이더 스크린상에선 비행체가 점으로만 나타나는 데 반해 스카이 스포터로 식별한 비행체는 영상을 볼 수 있어 무인기(드론)인지 새나 풍선인지 등을 즉각 판단할 수 있다.
식별한 비행체의 위치, 지향 방향과 더불어 착륙 예상 장소 등도 분석해낼 수 있다.
라파엘사의 드론 EO 조기경보 센서 스카이 스포터(사진:라파엘사)
이스라엘군은 무장세력이 날려보낸 무인기나 인화물질이 포함된 연·풍선 등을 정확히 식별 및 대응하고자 이 장비를 도입헤서 사용하고 있다.
라파엘은 스카이 스포터에 대해 ""항공표적을 감시·식별할 수 있을 뿐만 아니라, 기존 레이더에 영향을 주지 않으면서 여러 비행체를 동시 추적할 수 있다""며 ""24시간 상시 작동이 가능하고 수명주기 비용도 아주 낮다""고 설명했다.
12월 26일 우리 영공을 침범한 북한 소형 무인기는 우리 군이 운용 중인 레이더상에선 점으로 포착됐기 때문에 이를 무인기로 최종 판별하는 데까지 6분정도의 판독시간이 걸렸다고 합참에서 밝힌바 있다.
SKY spotter 드론 EO 조기병보 센서(사진:라파엘 유튜브캡처)
이종섭 국방부 장관은 12월 28일 국회 국방위원회에서 ""(양 날개 길이) 6m 이상급 무인기에 대해선 레이더가 자동으로 (식별)하거나 육안으로 보고 직접 격추할 수 있는 대응체계가 있지만 3m 이하 소형 무인기는 사실상 최적화된 대응체계가 미흡하다""고 보고했다.
국방부는 북한의 이번 무인기 불법 남침을 한 소형 무인기의 전파 신호 등을 교란할 수 있는 재밍시스템 확보에 속도를 내고 있다. 
국방부는 상용 재밍(전파교란) 방식을 적용한 '휴대용 소형 무인기 대응체계'를 신속시범획득사업 제도를 통해 24년까지 신속하게 구매 및 전력화할 예정이다.
방해 전파를 방사해서 무인기 작동을 교란·중단하는 '소프트킬' 방식의 무인기 대응 장비는 2022년 11월 시작한 체계개발을 39개월 내에 완료할 계획이다. 
통상 무기체계의 체계개발엔 48개월가량이 걸리지만 이를 9개월가량 단축한다는 것이다.
국방부는 레이저 대공무기의 전력화 시기를 2027년에서 앞당기는 방안도 모색 중이다. 레이저 대공무기 전력화 이전이라도 공격헬기에 기총 자폭소이탄을 추가 보급하는 방안도 함께 검토하고 있다.
국방부는 북한 무인기 대응능력 강화를 위해 추가 전력소요를 검토하고 있으나, 세부사항은 현재 계속 결정으로 1월 중에는 탐지 및 재밍에 대한 대책이 빠르게 도출될 것으로 보인다. 
[디펜스투데이]
Tag
#라파엘
#SKYspotter
#드론조기경보
#디펜스투데이
저작권자 © 디펜스투데이 무단전재 및 재배포 금지
이치헌 기자
다른기사 보기","{""무인체계"": [""UAS""], ""AI/컴퓨팅"": [""인공지능""], ""센서/통신"": [""FOV""], ""항공기/차량"": [""공격헬기""]}",True,"['SKY Spotter', '재밍 시스템', '레이저 대공무기']","['2023-01', '2024-01', '2027-01']",high,"이 뉴스 기사는 한국 국방 부문의 최신 기술 동향을 다루고 있습니다. 특히 무인기 탐지 및 식별 센서인 'SKY Spotter', 무인기 대응을 위한 재밍 시스템, 레이저 대공무기 등의 상용화 및 전력화 계획을 상세히 다루고 있습니다. 이 기술들의 사양, 도입 시기, 활용 목적 등이 구체적으로 언급되어 있어 높은 품질의 정보를 제공하고 있습니다."
"무기체계 제안서 평가업무 지침 개정",2022-12,http://www.defensetoday.kr/news/articleView.html?idxno=5011,"방위사업청(청장 엄동환)은 무기체계 국외구매 사업 추진 시 정부의 구매 협상력을 높이고 국외업체의 안정적인 후속군수지원을 보장하기 위해 『무기체계 제안서 평가업무 지침』을  2022. 12. 30.(금)에 개정하였다.
무기체계 구매 사업은 요구조건충족최저비용방법 또는 종합평가방법으로 업체를 선정하고 있는데  요구조건충족최저비용방법 은 구매 대상 장비가 일정수준의 요구조건을 충족시킬 경우 최저비용만이 단순 고려되어, 가격이 다소 높더라도 성능이 우수한 장비를 선정하거나 국가에 유리한 계약조건을 업체가 제안할 수 있도록 유도하기 어려운 단점이 있다.
반면,『종합평가방법』은 비용뿐만 아니라 제반 평가요소가 종합적으로 고려됨으로써 정부가 업체에 대한 협상력을 가지기 유리하며 기술 및 성능, 계약조건 등이 우수한 장비를 선정하기 좋은 업체 선정방식이나 업체 선정을 위한 평가항목 및 배점 결정 절차가 복잡하여 그동안 활용 실적이 높지 않았다. 
이러한 문제점을 해결하기 위해 방위사업청은  종합평가방법을 위한 표준 평가항목 및 배점을 마련하고 표준 배점 외 배점 결정 절차를 간소화함으로써 앞으로 사업준비 기간이 단축되고 구매사업에서 종합평가방법의 활용도가 높아질 수 있을 것으로 기대하고 있다.
무기체계 제안서 평가업무 지침 개정내용(자료:방위사업청)
업체가 제시한 운영유지비를 신뢰성 있게 평가하기 위해 운영유지비를 산정하는 비용항목 구조와 산정방법을 표준화하였으며, 업체 제시 운영유지비에 대한 검증을 외부 전문기관에 의뢰할 수 있도록 하였다.
국외업체가 무기체계를 군에 납품 후 운영 단계에서 부품이나 정비비용의 과도한 상승을 요구하거나 부품 단종 문제를 적극적으로 해결하지 않아 군의 전력 운영에 어려움을 겪는 사례가 있었는데, 개선하여 국외구매사업의 협상과정에 후속군수지원 관련 협상을 추가하고 협상팀에 군의 인원이 참여하여 군의 요구사항을 직접 협상에 반영할 수 있도록 하였으며, 각 군은 국외도입 무기체계를 운용하면서 국외업체가 최초 제안한 장비유지비용 보다 비용이 과도하게 상승되거나, 부품단종 문제 해결에 불성실하게 대처할 경우 군이 해당업체에 대한 후속군수지원 성실도를 평가하고 방위사업청은 그 평가결과를 받아 향후 입찰 시 감점 평가요소로 반영할 수 있도록 후속군수지원 성실도 평가 제도를 신설하였다. 
이와 더불어 소프트웨어 개발사업인 전장관리정보체계 사업을 추진함에 있어 서버, 네트워크 등의 상용 국산 정보통신 장비의 사용을 권장하기 위해 국산 상용 하드웨어 도입을 평가요소로 추가하였으며, 업체의 입찰참여 기회를 충분히 보장할 수 있도록 사업설명회 전까지의 입찰공고기간을 국가계약법의 공사입찰의 현장설명일 전까지의 공고기간과 동일하게 7일을 부여하고, 제안업체에 대한『제안서 업체식별 표시 식별 금지』제도는 업체의 불필요한 업무경감 및 과도한 규제개선 차원에서 폐지하였다.
방위사업청 방위사업정책국장(고위공무원 한경수)은“이번 무기체계  제안서 평가제도 개선으로 해외에서 무기체계 도입 추진 시 우리의 협상력을 높이고 국가에 가장 유리한 무기체계가 선정될 수 있도록 하여 군의 안정적인 전력 운영에 기여할 것으로 기대하고 있다.”라며, “앞으로도 기술과 성능이 우수하고 안정적인 후속군수지원을 보장하는 무기체계가 선정될 수 있도록 구매사업에 대한 제도개선을 지속 추진하겠다.”라고 강조하였다.
[디펜스투데이]
Tag
#방위사업청
#무기체계 제안서 평가업무 지침 개정내용
#평가제도 개선
#디펜스투데이
저작권자 © 디펜스투데이 무단전재 및 재배포 금지
신선규 기자
다른기사 보기",{},True,,,relevant,"이 기사는 무기체계 구매 사업에 대한 방위사업청의 제안서 평가업무 지침 개정 내용을 다루고 있습니다. 주된 내용은 무기체계 국외 구매 시 정부의 협상력 제고와 안정적인 후속군수지원 보장을 위한 방안들입니다. 구체적인 기술명이나 상용화/전력화 시점은 나와 있지 않지만, 무기체계 구매와 운용 측면에서의 정책적 변화를 다루고 있어 군사 기술 관련 내용이 다뤄지고 있습니다."
"인텔샛과 J-에어, 일본 항공기서 첫 무료 IFEC 개시",2022-12,http://www.defensetoday.kr/news/articleView.html?idxno=5007,"세계 최대 위성·지상파 통합 네트워크 운영사이자 기내 인터넷 연결(IFC) 분야의 선두 주자인 인텔샛(Intelsat)이 도쿄에 본사를 둔 일본항공(Japan Airlines Co., Ltd.)의 자회사인 J-에어(J-AIR Co. Ltd.)가 운행하는 엠브라에르 E190(Embraer E190)에서 연결 서비스를 개시한다고 발표했다.
일본항공은 J-에어의 E190 항공기에 처음으로 인텔샛의 2Ku 시스템을 설치했으며 2024년 가을까지 13대의 항공기를 추가할 예정이다. J-에어는 2016년부터 무선 엔터테인먼트 서비스를 무료로 제공하고 있다. 2Ku가 설치되면 일본 항공사로서는 처음으로 ‘기내 엔터테인먼트 및 연결(IFEC)’ 서비스를 제공하고 세계 최초로 인텔샛 2Ku 시스템을 장착한 E190 항공기를 운행하게 된다.
일본항공은 J-에어의 E190 항공기에 처음으로 인텔샛의 2Ku 시스템을 설치했으며 2024년 가을까지 13대의 항공기를 추가할 예정이다 (사진:인텔샛)
스즈키 케이스케(Keisuke Suzuki) 일본항공 고객 경험 담당 수석 부사장(SVP)은 “인텔샛과 긴밀히 협력해 일본항공과 JAL 그룹 항공기에 최고의 연결 서비스를 제공하고 있다”며 “J-에어는 인텔샛의 우수하고 안정적인 2Ku 시스템에 기반을 둔 IFEC를 일본에서 처음 제공하는 지역 항공사로서 고객에게 풍부한 엔터테인먼트를 제공할 것”이라고 밝혔다.
데이브 비주르(Dave Bijur) 인텔샛 산업 항공 상용화 부문 수석 부사장은 “인텔샛은 고객 항공사와 승객 모두에게 기본적인 업무와 엔터테인먼트에 필요한 높은 품질의 안정적인 연결을 제공하는 것을 목표로 한다”며 “J-에어는 무선 엔터테인먼트를 지원하는 것뿐 아니라 연결성도 중요하게 생각한다. 2Ku 시스템을 추가하면 2017년부터 대형 기종에서 선보인 것과 같은 무료 기내 인터넷 경험을 제공할 수 있다. 이번 서비스는 모든 승객을 대상으로 무료 서비스를 준비하는 전 세계 E190 운행사에 좋은 사례가 될 것”이라고 말했다.
IFEC 서비스는 일부 항공편에서 이용할 수 있다.
  [디펜스투데이] 
Tag
#인텔샛
#J-에어
#인탤샛2Ku
#기내무선인터넷
#디펜스투데이
저작권자 © 디펜스투데이 무단전재 및 재배포 금지
장훈 기자
다른기사 보기","{""AI/컴퓨팅"": [""AI"", ""RL""], ""센서/통신"": [""IR""]}",True,인텔샛 2Ku 시스템,2022-12,relevant,이 기사는 인텔샛과 J-에어가 일본 항공사 J-에어의 엠브라에르 E190 항공기에 인텔샛 2Ku 시스템을 처음으로 설치하고 기내 엔터테인먼트 및 연결(IFEC) 서비스를 개시했다는 내용을 다루고 있습니다. 이는 상용화/전력화에 해당하는 내용이라고 볼 수 있습니다. 기술명과 상용화 시점이 명확하게 제시되어 있어 품질은 high에 해당합니다.
"KAI, K-UAM 실증환경 구축사업 계약",2022-12,http://www.defensetoday.kr/news/articleView.html?idxno=5005,"한국항공우주산업(이하 KAI)이 28일, 한국항공우주연구원(이하 항우연)과‘Dry run 수행을 위한 UAM 대역기 운용 및 기술 지원 용역’계약을 체결했다.
Dry run(시범 운영)은 개활지 및 도심에서 도심항공교통(UAM)의 본격적인 실증시험을 하기 전에 구축한 사전 환경을 대역 헬기를 통해 검증하는 사업이다.
KAI는 2023년 4월까지 항우연이 구축한 인프라 기능과 성능을 시나리오 상에서 확인하고, 데이터 후처리 등 앞으로 실증시험 수행에 필요한 추가 기능을 점검한다. 
UAM 대역기로 활용할 R44 소형헬기(사진:디펜스투데이)
또한, 전남 고흥 국가종합비행성능시험장에서 R44 4인승 소형헬기를 대역기로 활용해 UAM의 비행과 관련된 여러 자료를 수집하고 분석할 계획이다.
금번 K-UAM 사전 실증환경 구축사업 계약으로 KAI는 항공기 체계개발 선도기업으로 인정받은 것으로 평가된다.
KAI는 지금까지 항공기 개발과 생산 및 수출 등을 통해 쌓은 인프라를 활용하여 국내 환경에 알맞은 UAM 실증사업이 원활하게 진행되도록 지원한다는 입장이다.
KAI 관계자는 “이번 계약 외에도 KAI는 국내 독자기술로 AAV(미래형 항공기체)를 개발하기 위해 전기분산추진 등 투자 중”이라며 “2026년에는 UAM 실증비행을 할 수 있도록 개발 일정에 더욱 박차를 가할 것”이라고 말했다. 
국토교통부는 2025년 도심항공교통(UAM) 상용화를 목표로 국내 기상상황과 도시 여건에 알맞은 운용기준 마련을 준비 중이다.
 도심항공교통(UAM)은 비행체, 교통관리 및 인프라 등 모든 것에서 기존 항공 교통과 달라 안전성과 통합 운용성에 대하여 충분한 비행 실증이 필요하다.
 이를 위해 UAM 비행체 안전성과 교통관리 기능시험 등 통합‧운용하는 실증프로그램이 K-UAM GC사업이다. 
   
K-UAM GC는 0단계 실증환경 구축(GC-0), 1단계 비도심인 개활지 실증(GC-1), 2단계 도심 실증(GC-2)으로 구분해 수행된다. 국토교통부가 주최하고 항우연이 주관한다. 
[디펜스투데이]
Tag
#KAI
#도심항공교통
#UAM
#K-UAM GC
#디펜스투데이
저작권자 © 디펜스투데이 무단전재 및 재배포 금지
이승준 기자
다른기사 보기","{""AI/컴퓨팅"": [""AI""], ""재료/제조"": [""AM""], ""방산기업"": [""KAI""]}",True,도심항공교통(UAM),2025-01,relevant,"이 기사는 한국의 도심항공교통(UAM) 기술 개발 현황을 다루고 있습니다. KAI가 항공우주연구원과 함께 UAM 실증환경 구축사업을 진행하고 있으며, 국토교통부가 2025년 UAM 상용화를 목표로 하고 있다고 언급되어 있습니다. 이는 군사 기술의 상용화와 관련된 내용이므로 이 기사는 관련성이 있다고 볼 수 있습니다."
"한화시스템-제주대, 우주·UAM 산업 '산학협력' MOU 체결",2022-12,http://www.defensetoday.kr/news/articleView.html?idxno=4980,"한화시스템(대표이사 어성철)이 제주대학교(총장 김일환)와 산학협력을 통해 제주지역 우주산업 인재 양성과 UAM 상용화에 속도를 낸다.
한화시스템은 12월 22일 오후 제주대학교에서 '우주·UAM 분야 공동 연구개발 협력 및 제주지역 전문인재 양성'을 위한 양해각서(MOU)를 체결했다고 밝혔다. 
어성철 한화시스템 대표이사(사진 오른쪽)과 김일환 제주대학교 총장(사진 왼쪽) (사진:한화시스템)
협약에 따라 한화시스템과 제주대는 ▲우주산업 분야 산학협력 및 인적·물적 인프라 확보와 상호자원 활용 ▲우주·UAM 분야 공동 연구개발 및 우수인재 양성 협업 ▲제주형 UAM 상용 서비스를 위한 공동연구 및 사업개발 등을 추진한다. 한화시스템은 우주산업 기술 고도화를 위한 우수 교육기관 협력체계 구축의 일환으로 본 협약에 나섰다. 
한화시스템은 인공위성의 전자광학(EO)∙적외선(IR)∙영상레이다(SAR) 탑재체부터 초소형 위성체계 분야까지 위성개발 부문 전반의 역량을 구축하고, 우주산업 생태계 조성에 앞장서고 있다. 
어성철 한화시스템 대표이사(사진 오른쪽)과 김일환 제주대학교 총장(사진 왼쪽) (사진:한화시스템)
또한 한화시스템은 한국공항공사·SK텔레콤 등 'K-UAM 드림팀' 컨소시엄과 함께 2025년 국내 최초 UAM 상용화 서비스를 제주도에서 추진 중이다. 국내 최대 관광수요와 문화자원을 보유한 제주도는 기존 항행·안전 인프라를 활용한 안정적인 UAM 시범운행이 가능하여 UAM 생태계 활성화가 빠르게 진행될 전망이다. 
어성철 한화시스템 대표이사는 “한화시스템은 국가와 제주지역 경쟁력을 선도할 산학 프로그램에 힘을 보태고, 우주산업 및 미래 모빌리티 패러다임을 이끌 전문인재 양성에 기여하고자 한다”며, “제주대와의 산학협력을 통해 우주 분야 공동연구와 제주지역 UAM 사업화에 큰 시너지를 낼 수 있을 것으로 기대한다”고 뜻을 전했다.  
김일환 제주대학교 총장은 “한화시스템과 성공적 산학 혁신모델을 구축해 차세대 우주개발 분야와 제주형 UAM 서비스 등 '신사업 특화 인재'를 키워나가겠다”고 밝혔다.
[디펜스투데이]
Tag
#한화시스템
#UAM상용화서비스
#우주개발
#MOU
#제주대학교
#디펜스투데이
저작권자 © 디펜스투데이 무단전재 및 재배포 금지
이승준 기자
다른기사 보기","{""AI/컴퓨팅"": [""AR""], ""센서/통신"": [""적외선"", ""IR""], ""재료/제조"": [""AM""], ""센서/통신/레이더"": [""SAR""]}",True,"['우주산업', 'UAM(Urban Air Mobility)']",2025-01,high,"기사에 따르면, 한화시스템과 제주대학교가 우주 산업과 UAM 분야의 상용화를 위한 산학협력 MOU를 체결했습니다. 특히 2025년 국내 최초 UAM 상용화 서비스를 제주도에서 추진할 계획이라고 언급되어 있어 상용화 시점과 주요 기술이 명확히 드러나고 있습니다."
"현대중공업,1.5MW급 LNG·수소 ‘혼소엔진’ 개발 성공",2022-12,http://www.defensetoday.kr/news/articleView.html?idxno=4973,"현대중공업그룹이 국내 최초로 LNG·수소 ‘혼소(混燒)엔진’ 개발에 성공했다.
한국조선해양과 현대중공업은 최근 독자 기술로 개발한 ‘1.5MW급 LNG·수소 혼소 힘센(HiMSEN)엔진’에 대한 성능 검증을 성공적으로 마쳤다고 12월 22일(목) 밝혔다. 
현대중공업 환경실증센터에서 진행한 1.5MW급 LNG·수소 혼소 힘센(HiMSEN)엔진의 성능시험 (사진:현대중공업)
LNG·수소 혼소엔진은 디젤연료와 LNG·수소 혼합 연료를 선택적으로 사용해 황산화물과질소산화물, 이산화탄소, 미세먼지 등의 각종 유해 배기가스 배출량을 크게 줄인 친환경 엔진으로, 수소엔진의 첫 단계라고 할 수 있다.
실제 이 엔진은 성능시험에서 국제해사기구(IMO)의 질소산화물 규제 가운데 최고 등급인 티어3(Tier 3)를 충족, 이산화탄소 및 메탄 슬립(완전 연소되지 않고 배출되는 메탄) 저감효과가 탁월함을 입증했다.
특히, LNG·수소 혼소엔진을 액화수소운반선에 적용할 경우 선박 운용 효과는 더욱 극대화될 것으로 전망된다. 운반 과정에서 발생하는 수소 증발가스(BOG: Boil off gas)를 연료로 재사용, 항해 중 손실되는 수소의 양을 최소화할 수 있기 때문이다. 이와 관련해 현대중공업그룹은 지난 9월 가스텍에서 힘센엔진을 적용한 수소운반선 시스템에 대한 DNV 선급 인증을 통해 안전성을 증명한 바 있다. 
LNG·수소 혼소 힘센엔진(사진:현대중공업)
LNG·수소 혼소엔진의 적용 범위는 선박에만 국한되지 않는다. LNG·수소 혼소엔진이육상용 소규모 발전에 쓰이는 수소연료전지에 비해 수명이 길고, 전기 부하의 변동에 따라 발전 출력을 조정하는 부하 추종 성능이 뛰어나 육상용 소형발전과 분산발전에서의 활용 역시 기대된다.
현대중공업그룹 관계자는 “조선·해양산업 전반에 탄소중립에 대한 관심과 니즈가 확대되고 있는 상황”이라며 “수소, 메탄올, 암모니아 등 청정연료를 활용한 친환경 기술로 세계시장을 선도해 나갈 것”이라고 밝혔다.
현대중공업그룹은 향후 LNG·수소 혼소엔진에 대한 연구개발을 지속, 2023년까지 수소 비중을 높인 혼소엔진 개발을 완료하고, 2025년에는 완전한 수소엔진을 개발해육·해상 수소생태계 구축을 완성한다는 방침이다.
[디펜스투데이]
Tag
#현대중공업
#LNG.수소 혼소엔진
#수소엔진
#힘센엔진
#디펜스투데이
저작권자 © 디펜스투데이 무단전재 및 재배포 금지
장훈 기자
다른기사 보기",{},True,LNG·수소 혼소엔진,2025,relevant,"이 기사는 현대중공업이 개발한 LNG·수소 혼소엔진에 대한 내용을 다루고 있습니다. 해당 엔진은 선박용으로 개발되었으며, 2025년까지 완전한 수소엔진 개발을 목표로 하고 있습니다. 이는 군사 기술의 상용화와 직접적으로 관련되지는 않지만, 친환경 기술 개발 및 적용 측면에서 관련성이 있다고 볼 수 있습니다."
"MQ-9B 스카이가디언 무인정찰기로 차세대 위성통신 시연",2022-12,http://www.defensetoday.kr/news/articleView.html?idxno=4818,"제네럴 아토믹스(GA-ASI), SES 및 휴즈 네트워크 시스템(HUGES)은 제네럴 아토믹스의 MQ-9B 스카이가디언 무인기(RPA)를 사용하여 다중 궤도 위성 통신(SATCOM)을 성공적으로 시연했다.
캘리포니아 엘미라지에 있는 제네럴 아토믹스사의 데저트 호라이즌 비행 운영 시설에서 10월 20일에 시연했다.
더 높은 데이터 전송 속도의 SATCOM은 높은 처리량, 낮은 대기 시간의 중간 지구 궤도(MEO)와 정지 궤도(GEO) 비행대를 활용하는 SES의 다중 궤도 위성 통신 서비스를 특징으로 하며 휴즈 HM 시리즈 소프트웨어 정의 모뎀과 휴즈사의 리소스 관리 시스템에 의해 구동되었다.
MQ-9B 스카이 가디언에서 차세대 위성통신 시연에 성공했다(사진:제네럴 아토믹스)
제네럴 아토믹스사의 프레드 달링턴 MQ-9 시스템 수석 부사장은 ""시연 무인기 운영자들에게 차세대 SATCOM의 중요성을 입증한다""고 말했다. ""RPA를 위한 새롭고 복잡한 페이로드로 확장함에 따라 센서를 작동하기 위한 대역폭, 보안 및 견고성을 제공하는 더 높은 데이터 속도가 필요하게 될 것입니다.""라고 밝혔다.
시연은 개방형 아키텍처를 광범위하게 활용하고 네트워크 권리를 확보하는 경로를 설정하는 광섬유와 같은 캐리어급 성능, 확장성 및 복원력을 제공하는 SES의 O3b MEO 시스템을 사용했다.
GA-ASI MQ-9 시리즈와 같은 무인기가 전자전 환경에서도 높은 작업 부하, 미션 크리티컬 연결 및 복원력을 유지하는 방법을 보여주기 위해 활용되었다.
시연하는 동안 연결 서비스는 O3b MEO와 AMC-15 GEO 위성 사이를 원활하게 이동했습니다.
22년 말, SES는 전례 없는 성능, 파형에 구애받지 않는 서비스 및 네트워크 권리 실현을 통해 정부를 더욱 지원하기 위해 2세대 MEO 시스템인 O3b mPOWER를 출시할 예정을 밝혔다.
MQ-9B에 통합된 밀스펙 휴즈 HM 시스템 모뎀(HM400)은 혼잡한 전장 환경에서 필요한 복원력을 위해 저확률/저탐지 확률(LPI/LPD) 모드로 MEO와 GEO SATCOM에 전원을 공급했다.
HM400은 휴즈 자원 관리 시스템과 함께 위성 신호를 몇 초 안에 자동으로 최적화하고 전환하여 군의 주요 대체 비상사태(PACE) 계획을 강화하는 거의 실시간 기능을 보여주었다.
휴즈 디펜스의 릭 로버 부사장은 ""수년간 제너럴 아토믹스와 함께 일하면서 시야 너머 임무 기회를 위한 실시간 통신 표준으로 통합된 상용 기반 휴즈 HM400 모뎀으로 MQ-9B 프로그램을 지원하게 되어 기쁘다""고 말했다.
""주파수에 구애받지 않는 개방형 아키텍처인 HM 시스템을 휴즈 리소스관리 시스템과 결합하면 제네럴 아토믹스가 중단 없이 높은 데이터 전송 속도를 자랑하는 다중 궤도 SATCOM에 대한 군 고객의 요구 사항을 충족시켜 적시에 적합하게 안전한 정보 액세스를 보장할 수 있습니다.""라고 밝혔다.
[디펜스투데이]
Tag
#MQ-9B
#스카이가디언
#차세대위성통신
#시연
#디펜스투데이
저작권자 © 디펜스투데이 무단전재 및 재배포 금지
이치헌 기자
다른기사 보기","{""무인체계"": [""RPA"", ""MQ""], ""우주/위성"": [""MEO"", ""GEO"", ""SATCOM"", ""위성통신""], ""센서/통신"": [""전자전""], ""재료/제조"": [""AM""], ""작전/전술"": [""ACE""], ""항공기"": [""MQ-9""], ""해양/기상"": [""TC""], ""함정/항공기"": [""LPD""]}",True,차세대 위성통신,2022-12,high,본 기사는 MQ-9B 스카이가디언 무인기에서 SES와 HUGHES의 차세대 위성통신 기술을 성공적으로 시연했다는 내용을 다룹니다. 구체적인 기술명과 시연 시점이 명시되어 있어 기술의 상용화/전력화와 관련이 높습니다.
"대한항공, 공군 항공통제기 도입 위해 L3Harris와 사업 협력",2022-12,http://www.defensetoday.kr/news/articleView.html?idxno=4895,"대한항공이 우리 군의 항공통제기 도입을 위해 미국 항공우주 기업인 L3해리스(Harris)와 협력한다.
대한항공은 12월 5일 서울 중구 L3Harris 한국 지사에서 박정우 대한항공 항공우주사업본부 본부장과 데이비스(Charles C.R Davis) L3Harris 부사장 등 양사 관계자들이 참석한 가운데 항공통제기에 대한 포괄적 사업협력 합의서를 체결했다.
우리 군이 도입을 추진 중인 항공통제기는 공중조기경보통제기(AEW&C·Airborne Early Warning & Control)라고도 불리며 ‘날아다니는 레이더 겸 지휘소’로 평가받는 주요 항공 자산이다.
국토 전역에서 주요 목표물을 탐지·분석 뿐 아니라 실시간으로 공중에서 군의 작전을 지휘통제하는 역할을 수행한다.
대한항공은 12월 5일 서울 중구 L3Harris 한국 지사에서 항공통제기에 대한 포괄적 사업협력 합의서를 체결했다.사진은 박정우 대한항공 항공우주사업본부 본부장(왼쪽 5번째)과 찰스 데이비스(Charles C.R Davis) L3Harris 부사장(왼쪽 4번째) 등 양사 관계자들이 기념 촬영을 하고 있는 모습 (사진:대한항공)
L3Harris는 상용 항공기를 항공통제기로 개조해 각국의 군에 공급하는 글로벌 기업으로, 봄바르디어(Bombardier)사의 최신 기종인 글로벌6500(G6500)에 이스라엘 항공우주산업(IAI·Israel Aerospace Industries)의 엘타사제 레이더를 탑재한 모델을 방위사업청에 제안했다.
또한 L3Harris는 기존 항공통제기 대비 파격적인 가격 및 유지비 절감과 체계 통합 기술의 전폭적인 국내 이전도 약속했다.
이번 협력에 따라 대한항공은 우리 군이 L3Harris 통해 직접 구매한 이후 추가 도입하는 항공통제기에 대한 개조 및 부품 양산 등 국내 생산 전반 뿐 아니라 실제 운용 인원에 대한 교육 훈련 및 교범 제작 등 전반의 과정에 참여할 예정이다.
대한항공은 부산 테크센터에 위치한 아태지역 최대 군용기 정비 기지를 바탕으로 지난 1978년부터 6,000여대의 한미 군용기 창정비와 다양한 성능개량 작업을 수행하고 있다.
대한항공은 이번 항공통제기 사업협력을 계기로 글로벌 방산 기업의 최신 체계통합기술 노하우를 습득해 향후 전자전기 분야 등 유사 사업에 확대 적용해 나갈 계획이다.
[디펜스투데이]
Tag
#대하낭공
#L3Harris
#항공통제기
#조기경보기
#디펜스투데이
저작권자 © 디펜스투데이 무단전재 및 재배포 금지
이승준 기자
다른기사 보기","{""AI/컴퓨팅"": [""AI"", ""AR"", ""RL""], ""센서/통신"": [""지휘통제"", ""ISR"", ""EW"", ""전자전"", ""IR""], ""작전/전술"": [""ACE""], ""기타/기술"": [""공중조기경보통제기""], ""항공기"": [""조기경보통제기""], ""함정/항공기"": [""조기경보기""], ""첨단기술"": [""space""]}",True,항공통제기,2022-12,high,기사는 대한항공이 미국 L3Harris와 협력하여 우리 군의 항공통제기 도입 사업에 참여한다는 내용을 다루고 있습니다. 구체적인 기술명과 도입 시점이 명시되어 있어 높은 품질을 가지고 있습니다.
"KF-21 보라매 전투기 사업에 참여하는 방산업체 MOOG",2022-12,http://www.defensetoday.kr/news/articleView.html?idxno=4887,"Moog 회사 역사 및 주요 사업내용
Moog Inc. (Moog) is a worldwide designer, manufacturer, and integrator of precision control components and systems. Moog’s high-performance systems control military and commercial aircraft, satellites and space vehicles, launch vehicles, missiles, defence systems, automated industrial machinery, marine and medical equipment.
Moog사 (이하 Moog)는 정밀 제어 부품 및 체계를 설계, 제조 및 통합하는 세계적인 회사이다. Moog의 고성능 체계는 군용 및 민수용 항공기, 인공위성, 우주발사체, 발사차량, 미사일, 군용 체계, 자동화된 산업 기계, 해양 장비 및 의료용 장비 등을 통제하고 있다.
Founded in 1951 by Bill Moog, the company’s corporate headquarters is located in East Aurora, New York on a 300+ acre campus. Today, Moog is a $2.9 billion (U.S. dollars / FY 2021) global company with locations in more than 25 countries and employs over 12,000 employees. Moog continues to serve the aerospace, defence, and industrial markets with precision control systems and components.
MOOG임원진과 이강민 방산부문 아시아태평양 신사업개발이사(사진:MOOG)
회사는 1951년에 Bill Moog가 창업하였으며, 본부는 미국 뉴욕 주 East Aurora에 위치한 300+ 에이커 규모의 시설에 소재하고 있으며 현재 29억 (US 달러 / 2021년 회계연도) 상당의 글로벌 회사로, 25개 이상의 국가에서 12,000명 이상의 직원을 고용하고 있다.
지속적으로 항공우주, 방위 및 산업 분야 등에서 정밀제어 시스템 및 부품 등을 공급하고 있다.
In the 70-years since Bill Moog founded the company,Moog has extended our technology capabilities to include customized, high-performance motion control and fluid flow systems and components. We deliver innovative solutions to solve our customers’ most difficult technical challenges. We’ve taken these capabilities to markets where performance is critical and where cost of failure is high. Our heritage and success are why customers choose Moog when performance really matters.
Bill Moog가 회사를 설립한 후 70년간, Moog는 맞춤형 고성능 동작 제어 및 유량 제어 시스템과 부품을 포괄하는 기술력을 갖추어 왔다.
Moog는 고객의 가장 난해한 기술적 문제를 해결하기 위한 혁신적인 솔루션을 제공하며 성능이 핵심적이고, 고장 비용이 높은 분야에 자사 기술력을 적용하였다. Moog의 검증된 역사와 성공 사례야 말로 우수한 성능이 반드시 요구되는 고객들이 Moog를 선택하는 이유다.
Moog business is organized via three operating groups including an Aircraft Group, Industrial Group and a Space and Defence Group. For the interest of this audience, allow me to focus on Moog’s Defence business.
Moog는 항공기 그룹, 산업 그룹, 우주방위산업 그룹 등 총 3개의 사업분야로 구성되어 있다. 
Business Overview and Value Proposition of Moog Space & Defense Group (SDG) APAC
Moog Space & Defense Group (SDG) 아시아,태평양 지역 방산 사업내용 
Moog solves our customers’ most difficult technical challenges. This sees us push the boundaries of technology in some of the world’s most difficult applications. The Moog SDG is the operating group with the longest heritage at Moog. Continued commitment to innovation, talent development, and on-time delivery of quality solutions to the global aerospace and defense markets is what differentiates Moog SDG. We see enormous value in bringing both these skills and capabilities to the APAC Defence market.
Moog는 가장 난해한 기술적 도전과제들을 해결하며 이에 따라 세계에서 가장 난이도가 높은 기술에 대한 한계를 초월하는데 전념하고 있다.
Moog SDG는 회사에서 가장 역사가 깊은 사업부문이며 혁신에 대한 지속적인 투자, 인적자원 개발, 고품질 솔루션 등을 글로벌 항공우주 및 방위산업체에 적시에 인도하기 때문에 여타 기업들과는 차별화 된다. 아시아,태평양 방위산업 시장에 본사의 능력과 기술을 접목하는 과정에서 막대한 가치를 창출할거라 판단하고 있다.
The Defense Sector designs and manufactures component and system solutions across multidomain defense platforms. Precision missile steering,weapons stores management systems,fieldreconfigurable turreted weapons, and quiet undersea actuation incorporate our solution set.
방산부문은 다양한 영역의 군용 플랫폼을 위해 부품 및 체계솔루션을 설계하고 제작한다. 미사일 정밀 조향, 무장 탑재관리 시스템, 야전-가변구조형 무장 포탑, 그리고 소음 방지 수중 구동체계 등의 솔루션을 제공하고 있다.
The Space Sector designs and manufactures systems and components for spacecraft and launch vehicles.
Moog provides solutions in propulsion, actuation,mechanisms, avionics, structures, power, shock and vibration isolation, and space vehicles. We continue to make significant investment in propulsion facilities, avionics, and innovative in-space delivery systems. 
우주사업부는 우주선 및 발사체를 위한 체계 및 부품을 설계 하고 제작한다. Moog는 추진, 구동, 기계, 항전장비, 구조체, 전력, 충격 및 진동 고립, 그리고 우주발사체 등의 솔루션을 제공하며 추진 시설, 항전장비, 그리고 혁신적인 우주 탑재체에 대한 상당한 투자를 지속하고 있다.
Sustainment Services Our comprehensive global sustainment program broadly includes Original Equipment Manufacturer (OEM) product support, OEM modernization and upgrades, service and support, training and Engineered Solutions supporting industry’s wide range of defence products across multi-domain operations. As an OEM supplier, Moog is the logical choice for follow-on product support. 
지원사업부. Moog사의 통합적인 글로벌 운용지원은 주문자 위탁생산 (OEM) 제품 지원, 서비스 및 지원, 교육 및 설계 솔루션 등을 포괄하며, 다영역 작전을 수행하는 광범위한 방위 산업 제품을 지원한다. OEM 공급자로서 Moog는 제품 후속지원에 있어 합리적인 선택지라고 볼 수 있다.
Korean Marke Legacy to date and future opportunities
한국 시장 현재까지의 사업내용 및 향후 기회 
Moog History in the Korean Defence Market 
한국 방위산업에서 Moog의 역사
Moog has a 30+ year history in Korea providing solutions to the industrial, aerospace and defence local markets. The facility is currently located in Icheon operating as Moog Korea. While this site’s production is mainly focused on solutions for the industrial market, over the years they have supported some defense content localization for Korean defense companies.
Moog는 30+년간 한국시장에서 산업, 항공우주 및 방위산 업 솔루션 등을 공급하고 있으며 Moog 한국지사 시설은 경기도 이천에 소재하고 있다. 해당 시설의 생산품목은 주로 산업분야에 집중되어 있지만, 최근 몇 년간 한국의 방위산업체들을 대상으로 방산부품 국산화를 지원하고 있다. 
The needs of the Repulic of Korea and the Korean defence industry along with strategic arrangements to Australia where Moog has a defense manufacturing site aligns Moog well to support Korean defense requirements.
Moog has been supporting Korean companies in key programs, and with the establishment of Hanwha Defence Australia there is now an opportunity to support ROK defense industry in Australia too. Hanwha Defense Australia has already won the contract to supply AS-9 (K9) to the Australian Forces and is waiting to be awarded the Land 400 Phase 3 program with its Redback IFV. Moog Australia as a part of the Australian Defense industry manufacturing base is ready to support the Australian content in these efforts.
대한민국과 한국 방위산업의 니즈 및 호주와 관련된 전략적 협업은 호주에 방위산업 제조 시설을 보유한 Moog가 한국 방위산업의 요구 사항을 충족하기에 지리적으로 적합한 위치에 있다.
현재 Moog는 핵심 사업에서 한국 기업들을 지원하고 있으며 이제 한화 호주 지사가 설립됨에 따라 호주에서도 한국 방위산업을 지원할 기회가 마련되었다. 한화 호주 지사는 호주군과 AS-9 (K9) 공급계약을 체결하였으며, 레드백 IFV로 Land 400 Phase 3 사업 수주 타결을 기대하고 있는 상황이다. Moog 호주 지사는 호주 방위산업 제조기반의 일부로, 해당 사업에서 현지 생산분을 지원하기 위한 준비가 되어 있다.
Moog continues to invest in resources for Korea.Kangmin Lee, hired in 2021, is focusing Moog Defence efforts within Korea in his role as APAC BDM( 방산부문 아시아태평양 신사업개발 이사). We foresee an opportunity to expand this support beyond ROK. 
아울러, Moog는 지속적으로 한국에 투자를 단행하고 있다.
2021년에 영입된 이강민 방산부문 아시아태평양 신사업 개발 이사는 한국 내 Moog 방위산업 활동에 전념하고 있으며 한국을 넘어 해당 지원을 확대할 계획이다.
Moog has supported Korea’s most significant land programs to date, K-9 SPH, K-21 IFV, K1A1, K2 MBTs, and KUH Helicopters. Servovalve and Servoactuator for K9 SPH, Gun Turret Drive Motors on K-21 IFV, Sliprings on K1A1 and K2 MBTs and KUH Helicopters, as a few examples.
Moog는 현재까지 대한민국의 가장 고무적인 주요 육상무기 사업들을 지원해 왔으며, K-9 자주포, K-21 보병전투차량, K1A1, K2 주력전차, KUH 헬리콥터 사업 등에 참여하였다.
K9 자주포의 서보밸브와 서보액추에이터, K-21 보병 전투차량의 포탑 구동 모터, K1A1과 K2 MBT의 슬립 링, 그 리고 KUH 헬리콥터 등이 대표적인 사례다.
Moog content has been utilised on T-50 series and KF-21.
Moog 제품은 T-50 계열 기체와 KF-21에도 탑재되었다.
Moog Aircraft Group provides the Leading Edge Flap Actuation System for the T-50 and KF-21. Moog supplies the equipment with our industrial partner Hanwha Aerospace to Korea Aerospace Industries (KAI).
Moog 항공기 그룹은 T-50와 KF-21 리딩에지 플랩 구동 체계를 공급한다. Moog는 산업 협력관계에 있는 한화와 한국항공우주(KAI)에 장비를 공급한다.
In summary Moog uniquely offers:
요약하자면 Moog이 제공하는 독보적인 가치는
●The significant advantage of Moog heritage, products and applications that have been field tested and proven in applications for Western Armed Forces.
Moog의 경험, 제품 및 그 적용은 서구 군전력이 야전에서 시험하고 검증을 마쳤다는 점에서 확연한 이점을 갖고 있다.
●Often ITAR and BAFA (German Government export control) free but still highly capable solutions, flexible to work with local partners, etc.
상당 부분 ITAR 및 BAFA (독일 정부 수출 통제)의 적용을 받지 않는 고성능 솔루션을 제공하며, 현지 파트너와 유연성 있게 협업한다.
●Capability to provide custom-design solutions and systems to the customer examples EHAS (Electro- Hydrostatic Actuation Systems), FMP (Flexible Missile Platform) and APS (Vehicle Active Protection Systems), all mentioned later in the article.
맞춤형 설계의 솔루션 및 체계 등을 고객에 제공할 능력 예시 로 EHAS (전기-정유압 구동 시스템), FMP (다목적 미사일 플랫폼) 및 APS (차량 능동방호 체계) 등이 있으며 본 문서 아 래에 모두 구체적으로 기술됩니다.
What are the opportunities you see in Korea for the Moog Defence Sector?
한국에서 Moog 방산부문이 포착할 수 있는 기회는?
● Moog weapon stores management system (SMS- 무장관리체계) is highly applicable to programs such as the KAI Marine Attack Helicopter (MAH), which is a weaponization of the Marine Utility Helicopter (MUH).
Moog 무장관리체계 (SMS)는 해상작전헬기 (MUH)의 무장형 기종인 KAI 상륙공격헬기 (MAH) 사업과 연관성이 매우 높다.
● This rapid weaponization capability using the Moog SMS is also suitable for other Korean manned and unmanned aircraft.
Moog SMS의 신속한 무장탑재 기능은 한국의 타 유인 및 무인 항공기에도 적용 가능하다.
o Moog has proven track record of weaponizing US/ western platforms with cost-effective SMS e.g. Armed UH-60 Black Hawk
Moog는 미국/서방 기체에 효율적인 비용으로 무장 탑재한 검증된 경험을 보유하고 있으며 그 예시로는 무장형 UH-60 블랙호크가 있다.
Moog offerings for the Black Hawk include: avionics, power and high-speed data transfers, rapid SMS weaponisation, and sustainment services.
블랙호크에 대한 Moog의 탑재가능 제품으로는 항전장비, 전력 및 고속 데이터 전달, 신속한 SMS 무장탑재, 그리고 군수 지원 서비스 등이 있다.
oPotential for application to KUH Surion for Armed Surion in the export market
수출시장에서 KUH 수리온 무장형에 적용 잠재성 다분
oPotential for application to Korean UAV weaponization
한국 UAV 무장 탑재에 적용 잠재성 다분
The Third Generation Weapon Stores Management System (SMS) is a Modular Open System Approach (MOSA) compliant Components off the shelf (COTS) weapons control system that seamlessly integrates with aircraft sensors and mission management systems to provide the crew with a superior fire- control solution.
3세대 무장관리체계 (SMS)는 모듈형 개방 체계 접근 (MOSA)를 준수하며, 상용 부품 (COTS)을 활용하는 무장 제어 체계로, 항공기 센서와 임무관리 시스템을 완벽하게 통합 하여 승무원들이 고성능 화기관제 솔루션 사용을 가능케 한다.
This proven, lightweight rugged system is an affordable solution to weapon stores management on air, land, and sea platforms.
검증되고, 저중량이며 견고한 시스템은 적은 비용으로 공중, 지상 및 해양 플랫폼 등에서 무장탑재를 관리하는 솔루션이다.
The SMS leverages Moog’s extensive experience in systems integration, internal software development, weapons technology, and fire-control solutions.
SMS는 Moog가 체계 통합, 내부 소프트웨어 개발, 무장 기 술, 화기관제 솔루션에서 보유하고 있는 방대한 경험을 활용한다.
The flexible modular design of the SMS enables rapid integration and future upgrades to the sensors, avionics and weapons ensuring the SMS’s value for future mission requirements and weapons expansion.
SMS의 유연한 모듈형 설계는 신속한 통합 및 차후 센서, 항 전장비, 무장 업그레이드를 가능케 하며, 미래 임무 요건 및 무장 확대에 맞춰 SMS의 가치를 유지한다.
●Complex precision motion control on vehicles such systems as APS and automation of ammunition handling.
APS또는 탄약 자동이송과 같은 차량 내 복잡한 정밀 구동 제어
oMoog has teamed(협력) on many significant APS programs in the west and elsewhere
Moog는 서방 및 기타 국가의 주요 APS 사업에 참여하여 협력한 바 있다
oDue to its prowess in the subject matter of precision (and fast) motion control in defense Moog has been invited to discussions with multiple nations and industry primes on this topic
정밀하고 (신속한) 구동 제어 분야에서 보유한 전문성 덕분 에 Moog는 여러 국가들 및 주요 기업들과의 논의에 초청된 바 있다.
o Moog’s high-speed, mission-adaptable, Modular Countermeasure Director (MCD) for vehicle APS, borne out of a NATO country initiative, allows for fast movement of the APS overperforming the requirement and demonstrating leadership in the area.
Moog의 차량 APS 용 고속 임무적응형 모듈식 대응책 지향 기 (MCD)는 NATO 국가 사업으로 개발되었으며, 요구성능을 초과하는 수준으로 APS의 신속한 기동을 가능케 하며 관련 분야에서 독보적인 능력을 갖추었음을 증명한다.
●Active Protection Systems (APS) High-Speed Modular Countermeasure Director (MCD): Moog’s MCD is a mission adaptable, flexible, proven, and high- performance element of an Active Protection System. The MCD is a unique approach to the increasingly varied threat scenarios now being faced on the modern battlefield. The MCD system comprises the necessary interfaces, control electronics, embedded motion and safety software, as well as a full motion payload positioning mount all specifically optimized for hard-kill systems.
능동방호체계 (APS) 고속 모듈식 대응책 지향기 (MCD): Moog의 MCD는 임무에 맞춰 적응 가능하고, 유연하고, 검 증되었으며, 고성능을 발휘하는 능동방호체계 부품이다.
MCD는 현대 전장에서 마주하는 다양한 위협 시나리오에 대한 독보적인 접근방식이다.
해당 시스템은 필수 인터페이스, 제어 전자장비, 임베디드 구동 및 안전 소프트웨어, 그리고 전방위 동작이 가능한 탑재량 지향 마운트로 구성되어 있으며, 각 부품은 하드킬 시스템에 특화된 방식으로 최적화되어 있다.
Moog's MCD addresses increasingly varied threat scenarios now being faced on the modern battlefield. The MCD system comprises the necessary interfaces, control electronics, embedded motion and safety software, as well as a full motion payload positioning mount all specifically optimized for hard-kill systems.
Moog의 MCD는 현대 전장에서 마주하는 위협 시나리오에 대응이다. MCD 시스템은 필수 인터페이스, 제어 전자장 비, 임베디드 구동 및 안전 소프트웨어, 그리고 전방위 동작 이 가능한 탑재량 지향 마운트로 구성되어 있으며, 각 부품 은 하드킬 시스템에 특화된 방식으로 최적화되어 있다.
●Further detail on MCD for APS if needed:
필요시 APS용 MCD에 대한 추가 세부내용
●Flexible: Payload, response times, and performance can be readily adapted from a suite of proven designs. Integration is assured by proven real-time networking and other vehicle architecture connectivity options. Scalable: Configure with other effectors from non- lethal to SHORAD all within one system concept. Fast: When configured for hard-kill systems, response times for simultaneous elevation and traverse (0-90 degrees) can be reduced to well under 100ms)
유연성: 탑재량, 반응속도, 성능은 여러 검증된 설계로부터 신속하게 적용할 수 있으며 체계통합은 검증된 실시간 네트워크 및 기타 차량의 구조적 연결 옵션을 사용하여 확보한다.
확장성: 비살상이나 단거리 방공 등 기타 투사체를 탑재할 수 있으며, 단일한 시스템 개념만으로 수용 가능하다.
신속 성: 하드킬 시스템으로 구성한 경우, 부앙각 및 회전각(0-90 도) 동시 구동을100ms 미만으로 줄일 수 있다.
2022 DX코리아 MOOG 부스(사진:MOOG)
●Separate to the MCD, Moog in Australia is makingprogress as follows:
MCD 이외에도 Moog 호주 지사는 다음 개발을 진행하고 있다.
o In further APS development, Moog have been collaborating in Australia with Defence Science Technology & Army on a new APS system. The focus is on the high-speed turret and power management. The system is sensor and control system agnostic and is designed to be modular to enable novel countermeasure payloads to be embarked including mixed response options.
APS 추가 개발을 위해, Moog는 호주 국방과학기술 및 육군과 협력하여 신형 APS 시스템을 개발 중에 있으며 고속 포 탑 및 전력 관리에 집중하고 있다. 해당 체계는 센서 및 제어 시스템에 무관하게 호환 가능하며, 혼합 대응책을 포함 한 신형 대응책을 탑재할 수 있도록 모듈형 설계가 이루어질 예정이다.
o The design path is for a lightweight version capable of being deployed on light armored vehicles. The high-speed turret is scalable to enable the adoption of varying performance parameters based on customer requirements and budget.
경장갑 차량에 탑재할 수 있도록 경량화된 설계를 개발하고 있으며 고속 포탑은 고객의 요구조건 및 예산에 맞춰 다양한 성능 수치를 실현할 수 있도록 확장이 가능하다.
o The APS turret will have the ability to move rapidly and precisely to the desired position. Once in position the turret will have the ability to make precision adjustments to account for updated data and vehicle movement.
APS 포탑은 요구 위치로 신속하고도 정밀하게 이동하는 기능을 갖출 예정이며 정위치에 도달한 후, 포탑은 데이터 업데이트 및 차량 움직임을 반영한 정밀 위치조정이 가능하다.
o Automation of Ammunition Handling or Turret Automation
탄약 이송 또는 포탑 자동화
Moog provides the ammunition loading systems for a number of Self Propelled Howitzer systems including: PZH2000 and RCH155 systems. This technology facilities a large supply of ammunition and rapid re- ammunition, the stable weapon platform, maximum accuracy on target and the automated flow of ammunition.
Moog는 PZH2000 자주포 및 RHC155 등 다양한 자주포 체계에 탄약 탑재 시스템을 공급한다. 해당 기술은 대규모 탄약 공급 및 신속한 재보급을 가능케 하며, 안정성 있는 무장 플랫 폼, 표적에 대한 정확성 최적화, 그리고 탄약 흐름 자동화를 용이하게 한다.
Undersea
수중
o Moog provides acoustically sensitive actuation on U.S. Nuclear powered submarines and other undersea vehicles
Moog는 미군 핵추진 잠수함 및 기타 잠수함에 음향 관련 민감성을 보유한 구동체계를 공급한다
oMoog has multiple applications to suit the needs of this harsh market. Our proven, tested, and fielded solutions are manufactured in the U.S. or Australia 
Moog는 가혹한 환경에서의 필요를 충족하는 여러 제품을 보유하고 있다. 검증되고, 시험되었으며, 실전에 배치된 솔루션 들은 미국 또는 호주에서 제조한다.
oPropulsion motors and controllers, along with steering and diving fin control actuation, as well as peripheral motors, controllers, and actuators, are utilized on various UUV designs in use by the US Navy.
추진 모터 및 제어기, 조함 및 수평타 구동, 보조 모터, 제어 기, 액추에이터는 미 해군이 운용하는 다양한 무인 잠수정에서 활용되고 있다.
● Turreted Weapon Systems e.g. RIwP® (Reconfigurable Integrated-weapons Platform) and FMP on Korean land platforms for Korean and export markets?
포탑 무장 체계, 예시로 RIwP® (가변구조형 통합 무장 플 랫폼) 및 한국 시장과 수출시장을 위한 한국 육상 플랫폼 FMP
Moog turrets were recently a feature at DX Korea 2022
Moog 포탑은 최근 DX Korea 2022에서 전시되었다.
DX Korea- 현장에 있었던 제품군
● What’s on display at the Show?
어떠한 제품군이 전시되었나?
oAt DX Korea Moog featured our Rapid Weaponisation Stores Management System, Missile System solutions, and turrets.
DX Korea에서 Moog는 신속 무장탑재 관리 시스템, 미사일 시스템 솔루션, 및 포탑 등을 전시했다.
Missile Systems
미사일 시스템
Moog designs and integrates highly innovative solutions across all weapon segments: Hypersonic and long-range ballistic missiles; tactical and strike systems; long-range standoff systems; and air and missile defence systems. Our capabilities include precision steering and control, power system solutions, propulsion systems, and integrated solutions. Moog’s missile solutions enable war fighters across all stages of the offensive strike and defensive intercept missions. Our high-quality, highly reliable hardware can be found on HELLFIRE, SGM, THAAD, TOW, Trident, and many more.
Moog는 모든 무기 분야에서 고도로 혁신적인 솔루션을 설계 및 통합하며 극초음속 및 장거리 탄도미사일; 전술적 타격 체계; 장거리 스탠드오프 체계; 그리고 방공 및 미사일 방 어 체계 등 보유하고 있다.
Moog 제품으로는 정밀 조향 및 제어, 전력 시스템 솔루션, 추진 체계, 및 통합 솔루션 등이 있다. Moog의 미사일 솔루션은 공격적 타격 및 방어적 요격 임무의 모든 단계에서 작전을 수행을 가능케 하며 고품 질 및 높은 신뢰도를 자랑하는 제품들은 HELLFIRE, SGM, THAAD, TOW, Trident 등 이외에도 다수의 미사일에 탑재 되어 있다.
Turreted Weapon Systems
포탑 무장 체계
● Moog designs, manufactures and integrates weapon systems, sub-systems and component level products for a variety of global military vehicle platforms. Moog’s expertise in fire control, gun control, weapon stabilization, ammunition handling and weapons integration can be found on over 30 of the world’s leading military vehicle platforms including manned and unmanned turrets and remote weapon stations.
Moog는 세계 각국의 군용차량 플랫폼의 무장 시스템, 하부 체계 및 부품 단위 제품을 제작 및 통합한다. 화기 관제, 포신 제어, 무장 안정기, 탄약 이송 및 무장 통합 등 분야에서 Moog가 보유한 전문성은 전세계 30개 이상 주요 군용 차량 플랫폼에서 사용되고 있으며, 유인 포탑, 무인 포탑 및 원격 포탑에 모두 탑재된다.
Components and sub-systems: Our innovative multi- axis controllers, linear and rotary elevation actuators, rotary azimuth actuators, and slip rings meet and exceed the demanding requirements of many combat vehicle control applications, and do so with unparalleledpower-density. These designs are applicable for future Light Armored Vehicle upgrades.
부품 및 하부체계: Moog의 혁신적인 다축 제어기, 선형 및 회전형 부앙각 구동기, 회전식 방위각 구동기, 그리고 슬립 링은 전투차량 제어 분야의 가혹한 요건들을 충족 또는 초과하며, 비교불가한 전력밀도로 이를 달성한다. 해당 설계는 차세대 경장갑 차량 개량사업에 적용 가능하다.
Full Turrets: Moog’s innovative RIwP turret offers multiple weapon options and in-field weapon reconfigurability. The RIwP offers tailored overmatch for every combat situation. Engineered with many advanced features, RIwP includes high-performance target acquisition technology and world-class pointing/stabilization accuracy. This ensures U.S. and allied forces see first, engage first and achieve mission success. Designed to be weapon, sight, and platform agnostic RIwP accommodates firepower growth to support mission requirements.
포탑 완제품: Moog의 혁신적인 RIwP 포탑은 다양한 무장
선택지 및 야전 무장 재구성 기능을 제공한다. RlwP는 그 어떠한 전투 상황에서도 특화된 우위를 제공하며 다수의 고급 기능을 갖춘 RlwP 설계에는 고성능 표적획득 기술과 세계 최고급 지향/안정 정확성 기술을 포함한다.
이를 통해 미군 및 연합군은 선제적으로 탐지, 교전, 그리고 임무 완수가 가능하며 무장, 광학 및 플랫폼과 무관하게 호환가능한 RlwP는 임무 요건을 지원하기 위한 화력증대에 기여하고 있다.
With survivability in mind the turret allows the war fighter to reload under armour. RIwP offers anti- aircraft, anti-tank, or multi-mission capabilities via medium caliber and indirect fires, available in various configurations. RIwP can be utilized on medium-sized platforms such as wheeled/tracked armoured fighting vehicles, robotic combat vehicles, and containerized platforms.
생존성을 염두에 둔 포탑은 승무원이 장갑 방호를 받는 상태에서 재장전이 가능하며, RlwP는 중구경 탄약 및 간접 화력을 다양한 사양으로 제공하여 대공, 대전차, 또는 다임무 능력을 가능케 한다. RlwP는 차륜형/궤도형 장갑전투차량, 로봇 전투차량, 컨테이너식 플랫폼과 같은 중형 플랫폼에서 운용 가능하다.
FMP (Flexible Missile Platform) & UGV Integration
FMP (다목적 미사일 플랫폼) 및 UGV 통합
The Flexible Missile Platform (FMP) is a missile, mission, and platform-agnostic turret system developed by Moog. Meeting the increased demand for mounted anti-armour/anti-air/CUAS effectors, Moog has combined the key technologies of launch control, aiming and platform stabilization, and mechanical integration into a single, versatile launch platform.
다목적 미사일 플랫폼 (FMP)는 미사일, 임무, 플랫폼과 무관하게 호환가능한 포탑 시스템으로 Moog가 개발하였다. 대전차/대공/CUAS 투사체를 탑재한 체계에 대한 소요가 증가함에 따라 Moog는 발사 제어, 조준 및 플랫폼 안정화, 그리고 기계적 통합이라는 핵심 기술들을 조합하여 하나의 범용성 있는 발사 플랫폼으로 개발하였다.
Global militaries already trust and rely on Moog’s expertise in stabilization, fire control, power distribution and management, as well as weapon stations. Flexible in both mission and missile, the FMP is an affordable way to weaponize a variety of vehicles. In Australia, we have successfully integrated the FMP to a UGV (Unmanned Ground Vehicle) giving a significant level of capability to the warfighter.
세계 각국의 군은 이미 Moog가 안정화, 화기 관제, 전력 분배 및 관리, 무장 스테이션 분야에서 보유한 전문성을 신뢰하고 있다. 임무와 미사일 종류를 유연하게 수용할 수 있는 FMP는 다양한 차량을 적은 비용으로 무장화 할 수 있으며 호주에서는 FMP를 UGV (무인 지상차량)에 성공적으로 통합하여 소요군에 상당한 역량을 제공한 바 있다.
Why APAC and Why Australia?
왜 아시아,태평양과 호주인가?
Why APAC and why now?
왜 아시아,태평양이며, 왜 지금인가?
The challenge; a new way of thinking. A paradigm shift is required to compete and grow. As sovereign Nations’ supply chains become more global it opens us to more and different types of risk such as economic, social, political, natural disaster and terrorism to name but a few. Therefore, the traditional methods by which customers and countries managed their supply chain organisations are no longer sufficient. They need to take more of a holistic approach to the management of the organisation and supply chain as well as the risk mitigation. This is driving the need for localisation within many geographies, Moog is ahead of the curve here with a significant global footprint.
도전과제; 새로운 사고방식. 경쟁하고 성장하기 위해서는 패러다임 전환이 요구됨. 주권국가의 공급망이 세계와 연동됨에 따라 경제적, 사회적 및 정치적 리스크, 그리고 자연재해와 테러리즘과 같은 리스크에 노출되어 있다. 따라서, 고객들과 국가들이 전통적으로 공급망 조직을 관리하는 방식은 더 이상 타당하지 못하므로 보다 총체적인 접근을 통하여 공급망 조직과 위험 관리를 접근해야 한다. 세계 각지에서 국산화에 대한 수요를 창출하고 있기에 Moog는 이미 전 세계적으로 사업을 전개 및 선도하고 있다.
In Australia we have decided to focus the business as a Center of Excellence for defence control systems across air, land and sea domains. Development of local IP created, produced and exported within region and ultimately globally. The content produced will be Australian export controlled thus Non-ITAR/BAFA impediments to exports.
호주에서는 공중, 지상 및 해양 분야에서 군용 제어 시스템 면에서 최고 수준의 센터로 사업을 집중할 계획이다. 현지에서 지적재산권을 개발, 생산 및 생성하여 역내에서 수출하고 최종적으로는 전 세계로 수출할 계획이며 생산되는 결과물은 호주의 수출 통제를 받게 되므로 ITAR/BAFA 수출통제 대상이 아니다.
We also have the added ability to localise content, where necessary, based on the market need and customer requirements. The business model is very flexible, as we could look to a strategy where we take Moog Defense Sector(방산부문) design and hardware and do local assembly and aftermarket support in Korea.
시장의 필요 및 고객의 요구에 따라 현지생산비율을 달성 하는 능력 또한 갖추었다. 사업 모델은 매우 유연하며, Moog 방산부문 설계와 하드웨어를 기반으로 한국 내 현지 생산 및 후속 지원을 제공하는 전략도 검토할 수 있다.
Establishment of local in-country manufacturing capabilities allows us to support as a “local” offering which is a key component of the Moog strategy. This addresses the need of most countries that require some level of sovereign capability in country or an ability to sustain platforms through Life of Type (LOT). This offering gives a significant competitive advantage, allowing us to be more responsive to our regional customers’ needs and requirements.
현지 국내 제조능력 설립은 “국산화” 납품을 하는 회사로서 경쟁할 수 있도록 하며, 이는 Moog의 전략 핵심이다. 어느 정도 자체 역량을 갖추기를 요구하는 국가 또는 플랫폼 수명주기 (LOT) 후속지원을 요구하는 국가들에 대한 대응이 가능하며 이러한 능력은 Moog에 상당한 비교우위를 제공하기에 역내 고객의 필요와 요구에 보다 용이하게 대응할 수 있다.
Increased tension in the Indo-Pacific, the geopolitical environment surrounding the region, with significant actors based within region gives significant cause for concern to the global community. This represents a significant reasoning and rational for investment in sovereign defensive and offensive capabilities within many of the countries.
인도태평양 긴장 증가, 역내 지정학적 환경 및 주요 국가들은 국제 사회에 상당한 우려를 불러일으키고 있다. 이는 여러 국가들이 자체적인 방어 및 공격 역량에 대한 투자 결심에 있어 상당한 논리 및 근거를 제공한다.
Moog is well positioned with a portfolio of products and applications, facilities across the region, and localised regional defence offerings from Australia. The regional support that can be provided by Moog and the level of customization of design and further potential localization via Moog global facilities offer an aligned customer-intimacy approach. Therefore we see significant alignment between the APAC market needs and Moog capabilities and strategic direction.
제품 및 적용분야, 역내 시설, 그리고 호주 내 현지화 군사장비로 구성된 포트폴리오는 Moog가 유리한 위치 선점을 가능케 한다. Moog가 제공할 수 있는 역내 지원 및 맞춤형 설계, 그리고 Moog 글로벌 시설을 활용한 잠재적 국산화 전개는 고객과의 밀접한 관계 형성을 도모하는 접근법이므로 자사의 역량, 전략적 방향 및 아태지역 시장의 요구는 상당 부분 일치한다고 판단하고 있다.
● Moog APAC Team who we are and why Australia
Moog 아시아태평양 조직 구성원 소개 및 호주 아태지 역 방산본부
Q. Who is Bryan O’Connor?
Bryan O’Connor 소개
A. Bryan O’Connor is the Moog Managing Director
- Asia Pacific. Bryan is fortunate to have worked for Moog for 29 years, in various locations and has seen the company evolve during this time to developing cutting-edge technology solutions across the defense domain. Moog Australia is a hub for the Moog Defense Sector in the APAC region.
Bryan O’Connor는 Moog 아시아태평양 상무이사로, Moog에서 29년간 활동하며 다양한 근무지의 경험을 바탕으 로 각종 국방 분야에서 최첨단 기술 솔루션을 제공하는 기업으로 진화하는 회사의 전 과정 동안 함께 하였다. Moog 호주 지사는 아시아태평양 지역에서 Moog 방산부문의 허브 역할을 담당하고 있다.
Bryan O’Connor Moog 사장/총괄이사 (사진:MOOG)
Moog Australia coordinates defense activity within the APAC locations Australia, Korea, Singapore, India, and Japan. As well as VAR (Value Added Reseller) network through the APAC region. Moog Australia is an engineering and manufacturing and site, and works with Moog facilities in the U.S., Germany, and Ireland to provide capabilities.
Moog 호주 지사는 아시아태평양 지역 내 호주, 한국, 싱가포르, 인도 및 일본 등에서 방산부문 사업을 조율하며 나아가 아 시아태평양 지역 내 리셀러 네트워크를 담당한다. Moog 호주 지사는 설계 및 제조 시설로 미국, 독일 및 아일랜드에 소재한 Moog 시설과 협력하며 해당 역량을 제공한다. 
Moog Australia has designed systems such as EHAS,RPA(rotary rack and pinion actuators), FMP, APS Moog 호주 지사는 EHAS, RPA (회전식 랙 앤 피니언 액추 에이터), FMP, APS 시스템 설계
Supporting Australian Defense Forces since 2013.
2013년부터 호주군을 지원
F-35 Mechanical Subsystem components APAC maintenance assignment
F-35 기계 하부체계 부품 아시아태평양 정비 업무
Moog Australia location, is APAC hub for Defense Sector
아시아태평양 방산부문 허브로 운용되는 Moog 호주 지사
As an Australian Department of Defence Recognized Supplier since 2003, Moog has been actively supporting the efforts of Australia and New Zealand’s warfighters, peacekeepers, and relief workers. Moog provides mission critical sub-systems and components on platforms including the F/A-18 Hornet and Super Hornet, Black Hawk, AP-3C Orion, ASLAV 25, M113, Collins Class Submarine and future aircraft including the F-35 Lightning II Joint Strike Fighter. All aftermarket and through-life support, including provisions for spares and OEM repair, is coordinated through our Melbourne Office.
2003년부터 호주 국방부 인증을 받은 공급업체인 Moog는 호주 및 뉴질랜드군, 평화유지군, 인도적 지원인력의 활동을 지원하고 있다.
Moog은 F/A-18 호넷 및 수퍼 호넷, 블랙 호크, AP-3C 오라이언, ASLAV 25, M113, 콜린스급 잠수함, 그리고 F-35 라이트닝 II JSF와 같은 차세대 항공기 등 각종 플랫폼에 임무 필수적인 하부체계 및 부품을 공급하고 있으며 예비부품 공급 및 OEM 수리와 같은 수명주기 지원 및 후속지원은 멜버른 사무실에서 조율한다.
Moog Australia Capabilities:
Moog 호주 지사 역량
Land Systems Solutions such as the FMP (Flexible Missile Platform) and Active Protection Systems (APS), and various Components and sub-systems as mentioned above
FMP (다목적 미사일 플랫폼), 능동방호 체계 (APS) 및 상기 언급한 다양한 부품 및 하부체계 등의 지상 솔루션
Naval Actuation - EHAS & Rack and Pinion Actuators
해양 구동체계 · EHAS 및 랙 앤 피니언 액추에이터
Changes in geopolitical landscape and threat profile have induced a significant increase in operating requirements for naval vessels. More powerful systems are being condensed in smaller volumes. In the meantime, manning and signature of the platform are expected to reduce.
지정학적 환경 및 위협 양상 변화는 해상 함정의 운용 요건 을 상당 부분 가중시켰습니다. 이에 따라 보다 적은 배수량에 강력한 시스템이 집중되고 있으며 동시에 플랫폼 운용인력과 발생신호에 대한 감축 요구는 증가될 것으로 예상하고 있다.
The traditional hydraulic technology used for stabilisers, steering or handling systems often rely on a centralized power unit and oil tank, as well as a cumbersome, integration and maintenance heavy hydraulic architecture.
안정기, 조함 또는 이송 시스템에 사용되는 전통적인 유압 기술은 대부분 중앙화된 동력 장비 및 오일 탱크에 의존하였으며, 부피가 크고, 통합 및 정비에 상당한 주의를 요구하는 유압 설계를 채택하였다.
In 2020, Moog Australia developed its first-of- class EHAS for Naval applications. EHAS reached full operating capability in early 2021 and delivered significant outcomes for both the ship builder and ship operator.
In comparison to traditional hydraulics: 2020년에 Moog 호주 지사는 해당 분야에서는 최초로 해상용 EHAS를 개발하였다. EHAS는 2021년 초에 완전운용능력을 획득하였으며 조선소 및 함정 운용자에 있어 전통적인 유압체계와 비교했을때 상당히 유의미한 결과물을 제공한다.
By design, EHAS is a modular and scalable system that can be configured to suit extent power requirements, as well as redundancy or safety cases. EHAS can be marine certified and compliant to MIL Spec.
EHAS는 설계상 확장가능한 모듈식 시스템으로 구성되어 있으며, 전력량이나 중복성 및 안전성 요건에 맞게 재구성이 가능하다. EHAS는 해양 인증을 받을 수 있으며, MIL 사양에도 부합한다.
In parallel, Moog Australia developed rotary rack and pinion actuators for submarines. These are rotary actuators commonly used for ball valves and through hull valves, typically able to mitigate vibro-acoustic emissions, high peak pressure, shock and vibration. Our first of class has been delivered in 2021, fully designed and manufactured in Australia, and passed qualification testing.
이와 동시에 Moog 호주 지사는 잠수함용 회전식 랙 앤 피니언 액추에이터를 개발하였다. 이는 주로 볼 밸브와 선체
통과 밸브에 사용되는 회전식 액추에이터로, 진동-음향 신 호, 높은 최고 압력, 충격 및 진동 등을 감쇄하는데 일반적으로 사용다. 첫 제품은 2021년에 인도되었으며, 모두 호주에서 설계하고 제조되어 품질 검사를 모두 통과한 상태다.
Air Platforms
항공 플랫폼
F-35
Moog Australia Pty. Ltd. has been successfully named as Australia’s preferred, in-country repair, overhaul and upgrade facility for the F-35 Electrohydrostatic Actuator (EHA), Leading Edge Flap Actuation System (LEFAS), and the Wingfold Actuation System (WFAS). 
현재 Moog Australia Pty. Ltd.는 F-35 전기정유압 액추에이터 (EHAS), 리딩 에지 플랩 구동 시스템 (LEFAS) 그리고 날개접힘 구동 시스템 (WFAS)에 대해 호주 정부로부터 현지 수리, 오버홀 및 업그레이드의 선호 시설로 지정된 상태다.
MOOG 한국공장(사진:MOOG)
[디펜스투데이]
Tag
#MOOG
#방산부문
#KF-21
#지상
#수중
#해양
#항공
#디펜스투데이
저작권자 © 디펜스투데이 무단전재 및 재배포 금지
신선규 기자
다른기사 보기","{""무인체계"": [""UAV"", ""UAS"", ""RPA""], ""우주/위성"": [""GEO"", ""NTS"", ""ISS"", ""SSA""], ""AI/컴퓨팅"": [""AI"", ""LAN"", ""AR"", ""GAN"", ""RL"", ""ML""], ""센서/통신"": [""UV"", ""EMI"", ""IFF"", ""EW"", ""RF"", ""IR""], ""무기/방어체계"": [""DE"", ""HEL"", ""IED""], ""재료/제조"": [""TEM"", ""MBE"", ""DED"", ""RAM"", ""STM"", ""SEM"", ""ICL"", ""AM"", ""PLA""], ""의료/생체"": [""RNA"", ""MERS"", ""ICU""], ""연구/프로그램"": [""ORS"", ""OTA""], ""작전/전술"": [""ACE"", ""Multi-Domain Operations""], ""기타/기술"": [""IP"", ""SSL"", ""LED"", ""EMS""], ""항공기"": [""F-35"", ""Lightning II"", ""전투기""], ""무인체계/로봇"": [""UGV"", ""Unmanned Ground Vehicle""], ""항공기/차량"": [""Black Hawk"", ""M1"", ""공격헬기"", ""주력전차"", ""보병전투차량"", ""UH-60""], ""우주/위성/태양"": [""HEO""], ""해양/기상"": [""TC""], ""무인/자율시스템"": [""UUV"", ""ROV""], ""센서/통신/레이더"": [""SAR""], ""함정/항공기"": [""USS"", ""P-3"", ""Orion""], ""무기/방어"": [""EMP""], ""전파망원경/천문"": [""AGN""], ""미사일/방공"": [""missile"", ""ballistic"", ""THAAD"", ""hypersonic""], ""항공기/전투기"": [""KF-21"", ""fighter"", ""aircraft""], ""드론/무인체계"": [""unmanned""], ""지상장비"": [""K9"", ""tank"", ""armored"", ""howitzer"", ""K2""], ""헬기"": [""Surion"", ""helicopter""], ""해군장비"": [""ship"", ""submarine"", ""naval""], ""첨단기술"": [""space"", ""satellite"", ""nuclear""], ""방산기업"": [""KAI"", ""Hanwha""]}",True,정밀제어 시스템,,relevant,"기사에 따르면 Moog 社는 항공우주, 방위, 산업 분야에서 정밀제어 시스템 및 부품을 공급하는 업체로 소개되어 있습니다. 이를 통해 Moog 社가 KF-21 보라매 전투기 사업에 참여하는 것으로 확인할 수 있지만, 구체적인 기술이나 전력화 시점은 명시되어 있지 않습니다."
"한화 김동관 부회장의 이율배반(二律背反)",2022-12,http://www.defensetoday.kr/news/articleView.html?idxno=4872,"방산 사업은 ‘천덕꾸러기’취급 … 우주사업 ‘돈줄’ 역할만 할 듯
한화의 방산수출 기세가 무섭다. 한화는 지난 2014년 삼성과의 ‘방산 빅딜’을 통해 K9자주포를 개발·생산하는 삼성테크윈과 레이더와 군 전투체계 소프트웨어를 개발하는 삼성탈레스를 끌어안으며 국내 방산 시장에서의 덩치를 키웠고, 이후 군용 장갑차를 생산하는 두산DST까지 인수하며 국내 최대 방산기업으로 자리매김했다.
한화는 빅딜 이후 K9 자주포를 앞세워 해외 방산시장에서 점차 입지를 키워 나갔다. 한화그룹지상방산 계열사인 한화디펜스는 전 세계 8개 국가에 K9 수출을 성사시키며, 전 세계 자주포 수출시장에서 압도적인 1위를 달리고 있다. 
여기에 최근 폴란드와 대규모 방산계약을 체결하는 ‘잭팟’까지 터뜨렸다. 지난 7월, 폴란드에 K9 672문을 납품하는 기본계약(Framework Contract)을 체결한데 이어, 지난 10월엔 폴란드에 천무 다련장로켓체계(MRLS) 288대와 탄약을 공급하는 계약까지 체결했다. 계약 규모만 수십 조 원에 이른다. 한화가 미국의 ‘록히드마틴’과 같은 글로벌 종합 방산기업으로 도약할 수 있을 것이란 기대감도 커지고 있다. 
레드백 장갑차 앞에서 윤석열 대통령과 포즈를 취하는 김동관 부회장(사진:대통령실)
‘김동관號’거대 방산기업 탄생 … 실제로 방산은 ‘천덕꾸러기’? 
한화의 방산사업 총 사령관은 한화그룹 김승연 회장의 큰 아들 김동관 한화솔루션 부회장이다. 김 부회장은 지난 11월 1일부로 한화디펜스를 흡수합병한 한화에어로스페이스의 전략부문 대표로 선임됐다. 사업부문은 손재일 전 한화디펜스 대표이사가 이끌지만, 실질적인 리더는 그룹 후계장인 김 부회장이라고 보는 게 맞다. 
그런데 이제 막 첫 발을 뗀‘김동관號’ 한화 통합 방산회사의 행보가 어딘가 모르게 앞뒤가 맞지 않는다. 당장 사명(社名)부터 이상하다. 항공·우주 사업을 하던 한화에어로스페이스와 자주포·장갑차 등을 생산하는 한화디펜스를 합치면서 ‘디펜스’라는 단어는 쏙 뺐다. 방산업체 이미지 지우기에 나선 것이다.  
원칙적으로 따지면 한화디펜스의 지분 100%를 보유했던 한화에어로스페이스가 자회사를 흡수합병한 것이기 때문에 종속회사의 사명이 사라지는 것은 이상할 일이 아니다. 하지만 역대 최대 규모의 수출 실적을 등에 업고 글로벌 방산기업을 만들겠다는 방산 계열사 통합 취지와는 사뭇 대치된다. 
한 국방안보 전문가는 “한화디펜스는 K9 자주포 수출과 레드백 보병전투장갑차 호주 우선협상대상자 선정 등으로 국내는 물론 해외 시장에서 이미 톱클래스 글로벌 방산기업으로서의 브랜드를 확고히 구축했다”면서 “그와 같은 방산회사의 이름을 소리소문 없이 없앤 게 의아할 따름”이라고 설명했다. 
실제로 한화에어로스페이스는 흡수합병 이후 지난 11월 4일 폴란드에 천무를 수출하는 실행계약을 체결한다는 보도자료를 배포했다. 얼마 전 까지만 해도 한화디펜스 이름으로 홍보되던 천무 다련장로켓이 갑자기 한화에어로스페이스 제품으로 둔갑한 것이다. 한화에어로스페이스는 지상방산 업체인 한화디펜스를 흡수합병해 사명을 한화에어로스페이스로 바꾼다는 언론 배포자료나 설명을 한 바도 없다.  
윤석열 대통령과 함께 이동하는 김동관 부회장(사진:대통령실)
김 부회장, 우주·태양광 사업 중점 추진 … 방산은 ‘돈줄’? 
이 같은 이율배반적인 행보는 김동관 부회장의 의중이 실린 것으로 볼 수 있다. 김 부회장은 지난해부터 한화에어로스페이스의 우주사업 프로젝트인 ‘스페이스 허브’를 이끌며 ‘우주 사령관’이라는 별칭을 얻기도 했다. 또한 김 부회장은 지난 2010년 한화에 입사한 이후 줄곧 태양광 사업을 이끌며 경영수업을 받았다. 즉, 우주·태양광 사업에 애착이 큰 김 부회장에게 방산 사업은 관심 밖일 수밖에 없다. 
실제로 한화에어로스페이스와 한화디펜스의 흡수합병 이슈가 올 초 러시아의 우크라이나 침공 이후 급물살을 탔다는 얘기가 흘러나온다. 우크라이나 전쟁 발발로 폴란드 등 유럽 국가의 무기 수출이 확대되면서 뭉칫돈이 굴러들어오기 시작하자 천덕꾸러기 신세였던 방산 계열사를 재빠르게 흡수해 당장 돈벌이가 되지 않는 우주사업의 캐시카우(cash cow) 역할을 맡게 아니냐는 얘기가 나온다. 방산 사업을 키우거나 내세울 생각은 없으면서 우크라이나전 특수로 벌어들이는 돈에만 관심을 둔 것이란 의심을 지울 수 없다.  
230mm 유도탄(사진:KDI)
한화, ‘비인도적 살상무기’ 분산탄 사업 중단 … 집속탄 발사체계 ‘천무’는 수출에는 열성?   
김 부회장이 방산 사업과 그간‘거리두기’를 한 것은 태양광 사업이 더 큰 이유로 보인다. 한화솔루션대표인 김동관 부회장은 지난 2020년부터 그룹 내 탄약을 생산하는 ㈜한화/방산의 전략부문 대표로 이름을 올리자마자, 분산탄 사업 처분에 나섰다. 분산탄 사업이 태양광 사업의 발목을 잡는다고 판단한 것이다. 
분산탄은 탄두 하나에 수백 개의 자탄이 실려 있는 재래식 폭탄으로 항공기나 미사일, 포탄 등에 탑재돼 광범위한 지역을 공격할 수 있는 살상무기이다. 분산탄은 살상력 뿐 아니라 불발률이 커 전쟁 및 내전 지역 등에서 민간인의 인명 피해를 야기시키는 문제가 있다. 이런 이유 때문에 국제사회는 분산탄을 ‘비인도적인 무기’로 분류하고 분산탄 금지 협약까지 만들어 사용 금지를 독려하고 있다.
한화는 국제사회에서 바로 이 비인도적인 무기를 만드는 비윤리적인 기업으로 낙인이 찍혀 분산탄 금지 NGO 활동이 활발한 유럽 시장에서 특히 태양광 사업 추진에 애를 먹었다. 실제로 네덜란드 소재 NGO 팍스(PAX)는 한화를 포함한 분산탄과 관련 부품공급을 하는 글로벌 방산업체들에 대한 투자를 하는 유럽 내 금융기관들의 리스트를 공개하며 해당 기업들이 투자를 받지 못하도록 하는 활동을 펼쳐왔다. 
김동관 부회장은 바로 이런 이유 때문에 분산탄 사업을 ‘눈엣가시’로 여겼을 게 뻔하며, 지난2020년 말 분산탄 사업을 결국 떼어낸다. 국제사회의 기준에 부합하는 ‘ESG 경영’을 강화하겠다는 뜻도 천명했다. 
130mm 포드화탄(사진:KDI)
그런데 이 또한 이율배반적이다. 비윤리적인 무기인 분산탄을 더 이상 만들지 않는다면서 분산탄을 대량 발사하는 데 특화된 천무 다련장체계 수출에는 열을 올리고 있기 때문이다. 
천무 다련장체계는 300여 개의 자탄이 탑재된 분산탄을 발사할 수 있어 축구장 3개 크기의 지역을 초토화시키는 가공할 살상력으로 유명하다. 하늘을 뒤덮는다는 뜻의 이름을 가진 천무는 ‘강철비’라는 별칭으로도 자주 불린다. 그만큼 엄청난 화력을 바탕으로 유사시 대량살상용으로 사용되는 무기체계이다.  
한화는 얼마 전 천무 212대와 탄약 등을 폴란드에 패키지로 수출하는 계약에 도장을 찍었다. 이 외에도 몇몇 국가에 이미 천무를 수출한 것으로 알려졌다. 한화 측은 분산탄 생산은 중단됐고, 천무는 문제가 되는 탄약이 아니니 수출하는 게 문제없지 않겠냐는 반응을 보일 법하다. 실제로 유럽의 NGO 단체들은 분산탄과 관련 부품만을 문제 삼고 있다. 
그렇다고 해도, 비윤리적인 무기를 취급하지 않겠다고 과감히 생산을 중단하고 사업부를 매각할 때는 언제고, 이제는 비윤리적인 무기를 발사하는 체계를 파는 데 열을 올리고 있는 모습은 의아할 뿐이다. 천무를 도입한 폴란드 등 구매국들은 자국에서 생산하든 다른 나라에서 들여오든 분산탄을 천무에 넣어 대량으로 살포할 수 있기 때문이다.
돈만 된다면 비윤리적인 무기의 발사체계는 팔아도 상관없다는 것인가? 글로벌 선두 방산기업을 만들겠다고 큰소리 치면서 방산 사업은 우주사령관과 태양광 리더가 되기 위한 희생양으로만 삼겠다는 것인가? 국내 재계 7위 한화그룹의 후계자 김동관 부회장의 앞뒤가 다른 행보는 어디까지 이어질 지 지켜볼 일이다. 
[디펜스투데이]
Tag
#한화그룹
#한화
#천무
#자주포
#한화에어로스페이스
#디펜스투데이
저작권자 © 디펜스투데이 무단전재 및 재배포 금지
신봉철 기자
다른기사 보기","{""AI/컴퓨팅"": [""RL""], ""센서/통신"": [""EW""], ""재료/제조"": [""RAM"", ""AM""], ""지상장비"": [""K9""]}",True,"K9 자주포, 천무 다련장로켓체계(MRLS)",,relevant,"기사에 따르면 한화그룹이 삼성테크윈, 삼성탈레스 등을 인수하면서 국내 최대 방산기업으로 부상했고, K9 자주포와 천무 다련장로켓체계 수출에 성과를 거두고 있다. 그러나 구체적인 상용화/전력화 시점은 언급되지 않았음."
"대한항공, UAM 안전 운항 위한 기술 개발",2022-11,http://www.defensetoday.kr/news/articleView.html?idxno=4783,"대한항공이 미래 교통 수단으로 주목받고 있는 도심항공교통(UAM) 안전 운항을 위한 기술 개발을 위해 적극 나선다. 
대한항공은 11월 10일 인천 영종도에서 열린 K-UAM Confex 행사장에서 인천광역시, 인하대학교, 한국항공대학교, 항공우주산학융합원과 ‘UAM 안전 기술 개발 및 실증을 위한 업무 협약’을 체결했다.
왼쪽부터 허희영 항공대 총장, 이수근 대한항공 안전보건 총괄 겸 Operation 부문 부사장, 박덕수 인천시 행정부시장, 조명우 인하대 총장, 유창경 항공우주산학융합원 원장 (사진:대한항공)
이날 협약식에는 이수근 대한항공 안전보건 총괄 겸 Operation부문 부사장, 박덕수 인천광역시 행정부시장, 조명우 인하대학교 총장, 허희영 한국항공대학교 총장, 유창경 항공우주산학융합원장 등이 참석했다. 
이번 협약에 따라 대한항공 및 참가 기관은 항로설계·관리, 운항통제·교통관리 등 UAM 안전 운항 및 초기 상용화를 위한 운용 개념과 절차를 만드는 데 협력할 예정이다. UAM 운항을 위한 법 제도도 함께 연구한다. 
이외에도 원격조종 또는 자율비행을 하는 UAM 특성에 맞게 군집비행, 충돌회피, 비행제어, 운항통제 및 교통관리 등의 기술도 지속적으로 공동 개발할 예정이다. 
K-UAM Confex 전시회 대한항공 부스 (사진:대한항공)
또한 UAM 표준화와 전문인력 양성 등 일자리 창출을 위한 기술 및 정보 교류에도 공동 협력해 UAM 산업 육성 기반 조성에 적극 협력할 계획이다. 
한편 대한항공은 11월 9일부터 12일까지 열리는  국내 최대 규모의 UAM 국제행사인  K-UAM Confex 전시회에서 현대자동차, 인천국제공항공사, KT, 현대건설 등 ‘K-UAM One Team’과 공동으로 비행계획·감시·스케줄 관리가 가능한 ‘운항통제시스템’, 비행계획 승인 등 교통 관리 사업자를 위한 ‘교통관리시스템’, ‘하이브리드 드론을 활용한 전파환경 분석’ 등 UAM 안전 운용을 위한 다양한 기술을  선보였다. 
대한항공은 항공기 운용을 통해 쌓은 노하우와 무인항공기 개발로 축적된 기술력을 토대로 UAM 산업 발전에 선도적인 역할을 하고 있다. 
대한항공은 지난해 6월 건국대학교와 함께 국내 최초로 ‘UAM 운용개념서’를 발간했으며, 지난 2월에는 ‘K-UAM One Team’과 공동으로 UAM 생태계 전반 백서인 ‘UAM 에코 시스템 블루프린트(Ecosystem Blueprint)를 작성하는 등 우리나라 UAM 생태계 발전에  이바지하고 있다. 
[디펜스투데이]
Tag
#대한항공
#UAM안전운항기술
#K-UAM Confex
#디펜스투데이
저작권자 © 디펜스투데이 무단전재 및 재배포 금지
이치헌 기자
다른기사 보기","{""무인체계"": [""무인항공기""], ""재료/제조"": [""TEM"", ""AM""]}",True,UAM 안전 운항 기술,,relevant,"이 기사는 대한항공이 미래 교통 수단인 도심항공교통(UAM)의 안전 운항을 위한 기술 개발에 나선 내용을 다루고 있습니다. 구체적으로 항로설계, 운항통제, 교통관리 등의 운용 개념과 절차를 개발하고 있으며, 군집비행, 충돌회피, 비행제어 등 다양한 기술을 공동 개발할 계획입니다. 그러나 이는 계획 단계이며 상용화 시점은 명시되지 않았습니다."
"인텔샛, 인텔샛45 제조업체로 스위스투트웰브 선정",2022-11,http://www.defensetoday.kr/news/articleView.html?idxno=4779,"  세계 최대 위성·지상파 통합 네트워크 운영사이자 기내 인터넷 연결(IFC) 분야의 선두 주자인 인텔샛(Intelsat)이 스케일업 제조업체 스위스투트웰브(SWISSto12)가 인텔샛45(IS-45) 위성을 제조한다고 발표했다.
이로써 인텔셋은 획기적인 허밍샛(HummingSat) 정지궤도(GEO) 통신 제품의 첫 상용 고객이 됐다.
인텔샛은 미디어·통신 고객에 효율적인 전문 서비스를 제공하기 위해 필요한 큐밴드(Ku-band) 고정 위성 서비스를 2025년 발사 예정인 IS-45로 확보할 예정이다.
인텔샛, 인텔샛45 제조업체로 스위스투트웰브 선정(사진:인텔샛)
장뤼크 프뢰라이거(Jean-Luc Froeliger) 인텔샛 우주시스템 수석 부사장은 “스위스투트웰브의 제품에는 인텔셋의 사업에 필요한 2가지 혁신이 담겨 있다”며 “위성 전략의 격차를 메워 특정 고객의 수요에 초점을 맞출 수 있도록 지원하는 작은 크기와 위성 제조 주기를 크게 단축할 가능성을 제시한 적층 제조 공정이 바로 그 2가지 혁신”이라고 말했다. 이어 “인텔샛은 허밍샛 기술력에 대한 자부심이 있고, 상용 통신 위성 부문의 새로운 고객들이 성공할 수 있도록 뒷받침하고 싶다”고 덧붙였다.
허밍샛은 크기가 1세제곱미터, 즉 현재 정지궤도에 오른 위성의 10분의 1에 불과하다. 스위스투트웰브는 민관 파트너십 프로그램을 통해 유럽우주청(ESA)과 함께 위성을 개발하고 있다. 각 허밍샛은 하나 이상의 대형 우주선을 GEO 전이 궤도로 실어 나르는 로켓의 승차 공유(rideshare) 임무용으로 발사될 수 있도록 설계된다. ESA 전문가 패널은 최근 허밍샛 라인업의 시스템 요건을 검토해 통과시켰다.
스위스투트웰브 설립자 겸 최고경영자인 에밀 드 라이크(Emile de Rijk) 박사는 “스위스투트웰브는 인텔샛 IS-45 프로그램 수주로 기념비적인 순간을 맞았다”며 “위성 통신의 토대가 되는 아키텍처인 인텔샛과 함께 사업을 시작해 기쁘다”고 말했다. 이어 “고성장 전문 스케일업이 주요 통신 사업자의 계약을 수주하는 것은 흔치 않다”며 “위성 통신 산업에 새 장을 열 허밍샛 제품군의 순조로운 출발”이라고 평가했다.
  [디펜스투데이]  
Tag
#인텔샛
#스위스투트웰브
#IS-45
#인텔샛45
#Intelsat
#디펜스투데이
저작권자 © 디펜스투데이 무단전재 및 재배포 금지
장훈 기자
다른기사 보기","{""우주/위성"": [""정지궤도"", ""GEO"", ""ISS""], ""AI/컴퓨팅"": [""AR""], ""센서/통신"": [""EMI""], ""무기/방어체계"": [""DE""]}",True,IS-45 위성,2025,relevant,"이 기사는 인텔샛이 스위스투트웰브로부터 IS-45 위성을 제조하기로 했다는 내용을 다루고 있습니다. 이는 군사 기술이 아닌 상용 통신 기술에 해당하지만, 위성 기술은 군사 목적으로도 사용될 수 있기 때문에 일부 군사 관련성이 있습니다. 기사에서는 2025년 발사 예정인 IS-45 위성에 대해 언급하고 있습니다."
"한화시스템, 대구·경북 통합 신공항 ‘에어셔틀’ 사업 진출",2022-10,http://www.defensetoday.kr/news/articleView.html?idxno=4646,"한화시스템(대표이사 어성철)이 대구광역시와 대구·경북 통합 신공항과 대구 도심 간 ‘UAM 에어셔틀’ 사업 개발에 나선다.
 
한화시스템은 10월 27일 한국공항공사(사장 윤형중)·SK텔레콤(CEO 유영상)·T맵모빌리티(대표 이종호)로 구성된 ‘K-UAM 드림팀’ 컨소시엄과 함께 대구 엑스코에서 개최된 ‘2022 대구 국제 미래모빌리티엑스포’ 현장에서 대구광역시(시장 홍준표)와 UAM 상용화 추진을 위한 업무협약(MOU)을 체결했다.
  왼쪽부터 이미애 한국공항공사 부사장, 어성철 한화시스템 대표이사, 홍준표 대구시장, 유영상 SK텔레콤 CEO, 박서하 T맵모빌리티 미래모빌리티담당이 기념 촬영을 하고 있다(사진:한화시스템)
K-UAM 드림팀은 대구·경북 통합 신공항과 동대구역 등 도심 간 UAM 에어셔틀을 구축해 신공항 접근성과 편의성을 높이고, 대구·경북 UAM 네트워크를 형성해 거점도시인 대구 도심을 잇는 광역교통망(RAM) 조성 방안을 추진한다.
 
대구시와 K-UAM 드림팀 컨소시엄은 2023년부터 2025년까지 가상 비행 시나리오 검증 및 서비스 노선 개발 등 실증단계를 거친다. 2026년부터 시범사업을 시작해 관광 및 비즈니스 수요를 파악해 대구·경북 광역권 노선 확대 등을 통해 수익 노선을 구축할 계획이다. 2030년 대구·경북 통합 신공항 개항과 함께 대구시 UAM 서비스가 본격 상용화된다. 대구시는 ‘UAM 특화 스마트시티’로 성장하기 위해 대구·경북 통합 신공항과 대구 공항 후적지(後適地)에 UAM 인프라를 구축할 예정이다.
 
한화시스템은 대구·경북 통합 신공항 UAM 관제 및 항행 솔루션 개발에 참여하고, 도심 간 ‘UAM 에어셔틀’ 사업 기체 공급과 유지보수(MRO)를 맡을 계획이다. 한화시스템은 내년 실물 크기의 무인 시제기 시험비행을 앞두고 있으며, 공동개발사인 미국의 오버에어 사와 함께 2025년 미국 연방항공청(FAA) 형식인증(Type Certificate) 획득을 예정대로 진행 중이다. UAM 운항에 필요한 항행·관제 인프라(CNSi) 통제 시스템 기술 개발에도 특화돼 있다.
 
이번 MOU 체결을 통해 K-UAM 드림팀 컨소시엄은 민간기업·공기업·지자체의 강점을 융합하는 초협력적 사업모델로 대구시 UAM 상용서비스를 빠르게 추진하기로 했다. △한국공항공사는 대구·경북 통합 신공항과 연계한 UAM 버티포트 구축과 항행시설 인프라를 활용한 UAM 교통 관리 서비스 제공 △SK텔레콤은 UAM 서비스 운영과 UAM 특화 상공망 △T맵모빌리티는 UAM과 지상 교통 간 서비스형 모빌리티(MaaS·Mobility as a Service) 플랫폼 개발·운영 △대구광역시는 UAM 운용부지 및 인프라 제공과 인허가·행정지원 등을 담당한다.
 
어성철 한화시스템 대표이사는 “중남부권 중추공항으로 발전해나갈 대구·경북 통합 신공항을 거점으로, 대구 명소뿐 아니라 경주·포항 등 경북 관광자원을 이을 새로운 교통수단인 UAM을 통해 지역 모빌리티 혁신에 일조해 나가겠다”며 “2040년까지 국내 일자리 16만 개·생산 유발 23조 등의 파급 효과와 성장동력을 가져온다고 분석되는 UAM 산업을 통해 대구와 경북지역이 더욱 발전할 것이라 믿는다”고 밝혔다.
 
홍준표 대구시장은 “이번 협약을 통해 UAM 관련 국내 최고 역량을 가진 컨소시엄과 대구의 UAM 사업 마일스톤을 설정하는데 크게 기여할 것으로 기대된다”며 “대구경북 통합 신공항 개항과 함께 UAM 시장의 게임체인저가 될 수 있도록 정책적으로 아낌없이 지원하겠다”고 말했다.
[디펜스투데이] 
Tag
#한화시스템
#에어셔틀
#UAM
#K-UAM
#디펜스투데이
저작권자 © 디펜스투데이 무단전재 및 재배포 금지
이승준 기자
다른기사 보기","{""재료/제조"": [""RAM"", ""AM""]}",True,UAM(도심 항공 모빌리티),2030-00,relevant,"기사에 따르면 한화시스템이 대구-경북 통합 신공항과 도심 간 UAM 에어셔틀 사업에 참여하여, 2030년 대구-경북 통합 신공항 개항과 함께 대구시 UAM 서비스가 본격 상용화될 계획입니다. 이는 군사 기술의 상용화에 해당하지는 않지만, UAM 기술의 실증 및 상용화 계획을 다룬다는 점에서 국방 관련 기술 동향을 보여주고 있습니다."
"HD현대 아비커스, 세계 최대 보트 쇼 참가",2022-10,http://www.defensetoday.kr/news/articleView.html?idxno=4636,"HD현대의 선박 자율운항 전문 회사인아비커스(Avikus)가 세계 최대 규모의 보트 쇼인 ‘포트로더데일(Fort Lauderdale International Boat Show)’에 참가해 선박 자율운항 분야 앞선 기술력을 입증했다. 
아비커스는 10월 26일(수)부터 30일(일)까지닷새간 미국 플로리다에서 열리는 이번 보트 쇼에서 레저보트용 자율운항 2단계 솔루션인 ‘뉴보트(NeuBoat)’를 처음 선보였다. 
HD현대의 선박 자율운항 전문 회사인 아비커스(Avikus)가 미국 플로리다에서 열리는 세계 최대 규모의 보트 쇼인 ‘포트로더데일(FortLauderdale)’에 참가해 선박 자율운항 분야 앞선 기술력을 선보였다.(사진:HD현대)
뉴보트는 신경세포를 뜻하는 ‘뉴런(Neuron)’과 보트(Boat)의 합성어로, 선박에 탑재된 아비커스의 인공지능(AI) 자율운항 솔루션이 인간의 신경세포처럼 다양한 해상 환경에서 스스로 인지, 판단, 제어할 수 있는 중추적인 역할을 담당하겠다는 의미를 담고 있다. 
아비커스는 행사 개막일인 26일(수) 글로벌 톱 티어 보트 전장업체인 ‘레이마린(Raymarine)’과 자율운항 보트의 상용화를 위한 기술 협력 양해각서(MOU)를 체결했다.
HD현대의 선박 자율운항 전문 회사인 아비커스(Avikus)가 미국 플로리다에서 열리는 세계 최대 규모의 보트 쇼인 ‘포트로더데일(FortLauderdale)’에 참가해 선박 자율운항 분야 앞선 기술력을 선보였다.(사진:HD현대)
이번 협약으로 아비커스는 레이마린이 제작하는 보트용 다기능 디스플레이(Multi-Function Display)에 자율운항 솔루션을 탑재하기 위한 공동 연구개발에 돌입할 예정이다. 
또한 아비커스는 행사기간 동안 브룬스윅(Brunswick), 가민(Garmin) 등 글로벌 정상급 보트기업들을 전시장 인근 마리나로 초청해 자율운항 시연회를 개최한다. 
아비커스는 이번 시연회를 통해 뉴보트의 대표적인 기능인 자율 항해(NAS)와 자율 이·접안(DAS) 등 고도화된 레저보트 자율운항 솔루션을 업계 관계자들에게 선보인다는 계획이다.
이 자리에는 자율운항 솔루션 구현에 사용되는 컴퓨터와 카메라 등 하드웨어 장비를 비롯해 선박의 자율 항해와 자율 이·접안을 직관적으로 확인할 수 있는 체험 부스를 마련, 업계 관계자 뿐 아니라 행사장을 찾은 일반 보트 고객(B2C)과의 접점도 확대해 나갈 예정이다. 
아비커스 임도형 대표는 “이번 보트 쇼에서 아비커스의 기술력을 전 세계에 알리는 것은 물론, 2026년 매출 목표 2천억 원 달성을 위한 적극적인 영업 활동을 함께 펼칠 예정”이라며, “내년부터는 미국과 유럽을 중심으로 레저보트용 자율운항 솔루션 상용화에 본격적으로 나설 것”이라고 말했다. 
한편, 아비커스는 지난 6월 세계에서 처음으로 자율운항 기술을 통한 대형 선박의 대양횡단에 성공한 바 있으며, 이를 바탕으로 SK해운과 장금상선 등 국내 선사 2곳으로부터 대형선박의 자율운항 솔루션(HiNAS 2.0)’을 수주하며 세계 최초로 2단계 자율운항 솔루션을 상용화했다. 
[디펜스투데이]
Tag
#HD현대
#아비커스
#디펜스투데이
저작권자 © 디펜스투데이 무단전재 및 재배포 금지
장훈 기자
다른기사 보기","{""AI/컴퓨팅"": [""AI"", ""인공지능"", ""AR""], ""무기/방어체계"": [""DE""], ""재료/제조"": [""PLA""], ""의료/생체"": [""RNA""]}",True,선박 자율운항 기술,2023-01,relevant,"이 기사는 HD현대의 선박 자율운항 전문 회사 아비커스가 세계 최대 보트 쇼에 참가하여 자율운항 기술을 선보인 내용을 다루고 있습니다. 자율운항 솔루션의 상용화를 위한 기술 협력 및 시연회 개최 계획이 언급되어 있어 관련성이 있습니다. 구체적인 상용화 시점은 명시되지 않았지만, 내년부터 미국과 유럽을 중심으로 상용화를 본격적으로 추진할 것으로 언급되어 있어 상용화가 임박한 것으로 판단됩니다."
"현대로템, 창원 대원수소충전소 구축",2022-10,http://www.defensetoday.kr/news/articleView.html?idxno=4633,"현대로템이 충주, 삼척에 이어 창원시에서도 수소충전소 구축에 핵심역할을 수행하고 있다.
현대로템은 국내 최초의 ‘수소모빌리티 통합형 수소충전소’인 창원 대원수소충전소가 현재 영업 허가 심사 중에 있으며 오는 11월 본격 상업운영을 개시한다고 10월 25일 밝혔다. 
대원수소충전소는 수소차 뿐 아니라 수소트램, 수소드론, 수소이륜차, 수소건설기계 등 모든 수소 연료 기반 이동수단을 충전할 수 있는 국내 최초의 ‘수소모빌리티 통합형 수소충전소’다.
현대로템 의왕 수소추출기공장 외경(사진:현대로템)
현대로템은 대원수소충전소의 핵심설비인 압축 패키지 설비, 저장용기, POS 시스템 등을 납품하고 설치를 진행했다. 이를 통해 대원수소충전소는 시간당 최대 승용차 24대 또는 상용차 5대가 충전 가능하다. 현대로템은 준공식 행사에서 충전소 구축 및 준공에 기여한 공로를 인정 받아 창원 산업진흥원으로부터 감사패를 받았다.
대원수소충전소는 현대로템 창원공장 인근에 조성되어 현재 실증사업을 진행하고 있는 수소전기트램 사업과도 시너지 효과를 낼 것으로 보인다. 현대로템이 개발 중인 수소전기트램은 수소와 산소의 반응으로 전기를 발생시키는 수소연료전지를 동력원으로 사용한다. 운행 중 대기 오염물질이나 온실가스 등을 직접 배출하지 않아 차세대 친환경 교통수단으로 주목받고 있다. 향후 충전소와 공장을 철로로 연결해 수소전기트램을 충전할 수 있도록 기반을 구축할 예정이다.
현대로템은 다양한 노력을 통해 수소사회 활성화에 이바지 하고 있다. 지난 3월 국내 첫 바이오가스를 활용한 충주 수소융복합충전소에 수소추출기를 납품했다. 이어 4월에는 완주 수소출하센터 제작 및 설치계약과 강원도 액화수소 충전소 실증 사업을 잇달아 수주했다.
또한 현대로템은 지난달 독일에서 열린 세계 최대 철도 기술 박람회인 ‘이노트란스 (InnoTrans 2022)’에서도 수소전기트램과 수소충전 관련 설비의 모형을 전시해 수소분야의 기술력을 홍보했다. 이어 제주에서 개최한 ‘제주형 그린수소 글로벌 허브 구축 행사’에 참가하여 수소전기트램 기술력 및 개발 현황을 소개했다.
현대로템 관계자는 “이번에 준공한 대원수소충전소는 국내 최초의 수소모빌리티 충전소로 현대로템이 핵심역할을 담당하게 되어 자부심을 느낀다”며 “향후 창원시 및 수소관련 민·관단체들과 수소사회를 활성화 하기 위한 협력을 지속해 나갈 것”이라고 말했다.
[디펜스투데이]
Tag
#현대로템
#대원수소충전소
#이노트란스
#디펜스투데이
저작권자 © 디펜스투데이 무단전재 및 재배포 금지
이승준 기자
다른기사 보기",{},True,수소모빌리티 통합형 수소충전소,2022-11,high,이 기사는 현대로템이 창원에 구축한 국내 최초의 '수소모빌리티 통합형 수소충전소'인 대원수소충전소의 상용화 계획을 다루고 있습니다. 상용화 시점과 핵심 기술이 명시되어 있어 질문에 잘 부합합니다.
"현대로템, 2022 계룡 세계군문화엑스포 참가",2022-10,http://www.defensetoday.kr/news/articleView.html?idxno=4552,"현대로템이 국내에서 열리는 대규모 군(軍) 문화 엑스포에 참가하고 있다.
현대로템은 10월 7일부터 23일까지 17일간 충남 계룡에서 개최되는 ‘2022 계룡세계군문화엑스포’에 참가하고 있다고 12일 밝혔다. 
현대로템은 ‘군과 신기술의 만남’이라는 주제로 마련된 4차산업융합관에서 군 관계자 및 시민들을 대상으로 방산 부문 미래 기술력을 선보였다.
현대로템의 부스에 제품 라인업이 모형으로 전시되어 있다. (사진:디펜스투데이)
현대로템 부스에는 첨단 방호 기술이 적용된 주력 제품인 K2 전차 3종(폴란드형, 노르웨이형, 중동형)과 장갑차 2종(지휘소형, 수소연료전지 기반), 차세대 전차 및 장갑차가 모형으로 전시돼 관람객들이 지상무기체계 역량과 비전을 소개했다.
지상무기체계를 소개하는데, 관람객들 분만 아니라, 방문하는 나라의 무관들이 좀 더 직관적으로 이해할 수 있도록 배치가 되어 있었다, 
미래 지상무기체계 제품군으로는 국내 국방 분야 최초의 수소연료전지 기반 무인 플랫폼인 디펜스 드론(Defense Drone)과 전기구동 방식의 다목적 무인차량, 미래 지상 플랫폼 DOSS(Daring Operations in Service and Search)를 선보였다. 
디펜스 드론과 다목적 무인차량은 임무에 따라 다양한 장비를 탑재하고 운용할 수 있는 원격·무인운용 제품으로 미래 전장환경에서 수색·정찰 및 화력지원 등에 널리 활용될 것으로 기대하고 있다.
국내 국방 분야 최초의 수소연료전지 기반 무인 플랫폼인 디펜스 드론(Defense Drone)을 전시했다. (사진:디펜스투데이)
DOSS는 4개의 로봇 다리와 바퀴가 결합돼 험난한 지형까지 자유롭게 이동할 수 있는 변형 가능한 지능형 플랫폼(UMVᆞUltimate Mobility Vehicle)으로 전투 임무뿐만 아니라 화재진압 및 레저활동 등 민수용으로도 쓰일 것으로 전망된다. 
이밖에 상향작업 근력보조용 웨어러블 로봇인 VEX(벡스ᆞVest Exoskeleton)도 전시된다. VEX는 올해 상반기 해군과 공군에서 우수 상용품 시범사용 대상으로 선정되며 향후 군 전력지원체계에 대한 보급 확대 기반을 마련하기도 했다. 우수 상용품 시범사용은 군에 민간의 우수 제품을 신속 도입할 수 있도록 민간 상용품을 우선 구매해 사용한 뒤 군수품으로 채택ᆞ조달하는 제도다.
현대로템 관계자는 “이번 행사는 방산 관계자들뿐만 아니라 민간 대상으로도 당사의 방산 분야 제품군을 적극 알려 기업 인지도를 더욱 높이는 기회가 될 것”이라며 “앞으로도 지속적인 연구개발을 통해 전차나 장갑차 등 기존 제품뿐만 아니라 무인체계 등 미래 핵심 기술력 강화에도 최선을 다하겠다”고 말했다. 
[디펜스투데이]
Tag
#현대로템
#계룡군문화엑스포
#디펜스 드론
#디펜스투데이
저작권자 © 디펜스투데이 무단전재 및 재배포 금지
이치헌 기자
다른기사 보기","{""AI/컴퓨팅"": [""AR""], ""무기/방어체계"": [""DE""], ""재료/제조"": [""ICL""], ""드론/무인체계"": [""drone""], ""지상장비"": [""K2""]}",True,"['K2 전차', '장갑차', '차세대 전차 및 장갑차', '디펜스 드론', '다목적 무인차량', 'DOSS (Daring Operations in Service and Search)', 'VEX (Vest Exoskeleton)']",,relevant,"이 기사는 현대로템이 2022 계룡 세계군문화엑스포에서 선보인 다양한 지상무기체계와 미래 기술을 소개하고 있습니다. 구체적인 배치 시기는 언급되지 않았지만, 현재 개발 중이거나 시범 사용 중인 기술을 소개하고 있습니다."
"미공군,B-21 차세대 폭격기 공개",2022-10,http://www.defensetoday.kr/news/articleView.html?idxno=4504,"미공군은 캘리포니아 팜데일 생산시설에서 B-21 레이더를 금요일에 공개한다.
B-21은 B-1과 B-2 폭격기를 점진적으로 대체하여 미 공군 폭격기의 중추로 자리잡게 될 장거리 스텔스 폭격기이다.
미공군 참모총장인 CQ 브라운 주니어 대장은 ""B-21 레이더의 공개는 우리 공군과 국가에 역사적인 순간이 될 것입니다,""라고 말했다.
""우리는 30년 전에 마지막으로 새로운 폭격기를 도입했다. 우리는 계속해서 빠르게 현대화해야 한다. B-21 레이더는 미래의 경쟁이 치열한 환경에서 다양한 작전에 걸쳐 가공할 전투 능력을 제공할 것이다.""
  미공군은 12월 첫째주에 신형 스텔스 폭격기인 B-21 레이더를 공개한다.
B-1,B-2 폭격기 대체 및 비용 절감, 용이한 시스템 업그레이드, 적은비용의 유지비용을 목표로 하고 있다. (그래픽:U.S.Air Force)
미공군은 7가지 작전 계획의 일환으로 전투에서 승리하는 데 필요한 첨단 통신, 센서, 광범위한 무기 및 지원 시스템을 개발하면서 폭격기의 장거리 타격 능력에 투자하고 있다.
공개된 B-21 프로그램은 미공군 시험 센터, 미공군 작전 시험 평가 센터, 그리고 노스롭 그루먼의 전문가들로 구성된 합동팀과 함께 엄격한 시험평가를 계속할 것이다. 그들의 작업은 성능을 검증하고 무장 시스템에 대한 개선 영역을 찾아서 개선할 것이다.
미공군 기술 및 군수 차관인 앤드류 헌터는""B-21 프로그램은 혁신적이고 적응력이 뛰어나며 효율적인 방위 산업 기지를 통해 첨단 군사 기술을 배치한 미국의 오랜 경험을 보여주는 강력한 예입니다,""라고 말했다.
""공군은 프로그램의 초기에 비행 시험 항공기 생산을 대표하는 결정을 내렸고, 첫 비행을 바라보면서 예산을 집행하고  있습니다.""라고 밝혔다.
B-21은 노스롭 그루먼과 공군의 계약에 따라 제작된다. 개방형 시스템 아키텍처로 설계되어 상용화된 기술을 신속하게 도입할 수 있으며 시간이 지남에 따라 위협 요소가 진화하더라도 폭격기가 효과적으로 운용될 수 있다.
[디펜스투데이]
Tag
#미공군
#U.S.AirForce
#B-21
#스텔스폭격기
#디펜스투데이
저작권자 © 디펜스투데이 무단전재 및 재배포 금지
이승준 기자
다른기사 보기","{""AI/컴퓨팅"": [""AI""], ""센서/통신"": [""RF"", ""IR""], ""항공기"": [""B-1"", ""B-2"", ""B-21"", ""스텔스 폭격기""]}",True,B-21 스텔스 폭격기,2022-12,high,이 기사는 미국 공군이 새로운 B-21 스텔스 폭격기를 2022년 12월에 공개할 계획이라고 보도하고 있습니다. 공개를 통해 폭격기의 상용화와 전력화가 진행될 것으로 보입니다.
"현대로템, 첫 320km/h 동력분산식 고속열차 생산 출고",2022-09,http://www.defensetoday.kr/news/articleView.html?idxno=4476,"현대로템은 9월 27일 창원공장에서 ‘동력분산식 고속차량 EMU-320 출고 기념식’을 개최하고 EMU-320 고속열차 초도 편성을 출고했다고 밝혔다.
이날 행사에는 박완수 경상남도지사, 김영선 국민의힘 의원, 구자천 창원상공회의소 회장, 김민태 국토교통부 철도운영과장을 비롯해 이용배 현대로템 사장 및 관내 협력사 대표 등 관계자들이 대거 참석했다.
EMU-320 고속차량.(사진:현대로템)
이날 출고된 EMU-320 고속열차는 본선 시운전을 거쳐 한국철도공사에 납품된 뒤 경부고속선, 호남고속선 등 기존 고속철도 노선에서 KTX-Ⅰ, KTX-산천 등과 함께 운행될 예정이다.
EMU-320 고속열차는 현재 영업운행 중인 ‘KTX-이음’과 동일한 동력분산식 고속열차다. ‘KTX-이음’은 260km/h급 동력분산식 고속열차로 지난해 1월부터 중앙선, 강릉선, 영동선, 중부내륙선 등에서 114량이 영업운행 중에 있다.   
동력분산식 고속열차란 구동방식을 모든 차량에 동력원을 분산 탑재하는 방식으로, 열차 맨 앞과 뒤쪽의 동력차에만 동력장치가 있는 동력집중식에 비해 가감속 성능이 뛰어나다. KTX-Ⅰ, KTX-산천, SRT 등이 동력집중식 고속열차다.
현대로템 창원공장에서 열린 ‘동력분산식 고속차량 EMU-320 출고 기념식’ 행사에서 박완수 경남도지사(왼쪽에서 여섯 번째), 김영선 국민의힘 의원(왼쪽에서 여덟 번째), 구자천 창원상공회의소 회장(왼쪽에서 네 번째), 노정연 부산고등검찰청 검사장(왼쪽에서 다섯 번째), 김민태 국토교통부 철도운영과장(왼쪽에서 아홉 번째), 안경원 창원시 제1부시장(왼쪽에서 첫 번째), 최진석 한국철도학회장(왼쪽에서 열 번째), 이선관 한국철도공사 경영기획본부장(왼쪽에서 열한 번째), 김형성 SR 기술본부장(왼쪽에서 열두 번째), 이승구 한국철도차량엔지니어링 이사장(왼쪽에서 두 번째), 이용배 현대로템 사장(왼쪽에서 일곱 번째) 등 관계자들이 기념촬영을 하고 있다.(사진:현대로템)
특히 동력분산식 고속열차는 곡선 구간이 많고 역간 거리가 짧은 국내 철도환경에 효율적이며 동력집중식과 달리 별도의 동력차가 필요치 않아 승객 수송능력도 우수하다. 글로벌 고속철 시장에서도 운영효율성에 강점이 있는 동력분산식 고속열차를 더욱 선호하는 추세다. 국내에서도 기존 동력집중식 고속열차가 점진적으로 동력분산식인 EMU-320 고속차량으로 교체될 전망이다.
현대로템은 이번 EMU-320 고속차량 출고에 이르기까지 국산 고속열차 개발 및 생태계 조성을 위해 끊임없는 노력을 기울여왔다. 
국내에 고속열차 관련 기술 및 인프라가 전무하던 시절부터 수십년에 걸쳐 수많은 시행착오와 연구개발 끝에 지난 2008년 KTX-산천을 탄생시켰으며, 나아가 지난 2012년에는 연구개발 차량인 HEMU-430X을 통해 동력분산식 고속열차의 기술 기반을 확보했다. 
이어 2019년 국내 최초의 동력분산식 고속열차인 KTX-이음의 초도 편성을 출고하며 국산 동력분산식 고속열차 개발에 성공한 바 있다. KTX-이음은 지난해 영업운행에 돌입하며 국내에 동력분산식 고속열차 시대를 열었다.
현대로템은 EMU-320 고속차량의 성공적인 영업운행을 위해 이날 출고 이후 예정된 본선 시운전을 안정적으로 마치고 납품 후에도 CS(Customer Satisfaction, 고객 만족) 및 각종 기술지원에 적극적으로 대응할 계획이다. 아울러 이날 출고된 초도 편성에 이어 2호 편성 역시 오는 11월 출고를 앞두고 있다. 
현대로템 관계자는 “EMU-320 고속차량은 KTX-이음에 이어 국산 기술로 탄생한 동력분산식 고속열차로 국내 철도산업이 한 단계 더 성장할 수 있는 기반이 될 것으로 기대된다”며 “국내 최고 속도의 상용화 고속열차가 될 EMU-320 고속차량이 안정적으로 운행될 수 있도록 최선을 다할 것”이라고 말했다.
[디펜스투데이]
Tag
#현대로템
#동력분산식고속열차
#EMU-320
#디펜스투데이
저작권자 © 디펜스투데이 무단전재 및 재배포 금지
이승준 기자
다른기사 보기",{},True,동력분산식 고속열차 EMU-320,2022-09,high,"이 뉴스는 현대로템이 국내 최초의 동력분산식 고속열차인 EMU-320을 생산 출고했다는 내용을 다루고 있습니다. 주요 기술명, 상용화 시점이 명확하게 제시되어 있으며, 상용화와 직접적으로 관련된 내용을 포함하고 있습니다."
"한화시스템,초연결∙초지능∙초융합 통합 솔루션 제시",2022-09,http://www.defensetoday.kr/news/articleView.html?idxno=4462,"한화시스템은 9월 25일까지 일산 킨텍스 전시장 ‘대한민국방위산업전 2022(DX KOREA 2022)에서 
▲우주 ▲방공 ▲관측 ▲통신기술 등 지상∙공중 및 우주의 모든 플랫폼간 초연결∙초지능∙초융합 통합 솔루션을 제시하며 첨단 방산을 이끌 미래 기술 역량을 선보인다.
[Radar Zone]
레이다존에서는 ▲수출형 다기능레이다 ▲장거리 지대공 유도무기체계 다기능레이다 ▲장사정포요격체계용 다표적 동시교전 다기능레이다 등 대공방어레이다 3종이 전시된다.
수출형 다기능레이다, 글로벌 첨단 방산시장 정조준
수출형 다기능레이다는 국내 기술로 개발한 한국형 미사일방어체계의 핵심 무기체계이자 천궁으로 더 잘 알려진 ‘중거리 지대공 유도무기체계’ 다기능 레이다(MFR, Multi Function Radar)의 수출형 모델이다. 
복잡한 전장 환경에서 한 개의 레이다로 전방위∙다수 표적에 대해 탐지∙추적∙피아식별∙미사일 유도 등을 수행할 수 있는 국내 최초 3차원 위상배열 다기능레이다다. 중거리 표적 항공기에 대한 탐지∙추적∙피아식별과 대전자전을 수행할 수 있으며, 요격 유도탄의 포착∙추적∙교신의 교전 기능 등 복합 임무를 단일 레이다를 통해 수행할 수 있다.
특히, 해외 선진국의 최신 기술과 동등한 능동위상배열안테나(AESA)를 적용해 기술 경쟁력도 확보했다. 
한편, 중거리 지대공 유도무기체계는 지난 1월, 아랍에미리트(UAE) 수출 소식이 전해지며 K-방산의 경쟁력과 함께 집중 조명 받았다.
국내 방산 역사상 최대 규모의 수출 기록과 더불어, 글로벌 방산시장에서 국내 첨단무기체계의 기술 경쟁력을 입증한 의미 있는 성과였다.
한화시스템은 UAE와 약 11억 달러(약 1조 3000억원) 규모의 중거리 지대공 유도무기체계 수출형 다기능레이다 계약을 체결하며 수출 대열에 합류한 바 있다.
한화시스템이 9월 21일 '대한민국방위산업전 2022(DX KOREA 2022)'에서 글로벌 위성 선도기업 핀란드 아이스아이(ICEYE)와 '초소형 위성 분야 공동사업 추진을 위한 양해각서(MOU)'를 체결했다.
양사는 ▲초소형 SAR 위성사업 및 관련 서비스 ▲해외시장 진출 부문에서 협력을 모색한다.사진은 어성철 한화시스템 대표이사(사진 왼쪽)와 스티브 영 아이스아이(ICEYE) 사장. (사진:한화시스템)
한국형 미사일 방어체계 핵심 센서, 장거리 지대공유도무기체계 다기능레이다
우리 군은 ▲북한이 미사일을 발사하기 전에 선제타격하는 킬 체인(Kill Chain) ▲발사 이후 한국형 미사일방어체계(KAMD: Korea Air and Missile Defense)를 통한 공중 요격 ▲피해를 입은 이후 응징을 위한 대량응징보복(KMPR: Korea Massive Punishment and Retaliation)의 3축 체계를 구축할 예정이다.
이 가운데 KAMD는 우리 군이 독자적으로 운영하는 방공-미사일 방어체계로서 ▲패트리엇 미사일 체계 ▲중거리 지대공유도무기체계(Medium range-Surface to Air Missile) ▲장거리 지대공유도무기체계(Long range-Surface to Air Missile) 등 다층으로 구성된다.
우리 정부는 현재 군이 운용중인 패트리엇과 중거리 지대공유도무기체계의 요격 거리가 짧아 북한의 미사일 위협에 대응하는데 제한적 요인이 있다는 문제의 보완이 필요하다고 판단해 2010년 장거리 지대공유도무기체계의 소요 체계를 검토했다. 
장거리 지대공유도무기체계는 우리 군이 보유하고 있는 기존의 어떤 대공무기체계보다도 원거리에서 북한의 미사일을 추적하고 조기에 파괴함으로서 우리 국민의 생명과 재산을 지킬 수 있는 대공 방어체계다. 패트리엇 미사일 및 중거리 지대공유도무기과 함께 우리나라의 다층 공중 방어무기체계를 구성하는 핵심 장비이다.
장거리 지대공유도무기체계에서의 교전용 다기능레이다는 ▲항공기∙탄도탄 표적에 대한 탐지 ▲추적과 항공기 피아식별 ▲재머 대응 ▲유도탄 포착∙추적∙교신 등의 교전 기능을 단일 레이다로 다기능 복합 임무를 수행한다. 
천궁과 천궁-II 다기능레이다의 항공기∙탄도탄 탐지∙추적 등의 핵심 알고리즘을 고도화해 탐지∙추적거리는 천궁-II 대비 4배 이상으로 증가했고 ▲탄도탄 탐색 영역 ▲탐지추적수와 전자전대응능력 ▲피아식별 능력도 대폭 상승했다. 또한, 고출력 질화갈륨(GaN) 송수신모듈(TRM)을 적용해 해외 선진국 수준의 능동위상배열 안테나 기술도 확보했다.
한화시스템 '대한민국방위산업전 2022(DX KOREA 2022)' 전시 현장.한화시스템은 DX KOREA 2022에서 지상∙공중 및 우주의 모든 플랫폼간 초연결∙초지능∙초융합 통합 솔루션을 제시하며 첨단 방산을 이끌 미래 기술을 제시했다.한화시스템·㈜한화·한화디펜스 등 한화 방산 3사는 참가 기업 중 최대 규모의 통합 전시관을 마련하고, AI·로봇·레이저 등 미래 기술을 접목한 차세대 무기체계를 대거 선보였다.(사진:한화스템)
장거리 지대공유도무기체계 다기능레이다는 탐색개발(’15년~’18년, 국과연 주관)을 통해 주요 핵심기술에 대해 기능 및 성능을 확인했으며, 체계개발(’19년~’24년, 국과연 주관)은 탐색개발 대비 안테나를 4배로 확장해 성능 향상을 목표로 개발∙양산 및 전력화할 계획이다.
한화시스템, ‘한국형 아이언돔’ 장사정포 요격체계 개발 도전
방위사업청은 2021년 6월, ‘장사정포 요격체계 사업’을 국내 연구개발 방식으로 추진하기로 밝히며 ‘한국형 아이언 돔’ 의 본격적인 개발을 알렸다.
여러 장소에 유도탄 발사대를 설치해 돔(둥근 지붕) 형태의 방공망으로 둘러싸 날아오는 장사정포탄을 요격해 국가 중요 시설과 군사보안시설을 방호하기 위한 ‘장사정포 요격체계’를 확보하는 사업이다. 사업기간은 2022년부터 2035년까지이며 사업 규모는 약 2조8900억원으로 추산된다. 
장사정포는 서울∙수도권 및 핵심시설 공격을 위해 시간당 3천 발 이상의 포탄을 발사할 수 있다. 이에 대응하기 위해서는 동시에 수 백발의 포탄을 탐지 및 추적하고 낙하 지점을 정확히 파악할 수 있는 레이다의 역할이 매우 중요하다. 
한화시스템 '대한민국방위산업전 2022(DX KOREA 2022)' 전시 현장.한화시스템은 DX KOREA 2022에서 지상∙공중 및 우주의 모든 플랫폼간 초연결∙초지능∙초융합 통합 솔루션을 제시하며 첨단 방산을 이끌 미래 기술을 선보인다.(사진:한화시스템)
한화시스템이 개발에 나선 장사정포 요격체계용 ‘다표적 동시교전 다기능레이다(MFR)’는 능동위상배열(AESA)레이다를 사용해 다수의 표적을 동시에 탐지 및 추적하고 미사일을 가이드한다. 이에, 다발로 무리지어 날아오는 장사정포를 실시간으로 탐지∙추적∙요격해 국내 주요핵심시설을 보호할 수 있을 것으로 기대하고 있다.
한화시스템은 세계적인 수준의 최첨단 다기능레이다를 개발하고 있는 국내 유일한 업체다. 한화시스템은 1980년대 후반부터 ▲천마탐지추적레이다 ▲철매-II 다기능레이다, 함정용 추적레이다 개발을 시작으로 다기능레이다의 핵심기술을 확보해왔다. 최근에는 KF-21에 탑재되는 AESA레이다를 비롯해 KDDX용 다기능레이다 및 425위성의 SAR 등 지상∙해상∙항공 및 위성까지 운용 가능한 최첨단 다기능레이다를 개발하고 있으며, 메타표면구조물∙AI∙광자 기술 등 미래의 레이다에 적용될 핵심기술 연구를 지속적으로 수행하고 있다.
한화시스템은 다수의 다기능레이다 개발을 통해 검증된 탐지∙추적 기술을 장사정포요격체계용 ‘다표적 동시교전 다기능레이다’ 개발에 적용해 연속적으로 접근하는 다수의 근접 표적을 완벽하게 대응할 수 있도록 개발할 계획이다.
[Land Zone]
랜드존에서는 레드백(Redback) 장갑차에 탑재된 미래형 통합전장시스템을 소개한다.
지상전투체계의 두뇌와 감각기관, ‘통합전장시스템’
통합전장시스템(IVS)은 지휘통제∙사격통제∙통신 및 센서가 통합된 복합시스템(System of Systems)으로 무기체계의 임무 특성과 규모에 따라 유연하게 시스템을 구성할 수 있다. 
한화시스템은 K계열 전차∙장갑차에 사격통제시스템∙조준경 및 각종 센서를 개발하여 전력화 했으며, 지난해 9월에는 호주 LAND 400 사업을 통해 레드백(Redback) 장갑차에 GVA 규격이 적용된 미래형 통합전장시스템을 개발해 현지에서 기능∙성능을 검증하는 시험평가를 완료한 바 있다. 레드백 장갑차의 통합전장시스템은 ▲통합전장컴퓨터시스템(IVCS) ▲상황인식시스템(SAS) ▲상태감시시스템(HUMS)으로 구성된다. 
한화시스템이 '대한민국방위산업전 2022(DX KOREA 2022)' 전시 부스에서 국방 틸트로터(TR) 수직 이착륙기를 선보이고 있다.한화시스템이 개발 중인 에어모빌리티 기체 ‘버터플라이’의 수직이착륙∙저소음∙고속 특성을 활용한 ‘국방 틸트로터(TR)’는 ▲인원·물자수송 ▲감시·정찰 ▲조명탄 투하 ▲환자 후송 등 다양한 임무수행이 가능하다.(사진:한화시스템)
무기체계 통합을 위한 디지털 플랫폼 ‘통합전장컴퓨터시스템’
통합전장컴퓨터시스템(IVCS)은 무기체계 각종 임무 장치 통합에 필요한 디지털플랫폼 기능을 제공하는 통합 솔루션이다. 통합전장시스템은 하드웨어와 소프트웨어를 모두 포함하며 영국 GVA 표준을 준수하도록 설계되었다. 
하드웨어는 ▲모듈화 ▲소형∙경량화 ▲저전력 설계로 범용성과 체계 통합성을 확보했으며 소프트웨어 또한 통신미들웨어(DDS)와 나토(NATO) 표준 데이터 모델(NATO Land Data Model)을 적용한 모듈화를 통해 신규 무기체계 개발뿐 아니라 이미 전력화된 무기체계의 성능개량시에도 재활용할 수 있도록 설계했다. 
한화시스템이 개발한 통합전장컴퓨터시스템은 ▲중앙컴퓨터 ▲다기능전시기 ▲네트워크 스위치가 기본 하드웨어로 구성되며 체계 임무 특성에 따라 구성품을 추가해 구성할 수 있다. 차량에 탑재돼 차량과 포탑 구성품 간 정보 교환 및 차량 네트워크(Protected Network)와 포탑 네트워크(Secret Network) 간 망간 연동 기능을 수행한다.  K2 노르웨이∙폴란드 수출형 모델에는 기존 아키텍처(Legacy Architecture)에 GVA 아키텍처를 부분적으로 적용해 수출국 요구사항을 만족하도록 구성할 계획이다.
승무원의 생존을 책임지는 ‘상황인식시스템’
장갑차에서 작전을 수행할때는 전장의 소음∙차량의 시야 제한 등 적의 동향 추적을 방해하는 요소로 인해 전장을 정확히 인지하는 것이 매우 어렵다. 이에 승무원의 생존성 확보와 신속∙정확한 임무수행을 통해 전투력을 극대화시킬 수 있는 ‘전장 상황인식시스템’의 필요성이 부각되며 선진국은 이미 HMD(Head Mount Display) 기반의 증강현실 기술 적용으로 전투차량 상황 감시 시스템을 혁신 중이다.
한화시스템이 개발하고 있는 상황인식시스템은 ▲차량 전면에 3채널 1식 ▲좌우 및 후방을 위한 1채널 카메라 3식으로 구성되며 각각의 카메라는 주간카메라와 열상카메라로 구성돼 있다. 비디오 스트리밍 장치와 연결되어 카메라를 제어하고 실시간 카메라 영상을 제공한다. 적 위협에 노출되지 않는 차량 내에서 주∙야 전천후 반경 수 킬로미터 내 탐지 및 360도 상황인식 임무수행이 가능하다. 이동표적 자동탐지∙추적과 AI기반 표적식별 기능으로 승무원의 상황인식 임무 부하를 경감시킬 수 있으며 ▲상황인식 ▲지휘통제 ▲긴급경보 등 각 승무원의 임무별 전장 정보를 실시간 공유할 수 있어 임무수행의 신속성과 정확성도 향상시킬 수 있다.
차량 및 내부 구성품의 고장예측 및 수명관리를 책임지는 ‘상태감시시스템’
지상전투차량 상태감시시스템(HUMS)은 각종 센서 정보를 수집해 실시간으로 무기체계 주요장치의 상태∙운행정보와 고장이력 등의 빅데이터(Big Data)를 분석해 무기체계 정비주기를 최적화하는 최신 기술이 적용된 시스템이다. 다양한 장소에서 작전 운용중인 전투차량 및 하위 구성품들의 상태를 모니터링하고 훈련 및 작전에 투입하기에 적절한 상태가 유지되고 있는지를 모니터링하는 상태 기반 유지보수(CBM) 시스템이다.
한화시스템이 개발하고 있는 상태감시시스템은 차량 내부 정보를 수집하고, 상용 LTE∙와이파이(WiFi)∙군 전용 통신장치 등의 통신네트워크를 통해 유∙무선으로 중앙서버에 전달한다. 중앙서버는 수집된 차량의 정보를 가시화하고 관리하며, 빅데이터 분석을 통해 고장 등의 예측 알고리즘을 생성해 상태감시시스템 수집장치로 전달한다. 차량 내부에서는 해당 알고리즘을 통해 예측진단해 운용자에게 정보를 공유한다. 이러한 지속적인 데이터 수집과 피득백 과정을 통해 예측의 정확도를 향상시킨다. 상태감시시스템을 통해 전투차량의 유지 보수∙수리 및 검사 등에 소요되는 운용 유지 비용을 줄일 수 있고 무기체계의 가용성 및 정비 신뢰성이 대폭 향상될 것으로 기대하고 있다.
[Space Zone]
스페이스존에서는 국내 최초로 100kg 이하∙해상도 1m급 성능 개발에 성공한 ‘초소형 SAR위성’과 ‘저궤도 통신위성’ 그리고 저궤도 통신위성의 핵심기술인 ‘위성간통신링크(ISL, inter satellite links)용 레이저 통신 터미널’과 ‘레이저 통신 지상 터미널’을 선보인다.
우주 분야의 판을 바꿀 게임체인저, 작지만 강한 초소형SAR위성
감시정찰 위성은 위성에 탑재하는 센서의 종류에 따라 전자광학(EO)위성과 SAR(Synthetic Aperture Radar, 합성개구면레이다) 위성으로 나눌 수 있다. 전자광학 위성은 사람의 눈처럼 빛(가시광선)을 이용한다. 이러한 이유로 빛이 없는 야간이나 악천후의 날씨에는 감시 정찰이 제한되기도 한다. SAR 위성은 전자광학 위성과 다르게 마이크로파를 이용해서 낮과 밤을 가리지 않고 구름·눈·안개 등을 통과할 수 있다. 기상 조건에 제한되지 않아 ‘상시’ 감시정찰 목적에 부합돼 감시정찰 위성으로써 많은 주목을 받고 있다.
하지만 위성을 통한 감시정찰에는 단점도 있다. 위성의 공전과 지구의 자전으로 인해 위성이 관심 지역을 지나칠 때만 감시 정찰이 가능하므로 관측 정보를 획득하는 데 시간이 걸린다. 이를 보완하기 위해, 다수 위성으로 빈번하게 관심 지역을 방문해 관측 정보를 빠르게 얻을 수 있는 감시정찰 임무를 수행하는 SAR 위성군이 개발되고 있다. SAR 위성은 야간∙악천후에도 영향을 받지 않고 전천후 영상정보 획득이 가능한 위성으로 영상 해상도 1m급의 성능을 보유하고 있다. 
특히, 한화시스템에서 개발한 초소형 SAR 위성은 SAR 탑재체와 본체 및 태양전지판이 일체화된 얇은 직육면체 형태(세로 2m∙가로 1m )로 경량화했다. 이러한 설계를 통해 하나의 발사체에 최대한 많은 위성을 실을 수 있어 발사 비용을 절감하며 발사 효율을 극대화 시켰다. 초소형 SAR위성은 군집 운용을 통해 관심 지역을 빈번하게 방문할 수 있어 준 실시간 감시가 가능하다. 이에, 관심 지역을 지나칠 때만 감시 정찰이 가능했던 기존 정지궤도 위성의 한계점을 극복할 수 있을 것으로 기대하고 있다.
한화시스템은 레이다 분야에서의 다양한 경험과 독자적 개발 역량을 바탕으로 국내 최초로 100kg 이하∙1m급 성능을 자랑하는 초소형 SAR 위성 국산화를 성공했으며 본 기술을 기반으로 향후 0.5m 급 해상도가 가능한 SAR위성을 개발을 준비하고 있다. 
한화시스템, 우주 인터넷 분야에 과감히 투자
저궤도 통신위성은 지구 상공에 수백~수천 기의 인공위성을 배치해 지상 통신망의 도움 없이도 언제 어디서나 인터넷 서비스를 제공하는 차세대 기술로 지구 저궤도(500~1200㎞)에 막대한 수의 소형 통신위성을 쏘아 올려 전세계를 연결하는 우주인터넷을 말한다. 위성통신 서비스는 인터넷 접속이 어려운 오지·해상·공중 등 세계 어느 곳에서도 24시간 안정적인 통신을 제공할 뿐만 아니라, 항공기·선박·기차·차량·UAM 등에 간단한 안테나 설치를 통해 움직이는 대상에 대한 끊김 없는 초공간 인터넷 서비스를 제공한다.
모건스탠리(Morganstanley)는 2040년 세계 우주산업 시장 규모를 1조1000억 달러(약 1529조원)로 전망했는데, 이 가운데 4000억 달러(약 556조원) 이상이 우주 인터넷 시장의 몫으로 알려져있다.   *현재 환율 기준
한화시스템은 이런 이유로 2021년 8월, 세계적인 ‘우주인터넷’ 기업 원웹(OneWeb)에 3억 달러(약 3,450억원, 투자당시 환율 1150원 기준) 투자 계약을 체결하며 뉴 스페이스(New Space) 세계무대에 본격적으로 뛰어들었다. 현재까지 아마존을 비롯한 세계적 기업들이 저궤도 위성을 이용한 우주인터넷 사업 계획을 발표하고 있지만, 현재 실제로 위성을 띄워 서비스를 제공하는 곳은 원웹과 스페이스X뿐이다. 한화시스템은 세계적인 위성·안테나 기술을 바탕으로 원웹과 시너지를 낼 수 있을 것으로 기대하고 있다. 
차세대 저궤도 위성통신의 핵심 키워드, ‘ISL’
ISL(위성간통신기술, Inter Satellite Link)은 저궤도 위성통신 서비스를 위한 기술로 위성 간 데이터를 ‘레이저’로 주고받아 초고속 우주 인터넷 서비스를 제공할 수 있는 차세대 저궤도 위성통신의 핵심 기술이다. ISL 기술을 적용된 저궤도 위성은 레이저로 위성간 대용량의 데이터를 지연없이 빠르게 처리할 수 있다. 이에, 최근 미국의 SpaceX∙유럽의 OneWeb 등을 중심으로 초고속 우주인터넷 서비스 제공을 위한 ‘ISL 탑재 저궤도 위성 통신망’ 구축이 시도되고 있다. 
한화시스템은 40년 이상 쌓아온 광학 레이저 기술력을 바탕으로 ▲ PAT(초정밀 지향∙추적 기술, Pointing Acquisition and Tracking) ▲고속 레이저 모뎀 기술 등 핵심 기술과 이를 활용한 초경량 초고속 레이저 통신 터미널 시제품을 2021년부터 자체 개발 중이다.
한화시스템이 개발중인 ‘ISL용 레이저 통신 터미널’은 저궤도 위성의 ISL(위성간통신, Inter Satellite Link)을 위한 통신 단말로 5000km 이상의 거리에서 기가(Giga-bps)급 통신을 제공한다. 2023년까지 PAT 기술 등 핵심 기술과 성능의 검증을 목표로 레이저 통신 터미널 시제품을 개발할 예정이다.
또한, 한화시스템은 ‘레이저 통신 지상 터미널’ 개발에도 공을 들이고 있다. ‘레이저 통신 지상 터미널’ 은 우주와 지상을 레이저로 연결하여 대용량의 데이터를 송수신하는 시스템으로 무선주파수 대비 수십 배 빠른 속도로 대용량 데이터를 송수신 할 수 있다. 그동안 위성의 활용에 제약으로 작용했던 지상국과의 통신 속도를 개선함으로써 초고속 우주 인터넷 서비스뿐만 아니라 영상 자료 등 대용량의 데이터 전송이 필요한 재해 및 안보분야 등에서도 핵심적인 역할을 할 수 있을 것으로 기대하고 있다.
한화시스템은 자체 개발중인 차세대 저궤도 위성 통신 기술력을 바탕으로 현재 국방과학연구소가 주관하는 미래도전과제인 ‘위성간 레이저 통신용 고속 PAT/Transceiver 기술 1단계’와 ‘저궤도 위성-지상간 레이저 통신용 지상단말기 기술 1단계’ 개발에 참여하고 있다. 이를 통해 국방분야에서도 위성-위성간, 위성-지상간 레이저 통신 단말 기술을 개발해 향후 저궤도 위성군에서 사용할 수 있는 레이저 통신용 단말기를 개발하게 될 예정이다.
[Communication Zone]
커뮤니케이션존에서는 우주 인터넷 실현을 위한 핵심 기술 중 하나인 ‘전자식 위성통신 안테나’와 모든 플랫폼간 유기적 연동 및 신속한 정보 공유를 위한 ‘통합단말기’가 전시된다.
우주인터넷 시대 실현을 위한 핵심 기술, 전자식 위성통신안테나
‘뉴 스페이스 시대’ 우주 인터넷을 실현하기 위해 무엇보다 중요한 기술이 수천 개의 위성과 지상 네트워크를 연결해 위성과 지상간 안정적인 통신망 구축을 가능하게 하는 ‘위성통신 안테나’ 기술이다. 한화시스템은 '전자식 위성통신 안테나' 관련 해외 선진 기업들을 차례로 인수 및 투자하며 우주 위성 사업분야를 폭넓게 확대해 나가고 있다.
2020년 6월, 영국의 위성통신 안테나 전문기업 ‘페이저 솔루션’의 사업을 전격 인수하고 한화페이저를 설립해 반도체 기반 차세대 위성통신 안테나인 ‘전자식 빔 조향 안테나(Electronically Steerable Antenna, ESA)’설계 개발에 집중하고 있다. 한화페이저는 평면 디자인∙안테나 빔 조향 및 안테나 송수신 제어 반도체 칩 설계 기술 등 업계 선행 기술로 평가받고 있는 독자적인 기술을 보유하고 있다. 
2020년 12월에는 미국의 ESA 기술 선도기업인 카이메타(Kymeta)에 3000만달러(한화약 330억)를 투자해 전략적 파트너십을 맺었다. 2021년부터 카이메타 위성 안테나 제품의 한국 시장 독점 판권을 확보하여 국내외 시장 개척에 나서고 있으며 차세대 전자식 위성통신 안테나 공동개발도 계획하고 있다. 
가격 경쟁력·양산성·제품 확장성에서 높은 평가를 받고 있는 카이메타의 안테나 제품은 메타구조의 위성통신 빔 조향 기술을 구현하고 있다. 메타구조는 위성 안테나 유리기판 상에 미세 패턴을 형성하여 전파·소리·빛의 파장과 형태를 조절해 위성과 통신을 용이하도록 하는 기술이다. 위성통신 안테나는 물론 홀로그램·투명망토 등 빛과 음파를 상호 작용하도록 설계하는 새로운 응용분야에 적용되고 있는 첨단기술 중 하나다.
한화시스템은 실용성과 시장성이 높은 카이메타의 메타구조 기반 안테나 기술과 한화페이저의 반도체칩 기반 고성능 안테나 기술을 동시에 확보하여 해상·항공·지상 전 영역의 저궤도 위성통신 안테나 사업 역량을 높여 나간다는 전략이다.
다계층∙초연결 미래형 통합단말기
모든 플랫폼간 유기적 연동 및 신속한 정보 공유를 위한 미래형 통합단말기도 전시된다. ‘통합단말기’는 다계층∙초연결을 지향하는 우리군의 미래 표준 모바일 통신플랫폼이다. 현재 군의 TICN TMFT(전술다기능단말기)와 같은 전술이동통신은 물론 무전기와 같은 단말간 직접 통신을 지원하고, 향후 저궤도 통신위성을 통한 초연결 지휘통제통신 수단을 제공할 예정이다. 
상용 스마트폰 연동을 통한 지휘통제 기능을 제공하고, 통신 모듈의 교체만으로 군주파수 기반 LTE∙5G는 물론 미래 6G까지도 진화적 개발이 용이해 향후 군 초연결 전술통신분야의 핵심요소가 될 것으로 전망된다. 한화시스템은 앞으로도 미래 전장의 혁신적인 통신 및 전장 가시화 수단의 첨단 모델을 지속적으로 선보일 예정이다.
[Air Zone]
에어존에서는 한화시스템과 美오버에어가 공동 개발중인 ‘버터플라이(Butterfly)’의 개발 기술을 활용한 ‘국방 틸트로터(TR)’ 수직 이착륙기와 항공기의 생존성을 획기적으로 향상시키는 첨단 방어 시스템 ‘지향성적외선방해장비(DIRCM)’를 소개한다.
언제 어디서나 전술적 이동이 가능한 국방 틸트로터(TR)
에어모빌리티 기체 ‘버터플라이’의 수직이착륙∙저소음∙고속 특성을 활용한 ‘국방 틸트로터’는 ▲인원·물자수송 ▲감시·정찰 ▲조명탄 투하 ▲환자 후송 등 다양한 임무수행이 가능하다. 버터플라이의 경우 이착륙시 로터의 방향이 수직으로, 운항시 수평으로 바뀌는 벡터드트러스트(Vectored Thrust) 항공기로 타 기체 형식인 리프트앤드크루즈(Lift and Cruise)와 멀티콥터(Multicopter)대비 ▲고속 ▲에너지효율 ▲저소음 ▲안전성이 뛰어나다. 
헬기와 같이 수직 이착륙 장점을 갖고 있어 군이 필요한 작전지역에 제한없이 완전 군장 전투원(5인)의 신속한 전술적 이동이 가능하다. 한화시스템은 이러한 군사적 활용성과 장거리 운항을 위한 추진시스템 개조를 통해 파생 기체 개발도 계획 중이다.
항공기의 생존을 책임지는 첨단 방어 시스템, DIRCM
항공기에 탑재되는 지향성적외선방해장비(DIRCM)는 적의 미사일 위협 신호가 탐지되면 고출력 적외선 레이저(기만 광원)를 탐색기(Seeker)에 직접 조사해 미사일을 교란시켜 아군 항공기의 생존성을 획기적으로 향상시키는 첨단 방어 시스템이다. 
한화시스템은 국방과학연구소 주관 시험 개발에 시제 업체로 참여해 2018년에 시제 개발에 성공했다. 2020년엔 자체 투자를 통해 최신 양자연쇄반응레이저(QCL)를 적용한 소형∙경량화∙고출력 기만광원 기술을 확보해 헬기부터 대형 항공기까지 우리 군이 운용중인 다양한 기종의 항공기에 적용 가능할 것으로 기대하고 있다.
[디펜스투데이]
Tag
#한화시스템
#초연결∙초지능∙초융합 통합 솔루션
#디펜스투데이
저작권자 © 디펜스투데이 무단전재 및 재배포 금지
이승준 기자
다른기사 보기","{""무인체계"": [""수직이착륙""], ""우주/위성"": [""정지궤도"", ""저궤도"", ""ISS"", ""위성통신""], ""AI/컴퓨팅"": [""AI"", ""LAN"", ""AR"", ""GAN"", ""증강현실""], ""센서/통신"": [""지휘통제"", ""적외선"", ""EW"", ""LTE"", ""전자전"", ""RF"", ""IR"", ""무선주파수""], ""무기/방어체계"": [""DE""], ""재료/제조"": [""TEM"", ""AM"", ""PLA""], ""작전/전술"": [""ACE""], ""기타/기술"": [""EMS""], ""센서/통신/레이더"": [""Synthetic Aperture Radar"", ""SAR""], ""미사일/방공"": [""missile""], ""항공기/전투기"": [""KF-21""], ""지상장비"": [""K2""], ""첨단기술"": [""space"", ""satellite"", ""radar""]}",True,"['다기능레이다', '중거리 지대공 유도무기체계', '초소형 SAR 위성사업 및 관련 서비스']","['2022-09', '2022-01']",high,"기사에서 다음과 같은 기술의 상용화/전력화/배치를 다루고 있습니다. 
1. 수출형 다기능레이다: 중거리 지대공 유도무기체계의 핵심 센서로 개발되어 UAE에 수출 계약 체결(2022-01)
2. 중거리 지대공 유도무기체계: 국내 기술로 개발된 무기체계로 UAE에 수출 계약 체결(2022-01)
3. 초소형 SAR 위성사업 및 관련 서비스: 한화시스템과 핀란드 아이스아이 간 MOU 체결(2022-09)"
"K-UAM 드림팀, 2025년 제주 UAM 상용화 추진",2022-09,http://www.defensetoday.kr/news/articleView.html?idxno=4437,"K-UAM 드림팀(한화시스템·한국공항공사·SK텔레콤), 제주특별자치도와 2025년 제주 UAM 시범사업 MOU 체결
한화시스템(대표이사 어성철)·한국공항공사(사장 윤형중)·SK텔레콤(CEO 유영상)으로 구성된 ‘K-UAM 드림팀’ 컨소시엄이 제주도에서 2025년 국내 최초 UAM 상용 서비스 제공하기 위한 시동을 걸었다. 제주공항과 주요 관광지를 잇는 시범운행 서비스를 전개하며, 버티포트(이착륙장)와 UAM 교통관리 시스템 구축에 나선다.
제주형 UAM 시범사업 MOU 현장_(사진 왼쪽부터) 오영훈 제주도지사, 윤형중 한국공항공사 사장, 어성철 한화시스템 대표이사, 유영상 SK텔레콤 CEO (사진:한화시스템)
‘K-UAM 드림팀’은 14일 제주특별자치도 탐라홀에서 제주특별자치도(도지사 오영훈)와 ‘제주형 UAM 시범사업’을 위한 업무협약(MOU)을 체결했다. 협약식에 참석한 각 사 대표들은 민간기업·공기업·지자체의 강점을 융합하는 초협력적 사업모델로 UAM 상용서비스의 국내 최초 성공사례를 만드는데 힘을 모으기로 했다.
컨소시엄과 제주도는 지난 8월 ‘도심항공교통 활용 촉진 및 지원에 관한 법률’이 발의되는 등 UAM 시범사업을 위한 제도적 논의가 시작된 만큼, 안전한 운항환경과 충분한 관광수요를 가진 제주도에서 현재의 항공시스템, 인프라 등을 수정·보완해 사업환경을 조성할 예정이다.
제주형 UAM 시범사업 MOU 현장 (사진:한화시스템)
제주도의 국내 최대 관광지라는 입지적 측면은 대중 수용성 확보에 용이하고, 한국공항공사가 보유한 제주공항과 항행시설 자원을 최대한 활용하기 때문에 신속한 상용화가 가능하다.
2025년 제주 UAM 시범사업을 위해 ▲한화시스템은 UAM 기체개발과 제조·판매·운영·유지보수(MRO), 항행·관제 솔루션 개발 ▲한국공항공사는 UAM 버티포트 구축, 공사가 운영하는 항행안전시설 인프라 등을 활용하여 UAM 교통관리서비스 제공 ▲SK텔레콤은 미국 Joby Aviation간 협력체계 기반 UAM 서비스 제공과 모빌리티 플랫폼 개발·운영, UAM용 통신 시스템 등을 담당 ▲제주도는 UAM 운용부지·인프라 제공, 인허가 행정지원 등 사업추진을 위한 정책환경 및 UAM 생태계를 조성한다.
한화시스템과 오버에어가 공동개발중인 UAM 기체 ′버터플라이′ 이미지 (사진제공:한화시스템)
한화시스템은 독보적인 센서·레이다·항공전자·ICT 보유 기술을 바탕으로, 2019년 7월 국내 최초로 UAM 시장에 뛰어들어 UAM 기체인 전기 수직 이착륙 항공기(eVTOL) '버터플라이'를 개발 중에 있다. 내년 실물 크기의 무인 시제기 최초 비행시험을 계획 중인 한화시스템은 공동개발사인 미국의 오버에어社와 함께 2025년 미국 연방항공청(FAA) 형식인증(Type Certificate) 획득을 예정대로 진행 중이다. 현재 UAM 운항에 필요한 항행·관제 인프라(CNSi) 통제 시스템 기술 개발에도 매진하고 있다. 
컨소시엄은 정부 실증사업인 K-UAM 그랜드 챌린지 1~2단계(2023~2024, 전남 고흥 및 수도권)를 통해 안전성을 검증하고, 이와 동시에 UAM 수직이착륙장인 버티포트 등 지상 인프라를 구축하여 2025년 제주도에서 UAM 시범사업을 시작하고 향후 미래 기술을 접목하여 복잡한 도심 UAM 운항의 기반으로 발전시킬 계획이다.  
한국공항공사 버티포트 조감도 (사진제공:한국공항공사)
현재 세계 주요도시(미국 LA·플로리다, 프랑스 파리, 일본 오사카 등)들이 2024~2025년 UAM 상용화를 계획 중인 가운데 제주도 시범사업은 국내에서 가장 빠르게 전개될 수 있을 것으로 기대된다.
               
어성철 한화시스템 대표이사는 “한화시스템은 미래형 항공기체(AAV·Advanced Air Vehicle) 개발·운항·인프라 등에서 토탈 솔루션을 제공하며, UAM 상용화까지 안전성을 검증하고 국내 여건에 맞는 운영 및 기술기준을 선제적으로 마련한다는 목표를 가지고 있다”라며, “K-UAM 드림팀 컨소시엄이 관광·문화자원이 집약된 제주에서 새로운 교통수단에 대한 심리적 허들을 낮추고, 미래 모빌리티 패러다임을 이끌 수 있도록 최선을 다할 것”이라고 밝혔다. 
SKT, 국토부 UAM 실증 지원 위한 5G 상공망 구축 돌입_SK텔레콤 엔지니어가 5G 상공망 안테나 장비를 점검하는 장면 (사진제공:SK텔레콤)
윤형중 한국공항공사 사장은 “제주도 시범사업은 지난 40여년간 우리나라의 항공안전을 책임져 온 한국공항공사의 노하우와 기술을 기반으로 한화시스템과 SK텔레콤이 보유한 미래 기술·자본 그리고 제주특별자치도의 지원을 융합하는 초협력적인 사업 모델로 우리나라가 UAM 산업의 글로벌 선도 국가로 도약하는 계기가 될 것”이라며, “앞으로도 민간과의 협력을 통해 끊임없는 도전을 지속하겠다”라고 밝혔다.
유영상 SK텔레콤 CEO는 “친환경 관광명소인 제주도를 UAM의 혁신 기반으로 성장시켜 미래 모빌리티의 서비스의 게임 체인저로 도약하겠다”라며, “K-UAM 드림팀 컨소시엄의 유기적인 협업을 통해 중장기적인 목표를 세우고 가시적인 성과를 만들어 나갈 예정”이라고 밝혔다.
한화시스템·한국공항공사·SK텔레콤은 2021년부터 UAM 생태계 조성을 위해 협력해 왔으며 지난 4월 한국교통연구원, 한국기상산업기술원을 포함해 ‘K-UAM 드림팀’ 컨소시엄을 발족한 바 있다.
[디펜스투데이]
Tag
#UAM드림팀
#한화시스템
#한국공항공사
#SK텔레콤
#제주UAM상용화
#디펜스투데이
저작권자 © 디펜스투데이 무단전재 및 재배포 금지
이승준 기자
다른기사 보기","{""무인체계"": [""수직이착륙"", ""VTOL""], ""AI/컴퓨팅"": [""AI"", ""ICT""], ""센서/통신"": [""IR""], ""재료/제조"": [""ICL"", ""AM""]}",True,"['UAM 기체', 'UAM 교통관리 시스템']",2025-00,relevant,"이 뉴스는 한화시스템, 한국공항공사, SK텔레콤 컨소시엄이 2025년 제주에서 도심항공 모빌리티(UAM) 상용 서비스를 제공하기 위한 계획을 다루고 있습니다. UAM 기체 개발과 UAM 교통관리 시스템 구축이 주요 내용이며, 2025년 제주에서 상용화를 목표로 하고 있습니다."
"대우조선해양,대체 연료 기술 개발 박차",2022-09,http://www.defensetoday.kr/news/articleView.html?idxno=4401,"대우조선해양이 다양한 대체 연료 기술 개발로 미래 탄소중립 선박 시대를 위한 기술 역량 강화에 주력하고 있다.
대우조선해양(대표이사 박두선)은 국내 최초로 개발되는 ‘한국형 수소연료전지 예인선 개발 사업’ 추진 업체로 선정돼 연구 활동에 돌입했다고 1일 밝혔다.
이 사업은 해양수산부 주관으로 수소연료전지로 추진하는 친환경 예인선을 개발해 2026년 한국형 친환경 예인선 상용화를 목표로 총 235억원의 개발 예산이 투입되는 대형 국책 과제다.
암모니아 혼소 연료추진시스템 실증 체계도 (사진:대우해양조선)
예인선(Tugboat)은 연안 및 항구 등에서 스스로 움직일 수 없는 선박을 밀거나 끌어 이동시키는 역할을 한다. 그러나 현재, 운항 중인 예인선 대부분이 국제해사기구의 탄소배출 관련 기준을 충족하지 못하는 것으로 나타났다. 이에 업계에서는 작년부터 LNG연료추진 예인선을 일부 현장에 투입했으나, 이 역시 경제성 문제로 새로운 대안 검토의 필요성이 제기돼 왔다.
대우조선해양은 유관 국책 연구기관 및 대학, 친환경 선박 기술 관련 업체들과 공동으로 그간 축적한 원격 모니터링 및 제어 기술력을 바탕으로 최대 3MW급 수소연료전지-배터리 하이브리드 추진 시스템을 개발, 실제 선박에 적용하고 육지와 해상에서 실증 작업을 수행하게 된다.
이번 사업 참여로 대우조선해양은 친환경 선박 기술 개발을 통해 ‘2050 국가 탄소중립’ 목표를 실현하겠다는 정부의 정책 추진에 기여하게 됐다. 아울러, 회사는 이 기술 개발 과정에서 획득할 수 있는 다양한 경험과 성과를 기반으로 무탄소 선박 상용화 시대의 고삐도 당길 수 있을 것으로 기대하고 있다.
이와 함께, 대우조선해양은 ‘경상남도 대형선박 무탄소 연료 활용 규제자유특구’ 사업에도 참여, 차세대 선박 연료로 주목받고 있는 암모니아를 활용한 선박 기술 개발에도 적극적 행보를 보이고 있다.
‘규제자유특구’는 특정 기술을 별도의 제약 없이 시험·실증·개발할 수 있게 정부가 특별히 선정한 지역이다. 경상남도는 최근 미래 탄소중립 시장 수요에 선제적으로 대응하고, 동시에 장비 국산화율 극대화를 목표로 최근 ‘대형선박 무탄소 연료 활용 규제자유특구’로 지정돼 총 4년간의 연구 및 개발 활동에 들어간다.
대우조선해양은 이 사업에서 ‘암모니아 연료공급시스템’ 개발을 주도하고 거제시 옥포국가산업단지와 해상실증구역 일대에서 암모니아 혼소 엔진이 탑재된 선박 운항을 통한 실증 작업을 수행할 계획이다.
대우조선해양 중앙연구원장 최동규 전무는 “회사는 미래 탄소중립 선박을 위한 기술 개발에 여념이 없다”며 “이번 수소연료전지 및 암모니아 혼소 연료 추진 선박 관련 과제 수행을 통해 친환경 선박 시장에서 우위를 선점할 수 있는 기술경쟁력 확보에 전념하겠다”고 말했다.
한편 대우조선해양은 업계 최초 통합 실험센터인 ‘에너지시스템 실험센터’에 실증 시험 설비를 갖추고 자체 개발한 ‘암모니아 연료공급시스템’의 기술적 검증도 병행하고 있다.
  [디펜스투데이] 
Tag
#대우조선해양
#탄소중립시대
#대체연료개발
#디펜스투데이
저작권자 © 디펜스투데이 무단전재 및 재배포 금지
이승준 기자
다른기사 보기",{},True,수소연료전지-배터리 하이브리드 추진 시스템,2026-00,relevant,"이 기사는 대우조선해양이 개발 중인 수소연료전지 예인선 기술과 암모니아 혼소 연료추진시스템 실증 계획을 다루고 있습니다. 상용화 시점은 2026년으로 나와 있으며, 실증 작업도 진행 중인 것으로 보입니다. 이는 군사 기술의 전력화와는 직접적인 관계는 없지만, 환경 규제에 대응하기 위한 군함 추진 기술 개발과 관련되어 있는 것으로 판단됩니다."
"현대중공업, 신개념 ‘돛’으로 친환경 선박 고도화",2022-08,http://www.defensetoday.kr/news/articleView.html?idxno=4362,"현대중공업이 탄소중립 시대에 대비해 친환경 선박 관련 신기술 개발에 박차를 가하고 있다.
현대중공업은 26일(금) 울산 본사에서 국내 조선업계 최초로 한국선급(KR)로부터 선박 풍력보조 추진장치인 로터세일(Rotor Sail)의 독자모델 ‘하이로터(Hi-Rotor)’에 대한 설계승인(Design Approval)을 획득했다. 
로터세일은 선박 갑판에 설치되는 원기둥 형태의 구조물로, 바람을 이용해 추진력을 추가 발생시킴으로써 연료 소모량을 절감하고 탄소 배출을 줄일 수 있는 것이 특징이다. 
현대중공업 하이 로터 적용 선박 조감도 (사진:현대중공업)
전기 모터로 회전하는 로터세일이 선박 주위에서 불어오는 바람과 만나면 로터세일 주변부에 압력차이가 생겨나는데, 이에 의해 전진하는 추진력이 발생하는 ‘마그누스 효과(Magnus effect)’를 활용한 기술이다. 
로터세일은 선박 탑재 시에 6~8%의 연료 절감과 함께 탄소 배출량도 줄일 수 있어 강화되는 글로벌 환경규제의 대안 중 하나로 주목받고 있다. 
현대중공업이 독자적으로 개발한 하이로터는 지난 2020년 12월 한국선급에서 기본 인증(Approval In Principle)을 획득한데 이어, 이번에 설계승인까지 마침으로써 기술의 신뢰성을 한층 높이게 됐다. 
하이로터 설계 승인 인증식(사진:현대중공업)
하이로터는 전기모터와 로터를 연결하는 구동부에 감속기어 방식을 적용하여 기존 상용 제품의 벨트방식 대비 구동 시스템의 안정성을 향상시킨 것이 장점이다.
현대중공업은 올해 하반기부터 육상에서 실증에 나설 예정으로, 이번 설계승인을 바탕으로 제품 수주에도 적극 나선다는 계획이다.
현대중공업 주원호 기술본부장은 “LNG, 암모니아, 수소 등 친환경 연료 추진선뿐 아니라 풍력보조 추진장치 등 다양한 친환경 제품 개발을 통해 고객들의 다양한 수요를 충족함으로써 친환경 선박 시장에서 한걸음 더 앞서나갈 것”이라고 말했다.
한국선급 김연태 기술본부장은 “이번 설계 승인으로 현대중공업의 로터세일 기술 경쟁력이 더욱 높아지길 희망하며, 앞으로도 현대중공업이 환경규제 대응 기술을 강화하는데 계속해서 지원해 나가겠다""고 말했다.
한편, 현대중공업그룹은 날개 형태의 윙세일 풍력보조 추진장치를 개발해 지난 2020년 12월 DNV선급의 기본인증(AIP)을 획득하는 등 차세대 친환경 기술 확보에 속도를 내고 있다.
[디펜스투데이]
Tag
#현대중공업
#하이로터
#신개념돛
#디펜스투데이
저작권자 © 디펜스투데이 무단전재 및 재배포 금지
이승준 기자
다른기사 보기","{""AI/컴퓨팅"": [""AI""], ""무기/방어체계"": [""DE""], ""기타/기술"": [""IP""], ""무인/자율시스템"": [""ROV""], ""전파망원경/천문"": [""AGN""]}",True,하이로터(Hi-Rotor),2022-08,high,"이 기사는 현대중공업이 개발한 신개념 '돛' 기술인 하이로터가 한국선급으로부터 설계 승인을 받았음을 다루고 있습니다. 이는 상용화를 위한 중요한 단계이며, 구체적인 기술명과 상용화 시점이 언급되어 있습니다."
"현대로템, 대테러작전용 다족보행로봇 개발 착수",2022-08,http://www.defensetoday.kr/news/articleView.html?idxno=4286,"군 최초 다족보행로봇…신속연구개발사업 일환으로 전력화 연계 가능
현대로템은 8월 10일 정부과천청사에서 엄동환 방위사업청장 주관으로 방위산업기술지원센터와 대테러작전용 다족보행로봇 신속연구개발사업 최초 협약식을 가졌다고 11일 밝혔다.
이날 협약식을 통해 현대로템은 2024년까지 대테러작전용 다족보행로봇을 개발하고 로봇 본체, 임무장비 및 원격조종장치 등 시제품을 육군에 납품하게 된다.
대테러작전용 다족보행로봇 조감도 (사진:현대로템)
이번 사업은 국내에서 처음으로 진행되는 신속연구개발사업이다. 이는 빠르게 변화하는 최근 기술 흐름에 맞게 첨단기술이 적용된 무기체계를 2년 안에 신속히 개발해 시범운용하는 사업이다. 향후 소요에 따라 간소화된 절차로 전력화까지 연계 가능한 것이 특징이다.
대테러작전용 다족보행로봇은 4족 보행 로봇으로 야지의 험로 및 장애물 구간에서도 자유롭게 기동할 수 있으며 원격으로 조종 가능하다. 목적에 따라 로봇팔, 원격무장통제장치, 섬광폭음탄 및 최루가스 살포기, 체온측정장치 등 다양한 임무장비를 탈부착할 수 있어 다용도로 활용 가능한 것이 특징이다. 
특히 대테러작전용 다족보행로봇은 위험한 작전에 사람을 대신해 투입돼 아군 인명을 보호할 수 있을 것으로 기대된다. 예를 들어 테러 상황을 비롯한 도시지역 작전 시에는 선두에 투입돼 사전에 적을 식별하고 초기 대응에 나설 수 있으며 보병부대 작전 간에는 감시정찰 임무를 수행할 수도 있다. 체온측정장치를 부착하면 방역 작전에도 사용 가능하다.
다족보행로봇 (사진:방위사업청)
현대로템은 이번 사업에 국내 로봇 플랫폼 전문업체인 레인보우로보틱스와 협력한다. 현대로템이 체계 종합을 맡아 레인보우로보틱스의 민수용 다족보행로봇 플랫폼을 기반으로 하드웨어, 소프트웨어 등 군용 개조 개발에 나선다. 앞서 현대로템은 지난 4월 레인보우로보틱스와 ‘국방로봇 분야 교류 및 협력사업 추진을 위한 업무협약(MOU)’을 체결해 군용 다족보행로봇을 공동 개발하기로 한 바 있다.
이번 사업으로 현대로템은 다족형 플랫폼 핵심기술을 고도화할 수 있을 전망이다. 이를 통해 아직 초기 단계인 국내 국방 로보틱스 분야에서 선도적인 입지를 구축하고 로보틱스, 무인체계 등 첨단기술을 중심으로 재편 중인 미래 방산 시장에 대응할 기술 역량 강화에도 속도를 낸다는 계획이다. 
실제 현대로템은 로보틱스 및 무인체계 부문 기술력 확보를 목표로 지속적인 노력을 기울이고 있다. 로보틱스 분야에서는 현대자동차와 협업해 상향 작업 보조용 VEX(Vest Exoskeleton), 중량물 운반 보조용 H-Fame 등 다양한 웨어러블 로봇을 개발한 바 있다. 이러한 웨어러블 로봇 제품군을 기반으로 지난해부터는 한국전력공사와 전력분야 공사작업자용 웨어러블 로봇을 개발 중에 있으며 국내 최초로 농업용 웨어러블 로봇의 개발과 상용화도 추진하고 있다.
무인체계 분야에서도 지속적인 성과를 거두고 있다. 현대로템은 올 1월에는 자체 개발한 다목적 무인차량의 군 시범운용을 마치고 성공적으로 납품한 바 있으며 지난 2020년 전차, 장갑차 등의 무인화 운용을 위한 기동전투체계 원격 무인화 기술 개발 과제를 수주해 연구개발을 진행하고 있다.
현대로템 관계자는 “대테러작전용 다족보행로봇 개발 사업 수주로 다족형 플랫폼 관련 핵심기술을 확보하고 관련 사업 기반을 강화할 것”이라며 “연구개발 활동에 역량을 집중해 미래 제품 수요에 선제적으로 대응하고 시장을 선도할 수 있는 기술 경쟁력을 제고하겠다”고 말했다.
[디펜스투데이]
Tag
#현대로템
#다족형로봇
#대테러전용
#신속연구개발사업
#방위사업청
#디펜스투데이
저작권자 © 디펜스투데이 무단전재 및 재배포 금지
이치헌 기자
다른기사 보기","{""재료/제조"": [""AM""]}",True,대테러작전용 다족보행로봇,2024년,high,"기사에 따르면 현대로템이 2024년까지 대테러작전용 다족보행로봇을 개발하고 시제품을 육군에 납품하게 되었다고 하므로, 상용화/전력화가 진행 중인 기술에 대한 정보를 다루고 있다."
"HD현대 아비커스, 세계 첫 2단계 자율운항",2022-08,http://www.defensetoday.kr/news/articleView.html?idxno=4279,"HD현대의 선박 자율운항 전문 회사인 아비커스(Avikus)가 세계에서 처음으로 2단계 자율운항 솔루션을 상용화하는데 성공했다. 
아비커스는 8월 8일(월) SK해운, 장금상선 등 국내 선사 2곳과 대형선박용 자율운항 솔루션인 ‘하이나스(HiNAS) 2.0’의 수주계약을 체결했다고 밝혔다. 이번에 수주한 하이나스 2.0은 컨테이너선과 LNG선 등 건조 중인 총 23척의 대형선박에 내년 8월부터 순차적으로 탑재될 예정이다. 
HD현대 아비커스가 하이나스 2.0을탑재한 대형상선의 자율운항 대양횡단에 성공했다. (사진제공:현대중공업)
하이나스 2.0은 아비커스가 지난 2020년 개발해 이미 상용화한 1단계 자율운항 솔루션(하이나스  1.0)에 ‘자율제어’ 기술이 추가됐다. 단순히 선원의 의사결정을 지원하는 수준을 넘어, 딥러닝 기반의 상황 인지 및 판단을 통해 속도제어와 충돌회피 등 다양한 돌발상황에 선박 스스로 대처할 수 있는 것이 특징이다.
또한 축적된 실운항 데이터를 바탕으로 최적의 운항경로를 생성하고, 선박이 자율적으로 엔진출력을 제어해 연료소모를 최소화 할 수 있는 기능도 적용됐다. 
하이나스 2.0은 자율운항선박 시스템단계 중 2단계에 해당하는 것으로, 대형선박(상선)과 소형선박(레저보트)을 통틀어 2단계 자율운항 솔루션을 상용화한 것은 전 세계에서 아비커스가 처음이다. 
HD현대 아비커스가 하이나스 2.0을탑재한 대형상선의 자율운항 대양횡단에 성공했다.(사진제공:현대중공업)
앞서 아비커스는 국내·외 선사로부터 총 170여기의 하이나스 1.0을 수주했으며, 인공지능(AI) 기반 항해보조시스템인 하이바스(HiBAS) 또한 50여기 수주한 바 있다. 
아비커스는 최근 미국선급협회(ABS)로부터 지난 6월 세계 최초로 성공한 대형선박의 자율운항 대양횡단에 대한 결과 증명서(SOF, Statement of Fact)를 획득하기도 했다. 자율운항 선박기술에 부여한 세계 최초의 증명서라는 점에서 향후 아비커스의 자율운항 시장 선점과 영업력 확대에 큰 도움이 될 것으로 보인다. 
글로벌 시장조사업체인 어큐트마켓리포츠(Acute Market Reports)에 따르면, 자율운항선박 및 관련 기자재 시장은 연평균 12.6%씩 성장해 2028년에는 시장규모가 2,357억 달러에 이를 것으로 전망된다. 
아비커스 임도형 대표는 “자율운항 기술의 고도화를 통해 글로벌 선주사를 대상으로 한 맞춤형 영업 활동을 펼치겠다”며, “앞으로 다양한 선급 및 국가들의 승인을 획득함으로써 전 세계 모든 대형 선박에 하이나스 2.0을 탑재할 수 있도록 노력할 것”이라고 말했다. 
한편, 아비커스는 오는 10월 말 미국 플로리다에서 열리는 세계 최대 보트쇼 중 하나인 ‘포트로더데일(Fort Lauderdale boat show 2022)’에 참가, 레저보트의 자율운항 솔루션 상용화에도 총력을 기울인다.
[디펜스투데이]
Tag
#HD현대
#아비커스
#자율운항
#솔루션수주
#항해보조시스템
#현대중공업
#디펜스투데이
저작권자 © 디펜스투데이 무단전재 및 재배포 금지
이승준 기자
다른기사 보기","{""AI/컴퓨팅"": [""AI"", ""인공지능"", ""AR""], ""무기/방어체계"": [""DE""], ""재료/제조"": [""TEM""]}",True,자율운항 솔루션,2023-08,high,"이 기사는 HD현대 아비커스가 세계 최초로 2단계 자율운항 솔루션을 상용화했다는 내용을 다루고 있습니다. 특히 2023년 8월부터 국내 주요 선사들의 선박에 순차적으로 탑재될 예정이라고 명시되어 있어, 상용화/전력화 시점이 명확히 제시되어 있습니다."
"국방부, 대통령 업무보고",2022-07,http://www.defensetoday.kr/news/articleView.html?idxno=4186,"국방부는 7월 22일 대통령실에서 윤석열정부 국방분야 업무보고를 했다.
보고는, 윤석열 대통령에게 이종섭 국방부장관이 단독보고하는 형식으로 진행되었으며, 대통령실에서는 비서실장, 국가안보실장, 국가안보실 1‧2차장, 대변인 등 주요 직위자들이 배석하였다.
이종섭 국방부장관은 오늘 보고에 앞서 지난 7월 6일,대통령 주재 ｢전군 주요지휘관 회의｣에서 대통령의 통수지침과 국정과제 이행을 위한 '국방정책방향'을 보고한 바 있다.
6대 국방운영중점 (자료:국방부)
당시 회의를 통해 국방부는 엄중한 안보상황 극복과 과학기술 강군 육성을 위한 ｢국방혁신 4.0｣ 추진 의지를 결집하였으며, 북핵･미사일 위협 대응, AI기반의 첨단과학기술軍 육성, 장병 복무환경 개선 및 軍 지휘권 보장 등의 체감도 높은 주제를 논의하고, 주요지휘관들의 공감대를 확산한 바 있다.
오늘 업무보고에서는 '국방정책방향'에 대한 세부 추진과제의 이행방안이 중점적으로 다루어졌다.
 
‘전방위 국방태세 확립, 대응역량 확충’ 측면에서 고도화 되고 있는 북한의 핵·미사일 위협 대응을 위해 한미 연합의 정보감시태세와 대응태세를 긴밀하게 유지하고, 징후 포착시에는 탐지 및 요격자산을 증가 운용하여 상향된 즉각 대응태세를 갖추는 시스템을 구축하며, 북한의 핵･미사일을 상시 감시할 수 있는 영상 및 신호정보 수집능력을 보강하고, 다출처 영상융합체계 등다양한 정보를 융합･분석･전파할 수 있는 자동화 체계를 확보해 나갈 것이다.
 
압도적 한국형 3축체계 능력과 태세 확충을 위해, 군정찰위성 조기 전력화, F-X 2차 사업 등을 통해 유사시 자위권 행사의 보장을 위한 킬체인(Kill Chain) 능력을 확보하고, 북한 미사일 위협에 대한 ‘탐지-결심-요격능력’ 강화를 위해 위성을 활용한 한반도 전 지역의 미사일 탐지능력을 높이고, M-SAMⅡ 및 L-SAM 전력화와 성능개량, 탄도탄조기경보레이더-Ⅱ 전력화 등을 통해 복합 다층 미사일방어체계를 조기에 구축할 것이다.
 
아울러 고위력･초정밀 미사일의 수량을 늘리고, 특수전 부대의 침투･타격능력을 한층 강화함으로써대량응징보복 능력을 확충해 나갈 것이다.
또한, 수도권을 위협하는 북한 장사정포에 대응을 위해 탐지능력과 함께 대화력전 능력을 확충하고,'장사정포 요격체계' 도 조기에 전력화하겠다. 
'장사정포 요격체계'는 북한의 미사일과 장사정포 섞어쏘기에 효과적으로 대응할 수 있는 중요한 능력이 될 것이다. 
 
한편, ‘적’을 명확히 인식하도록 대적관 교육을 강화하고, 대적필승의 신념을 고취시키며, 시사안보 교육도 MZ세대 선호를 반영하여 개선하는 등 장병 정신전력을 한층 강화해 나갈 것이다.
‘국방혁신 4.0을 통한 첨단과학기술軍 육성’ 측면에서, AI 기술 수준과 발전단계를 고려하여 ‘국방AI 발전모델’을 정립하였으며, 이에 따라 우리 軍에 대한 AI 기술 적용을 단계적으로 확대해 나갈 것이다.
 
먼저, 1단계는 ‘초기자율형’으로 AI 기반의 다출처 영상융합체계, GOP･해안경계체계를 발전시키고,
        2단계는 ‘반자율형’으로 무인 전투차량, 수상정 등 ‘유･무인 복합 전투체계’등에 AI 기술을 접목하며,
        3단계는 ‘완전 자율형’으로 ‘지능형 지휘결심지원체계’,  ‘초연결 전투체계’ 등이 구현될 수 있도록 추진한다.
국방AI 3단계 발전모델 (자료:국방부)
또한, 민간은 혁신적인 아이디어와 기술을 개발하고, 軍은 인프라와 테스트베드를 제공하는 ‘개방형 민군협업’이 어우러진 국방AI 생태계를 조성한다. 
 3단계 국방AI 발전과 연계하여 유･무인 복합체계를 단계적으로 구축하기 위해 각 군별로 시범부대를 운용할 예정이다.
AI기반 유무인 복합체계 시범부대 운용(자료:국방부)
육군은 제25사단 70여단을 시범부대로 하는 Army TIGER 여단이 통제차량과 무인 전투차량, 공격헬기와 드론을 통합운용하여 공격력과 생존성을 검증하고, 해군은 제5전단을 시범부대로하여 소해함과 자율기뢰탐색체계를 통합운용하는 유·무인 복합 기뢰제거작전 수행능력을 검증하며,
공군은 제20전투비행단을 시범부대로 전투기와 저피탐 무인편대기를 통합운용하는 유·무인 편대기 운용의 가능성을 확인하고, 해병대는 제1사단을 시범부대로 상륙돌격장갑차와 장애물 개척로봇을 통합운용하여 상륙작전 능력을 검증할 것이다.
 
각 軍별 시범부대 운용을 통해 무인체계와 기반체계에 대한 전력소요를 발굴･제기하고, 유·무인 복합전투 수행에 적합한 부대구조를 설계하여 전투실험을 통해 검증해 나간다.
유･무인 복합체계 구축을 위한 기반 조성 차원에서, 민군협업을 통해 국산화와 표준화를 달성하고, 성능이 우수한 상용제품을 軍에 신속히 도입하여 운용하며, 유･무인 복합체계 신속획득을 위해 과학기술 발전 속도에 부합하는 전력증강 정책과 제도의 개선, 국방분야 R&D 거버넌스 구축 등 효율성과 적시성에 기반한 ‘한국형 획득프로세스’를 정립해 나간다.
이러한 AI기술의 단계적 군적용 노력을 통합하기 위해 민간전문가를 센터장으로 하는 '국방AI센터'를 ’24년까지 창설하겠다. 
국방AI센터는 각 軍, 방사청, 국방연구기관에 분산된 AI 업무(소요기획, 데이터 관리, AI 개발 등)를 효과적으로 통합하고, 유･무인 복합체계를 발전시켜 나가는데 중추적인 역할을 수행할 것이다.
국방AI센터 창설안 (자료:국방부)
 또한, 현재 국방R&D의 2% 수준(’21년 약 800억 원)의 국방AI R&D 예산을 점진적으로 확대하고, 민간 AI대학원과 협업하여 향후 5년간 AI 확산을 선도할 전문인력 1,000여 명을 양성해 나가겠다. 
‘한미 군사동맹 도약적 발전, 국방협력 심화‧확대’를 위해, 상당기간 취소･연기 또는 축소･조정되어온 연합연습･훈련을 정상화하여 한미 연합방위태세를 근본적으로 강화해 나갈 것이다.
연합항모강습단훈련, 연합상륙훈련과 같은 연대급 이상 야외기동훈련을 재개하고, 연합연습과 연계하여 다양한 연합 야외기동훈련을 집중 시행할 예정이다. 
특히, 올해 8~9월에는 과학화전투훈련단(KCTC)에서의 연합과학화전투훈련을 포함한 11개 연합야외기동훈련을 시행하고, 내년부터는 이를 더욱 확대해 나갈 것이다. 
22년 후반기 연합연습시 야외기동훈련 현황 (자료:국방부)
아울러, 올해 후반기 연합연습부터 매년 군사연습과 정부연습을 통합 시행함으로써 국가총력전 수행능력의 실질적인 향상을 도모한다. 
 
또한, 연합연습의 명칭을 UFS(Ulchi Freedom Shield, 을지 자유의 방패)로 변경함으로써 한미동맹의 전통을 계승하고, 전구급 연합연습체계를 재확립하겠다. 
한편, 한미 정상회담(5.21.)후속조치로, 국방분야 과학기술협력 전반의 정책･전략적 협의를 활성화하기 위해 차관보급 ‘한미 국방과학기술 협의체’ 신설을 추진하고, 확장억제전략협의체(EDSCG) 재가동과 美 전략자산 전개 협의절차 정립은 물론, 한미 맞춤형 억제전략 이행체계 발전 등을 통해 한미동맹의 포괄적인 北 핵･미사일 대응체계도 강화해 나갈 것이다.
‘전작권 전환’은 조건 충족시 전환한다는 원칙을 견지하면서, 미래연합사 완전운용능력(FOC) 평가 등 상호 합의된 절차를 체계적이고 안정적으로 추진하되, 우리 軍의 핵심군사능력과 北 핵･미사일 위협에 대한 대응능력을 조기에 확보하는 것에 주안을 두겠다.
‘안전·투명·민군상생의 국방운영’ 측면에서, 장병 의식주 개선을 위해 건강과 선호도를 고려하여 급식 만족도를 높이고, 병영생활관을 2내지 4인 기준실로 개선해 나가겠다.
군 의료체계는 응급후송체계를 강화하여 골든타임을 보장하고, 국군외상센터의 역량을 강화하며, 원격진료 확대 등軍 특성을 반영한 의료시스템으로 개선해 나가겠다. 
윤석열 대통령에게 보고하는 이종섭 국방부장관 (사진:대통령실)
안정적 병력충원과 효율적 인력관리를 위해 현역병 입영 대기기간을 단축하는 한편, 단기복무간부에 대한 인센티브 확대 등 간부 획득과 운영 제도를 획기적으로 개선하겠다.
 
국민권익 증진과 국가 경쟁력을 제고하기 위해 규제완화 등 민군상생 노력을 지속하고, 지자체와 협력하여 軍 공항 이전을 적극 추진하겠습니다. 아울러, 반도체 분야에 보충역 대체복무 배정을 확대함으로써 과학기술인재 양성에 기여하겠다.
‘미래세대에 부합하는 국방문화 조성’ 측면에서, 병역의무 이행에 합당한 예우와 보상을 위해, 병 봉급은 봉급과 자산형성프로그램을 결합하여 '25년까지 200만원으로 인상하고, 군 간부의 복무여건 개선 및 지휘여건 보장을 위한 각종 수당을 현실화하여 직업군인들의 복무만족도를 높여 나가며, 전사･순직 군인에 대하여 추서된 계급에 따라 급여와 예우가 보장되도록 관련 법령을 개정하겠다.
사회변화를 반영한 복무환경 개선을 위해, 청년장병의 특성에 부합하는 복무환경을 조성하고, 일과 가정이 양립할 수 있도록 지원하며, 민간 아웃소싱 확대 차원에서 비전투분야 군무원을 확대하고 민간인력을 적극 활용하겠다.
 
군인권보호체계 강화를 위해 군인권보호관과 협력하여 인권침해 예방 및 구제대책을 마련하고, 성폭력 예방과 피해자 보호･지원 체계를 강화하겠으며, 공정하고 신뢰받는 군 사법제도가 정착되도록 하겠다.
‘방위산업을 국가전략산업으로 육성’ 하기 위해, 방산수출 지원을 위한 정부 차원의 협력체계를 구축하고, 다양한 제도 발전을 통해 구매국 요구에 신속히 대응하며, 국가별 맞춤형 수출 지원전략을 수립하겠다.
또한, 방산기업의 기술경쟁력 강화를 위해 방산기업 지원을 확대하고, 첨단국방기술 개발 촉진을 위한 정책적 기반을 마련하겠다.
 
한미 정상회담 후속조치로, 미글로벌 공급망 참여기회를 확대하고 첨단기술의 공동개발을 촉진하기 위한 ‘국방상호조달협정’ 체결을 추진하는 한편, 협정 체결이 국내 방위산업에 미치는 경제성과 산업 영향성을 분석하는 동시에 국내 방위산업 보호 방안도 마련해 나갈 것이다.
 NATO 정상회담(6.28. ~ 30.) 후속조치로, 주요국가와의 방산협력 강화를 위해 MOU를 체결하고, 방산업무 전담 무관 파견을 통해 방산 수출을 적극 지원할 것이다.
또한, 주NATO 대표부 내에 국방 주재관 직위를 신설하는 등 국가 차원의 방산･기술협력을 적극 지원하고, 우리 방위산업의 글로벌 경쟁력을 격상시키는데 적극 기여해 나갈 것이다.
[디펜스투데이]
Tag
#국방부
#대통령업무보고
#디펜스투데이
저작권자 © 디펜스투데이 무단전재 및 재배포 금지
이승준 기자
다른기사 보기","{""AI/컴퓨팅"": [""AI"", ""AR""], ""센서/통신"": [""신호정보""], ""무기/방어체계"": [""SAM""], ""재료/제조"": [""AM""], ""항공기"": [""전투기""], ""항공기/차량"": [""공격헬기""], ""해양/기상"": [""TC""]}",True,"['AI 기반의 다출처 영상융합체계', 'GOP・해안경계체계', '무인기를 활용한 타격·감시능력 강화', '군사정찰위성', 'F-X 2차 사업', 'M-SAMⅡ 및 L-SAM', '탄도탄조기경보레이더-Ⅱ', '고위력・초정밀 미사일', '특수전 부대 침투・타격능력 강화', '장사정포 요격체계']","['단계적 확대', '2022-07 (조기 전력화)', '2022-07 (전력화 및 성능개량)', '2022-07 (전력화)']",high,"이 기사는 국방부의 업무보고 내용을 다루고 있으며, 특히 다양한 군사 기술의 상용화, 전력화, 배치 계획을 구체적으로 다루고 있습니다."
"현대차그룹, ‘영국 판보로 에어쇼’ 참가",2022-07,http://www.defensetoday.kr/news/articleView.html?idxno=4159,"현대자동차그룹이 전 세계 항공업계 관계자들의 이목이 집중되는 국제 에어쇼에 처음으로 참가했다.
현대차그룹은 7월 18일(월) 현대차그룹의 미국 도심 항공 모빌리티(UAM, Urban Air Mobility) 독립 법인인 슈퍼널(Supernal)이 영국에서 열리는 ‘판보로 국제 에어쇼(Farnborough International Airshow)’에 참가해 기술력과 비전을 공개했다고 18일 밝혔다.
판보로 에어쇼는 파리 에어쇼에 이어 세계에서 두 번째 규모를 자랑하며, 전통적인 항공업계의 신제품은 물론 미래 항공 산업의 첨단 기술과 사업 비전 등이 총 망라돼 전 세계 항공업계 이목이 집중되는 최고 권위의 에어쇼다. 현대차그룹은 2020년 판보로 에어쇼에 참가하려고 했지만 코로나19 팬데믹으로 에어쇼 개최가 취소되며 무산된 바 있다.
현대차그룹이 UAM 법인 슈퍼널을 통해 영국 판보로 국제 에어쇼에 참가 (사진:현대자동차그룹)
슈퍼널은 이번 에어쇼에서 전시 부스를 마련해 2028년 상용화를 목표로 개발하고 있는 eVTOL (electric Vertical Take-off and Landing, 전기 수직 이착륙 항공기) 기체의 내장 콘셉트 모델을 최초로 공개했다.
이번에 공개된 내장 콘셉트 모델은 슈퍼널과 현대차그룹의 CCO(최고 크리에이티브 책임자, Chief Creative Officer)인 루크 동커볼케 부사장을 비롯한 그룹 디자이너들이 함께 개발한 것으로 기존 항공기 디자인의 문법을 따르지 않고, 자동차 내장 디자인 요소를 차용해 직관적이고 단순하면서도 세련된 디자인을 완성한 점이 특징이다.
특히 나비의 생체 구조에서 영감을 받은 5인승 시트 디자인을 적용, 마치 승객이 누에고치 안에 들어온 것처럼 안락한 느낌을 제공하면서도 안전성과 경량화 측면에서 완성도 있는 디자인을 구현했다.
또 격벽을 최소화하는 등 제네시스의 럭셔리 디자인 콘셉트를 적용해 넉넉한 실내 공간을 구현했다. 재활용할 수 있는 첨단 탄소 섬유, 내구성이 뛰어난 식물 추출 섬유, 재활용 플라스틱 섬유와 나무 소재 등 친환경 소재를 대폭 적용했다.
슈퍼널은 전시된 콘셉트 모델 주위에 증강 현실(AR) 패널과 디지털 스크린을 설치해 콘셉트 모델에 탑승한 관람객이 실제 UAM을 타고 비행하는 것처럼 느낄 수 있도록 했으며, 버티포트(vertiport) 등 AAM 인프라에 대한 콘텐츠도 전시했다.
슈퍼널은 이번 판보로 에어쇼에서 메인 전시 부스뿐만 아니라 야외 샬레(Chalet) 공간을 별도로 마련해 항공 업계의 파트너들을 맞는다(에어쇼 관람을 지원하기 위해 전시장 외부에 설치되는 다목적 공간. B2B 비즈니스가 주로 이뤄지는 에어쇼의 특성상 기업 관계자들 간 미팅이 이뤄지기도 하며, 간단한 전시와 케이터링이 제공되기도 함).
슈퍼널은 샬레를 찾은 고객들이 편하게 에어쇼를 관람할 수 있도록 좌석과 케이터링 서비스를 제공하며, 미팅 공간을 마련해 슈퍼널과의 원활한 업무 협의가 이뤄지도록 했다.
한편 2020년 현대차그룹의 미국 UAM 법인으로 출범한 슈퍼널은 현대차그룹과의 협력을 통해 강력한 시너지를 만들어가고 있다.
슈퍼널은 현대차그룹의 디자인 역량을 활용한 이번 에어쇼를 시작으로 앞으로도 현대차그룹의 첨단 모빌리티 기술과 연료 전지 개발 노하우, 대량 제조 기술 등을 종합적으로 활용해 현실적이면서도 안전한 고품질의 기체를 시장에 내놓을 계획이다.
신재원 현대차·기아 AAM본부장 겸 슈퍼널 최고 경영자(CEO)는 “첨단 항공 모빌리티가 대중성을 갖추려면 승객 경험부터 규제와 인프라까지 모든 조건이 처음부터 함께 발전해야 한다”며 “슈퍼널은 현대차그룹 등 자동차 회사뿐만 아니라 부품, 건설, 로봇 및 모빌리티 솔루션 등 50개 이상의 계열사 및 외부 파트너와 협력하고 있으며, 이를 통해 생태계 조성에 앞장설 것”이라고 말했다.
[디펜스투데이] 
Tag
#현대자동차그룹
#판보로에어쇼
#UAM
#eVTOL
#디펜스투데이
저작권자 © 디펜스투데이 무단전재 및 재배포 금지
이치헌 기자
다른기사 보기","{""무인체계"": [""Vertical Take-Off and Landing"", ""VTOL""], ""AI/컴퓨팅"": [""AI"", ""LAN"", ""AR""], ""센서/통신"": [""IR""], ""재료/제조"": [""AM""], ""의료/생체"": [""RNA""], ""기타/기술"": [""IP""]}",True,전기 수직 이착륙 항공기 (eVTOL),2028-01,relevant,현대차그룹의 미국 UAM 법인 슈퍼널이 2028년 상용화를 목표로 개발 중인 eVTOL 항공기 기체의 내장 콘셉트 모델을 처음 공개했다는 내용이 있어 상용화 관련 정보를 포함하고 있습니다.
"KRISO, 친환경선박의 상용화 집중지원",2022-07,http://www.defensetoday.kr/news/articleView.html?idxno=4157,"선박해양플랜트연구소(소장 김부기, 이하 KRISO)가 친환경선박을 통한 국제적인 선박 배출 온실가스 규제 대응에 나선다.
KRISO는 지난해 예비타당성 조사를 통과한 ‘친환경선박 전주기 혁신기술 개발’ 사업 중 해양수산부가 진행하는 실증사업의 주관기관으로 선정돼 사업에 착수하게 됐다고 7월 18일 밝혔다.
‘친환경선박 전주기 혁신기술 개발사업’ 연계 예정인 2.2MW 친환경 대체연료 해상실증선박 시제 조감도 (사진:선박해양플랜트연구소)
해양수산부(장관 조승환, 이하 해수부)와 산업통상자원부(장관 이창양, 이하 산업부) 공동으로 추진되는 ‘친환경선박 전주기 혁신기술 개발’ 사업은 총사업비 2540억원 규모로 올해부터 2031년까지 10년간 선박 배출 온실가스 규제 대응 기술 개발과 실용화를 목표로 진행된다. 조선해양 분야 역대 최대 규모의 국가연구개발 사업으로 세계적인 선박 배출 온실가스 규제 대응과 해양 탄소중립을 실현에 큰 기여를 할 것으로 기대가 모아진다.
KRISO는 세계 최대 수준의 30MW급 전기추진시스템 시험평가 기술을 한국전기연구원, 전라남도, 목포시와 함께 개발해 2024년 완공 예정인 전라남도 목포시에 위치한 친환경선박 특화 KRISO 연구거점에서 운영할 계획이다. 이 기술 개발로 연안 선박은 물론 대형 상선, 함정, 풍력 발전의 핵심기술 시험 평가가 이뤄질 예정이다.
‘친환경선박 전주기 혁신기술 개발사업’ 추진 개념도 (자료:선박해양플랜연구소)
또한 세계 최초로 개발 중인 2.2MW급 친환경 대체연료 해상실증선박(K-GB*)의 시제품과 개발 중인 전기추진차도선의 상용화, 보급·확산 역시 KRISO 목포 연구거점 등과 연계할 예정이다. 이를 통해 친환경선박 핵심 기술의 개발과 시험 평가, 실증과 운용 실적(Track Record) 확보에 이르는 전 과정을 한 번에 진행할 수 있는 원스톱 체계를 구축해 지역 발전과 조선해양 분야 중견·중소·벤처 기업의 성장사다리 회복에 새로운 전기를 마련하겠다는 계획이다(* K-GTB: KOREA(KRISO) Green Ship Test-bed)
7월 15일 해수부, 산업부 차관 주재로 진행된 ‘친환경선박 전주기 혁신기술 개발 통합사업단 출범식’에서 친환경선박 실증사업 책임자인 KRISO 강희진 책임연구원은 “실용화, 제품화 과정이 전제돼야 하는 규제 대응 연구개발 사업 특성을 고려해 유관 지자체, 기관, 기업과 적극 협력해 미래 조선산업의 첨단화, 친환경화를 위한 성장사다리 역할을 하겠다”고 말했다.
KRISO 김부기 소장은 “친환경선박 기술은 무엇보다 연안항로에서 중소형 선박을 활용해 관련 기술을 실증하고 운용 실적(Track Record)을 확보해 대형선박으로 확대 적용하는 과정이 중요하다”며 “우리 연구소가 구축 중인 핵심 인프라와 기술을 적극 활용해 친환경선박 전주기 혁신기술 개발 사업이 우리나라를 대표하는 친환경선박 기술 개발 사업이 되도록 하겠다”고 포부를 밝혔다.
  [디펜스투데이] 
Tag
#선박해양플랜트연구소
#친환경선박
#선박배출온실가스대응
#디펜스투데이
저작권자 © 디펜스투데이 무단전재 및 재배포 금지
장훈 기자
다른기사 보기","{""기타/기술"": [""IP""], ""해군장비"": [""ship""]}",True,"친환경선박 전기추진시스템, 친환경 대체연료 해상실증선박",2024년,relevant,"기사에 따르면 KRISO가 친환경선박 기술 개발과 실증을 진행 중이며, 특히 30MW급 전기추진시스템과 2.2MW급 친환경 대체연료 해상실증선박의 상용화를 추진 중입니다. 이는 군사 기술의 상용화와 직접적으로 관련되지는 않지만, 친환경 선박 기술의 발전에 대한 내용이므로 국방 관련 기술 동향을 파악하는 데 도움이 될 수 있습니다."
"롤스로이스와 현대자동차, 미래항공 모빌리티",2022-07,http://www.defensetoday.kr/news/articleView.html?idxno=4156,"2022년 7월 18일 영국 판보로 에어쇼에서 롤스로이스(Rolls-Royce)와 현대자동차그룹은 미래항공 모빌리티(AAM: Advanced Air Mobility) 시장에 완전 전기추진체계 및 수소연료전지 기술을 제공하기 위한 협력안을 발표했다.
이번 협약을 통해 롤스로이스의 항공 및 인증 역량과 현대자동차그룹의 수소연료전지 기술 및 산업화 역량이 활용될 예정이다.
양사는 도심 항공 모빌리티(UAM: Urban Air Mobility) 및 지역 항공 모빌리티(RAM: Regional Air Mobility) 시장에 배터리 전력 및 연료전지 전력 솔루션을 제공하여 미래항공 모빌리티 시장을 선도하고, 지속가능한 항공 산업을 발전시켜 나갈 계획이다.
롤스로이스와 현대자동차그룹 양해각서 (사진:롤스로이스)
롤스로이스와 현대자동차그룹 간의 양해각서(MOU)에 포함된 5가지 전략 목표는 다음과 같다:
현대차의 미래항공 모빌리티 본부의 동력 및 추진체계 기술개발 및 요구사항에 대해 협력
미래항공 모빌리티 시장을 위한 롤스로이스의 동력 및 추진체계의 산업화 협력
현대차의 지역 항공 모빌리티 플랫폼의 에너지원인 수소연료전지에 기반한 전기추진체계 개발
공동으로 개발한 연료전지 전기추진체계를 다양한 미래항공 모빌리티 시장에 출시하는데 협력
2025년까지 공동으로 연료전지 기반 전기 항공기 시연
이날 협약식은 판보로 에어쇼의 슈퍼널(Supernal) 부스에서 진행됐으며, 롤스로이스에서는 워렌 이스트(Warren East) CEO, 그라치아 비타디니(Grazia Vittadini) CTO, 롤스로이스 전기화 사업부 롭 왓슨(Rob Watson)사장이 참석했으며, 현대자동차그룹에서는 정의선 회장과 AAM 본부 신재원 사장, AAM본부 송재용 상무가 참석했다.
현대자동차그룹의 AAM 본부 신재원 사장은 “이번 협약을 통해 롤스로이스의 항공 및 인증 분야의 전문 성을 활용하여 수소연료전지 추진체계 개발을 가속화할 수 있게 되어 기쁘게 생각한다. 현대차는 세계 자동차 시장에 수소연료전지 시스템을 성공적으로 공급하고, 현재는 항공우주 분야에 전기 및 수소 추진체계를 통합하기 위한 기술적 타당성을 검토하고 있다. 우리는 이 기술이 2050년까지 탄소중립을 달성하고자 하는 글로벌 항공 산업의 목표를 지원하는 핵심 기술이 될 것으로 판단한다.”고 밝혔다.
롤스로이스와 현대자동차그룹 양해각서 (사진:롤스로이스)
롤스로이스의 전기화 사업부 사장인 롭 왓슨(Rob Watson)은 “현대자동차그룹과 협력하여 항공우주 및 자동차 분야에서 구축한 각 회사의 역량을 활용하고, 발전시킬 수 있는 귀중한 기회를 얻게 되어 매우 기쁘게 생각한다. 미래항공 모빌리티 시장은 상당한 상업적 잠재력을 보유하고 있으며, 이번 협력은 미래항공 모빌리티 시장을 선도하고자 하는 양사의 공동 목표를 지원하게 될 것이다. 또한 승객들의 지속가능한 여행을 실현하고, 2050년까지 탄소중립 달성에 기여할 수 있는 솔루션을 제공하는데 있어 롤스로이스의 핵심 역할을 보여주는 또 하나의 사례가 될 것이다.”고 말했다.
완전 전기 항공기 추진체계를 위한 수소연료전지 시스템의 이점은 장거리 비행 범위와 동력 공급 확장을 가능하게 하는 것은 물론, 무공해 및 저소음의 신뢰할 수 있는 기내탑재형 동력원이라는 점이다.
현대차는 롤스로이스와 협력하여 수소연료전지와 저장장치 및 인프라를 항공우주 시장에 도입하고, 이 기술을 현대차의 지역 항공 모빌리티와 롤스로이스의 완전 전기 및 하이브리드 전기추진체계로 발전시킬 예정이다.
지난해 롤스로이스는 탄소중립으로 나아가기 위한 방안을 제시한바 있으며, 전기화 기술 은 롤스로이스가 세계 경제의 중요 분야에서 탈탄소화를 달성하는데 기여할 수 있는 한 가지 방법이다. 롤스로이스는 2030년까지 신제품의 탄소중립을 지원하고, 2050년까지 운영 중인 모든 제품에 대한 탄소중립을 준수하기 위해 노력하고 있다.
현대자동차그룹은 올해 초 도시 간 친환경 항공 모빌리티 솔루션을 제공하기 위해 도심 항공 모빌리티와 지역 항공 모빌리티 부문을 포함한 미래항공 모빌리티 사업 로드맵을 발표했다. 현대자동차그룹의 미국 내 UAM법인인 슈퍼널(Supernal)은 2028년 미국에서 도심 항공 모빌리티 사업의 상용 서비스를 시작하는 것을 목표로 하고 있으며, 현대자동차그룹은 2030년대에 지역 항공 모빌리티 서비스를 시작할 계획이다.
[디펜스투데이]
Tag
#롤스로이스
#현대자동차
#미래항공모빌리티
#전기추진체계
#수소연료전지기술
#판보로에어쇼
#디펜스투데이
저작권자 © 디펜스투데이 무단전재 및 재배포 금지
이승준 기자
다른기사 보기","{""AI/컴퓨팅"": [""AI"", ""AR""], ""센서/통신"": [""IR""], ""재료/제조"": [""RAM"", ""AM""], ""의료/생체"": [""RNA""]}",True,수소연료전지 기반 전기 추진체계,2025-01,relevant,이 기사는 롤스로이스와 현대자동차가 미래항공 모빌리티 시장을 위해 수소연료전지 기반 전기 추진체계 개발에 협력하고 있음을 보여줌. 2025년까지 공동으로 연료전지 기반 전기 항공기 시연을 계획하고 있어 상용화가 진행 중인 것으로 보임.
"SK텔레콤, 부산국제모터쇼에서 UAM 미래상 공개",2022-07,http://www.defensetoday.kr/news/articleView.html?idxno=4147,"SK텔레콤이 ‘2022 부산국제모터쇼’에서 2030년 부산 하늘을 자유롭게 비행하는 UAM의 미래상을 선보였다고 밝혔다.
SK텔레콤(대표이사 사장 유영상)은 ‘2022 부산국제모터쇼’에 국내 UAM* 상용화를 추진 중인 사업자 중 유일하게 참여하고 있다.
SK텔레콤은 ‘2022 부산국제모터쇼’에서 2030년 부산 하늘을 자유롭게 비행하는 UAM의 미래상을 선보였다. (사진:SK텔레콤)
400㎡ 규모의 SKT 전시관을 감싼 대형 LED 스크린에는 2030년 부산시의 모습이 광활하게 펼쳐지고, 4명이 탑승하는 거대 로봇팔 시뮬레이터에 올라 VR기기를 착용하면 마치 UAM에 앉아 하늘을 나는 듯한 체험을 할 수 있다.
탑승자는 부산으로 출장 온 여행객이 돼 항공기 안에서 업무 미팅 일정을 확인하고 회의 자료를 검토한다. 인공지능은 항공기에서 내린 뒤 곧바로 탑승할 수 있는 육상교통편을 예약해 주고, 여행에 어울리는 음악도 재생해 준다.
SKT는 로봇팔 시뮬레이터를 이용한 가상 UAM 체험을 통해 관람객들이 첨단 이동통신·자율주행·인공지능 기술이 융합된 SKT의 모빌리티 혁신 방향을 확인할 수 있도록 콘텐츠를 구성했다.
또한 SKT는 4인승 UAM 기체를 8분의 1 크기로 축소한 전기수직이착륙기(eVTOL) 모형을 중심으로 UAM 서비스 추진 현황과 서비스 상용화를 통해 창출할 수 있는 경제적·사회적 가치에 대해 소개했다.
UAM은 수직 이착륙이 가능한 전기 모터를 이용해 비행기보다 낮은 고도로 신속하게 비행하는 저소음·저탄소 교통수단으로서 교통체증으로 인한 사회적 비용을 절감할 수 있을 것으로 기대를 모은다.
하민용 SKT CDO (Chief Development Officer, 최고사업개발책임자)는 “UAM은 하늘길을 통해 쾌적하게 이동하며 고객의 소중한 시간과 노력을 아껴주는 혁신 서비스”라며 “SK텔레콤은 국내 UAM 산업을 선도하는 서비스 비전을 알리기 위해 고객과의 소통을 계속해 나갈 예정”이라고 밝혔다.
  [디펜스투데이] 
Tag
#SK텔레콤
#UAM미래
#부산국제모터쇼
#디펜스투데이
저작권자 © 디펜스투데이 무단전재 및 재배포 금지
이승준 기자
다른기사 보기","{""무인체계"": [""수직이착륙"", ""VTOL""], ""AI/컴퓨팅"": [""인공지능"", ""VR""], ""무기/방어체계"": [""DE""], ""재료/제조"": [""AM""], ""기타/기술"": [""LED""]}",True,UAM (Urban Air Mobility),2030,relevant,"이 기사는 SK텔레콤이 2030년 부산의 UAM 서비스 상용화를 계획하고 있음을 보여줍니다. 기사에는 UAM 서비스의 미래상과 기술적 특징이 소개되어 있으며, 상용화를 위한 노력도 언급되어 있습니다. 이는 군사 기술의 상용화 계획을 다루고 있어 국방 뉴스로 볼 수 있습니다."
"한화시스템-KT, 항공·우주용 양자암호",2022-07,http://www.defensetoday.kr/news/articleView.html?idxno=4126,"한화시스템(대표이사 어성철)은 KT와 ‘항공·우주 분야 양자암호통신 기술개발 협력을 위한 양해각서(MOU)’를 체결했다고 7월 12일 밝혔다. 
이번 협약을 통해 양사는 한화시스템의 인공위성 초정밀 지향·추적(PAT·Pointing Acquisition and Tracking) 기술과 KT의 양자암호 기술을 접목시켜 ‘레이저 통신 기반의 무선 양자암호통신 기술’을 공동 개발할 계획이다.
양자암호통신은 에너지의 최소단위인 양자를 활용, 광자(빛 알갱이)에 정보를 담아 데이터를 보호하는 차세대 통신 기술이다. 제3자가 접근하면 데이터 내용이 어그러져 양자컴퓨터에 의한 해킹·도청 등의 보안 위협에 완벽하게 대응할 수 있다.
이미 선진국은 위성 및 비행기와의 무선 양자암호통신 기술을 개발 및 실증하는 등 기술 선점에 나서고 있으며, 보안이 생명인 국방 분야에서도 미래 통신 기술로 각광받으며 연구개발을 시작하고 있다.
(왼쪽부터) 김이한 KT융합기술원장, 김정호 한화시스템 지휘통제사업본부장 (사진:한화시스템)
초정밀 지향·추적(PAT) 기술은 지구 저궤도상에서 매우 빠른 속도로 이동하는 통신위성들의 위치를 정확히 추적하는 기술로, 위성 간 레이저로 통신을 가능하게 하는 ‘위성 간 링크(ISL·Inter Satellite Link)’의 핵심 기술이다.
저궤도 통신위성에 ISL을 적용하면 보다 빠른 속도로 고용량의 데이터를 송수신 할 수 있어 차세대 저궤도 통신위성의 필수 기술로 떠오르고 있으며, 한화시스템은 2021년 국내 최초로 ISL 개발을 착수해 진행중이다. 
양사는ISL의 주요 기술인 초정밀 지향·추적기술(PAT)을 통해 양자통신의 원거리 송수신 성공률을 획기적으로 높여 무선 양자암호통신의 실용화를 앞당길 수 있을 것으로 기대하고 있다.
또한, 무선 양자암호통신은 세계 어디에서나 안정적이고 완벽한 보안이 보장된 통신을 가능하게 해 국가 보안체계뿐만 아니라 저궤도 위성통신·UAM·자율주행차 등 미래 산업에도 활용 가치가 높을 것으로 예상하고 있다.
김이한 KT융합기술원장은 “무선 양자암호통신 기술은 위성통신을 포함하는 6G 시대를 준비하는 KT의 핵심 기술 요구사항이다”라며, “국내 방위산업을 선도하고 있는 한화시스템과의 기술 협력으로 양자 분야의 국가기술 경쟁력 제고에 기여하겠다”라고 전했다.
김정호 한화시스템 지휘통제사업본부장은 “한화시스템은 이번 협약을 통해 확보하게 될 무선 양자암호통신 기술을 방산은 물론 위성·UAM 등 보안과 안전이 생명인 다양한 산업군에 적용할 수 있을 것으로 기대하고 있다”라며, “앞으로도 지속적인 기술 협력을 통해 양자암호통신을 활용한 새로운 비즈니스 모델을 발굴해 나가는데 힘쓸 것이다”라고 전했다.
한편, KT는 자체 기술력을 바탕으로 20kbps유선 양자암호통신 시스템 개발에 이어 서울-부산 496km 구간 이종장비 연동 실증 및 서비스 품질 평가를 완료하는 등 양자암호 기술의 상용화를 준비해오고 있다.
지난 5월엔 1km구간에서 무선양자암호 전송에 성공하며 국내 통신사 중 최장거리 양자암호 전송을 기록한 바 있다. 
[디펜스투데이]
Tag
#한화시스템
#KT
#양자암호통신
#양자암호기술협력
#디펜스투데이
저작권자 © 디펜스투데이 무단전재 및 재배포 금지
이승준 기자
다른기사 보기","{""우주/위성"": [""저궤도"", ""위성통신""], ""센서/통신"": [""지휘통제""], ""재료/제조"": [""AM""], ""첨단기술"": [""satellite""]}",True,무선 양자암호통신 기술,,relevant,"이 뉴스는 한화시스템과 KT가 항공·우주 분야에서 무선 양자암호통신 기술을 공동 개발한다고 보도하고 있습니다. 이는 상용화를 위한 연구개발 단계이며, 구체적인 전력화 시점은 언급되어 있지 않습니다. 따라서 군사 기술의 상용화/전력화/배치/개발완료를 다루고 있지는 않지만, 관련 핵심 기술 개발에 대한 내용을 담고 있습니다."
"에어버스, H145 헬리콥터 납품 계약 수주",2022-06,http://www.defensetoday.kr/news/articleView.html?idxno=4060,"에어버스가 호주 빅토리아 주에 소재한 프리미엄 전세기 및 상용기 운항사 마이크로플라이트(Microflite)와 H145 헬리콥터 신규 주문 계약을 체결했다고 밝혔다. 마이크로플라이트는 기단 확장과 현대화를 위한 노력의 일환으로 5개의 날개로 구성된 H145 헬기를 도입해 상용 목적 외 구조 작전 및 수송 업무를 지원하며 기단 역량 강화에 박차를 가한다.
마이크로플라이트는 에어버스 호주의 민간 헬리콥터 부문 최대 고객사로, 단발 중간 엔진의 H120, H125, H130, 헬기 및 쌍발 엔진의 다목적 소형 헬리콥터 H135 등 19개 기종으로 구성된 에어버스 전용 기단을 운용하고 있다. 최근에는 H130 헬기 두 대를 추가 주문하였으며, 올해 말까지 기단에 인도될 계획이다.
호주 마이크로플라이트사에서 신규 주문한 H145 헬리콥터 (사진:에어버스)
또한, 마이크로플라이트는 연속된 기단 현대화 프로젝트의 일환으로 현재 운용 중인 H125와 H130 헬리콥터 기단 리뉴얼 작업에 착수했다. 안전성 향상에 기여하는 대표적인 장비를 탑재하는 과정으로, 내비게이션 설계 전자기업 가민(Garmin)사의 G500 TXi 디스플레이 화면과 에어버스 충돌방지 연료 시스템(crash resistant fuel system, CRFS)을 설치 중이다.
조나단 부스(Jonathan Booth) 마이크로플라이트 헬리콥터 서비스 CEO는, “호주 민간 항공기 운영사 최초로 H145 헬리콥터를 기단에 도입하게 되어 무척 기쁘다. 우수한 성능을 자랑하는 에어버스 헬리콥터 기단을 수십 년 동안 운영한 결과, H145 헬리콥터 또한 상용기 외 다목적 헬리콥터로써 업무를 완벽히 수행할 수 있다고 믿는다”고 전했다. 
크리스티안 벤잘(Christian Venzal) 호주 및 뉴질랜드 에어버스 헬리콥터스 전무이사는, “기단 확장 프로젝트에 에어버스를 선정한 마이크로플라이트에 감사를 표한다. 16년 전, H120 헬리콥터를 기단에 인도하며 시작된 인연을 오늘날 H145 계약으로 이어 나가며 마이크로플라이트가 에어버스 제품은 물론 사후 서비스에 얼마나 굳게 신뢰하고 있는지 확인할 수 있는 계기였다. 마이크로플라이트에 납품한 자사 헬리콥터 기종들이 다양한 프로젝트에 투입되어 작전을 수행하는 모습을 보니 매우 자랑스럽다”고 말했다. 이어, “에어버스가 안전을 최우선 가치로 삼고 있는 만큼 앞으로도 고객사 기단의 안전성과 운영 효율을 향상시키기 위한 지원을 아끼지 않을 것이다”고 밝혔다.
마이크로플라이트는 최근 에어버스 조종사 훈련 기관으로 선정된 바 있으며, H125, H130, H135 및 H145 헬기 기종별 훈련 프로그램을 제공하고 있다. 
[디펜스투데이]
Tag
#에어버스
#조종사훈련용
#H145
#마이크로플라이트
#디펜스투데이
저작권자 © 디펜스투데이 무단전재 및 재배포 금지
이승준 기자
다른기사 보기","{""AI/컴퓨팅"": [""AR""], ""센서/통신"": [""RF""], ""재료/제조"": [""TEM""], ""무인체계/로봇"": [""HRI""]}",True,H145 헬리콥터,2022-06,relevant,"이 기사는 에어버스가 호주 마이크로플라이트사와 H145 헬리콥터 납품 계약을 체결했다는 내용을 다루고 있습니다. 이는 상용화 관련 내용으로 판단되며, 기술명과 시점이 명확하게 언급되어 있습니다."
"ABS와 스페이스X",2022-06,http://www.defensetoday.kr/news/articleView.html?idxno=4025,"ABS와 스페이스X(SpaceX)가 해상에서 부스터 로켓을 회수하는 데 사용되는 자율 로켓 회수 드론쉽(droneship)의 원격 제어 기능을 검토하기 위해 공동 개발 프로젝트(JDP) 계약을 체결했다.
로켓 회수 드론쉽은 △착륙 플랫폼 면적을 넓히기 위한 갑판(deck) 확장 △추진 및 스테이션 정지를 위한 4개의 반동 추진 엔진 탑재 △갑판의 전기 및 엔진 장비 보호를 위한 폭발 차폐물 탑재 등 개조를 거쳤다. 이 드론쉽은 완전한 무인 상태로 착륙할 수 있으며 선상에는 로봇이 배치돼 선박이 항구로 회항하기 전에 로켓 부스터를 드론쉽에 고정한다.
ABS와 스페이스X, 로켓 회수용 원격 제어 드론쉽 공동 개발 프로젝트 계약 체결(사진:ABS)
프로젝트를 통해 양사는 ABS의 자율 및 원격 제어 기능 가이드를 준수하기 위해 스페이스X 로켓 회수 드론쉽 3종 중 하나의 설계를 검토하게 된다. ABS는 위험 기반 접근 방식을 적용해 운영 요건이 까다롭고 독특한 드론쉽의 자율 기능을 평가할 계획이다.
패트릭 라이언(Patrick Ryan) ABS 글로벌 엔지니어링/기술 담당 수석부사장은 “ABS는 전 세계 주요 파트너와 진행한 프로젝트에서 자율 및 원격 제어 기술 작업을 수행하는 동안 해당 기술의 실제 해상 적용을 지원하는 데 앞장서 왔다”며 “이를 통해 ABS는 스페이스X의 흥미롭고 독특한 프로젝트에 협력할 수 있는 알맞은 입지를 세웠다”고 강조했다. 이어 “스페이스X와 같은 진정한 선구적 기업이 ABS의 능력을 인정했다는 데 자부심을 느낀다”고 말했다.
ABS는 해상용 자율·원격 기능 개발 지원 분야의 세계적인 선두 주자다. 케펠 오프쇼어 앤 마린(Keppel Offshore & Marine)이 개발한 원격 작동 예인선은 2021년 10월 세계 최초로 ‘ABS 원격 제어 선급부호(ABS REMOTE-CON Notation)’를 획득했다.
웹사이트에서 자율·원격 제어 기능을 위한 ABS 가이드 사본을 내려받을 수 있다. 
[디펜스투데이]
Tag
#ABS
#스페이스X
#로켓회수드론쉽
#디펜스투데이
저작권자 © 디펜스투데이 무단전재 및 재배포 금지
이승준 기자
다른기사 보기","{""AI/컴퓨팅"": [""AR""], ""무기/방어체계"": [""DE""], ""연구/프로그램"": [""OTA""], ""작전/전술"": [""ACE""], ""기타/기술"": [""IP""], ""드론/무인체계"": [""drone""], ""해군장비"": [""ship""], ""첨단기술"": [""space""]}",True,로켓 회수 드론쉽,2022-06,relevant,이 기사는 스페이스X와 ABS가 공동으로 개발하고 있는 로켓 회수 드론쉽 기술에 대해 다루고 있습니다. 구체적인 개발 내용과 향후 계획이 소개되어 있어 상용화 관련 내용이 포함되어 있습니다.
"한화시스템 美 오버에어에 1500억 규모 투자",2022-06,http://www.defensetoday.kr/news/articleView.html?idxno=4015,"한화시스템은 이번 시리즈B 투자에 5000만 달러(한화 약 643억원)를 진행하고, 한화에어로스페이스가 새롭게 참여해 6500만 달러(한화 약 836억원)를 투자한다.  
국내 최초로 UAM 시장에 뛰어든 한화시스템은 고도화된 항공전자 및 ICT 기술력을 바탕으로, 오버에어의 세계적인 전기 수직 이착륙 항공기(eVTOL) 역량을 접목해 기체개발‧버티포트‧교통관리 서비스 등 국내외 UAM 시장을 선도하는 '글로벌 UAM 솔루션 프로바이더'로 발돋움한다는 전략이다.
한화에어로스페이스는 지난 40여년간 우주항공엔진 전문기업으로 쌓아온 기술력을 토대로, 미래 모빌리티 기술 선도기업으로 도약하기 위해 역량을 집중하고 있다. 특히 누리호‧KF-21 등 다양한 우주항공 엔진 및 구동 분야의 풍부한 기술력을 기반으로 'UAM 파워트레인(power train·동력전달장치)' 사업을 이끌며 성장해 간다는 계획이다.
한화시스템-오버에어_UAM 기체 버터플라이 (사진:한화시스템)
한화에어로스페이스는 오버에어측과 UAM 기체의 엔진 역할을 하는 '배터리 기반의 전기추진 시스템'을 개발하고 있다. 또한 장거리 및 다인승 등 다변화될 UAM 기체에 맞춰 가스터빈이나 수소연료전지 시스템을 전기 배터리와 결합한 '미래형 하이브리드 전기추진체계' 개발과 공급을 협력해나갈 예정이다. 실제로 한화에어로스페이스는 항공용 파워트레인(power train·동력전달장치) 핵심 구성품을 개발하고 있으며, 올 1월 산업통상자원부와 한국에너지기술평가원이 주관하는 'UAM 연료전지 경량화 기술개발' 과제를 수주하며 UAM용 수소연료전지 시스템 개발에 착수한 바 있다. 
한화시스템은 오버에어와 함께 2023년 상반기에는 실물 크기의 무인 시제기 제작을 앞두고 있다. 무인 시제기의 자체 비행시험을 통해 항행관련 기술검증이 완료되면, 2024년과 2025년에 걸쳐 국토부 주관 '한국형 도심항공교통 그랜드 챌린지(K-UAM GC)' 참가와 미국 연방항공청(FAA) 인증을 위한 실증비행에 돌입한다는 계획이다.
한화시스템은 또한 현재 도심 상공의 항행·관제 솔루션, 교통체계 연동 시스템 등 에어 모빌리티 플랫폼을 구축해 나가고 있다. 한화시스템은 지난 4월 국토부 과제 'UAM 가상운용환경 조성 및 통합검증 기술 개발'과 '저밀도 UAM 교통관리용 CNSi 활용체계 검증기술 개발' 두 건을 수주했다. 이에 UAM 환경 시뮬레이션을 통해 UAM 교통관리 핵심기술 및 시스템 검증에 착수하고, UAM 운항에 필요한 항행·관제 인프라(CNSi) 통제 시스템 기술 개발에 매진하고 있다. 
한화시스템-오버에어_UAM 기체 버터플라이 (사진:한회시스템)
  오버에어는 5월 27일(현지 시간) 미국 항공우주국(NASA)의 UAM 실증 테스트(AAM National Campaign) 참여사로 발탁됐다. 앞으로 NASA 주관의 UAM 항로 설계·교통관리 시스템·인프라 개발 및 정보교환 활동에 합류한다.  또한 오버에어는 최근 미국 로스앤젤레스(LA) 시가 주도하는 도시교통체계 개선 협의체 'UML(Urban Movement Labs)'에도 합류하며, UAM 상용화 속도를 높일 연구와 활동의 폭을 넓히고 있다. 
오버에어는 한화그룹의 항공우주 사업을 대표하는 한화에어로스페이스와 한화시스템을 사업화 파트너로서 선정하며, 양사가 보유한 항행 센서·레이다·파워트레인 등의 기술이 UAM 개발 전 영역에서 시너지를 내고 있다고 밝혔다. 
국토교통부는 K-UAM 로드맵을 통해 2040년 세계 에어모빌리티 시장을 약 730조원으로 추산했다. 미국의 투자은행 모건스탠리는 시장 성장성을 이보다 크게 산정, 2040년까지 글로벌 UAM 시장이 1조 5000억 달러(한화 약 1929조원)까지 성장할 것으로 전망한 바 있다.
[디펜스투데이]
Tag
#한화시스템
#오버에어
#UAM
#디펜스투데이
저작권자 © 디펜스투데이 무단전재 및 재배포 금지
이승준 기자
다른기사 보기","{""무인체계"": [""VTOL""], ""AI/컴퓨팅"": [""AI"", ""ICT"", ""ML""], ""재료/제조"": [""AM""], ""항공기/전투기"": [""KF-21""]}",True,도심 항공 모빌리티(UAM) 기체 및 시스템,2024-2025,relevant,"이 기사는 한화시스템과 한화에어로스페이스가 도심 항공 모빌리티(UAM) 기술 개발에 투자하고 있음을 다루고 있습니다. 주요 기술로는 eVTOL 기체 개발, UAM 배터리/하이브리드 동력 시스템, 항행관제 및 교통관리 시스템 등입니다. 실물 크기 무인 시제기 제작 계획(2023년 상반기)과 국내외 인증 및 실증 시험 계획(2024-2025년)이 언급되어 있어, 상용화/전력화 시점을 추정할 수 있습니다."
"HD현대 아비커스, 세계 첫 자율운항 대양횡단 성공",2022-06,http://www.defensetoday.kr/news/articleView.html?idxno=3973,"2단계 자율운항솔루션 ‘하이나스 2.0’ 적용, 10,000km 자율운항 성공
HD현대의 자율운항 전문회사 아비커스가 세계 최초로 대형 선박의 자율운항 대양횡단에 성공했다.
아비커스는 2일(목) SK해운과 18만 입방미터(㎥)급초대형 LNG운반선 ‘프리즘 커리지’호의 자율운항 대양횡단을 성공적으로 마쳤다고 밝혔다.  이 선박에는 아비커스의 2단계 자율운항솔루션인 하이나스(HiNAS) 2.0이 탑재됐으며, 이번 항해는 자율운항 기술로 선박을 제어해 대양을 횡단한 세계 첫 사례다. 
이 선박은 지난달 1일 미국 남부 멕시코만 연안의 프리포트(Freeport)에서 출발, 파나마 운하 통과, 태평양 횡단 등 33일간의 운항을 마치고 충남 보령 LNG터미널에 도착했다. 총 운항 거리 약 20,000km 중 절반인 10,000km를 하이나스 2.0을 적용해 자율운항했다.
HD현대 아비커스와 SK해운이 대형 상선의 자율운항 대양횡단에 성공했다. 사진은 아비커스의 하이나스 2.0 시스템을 살펴보는 선장과 항해사의 모습 (사진:현대중공업)
아비커스가 개발한 하이나스 2.0은 현대글로벌서비스의 통합스마트십솔루션(ISS, Integrated Smartship Solution)을 기반으로 최적의 경로와 항해속도를 생성하고, 인공지능이 날씨, 파고 등 주변 환경과 선박을 인지해 실시간으로 선박의 조타명령까지 제어하는 2단계 자율운항 시스템이다. 2단계 자율운항 기술은 기존 1단계 기술인 인지, 판단 기능에 더해 조종 및 제어까지 가능한 기술을 의미한다.
이번 대양횡단에서 하이나스 2.0이 탑재된 선박은 최적 경로로 자율운항하며 연료 효율을 약 7% 높이고 온실가스 배출은 약 5% 절감했다.  또한 운항 중 타 선박의 위치를 정확히 인지해 충돌 위험을 100여 차례 회피했다.
특히 이번 항해는 자율운항 기술의 성능과 안정성에 대한 객관적 입증을 위해 미국선급협회(ABS) 및 한국선급(KR)의 실시간 모니터링 하에 진행됐다. 아비커스는 미국선급으로부터 이번 자율운항 대양횡단의 결과증명서를 받은 뒤 올해 하반기 중 하이나스 2.0을 상용화할 예정이다. 
현대중공업이 지난 2021년 건조해 SK해운에 인도한 18만 입방미터(㎥)급 LNG운반선 ‘프리즘 커리지’호 (사진:현대중공업)
자율운항 기술은 해상 운송업계의 인력난 해소, 휴먼에러의 원천 제거를 통한 안전성 제고, 오염물질 저감 등이 가능해 미래 해상 모빌리티의 혁신기술로 주목받고 있다. 
글로벌 시장조사업체인 어큐트마켓리포츠(Acute Market Reports)에 따르면, 자율운항선박 및 관련 기자재 시장은 연평균 12.6%씩 성장해 2028년에는 시장규모가 2,357억 달러에 이를 것으로 전망된다. 
‘프리즘 커리지’호의 고영훈 선장은 “아비커스의 자율운항 기술은 이번 테스트에서 항로 유지, 자율 변침(變針) 및 선박 피항조선(避航操船)에 있어 큰 도움이 됐고 선원 항해 업무의 편의성을 높였다”고 말했다.
아비커스 임도형 대표는 “최적 경로를 안내하는 자율운항 1단계 기술을 넘어 실제로 선박을 움직이는 2단계 시스템을 성공적으로 테스트했다는 점에 의미가 있다”며, “대형 상선뿐만 아니라 소형 레저보트용 자율운항 솔루션까지 고도화해 혁신을 주도할 것”이라고 밝혔다. 
현대중공업그룹의 사내 벤처 1호로 지난 2020년 12월 출범한 아비커스는 지난해 6월 국내 최초로 12인승 크루즈 선박의 완전 자율운항에 성공했다. 올해 초에는 세계 최대 전자‧IT 전시회인 CES2022에서 자율운항 기술을 선보였으며, 미국선급협회와 선박 자율운항기술의 단계별 기본인증을 위한 협력에 나서는 등 자율운항 기술 선점에 박차를 가하고 있다.
[디펜스투데이]
Tag
#현대중공업
#자율운항선박기술
#아비커스
#하이나스2.0
#SK해운
#디펜스투데이
저작권자 © 디펜스투데이 무단전재 및 재배포 금지
장훈 기자
다른기사 보기","{""우주/위성"": [""ISS""], ""AI/컴퓨팅"": [""인공지능"", ""AR""], ""기타/기술"": [""IP""], ""해군장비"": [""ship""]}",True,하이나스 2.0 자율운항 시스템,2022-HY2,high,"기사에서 HD현대 아비커스가 개발한 2단계 자율운항 시스템 '하이나스 2.0'이 세계 최초로 대형 LNG 운반선의 대양횡단에 성공했으며, 이 시스템이 올해 하반기 중 상용화될 예정이라고 언급했습니다."
"MT30 가스터빈 발전기, 미래 전기추진 함정 엔진의 핵심",2022-05,http://www.defensetoday.kr/news/articleView.html?idxno=3907,"MT30 가스터빈 발전기 (사진:롤스로이스)
지난 10여년이 넘는 기간동안 세계 주요 선진 해군 전투 함정들의 주추진 시스템에 MT30의 사용실적이 급진적으로 증가해 왔다. 그 예로 미 해군의 줌왈트급 구축함과 영국 해군의 퀸엘리자베스 항공모함을 들 수 있고 8개 함형 중 총 11개 프로그램에 MT30 엔진이 적용되어져 왔다.
함정 추진시스템 설계에서 주어진 구조물과 기계/장비 격실들의 공간적 제한사항에 대한 효율적 사용은 가장 중요하다고 할 수 있다.
MT30 가스터빈 발전기는 중형급 사이즈의 구축함뿐만 아니라 극도로 복잡한 현대 항공모함에 잘 배치될 수 있도록 개발되었고 직접에너지 무기체계를 포함한 전기에너지의 무기체계/전투체계에 전기동력을 제공하도록 개발되었다. 이러한 발전기 개발은 기계식 추진체계의 MT30 가스터빈에서 기반한다.
통합전기 추진체계: 주요 성공 요인들
통합전기 추진체계는 항공모함과 같이 상대적으로 큰 사이즈와 선속이 느린 함정에 특별하게 이점이 많다. 이는 작전 운용성 뿐만 아니라 배치 측면에서 높은 유연성과 효율적 자동화, 적은 수의 승조원과 엔진을 가능하게 한다. 미래 함형의 통합전기 추진체계에서 높은 탄력성과 적응성은 필수적으로 요구되고 있다.
향후 40년이 넘는 수명기간 동안 통합전기 전력/추진체계가 전례없는 적응성을 보여줄 수 있기 때문이다. 영국의 퀸엘리자베스급 항공모함에서도 주어진 대형 작전용 미션 시스템과 함내 소요전력 요구사항에 대해 논리적인 접근방식으로 통합전기 추진체계가 선정되었다.
통합전기 추진체계는 사양을 특정하기 어렵기 때문에 고도로 전문화되고 복잡한 방식이라 할 수 있다. 그래서, 산업계의 전문가들의 도움과 체계공학적 테크닉이 필요하다.
통합전기 추진체계는 함재기 격납 공간 최대화와 비행갑판 간섭 최소화를 의미하는 항공작전성과 함생존성을 최대로 올릴 수 있도록 최적화 시킨다.
MT-30 가스터빈 이미지 (사진:롤스로이스)
출력 밀도
순전한 출력 밀도를 가진 MT30 발전기는 함정의 수면상부 위치가 가능하고 수평 또는 수직으로 분리 배치할 수 있어 우수한 함생존성, 높은 엔진 효율과 낮은 배기관 압력 손실 그리고 함형 설계를 지원한다.
특히, 한국 해군 FFG-2,FFG-3 신형호위함에 탑재된 (롤스로이스의) MT30과 동일한 컴팩 패키지 디자인과 MT30 가스터빈 발전기의 실선 운전 경험이 다양한 사양 범위의 발전자와 패키징 장비를 지원하도록 유연한 설계 능력을 유지하면서도 높은 출력 밀도를 공급한다.
충격과 소음과 같은 해군 특수 요구성능을 충족해온 (롤스로이스의) 다양한 경험이 충분한 정비 접근성을 확보하면서 동시에 설치공간을 최소화 시킬 수 있도록 부피와 무게를 최적화시킬 수 있었다. 이러한 요소들은 함정 설계자들이 한국 해군들에게 플랫폼의 유연성 뿐만 아니라 신뢰성, (군수)지원성, (작전)지속성 그리고 사업비 가용성을 주고 있다.
MT-30 가스터빈 발전기 구성 (사진:롤스로이스)
효율성과 경제성
MT30은 최신형 고출력 해상 가스터빈이다. 4세대 가스터빈인 MT30은 플랫폼 설계 유연성을 제공하고 “더 적은 엔진으로 더 높은 출력”을 제공함으로서 해군의 추진체계를 혁신을 해오고 있다.
MT30의 입증된 효율성과 신뢰성은 함수명 비용 절감과 전통적 가스터빈 대비 상당한 정비 소요 감소로 함운용 요원을 줄일 수 있는 것과 같은 이점들을 제공한다. 롤스로이스의 MT30 해상용 가스터빈은 EHM(엔진 상태 모니터링) 기능이 구축되어 있다.
이 기능은 각 종 데이터들의 수집과 예지/진단 분석들을 통해 궁극적으로 해군 함대 작전 세력들의 작전 가용성을 극대화하는 것과 함상 정비를 최적화 하는 것 그리고 정비비와 정비인원을 지속적으로 줄일 수 있는 것을 목적으로 한다. 엔진의 실제 상태는 EHM을 사용하여 지속적으로 평가될 수 있다.
한국 해군의 FFG-2,FFG-3 신형 호위함에 탑재된 엔진의 예상되는 출력과 사용율을 근거로 볼때 MT30은 “fit-and-forget(설치후 창정비 無)” 능력을 갖췄다고 여겨질 수 있다. 이 의미는 독보적으로 낮은 총수명 비용을 가지는 함정에서 전 생애에 걸쳐 창정비를 위한 엔진 탈거를 하지 않을 수도 있다는 것이다.
효용성과 경제성을 가진 MT-30 (사진:롤스로이스)
신형 추진체계는 차세대 전투함을 위한 게임체인저
MT30은 출력 손실 없이 함정을 운용할 수 있게 (유형에 따라) 43MW까지 출력을 제공한다. 최대 출력으로 운항중 긴급정지된 이후 대기 시간 없이 엔진을 바로 재기동할 수 있다.
여유있게 높은 열에너지 마진은 MT30의 최대 출력이 운용기간 동안 가능하다는 것을 보증한다. 이것은 운용자가 어떤 출력 저하없이 지속적으로 (과부하를 포함하여) 출력 수준을 유지할 수 있다는 것을 의미한다. 이러한 것들은 MT30 해상 가스터빈 만의 독특한 특징이다. 그리고, 점점 증가되어져 가고 미래의 알수 없는 출력 요구 수준에 대응해야하는 미래 함정에도 도움을 준다.
MT30 가스터빈 발전기는 임무 수행을 위한 치명적인 작전용 부하에 전력 공급을 유지하도록 프리 터빈 구조로 되어 있어 주파수 반응면에서 검증된 전력 품질을 공급할 수 있다. 이러한 성능들은 함정이 총수명 기간동안에 걸쳐 전통(기존) 발전기를 성능(교체)개선하는데 비용적으로 감내할 필요없이 단지 기술 반영을 통해 군사력 장점을 지속 유지할 수 있게 한다.
[디펜스투데이]
Tag
#롤스로이스
#MT-30
#가스터빈발전기
#대구급호위함
#디펜스투데이
저작권자 © 디펜스투데이 무단전재 및 재배포 금지
이승준 기자
다른기사 보기",{},True,MT30 가스터빈 발전기,2022-05,high,"이 기사는 MT30 가스터빈 발전기가 세계 주요 선진 해군 전투 함정들의 주추진 시스템에 사용되고 있으며, 특히 한국 해군 FFG-2, FFG-3 신형호위함에 탑재되어 있다고 언급합니다. 따라서 이는 군사 기술의 상용화/전력화/배치를 다루고 있으며, 기술명과 배치 시점이 구체적으로 제시되어 있어 quality가 높습니다."
"우크라이나에 제공하는 영국의 브림스톤 미사일",2022-05,http://www.defensetoday.kr/news/articleView.html?idxno=3868,"브림스톤 미사일은 ‘장거리 대전차 미사일’ 용도로 유럽 MBDA사가 개발한 공대지 미사일 이다.
브림스톤은 초기버젼인 싱글 모드에서 개량된 시커와 소프트웨어를 탑재한 ‘듀얼 모드 브림스톤(DMB)’으로 재개발 되었다.
최신형으로 업그레이드된 브림스톤은 아프가니스탄과 리비아 분쟁에 투입되어 주야간 운용 성능을 통해 외과수술적 정밀 타격 성능을 입증했다.
브림스톤의 성능은 근접지원용 유사 공대지유도탄 보다 현대 전차에 약 3배 이상 효과적이고, 영국 공군이 운용중인 대전차 폭탄 보다는 약 7배 이상 효과적인 것으로 알려져 있다.
실전 입증으로 군사 작전으로 민간인에 대한 부수적 피해를 최소화할 수 있는 무기체계이기도 하다.
브림스톤 공대지 미사일은 전투기의 지상군 근접지원, 해상공격 헬기, 고속정 이상의 전투함 등에 효율적으로 운용 가능하여 러시아군에게 정밀타격이 가능하다.
브림스톤은 지상과 해상 환경을 막론하고 직접 및 간접 모드로, 고속으로 이동하는 차량과 함정을 비롯해 다양한 목표물들을 타격할 수 있는 유일한 성능을 갖고 있다.
고속 기동 목표물, 전차와 장갑차량, 벙커 등을 포함한 다양한 함정들도 브림스톤의 목표물이다.
영국은 브림스톤을 장착한 전투기의 일회 출격을 통해 사거리, 속도, 정밀도, 탄력적 운용성 및 다중 목표 타격 등의 공격력을 발휘할 수 있다. 고정익 플랫폼에 장착되는 경우, 브림스톤은 공격헬기만으로는 부족한 근접공중지원과 대게릴라전에 신속하게 응할 수 있다. 다만 우크라이나군은 지상용으로 운용할 예정이다. 
브림스톤 계열 미사일은 공대지 임무와 대전차 목표물 타격을 위한 공중발사형 ‘브림스톤’과 다양한 해상 플랫폼에서 운용하는 ‘브림스톤 시 스피어’가 있다.
브림스톤은 영국 공군의 타이푼 전투기와 육군의 공격헬기에도 통합이 완료 되어 운용중이다. 브림스톤 시스템은 지상 및 해상 플랫폼들에서 운용하는 다양한 무인기에 장착 가능하다.
[디펜스투데이]
Tag
#디펜스투데이
#밀리터리
#국방
#군사
#이슈분석
#현대병기
#획득무기
#무기백과
#디펜스TV
저작권자 © 디펜스투데이 무단전재 및 재배포 금지
이치헌 기자
다른기사 보기","{""항공기"": [""전투기""], ""항공기/차량"": [""공격헬기""]}",True,브림스톤 미사일,2022-05,high,"이 기사는 영국이 우크라이나에 제공하는 브림스톤 미사일에 대해 자세히 설명하고 있습니다. 브림스톤 미사일은 현대 전차에 대해 효과적이며, 영국 공군과 육군에 이미 도입되어 운용 중인 것으로 나타났습니다. 따라서 상용화/전력화된 군사 기술을 다루고 있고, 기술명과 상용화 시점(2022-05)이 명확하게 제시되어 있어 품질이 높습니다."
"LIG 넥스원의 저고도 방공레이더 배치는 잘되고 있는가",2022-04,http://www.defensetoday.kr/news/articleView.html?idxno=3823,"TPS-880K 차기 국지방공레이더
기존 육군이 운용하던 TPS-830K와 REPORTER 저고도레이더의 노후화와 무인기 탐지 제한 등 제한 요소들을 해결하기 위하여 국방부는 차기 국지방공레이더 개발을 결정하고 2011년 LIG넥스원을 연구개발 주관기관으로 선정하였다. 
이후 2015년부터 시험평가에 착수, 2017년 전투용 적합 판정을 받고 규격화를 거쳐 양산을 시작한다.
TPS-880K 차기 국지방공레이더는 X-밴드 능동 전자주사식 위상배열(Active Electronically Scanned Array ; AESA) 레이더로 기존 저탐레이더에 비해 탐지범위와 탐지거리가 향상되었다. 
TPS-830K는 팬 빔(Fan beam ; 부채꼴) 방식으로 거리와 방위각의 2차원적 탐지만 가능한 데 비해 TPS-880K는 다중 빔 방식으로 거리와 방위각은 물론 고각까지 3차원적 탐지가 가능하며, 2014년 북한 무인기 사건 이후 작전요구성능(ROC)에 무인기 탐지능력을 추가하였다. 
전방에 전개하여 적의 항공기, 미사일, 무인기 등의 공중공격 또는 침투항적 탐지하면 즉시 방공지휘통제경보체계(Command Control and Alert ; C2A)를 통하여 표적 위치를 아군 타격자산에 실시간 전파하여 격멸하는 방식으로 운용하며 화생방 및 대전자전(ECCM) 방호능력 역시 갖추었다. 
현재까지의 방공레이더가 단순히 표적을 탐지하고 그 탐지된 정보만을 제공하는 센서 역할이었다면 TPS-880K 국지방공레이더는 탐지 뿐 아니라 위협 표적을 식별하고 네트워크로 연결된 타격자산을 통한 격추까지 시행하는 다기능 레이더체계이며, 육군 군단급 부대와 수도방위사령부, 해병대 서북도서 방위부대에 전력화하여 방공망을 구축하는 데 일조한다.
레이더 방식 : X-Band AESA 레이더
안테나 형태 : Array 안테나
최대탐지거리 : ○○km
표적추적개수 : ○○○개
전시기 : 최신상용보드(OS : 윈도우7)
[디펜스투데이]
Tag
#디펜스투데이
#밀리터리
#국방
#군사
#이슈분석
#현대병기
#획득무기
#무기백과
#디펜스TV
저작권자 © 디펜스투데이 무단전재 및 재배포 금지
안승범 기자
다른기사 보기","{""AI/컴퓨팅"": [""AR""], ""센서/통신"": [""지휘통제"", ""C2"", ""전자전""], ""재료/제조"": [""AM""]}",True,TPS-880K 차기 국지방공레이더,2017-01,high,"이 기사는 한국 국방 기술 개발과 전력화에 관한 내용을 다루고 있습니다. 구체적으로 TPS-880K 차기 국지방공레이더의 개발 과정과 전투용 적합 판정, 규격화 및 양산 시작 등을 설명하고 있어 상용화/전력화 시점을 명확히 제시하고 있습니다. 따라서 주요 기술과 전력화 시점이 잘 드러나 있어 높은 품질의 기사라고 볼 수 있습니다."
"두산의 한국형 발전용 가스터빈",2022-04,http://www.defensetoday.kr/news/articleView.html?idxno=3764,"민·관 합동으로 개발한 한국형 가스터빈을 현장에 최초 설치로 세계에서 5번째 국가로 개발국이 되어
산업통상자원부는 문승욱 장관이 4.5일(화) 서부발전 김포열병합 발전소 건설현장을 방문하여, “한국형 가스터빈 설치 착수 기념식”에 참석하고 현장 직원 및 가스터빈 업계 종사자들의 노고를 격려하였다고 밝혔다.
산업부는 소·부·장 산업 중 “장비 분야의 꽃”이라고 불리는 가스터빈 산업에서 우리 기술을 확보하기 위해 지난 ‘13년 민·관 합동으로 발전용 가스터빈 기술개발에 착수한 뒤, ’19년에 세계에서 5번째로 발전용 가스터빈(H급: 터빈 효율 40%이상) 독자 개발에 성공했다.
김포열병합발소에 설치되는 가스터빈은 ’20.1월부터 ’21.11월까지 두중 창원공장에서 전력계통에 연결되지 않은 상태(Off-Grid)로 성능 실증을 수행하였으며, 김포열병합에 설치후 ‘23.7월부터 ’25.7월까지 계통에 연결(On-Grid)하여 실제 발전을 하며 현장 실증을 진행할 계획이다.
두산 이너빌리티가 독자개발산 국산 발전용 가스터빈 DGT6-300H S1 (사진:두산이너빌리티)
현재 국내에 공급된 발전용 가스터빈 161기는 전량 외산 제품에 의존(‘22.3월 기준)하고 있으며, 금일 김포 열병합발전소에 설치되는 가스터빈이 발전 현장에서 가동되는 최초의 국산 가스터빈이 된다.
아울러, 정부는 무탄소 발전산업의 글로벌 경쟁력 강화를 위해 올해 상반기 중으로 수소·암모니아 발전 로드맵를 발표할 계획이다.
LNG 가스터빈 기술은 무탄소 발전인 수소 터빈 기술의 기반이 된다는 점에서도 중요한 의의가 있다.
한국형 가스터빈 기술개발 과정에서의 노하우를 기반으로 수소터빈 상용화에도 성공하여 수소경제 선도국가로의 도약을 추진한다.
문승욱 장관은 기후변화 대응과 탄소중립 달성을 위해서는 규제가 아닌 우리 산업의 경쟁력 강화가 중심이 되어야 함을 강조하였다.
가스터빈 기술 자립화는 지역산업 생태계구축, 부품･소재 경쟁력 강화, 일자리 창출 등 경제적 측면뿐만 아니라 에너지안보 측면에서도 매우 중요한 과제임을 밝혔다.
아울러, 문 장관은 현장 관계자에게 향후 실증 과정에서 민·관이 적극 협력하고 관련 경험을 축적할 수 있는 기회로 삼아줄 것을 당부하였다.
한국형 발전용 가스터빈 독자 개발 성공 및 설치로 외산이 대부분인 가스터빈을 점차 대체하면서 국산화 율을 높일 예정이다.
[디펜스투데이]
Tag
#두산이너빌리티
#국산가스터빈
#발전용
#DGT6-300H S1
#디펜스투데이
저작권자 © 디펜스투데이 무단전재 및 재배포 금지
신선규 기자
다른기사 보기",{},True,한국형 발전용 가스터빈,2023-07,high,이 기사는 한국에서 개발된 국산 가스터빈이 실제 발전소에 설치되고 2023년 7월부터 운영될 예정이라는 내용을 다루고 있어 군사 기술의 상용화와 관련이 있습니다. 또한 기술명과 상용화 시점이 구체적으로 명시되어 있어 정보의 질이 높습니다.
"대한항공, 항공안전기술원과 ‘UAM 운용 안전 기술 개발’ 협력",2022-03,http://www.defensetoday.kr/news/articleView.html?idxno=3720,"대한항공-항공안전기술원, 3월 24일 우리나라 항공 안전기술 발전을 위한 상호 협력 및 공동 연구 업무협약(MOU) 체결
대한항공이 향후 도심항공교통(UAM, Urban Air Mobility) 시대의 안전 운용 기반 마련을 위해 항공안전기술원과 적극 협력한다.
대한항공은 3월 24일(목) 오후 서울시 강서구 대한항공 본사에서 항공안전기술원과 ‘우리나라 항공안전기술 발전 및 UAM 분야 항공안전 강화를 위한 업무협약’을 체결했다고 밝혔다. 이날 행사에는 이수근 대한항공 안전보건 총괄 겸 오퍼레이션부문 부사장과 이대성 항공안전기술원장 등 관계자들이 참석했다.
대한항공과 항공안전기술원은 3월 24일 오후 서울시 강서구 대한항공 본사에서 우리나라 항공 안전기술 발전을 위한 업무협약(MOU)을 체결했다. 사진은 이수근 대한항공 안전보건 총괄 겸 오퍼레이션부문 부사장(왼쪽)과 이대성 항공안전기술원 원장(오른쪽)이 기념사진을 촬영하고 있는 모습.(사진:대한항공)
대한항공과 항공안전기술원은 ▲연구사업 및 현안과제 등에 대한 상호 자문 ▲UAM 운용 안전 기술 개발을 위한 공동연구 및 기반 조성 ▲UAM 팀 코리아(UAM Team Korea)와 국가 연구개발 사업의 원활한 수행을 위한 협조 등 다양한 부문에서 협력하기로 했다.
이번 협약을 기반으로 대한항공은 UAM 비행 계획 수립 단계부터 비행 종료까지 전 과정에 걸쳐 안전저해 요소를 식별하고 안전성을 체계적으로 검증할 수 있는 시스템을 개발해 나갈 계획이다.
대한항공은 지난해 8월 한국항공우주연구원, 인천국제공항공사와 UAM 협력을 위한 MOU를 체결했다. 또한 같은 해 11월 현대자동차, 현대건설, 인천국제공항공사, KT와 함께 5개사 컨소시엄을 구축하는 등 도심항공교통의 성공적 실현과 관련 산업 생태계 조성을 위해 주도적으로 활동하고 있다.
이번 협약은 국토교통부의 2025년 UAM 초기 상용화 계획에 발맞춰 대한항공이 미래 교통수단의 패러다임 변화를 선도하겠다는 의미를 담고 있다.
한편 대한항공은 앞으로도 항공업계를 선도하는 글로벌 항공사로서 축적된 항공 운송 노하우와 대형 무인기 개발, 인증 및 시범운용을 통해 얻은 차별화된 기술력을 바탕으로 안전하고 편리하며 신뢰할 수 있는 UAM 운항 서비스 제공을 위한 안전 기술 개발 및 산업 생태계 조성에 기여해 나갈 계획이다.
[디펜스투데이]
Tag
#대한항공
#항공안전기술원
#UAM
#MOU
#디펜스투데이
저작권자 © 디펜스투데이 무단전재 및 재배포 금지
이치헌 기자
다른기사 보기","{""AI/컴퓨팅"": [""AI""], ""센서/통신"": [""IR""], ""재료/제조"": [""AM""]}",True,UAM(도심항공교통) 안전 기술,2025-01,relevant,이 기사는 대한항공과 항공안전기술원 간의 UAM 안전 기술 개발 협약에 관한 내용을 다루고 있습니다. 국토교통부의 2025년 UAM 초기 상용화 계획에 맞춰 대한항공이 UAM 안전 기술 개발에 주도적으로 나서고 있는 것으로 보입니다. 하지만 기사에서는 구체적인 기술 명칭이나 개발 완료 시점이 명시되지 않아 'relevant' 수준의 품질로 평가됩니다.
"STX엔진, 독일 VINCORION사와 하이브리드 엔진 시스템 사업",2022-03,http://www.defensetoday.kr/news/articleView.html?idxno=3710,"선박 및 방위 산업용 디젤엔진 전문 메이커 STX엔진이 하이브리드 엔진 시스템 개발에 나선다.
STX엔진은 22일 독일 메카트로닉스 솔루션 제품 전문 기업으로 알려진 VINCORION사와 ‘하이브리드 엔진 시스템 사업 전략적 협력 MOU’을 체결했다고 밝혔다.
STX엔진이 독일 VINCORION사와 ‘하이브리드 엔진시스템 사업 전략적 협력 MOU’를 체결했다. (사진:STX엔진)
이번 MOU는 다가오는 미래 전투 장비에 적합한 방산용 하이브리드 엔진 시스템과 관련 소요 기술을 확보하는 것이 목적이다. 기존 육상용 전투 장비에 탑재된 엔진의 시동기와 발전기를 떼어내 하나로 통합하고, 이를 변속기 사이에 설치해 △연료 효율 상승 △추가 전력 확보 △순간 가속 성능을 더 향상할 수 있게 된다.
나아가 이와 같은 하이브리드 엔진 시스템을 구축한 뒤에는 엔진에서 실시간 데이터를 수집할 수 있는 장비를 추가 설치해 실시간 엔진 상태 및 최적의 정비 소요 시점을 사용자에게 알려주는 시스템을 개발한다.
STX엔진은 이런 시스템 구축을 통해 군용 전투 장비의 작전 범위 증가 및 전투 생존 능력 향상을 제공할 수 있으며, 데이터 수집 센서와 연계해 실시간 엔진 상태 모니터링 및 최적의 정비 시점을 제공해 장비 가동율을 더 높게 유지할 수 있을 것으로 기대하고 있다.
STX엔진 박기문 대표이사는 “4차 산업 혁명에 발맞춰 방위 산업용 디젤엔진 하이브리드 추진화는 필수”며 “지난 46여년간 당사가 국내 방위 산업용 디젤엔진의 중추적 역할을 해왔던 만큼 미래 국방 기술력 향상에 더 매진해 선봉 자리를 마다하지 않을 것”이라고 말했다.
[디펜스투데이]
Tag
#STX엔진
#VINCORION사
#하이브리드엔진
#디펜스투데이
저작권자 © 디펜스투데이 무단전재 및 재배포 금지
이승준 기자
다른기사 보기","{""함정/항공기"": [""Orion""]}",True,하이브리드 엔진 시스템,,relevant,"이 기사는 STX엔진과 VINCORION사가 하이브리드 엔진 시스템 개발을 위해 MOU를 체결한 내용을 다루고 있습니다. 구체적인 상용화 시점은 언급되지 않았지만, 방산용 하이브리드 엔진 시스템 개발을 목적으로 하고 있어 군사 기술의 상용화와 관련된 기사로 볼 수 있습니다."
"한화시스템, 카이메타에 1100만 달러 추가 투자",2022-03,http://www.defensetoday.kr/news/articleView.html?idxno=3686,"한화시스템이 저궤도 위성 안테나 시장의 핵심 기술을 선점하기 위한 투자를 지속한다. 한화시스템은 미국의 전자식 빔 조향 안테나(ESA) 기술 선도기업인 '카이메타'에 약 1100만 달러(한화 133억)의 추가투자를 진행했다.
카이메타 평면식 차세대 전자식 위성통신 안테나 (사진제공:한화시스템)
카이메타는 15일(美 현지시간) 한화시스템과 마이크로소프트(MS) 창업자 빌 게이츠 등로부터 총 8400만 달러(한화 약 1040억)의 투자유치에 성공했다고 밝혔다.
카이메타는 현재 전자식 위성통신 안테나 제품을 상용화 하여 판매하고 있는 기술벤처 기업이다. 한화시스템과 빌 게이츠의 투자를 통해 카이메타는 평면식 차세대 전자식 위성통신 안테나 생산을 가속화하며 저궤도 위성통신 및 방위산업 시장 고객을 위한 제품확장을 발전시킬 예정이다.
더글라스 허치슨(S. Douglas Hutcheson) 카이메타 대표는 “카이메타는 혁신적인 제품을 개발 출시하여 큰 성공을 거두고 있다”며, “저궤도 위성통신용 2세대 제품군인 U8과 3세대 기술 개발을 지속하게 돼 기쁘다”고 밝혔다.
한화시스템은 지난 2020년 12월 미국의 ESA 기술 선도기업인 카이메타(Kymeta)에 3000만달러(한화 약 345억)를 첫 투자하며 전략적 파트너십을 맺었다. 2012년 미국 워싱턴주에 설립한 카이메타는 메타구조 기술 기반의 전자식 위성 안테나 상용화에 성공, 위성통신을 통한 인터넷 접속이 필요한 오지나 해상 등에서 차량·버스·기차·선박 등에 부착해 사용하는 이동형 ESA 제품과 통신 서비스를 제공하는 유망 기업이다. 현재 메타구조 위성통신 안테나의 미국 및 국제 특허와 기술자산을 보유하고 있다.
가격 경쟁력·양산성·제품 확장성에서 높은 평가를 받고 있는 카이메타의 안테나 제품은 메타구조의 위성통신 빔 조향 기술을 구현하고 있다. 카이메타 안테나의 메타구조는 위성 안테나 유리기판 상에 미세 패턴을 형성해 전파·소리·빛의 파장과 형태를 조절해 위성과 통신을 용이하도록 하는 기술이다. 위성통신 안테나는 물론 홀로그램과 투명망토 등 빛과 음파를 상호작용하도록 설계하는 새로운 응용분야에 적용되고 있다.
카이메타는 글로벌 군, 정부, 기업, 해상업 고객군에게 널리 선택받은 세계 유일의 고대역 저전력 모바일 안테나 제품군을 보유 중이다.
한화시스템은 방산분야에서 축적한 감시∙정찰, 지휘통제∙통신, 레이다, 레이저 기술로 이미 우주와 항공분야에서 핵심 솔루션을 제공하고 있으며, 특히, 위성산업 분야 중 향후 성장이 더욱 확대될 것으로 전망되는 위성제조, 지상시스템 분야에서 핵심 첨단 기술을 보유하고 있다.
[디펜스투데이]
Tag
#한화시스템
#카이메타
#메타구조의 위성통신 빔 조향 기술을 구현
#추가투자
#디펜스투데이
저작권자 © 디펜스투데이 무단전재 및 재배포 금지
이승준 기자
다른기사 보기","{""우주/위성"": [""저궤도"", ""위성통신""], ""센서/통신"": [""지휘통제""], ""해양/기상"": [""TC""]}",True,메타구조의 위성통신 빔 조향 기술,,relevant,"이 기사는 한화시스템이 카이메타에 추가 투자를 진행하여 차세대 전자식 위성통신 안테나 생산을 가속화하고 있다는 내용을 다루고 있습니다. 기사에서 상용화에 대한 구체적인 시점은 언급되지 않았지만, 관련 기술의 개발과 적용 확대를 다루고 있어 상용화 관련 기술동향을 알 수 있는 내용입니다."
"에어버스, 호주 FFI 사와 본격 수소 항공기 개발 연구",2022-03,http://www.defensetoday.kr/news/articleView.html?idxno=3675,"에어버스가 호주의 재생 에너지 연구 선도 기업, 호테스큐 퓨처 인더스트리(Fortescue Future Industries, 이하 FFI)와 액체 수소 및 PtL 항공 연료 연구를 골자로 한 업무협약을 체결했다고 밝혔다.
양사는 이번 협약을 통해 각 전문성을 활용해 수소 항공기를 2035년까지 상용화하여 탄소중립을 실현한다는 공동 목표를 세웠다. 양사는 생산부터 공항으로 인도까지의 과정에 고려해야 할 수소 활용 규제, 공급망, 인프라 구축 및 항공기 연료 주입 등 여러 과제를 살펴볼 예정이다.
에어버스, 호주 FFI 사와 본격 수소 항공기 개발 연구 추진(자료사진:에어버스)
에어버스는 항공 기단에서의 에너지 사용량, 항공 업계 내 수소에너지 수요, 급유 사양 및 항공 규제 프레임워크에 대한 인사이트를 제공한다. 에어버스 글렌 르웰른(Glenn Llewellyn) 탄소중립 항공기 부사장은, “항공업계 내 탄소중립 가치를 실현하는 데 있어 교차 접근법과 파트너십은 매우 중요하다. 다만, 전 세계적으로 생산할 수 있는 친환경적 수소에너지가 충분하다는 전제가 수반되어야 하며, FFI가 열정적으로 참여하며 에어버스와 뜻을 같이한다는 점에서 기쁘다”고 전했다.
반면 FFI는 공급망을 구성하는 여러 요인을 고려하여 비용적인 측면에서의 전망과 기술 드라이버를 제공한다. 그 후, 선정된 공항에서 친환경적인 수소연료를 공급하기 위한 인프라 구축 시나리오를 설계할 예정이다.
FFI 창업자 앤드류 포레스트 회장은 “지금은 그 어느 때보다도 항공업계에 친환경적인 혁신이 필요한 순간이다. 에어버스와의 협업은 항공업계뿐만 아니라 친환경 에너지 분야의 업계 리더들을 한 데 모아 더 친환경적이고 더 깨끗한 미래를 구축한다는 데 있어 의미가 크다. 또한, 우리는 전 세계 글로벌 시민으로서 각지에서 모인 친구들과 사랑하는 가족들을 만나고 새로운 세상을 탐험하기를 희망한다. 하지만, 그런 미래가 실존할 수 있도록 더욱 친환경적인 항공 업계를 구축하고 차세대가 우리와 같은 세상에서 살아갈 수 있도록 지원해야 한다”고 전했다.
[디펜스투데이]
Tag
#에어버스
#호주FFI사
#수소항공기개발
#AIRBUS
#디펜스투데이
저작권자 © 디펜스투데이 무단전재 및 재배포 금지
이승준 기자
다른기사 보기","{""AI/컴퓨팅"": [""AI""], ""센서/통신"": [""EW"", ""IR""], ""방산기업"": [""Airbus""]}",True,수소 항공기,2035,relevant,기사에서는 에어버스와 호주 FFI사가 수소 항공기 개발을 목표로 업무협약을 체결했다고 밝혔습니다. 2035년까지 수소 항공기 상용화를 목표로 하고 있어 관련성이 있습니다. 다만 아직 계획/연구 단계이므로 quality는 'relevant'로 평가했습니다.
"윈드리버, 국방·항공 산업에 실시간 AI 지능형 시스템에 ‘인텔 SoC’ 지원",2022-03,http://www.defensetoday.kr/news/articleView.html?idxno=3664,"미션 크리티컬 지능형 시스템을 위한 소프트웨어 선도 기업 윈드리버가 최신 인텔 제온 D(Intel Xeon D) 프로세서를 지원한다고 밝혔다.
윈드리버는 인텔 IoT SoC (System-on-Chip) 오퍼링에 ‘윈드리버 스튜디오(Wind River Studio)’를 최적화하는 작업을 다년간 지속해 왔다. 양 사의 기술을 결합하면 공간과 전력에 제약이 있는 러기드(rugged) 환경에 강력한 컴퓨팅 성능을 제공함으로써, 국방·항공 우주 등 버티컬 마켓의 엣지 애플리케이션에 요구되는 사항들을 충족할 수 있다.
윈드리버의 아비지 신하(Avijit Sinha) 최고 제품 책임자는 “자동화된 지능형 시스템의 세계에서 엣지 단의 IoT 시스템, 특히 국방, 항공 우주 산업의 경우 컴퓨팅 집약적인 실시간 성능에 대한 수요가 높아지는 추세”라며 “윈드리버는 민간 항공기, 우주 탐사선, 군사 작전을 위한 다양한 시스템의 안전성, 신뢰성, 보안을 보장하는 기술을 제공하며 이 분야에서 30년 이상 전문성을 다져왔다”고 말했다.
윈드리버
이어 “인텔과 장기적인 협력 관계를 맺고, 고도화된 가상화 기술을 기반으로 미션 크리티컬 산업 고객들의 진화하는 요구 사항에 대응하고, 지능형 시스템을 효과적으로 구현하도록 지원할 계획”이라며 “이를 위해서는 단일 SoC에서 여러 운영체제를 함께 사용할 환경이 필수적”이라고 덧붙였다.
윈드리버 스튜디오에 통합된 실시간 운영체제(RTOS)인 VxWorks®는 IoT에 최적화된 인텔 프로세서를 지원하는 가장 널리 구축된 상용 RTOS다. 미션 크리티컬 애플리케이션의 기능 안전을 비롯해 이와 관련한 지속적인 인증 요구에 필요한 AI 및 실시간 컴퓨팅을 지원한다. 인텔 IoT SoC에 임베디드 된 엣지 IP 기능을 최대한 활용하도록 설계된 VxWorks는 인텔 TCC (Time Coordinated Computing), TSN (Time-Sensitive Networking)을 비롯해 엣지 단의 AI 구현을 가속하는 딥러닝 기술 등을 효과적으로 지원한다. 또한 안정성 인증이 완료된 가상화 환경에 윈드리버 리눅스(Wind River Linux)와 결합하면 단일 SoC로 실시간의 최신 AI/ML 기술을 활용할 수 있다.
또한 윈드리버 스튜디오 구성 중 일부인 ‘윈드리버 시믹스(Wind River Simics®)’는 소프트웨어 개발자들이 복잡한 전자 시스템의 하드웨어를 시뮬레이션하도록 지원하는 풀-시스템 시뮬레이터다. 물리적 하드웨어를 가상으로 구현해 모든 종류의 타깃 시스템을 온디맨드로 손쉽게 사용함으로써 개발자들이 서로 효율적으로 협업하고, 안정적으로 자동화를 구현할 수 있다. 이번 업데이트로 시믹스 모델도 인텔 제온 D 프로세서에서 지원된다.
인텔 제온 D 프로세서는 내장형 AI, 보안, 지능형 I/O, 이더넷 및 고밀도 컴퓨팅을 특징으로 하는 엣지를 위한 SoC다. 고밀도 BGA 패키징으로 기판 접합형 임베디드 방식의 러기드 애플리케이션에 사용하도록 폭넓은 작동 온도 범위를 보장한다. 인텔 딥 러닝 부스트(VNNI) 및 인텔 AVX-512 명령어 집합으로 고속의 딥러닝 추론 처리를 지원한다. 인텔 TCC는 대기 시간에 민감한 애플리케이션에 적합한 성능을 제공해 실시간 워크로드를 보다 빠르고 예측 가능하게 운용하도록 돕는다. 개발자는 인텔 TCC 툴을 사용해 시스템을 조정하고, 실시간 하이퍼바이저를 실행하는 시스템에 대해 정확한 시간 작업 관리를 수행할 수 있다. 별도의 TSN 솔루션은 네트워크 장치 간 동기화 및 정확한 일정을 제공한다.
국방·항공 우주 시장은 고도의 지능화된 시스템을 구축해야 하는 상황에 직면해 있다. 원거리 엣지에서의 컴퓨팅 성능과 실시간 에뮬레이션과 시뮬레이션은 성공적인 지능형 시스템 구축과 운영의 가장 중요한 요소 2가지로 꼽힌다. 또한 고위험 시나리오에서 정확하고 신속한 의사결정을 내리는 것도 중요한 요소다.
포브스와 윈드리버가 공동으로 실시한 지능형 시스템 현황 보고서에 따르면, 국방·항공 우주 산업에 속한 경영진의 86%가 절반 이상의 임베디드 제품과 솔루션이 원거리 엣지에서 사용되도록 설계될 예정이라고 답했다.
[디펜스투데이]
Tag
#윈드리버
#WINDRVR
#윈드리버 스튜디오
#디펜스투데이
저작권자 © 디펜스투데이 무단전재 및 재배포 금지
신선규 기자
다른기사 보기","{""AI/컴퓨팅"": [""AI"", ""VR"", ""ML""], ""재료/제조"": [""TEM""], ""기타/기술"": [""IP""], ""해양/기상"": [""TC""]}",True,인텔 제온 D 프로세서,,relevant,이 뉴스는 윈드리버가 국방·항공 산업에 실시간 AI 지능형 시스템을 위해 인텔 제온 D 프로세서를 지원한다는 내용입니다. 이는 군사 기술의 상용화에 대한 내용이 아니라 관련 기술의 개발과 활용에 대한 내용입니다.
"블루에이치투, 스페이스콘과 수소드론 판매",2022-03,http://www.defensetoday.kr/news/articleView.html?idxno=3564,"블루에이치투(대표 정연섭)는 거대 양식업체 회사 스페이스콘(대표 라파엘 신, Raphael Shin) 호주기업과 수소드론 판매 MOU 계약을 체결했다고 2월 4일 밝혔다.
스페이스콘은 2002년 J&Gil 건설회사(est. 1991)의 대표이사였던 라파엘 신에 의해 설립된 회사이며 현재는 대규모 양식사업을 영위하고 있다.
한편 블루에이치투는 액체수소 연료로 12시간 7분의 드론비행 기네스 신기록 등재 이력으로 널리 알려진 액체수소 전문기업 메타비스타의 새로운 이름이다.
블루에이치투 수소드론(사진:블루에이치투)
블루에이치투 관계자는 “라파엘 신은 한국지사를 통해 MOU와 계약을 추진할 수 있음에도 불구하고 해외 입국자의 긴 격리기간을 감내하고도 직접 호주에서 방문할 정도로 해당 사업에 높은 관심과 기대감을 보였다. 양측은 삼성동 소재의 블루에이치투 본사에서 MOU를 체결하였고 본 계약은 라파엘 신이 먼 길을 찾아온 수고에 답례하고자 정연섭 대표가 호주로 직접 가서 스페이스콘에서 체결하겠다”고 밝혔다.
스페이스콘은 매년 6개월 정도 양식장의 불청객인 새떼를 쫓는 드론을 찾고 있었는데 대부분의 드론이 비행시간이 길지 않아 적합한 드론을 찾을 수 없었다고 한다. 그러다 블루에이치투의 액체수소드론 기네스 신기록 기사를 접하고 블루에이치투와 접촉하게 된 것이라고 전했다.
스페이스콘은 블루에이치투와 협업하여 골칫거리인 새떼를 추격하여 몰아낼 수 있는 액체수소드론을 양식장에 투입할 계획이다. 
스페이스콘은 1차 테스트로 약 3천평씩 19개 부지, 약 6만평에 AI를 탑재한 블루에이치투의 액체수소드론을 선도입한 후 2차로 4배에 달하는 약 23만평도 추가로 도입할 예정이다. 
이번 계약으로 12시간 7분을 비행하여 세계 최초 기네스 신기록을 보유한 블루에이치투의 액체수소드론이 드디어 상용화될 예정이라고 블루에이치투 측은 전했다. 
정연섭 대표에 따르면, 블루에이치투는 해당 드론기술을 이미 보유하고 있어서, 새떼를 포착하고 일정거리를 추격하는 움직임을 입력할 AI만 탑재하여 테스트 하면 바로 상용화 및 납품이 가능하다면서 강한 자신감을 드러냈다. 또한 그간의 노력이 드디어 세상에 공개될 수 있어 기쁘다고 말했다. 
국내에선 액화수소에 대한 규제 때문에 블루에이치투는 그간 뛰어난 기술력을 보유하고 있음에도 불구하고 상용화에 어려움을 겪고 있었으며, 해당 드론은 호주 양식장에서 첫 비행시 호주 국방부 관계자가 참여 예정일 정도로 높은 관심이 쏠려 있는 상태라고 블루에이치투 관계자는 전했다.
액체수소는 기체수소의 부피를 약 800분의 1로 감소시킬 수 있어 동일 압력에서 기체수소 대비 800배의 체적 에너지 밀도를 가지고 있다. 초저온 상태로 유지되므로 대기압에서도 액체수소 저장이 가능함에 따라 기존 고압 기체수소에 비해 폭발 위험성이 낮아 저장용기의 안전성 부분에서 장점을 갖고 있다.
이외에도 블루에이치투 관계자는 블루에이치투가 자율주행 드론도 최근 함께 개발을 진행 중이라면서 올해에는 기술개발과 함께 여러 주주들이 기다리는 상장을 위해 상장주관사를 선정하고 상장 준비에 박차를 가하겠다고 말했다.
[디펜스투데이]
Tag
#호주
#수소드론
#블루에이치투
#디펜스투데이
저작권자 © 디펜스투데이 무단전재 및 재배포 금지
이승준 기자
다른기사 보기","{""AI/컴퓨팅"": [""AI""]}",True,액체수소 드론,2022-05,high,"이 기사는 블루에이치투가 개발한 액체수소 드론의 상용화 계획을 다루고 있습니다. 스페이스콘이라는 회사와 MOU를 체결하였고, 올해 3천평 규모에 대한 1차 테스트 후 23만평까지 추가 도입할 계획이라고 언급하였습니다. 또한 이 드론은 이미 기술 개발이 완료되어 있어 바로 상용화가 가능할 것이라고 밝혔습니다."
"에어버스, 2022싱가포르 에어쇼(15~18일) 참가",2022-02,http://www.defensetoday.kr/news/articleView.html?idxno=3598,"에어버스가 2월 15일부터 18일까지 싱가포르 창이 전시센터에서 열리는 에어쇼에 참가한다. 최신 제품과 서비스를 비롯해 지속가능한 항공우주 사업을 위한 다양한 이니셔티브를 선보인다고 밝혔다.
에어버스는 2년만에 열리는 2022 싱가포르 에어쇼의 플라잉 디스플레이(flying display) 핵심은 A350-1000 이라고 전했다. 장거리 노선 기종 중 유일한 클린 시트 디자인으로 최첨단 기술이 탑재되어 있으며 공기역학 특징으로 비교할 수 없는 수준의 편안함을 자랑한다.
2022싱가포르 에어쇼에서 선보이는 A350-1000 여객기 (사진:에어버스)
에어버스는 스태틱 디스플레이(static display)를 통해 총 4대의 기종을 현장 고객에게 소개할 예정이다. 전시된 싱가포르 항공의 A350-900, 세부 퍼시픽 A330neo, 대한항공 A220 기종을 통해 상업용 항공기를 자세히 살펴볼 수 있으며, 군용기 모델로는 독일 공군의 A400M이 전시된다. 싱가포르 공군 스태틱 디스플레이에서는 에어버스 다목적 공중급유기 A330 MRTT와 에어쇼 최초로 다목적 헬리콥터 H225M이 공개된다.
또한, 전시회 메인 홀에 위치한 에어버스 부스(#AL24) 방문객은 모든 제품과 서비스 정보를 얻을 수 있다. 특히, A350-1000, A400M 상용기와 C295 군용기, H145 및 H175 헬리콥터 기종과 차세대 군집위성인 플레아데스 네오가 전시되어 자세히 살펴볼 수 있다. 또한, 에어버스는 수소 동력 항공기 ZEROe 모델을 전시하여 지속가능한 항공우주 산업 개발을 향한 야심 찬 포부를 밝힐 예정이다. 해당 기종은 무탄소 배출 여객기로 2035년까지 첫 서비스 시작을 목표로 하고 있다.
에어버스는 싱가포르 에어쇼가 진행되는 한 주 동안, 기자 간담회를 통해 상용기, 헬리콥터, 국방 및 항공우주 사업 소식을 전달한다.
[디펜스투데이]
Tag
#싱가포르에어쇼
#에어버스
#A350-1000
저작권자 © 디펜스투데이 무단전재 및 재배포 금지
이승준 기자
다른기사 보기","{""센서/통신"": [""C2""], ""재료/제조"": [""PLA""], ""항공기"": [""공중급유기""], ""함정/항공기"": [""공중급유기""]}",True,A350-1000 항공기,2022-02,relevant,"이 기사는 에어버스가 2022 싱가포르 에어쇼에서 A350-1000 항공기를 전시한다는 내용을 다루고 있습니다. A350-1000은 상용 여객기 모델로, 해당 기사에서는 에어쇼에서 전시된다고 언급하고 있습니다."
"대한항공, 보잉737-8 1호기 도입",2022-02,http://www.defensetoday.kr/news/articleView.html?idxno=3593,"2월 13일 대한항공 보잉737-8 1호기 김포공항 도착
대한항공은 지난 2월 13일(일) 오후 보잉사의 737-8 항공기 1호기가 김포공항에 도착했다고 밝혔다.
이번에 도입한 737-8 1호기는 항공기가 자체 안전성을 확보했는지 여부를 확인하는 감항성 검사 등 정해진 절차를 거친 이후 3월 1일부터 본격적인 운항에 들어갈 예정이다.
대한항공은 이번 1호기를 시작으로 올해 총 6대의 보잉737–8 항공기를 도입할 계획이다. 대한항공은 2015년 11월 보잉사와 보잉737-8 기종을 총 30대 도입 계약을 체결한 바 있다.
대한항공이 도입한 737-8 항공기는 효율성과 신뢰성, 운항능력을 극대화한 차세대 친환경 항공기다. 첨단 기술력이 녹아 있는 엔진(CFM International LEAP-1B)을 장착하는 한편, 기존 날개보다 공기저항을 줄여 연료를 1.8% 추가 절감 가능한 어드밴스드 테크놀로지 윙렛(Advanced Technology Winglet)이 장착되는 등 첨단 기술이 적용됐다.
이에 따라 737-8 항공기는 기존 동급 항공기 대비 15% 이상 연료를 절감할 수 있고, 좌석 운항비용도 12% 줄일 수 있게 됐다. 기존 737NG(Next Generation) 항공기보다 13% 가량 탄소 배출량도 줄어든다.
대한항공이 도입한 보잉 737-8 여객기 (사진제공:대한항공)
대한항공은 737-8 항공기의 부품 제작에도 참여, 항력 감소 및 탄소 배출을 감소시키기 위해 고안된 날개 끝단 장치인 윙렛 (Winglet)과, 양력 증강 장치인 플랩의 구동품을 감싸는 플랩 서포트 페어링(Flap Support Fairing)을 공급하고 있으며, 부산에 위치한 항공우주사업본부에서 생산하고 있다.
객실 내부의 편의성도 돋보인다. 보잉 스카이 인테리어(Boeing Sky Interior)가 적용돼 유선형 디자인의 천장 및 선반을 비롯해 넉넉하고 편안한 공간과 느낌을 제공한다. 다양한 색상의 발광 다이오드(LED, Light Emitting Diode) 조명도 객실에 설치해 이륙에서부터 일몰, 일출, 영화 감상, 취침, 착륙시 등 상황에 따라 다양한 객실 조명 분위기를 연출할 수 있다.
대한항공은 이번 737-8에 프레스티지클래스 8석, 이코노미클래스 138석 등 총 146석의 좌석을 배치했다.
737-8은 현재 가장 안전한 항공기 중 하나로 평가된다. 2019년 이후 각종 안전 장치 및 소프트웨어에 대한 철저한 검증과 업그레이드를 통해 전 세계 188개국에서 운항 허가를 득했다. 뿐만 아니라 아메리칸항공, 유나이티드항공, 싱가포르항공 등 세계 유수의 항공사들을 비롯해 총 36개 항공사가 737-8 기종을 운영하고 있다.
현재까지 898,737 이상의 비행시간을 기록하는 동안 99.38%의 운항 정시율을 기록하는 등 737-8 항공기의 운항 신뢰도 또한 최고 수준이다. 운항정시율은 항공기가 정비 결함에 따른 지연이나 결항없이 운항시간표상에 나타난 출발 시각으로부터 15분이내에 출발한 횟수를 전체 운항횟수로 나누어 산출한 백분율이다. 기상이나 공항 등 외부 요인이 배제된 각 항공사의 항공기 운영능력을 검증하는 대표적인 국제지표로 사용된다. 이러한 완벽한 안전성을 토대로 보잉사는 2021년 한 해 동안 749대의 737-8과 737-9 신규 항공기 계약을 체결했다.
보잉사의 상용기 판매∙마케팅 수석 부사장 이산 무니어(Ihssane Mounir)는 이번 대한항공의 737-8 도입에 대해 “737-8은 향상된 효율성과 운영 비용 개선을 통해 대한항공의 지속적인 성장에 기여할 것” 이라며 “737-8 인도를 기점으로 대한항공의 수송 역량이 한층 강화될 것으로 기대하며 보잉사 또한 737-8이 대한항공 기단에서 역할을 다할 수 있도록 지원을 아끼지 않을 것” 이라고 소감을 밝혔다.
대한항공은 737-8 항공기의 안전 운항을 위해 전사적인 노력을 기울인다는 계획이다. 특히 대한항공은 베테랑 정비사들로 구성된 737-8 정비 전담반을 운영하는 한편, 고경력 기장들을 우선적으로 737-8에 투입해 안전 운항에 만전을 기할 예정이다.
이와는 별도로 대한항공은 이미 737-8 기종을 운영하고 있는 해외 항공사에 자사의 정비사들을 방문시켜 실습 훈련을 통해 정비력 향상에 만전을 기해왔으며, 자체 정비 가이드북을 제작해 교육에 활용함으로써 정비사들이 어떠한 상황에서도 표준화된 정비가 가능토록 조치했다.
운항 부문에서도 마찬가지로 비행 중 일어날 수 있는 모든 비정상 상황에 대한 대처법을 자체 운항 매뉴얼로 제작해 활용하고 있다. 뿐만 아니라 737-8 항공기를 보유 중인 시뮬레이터에 반영해 다양한 위기 상황을 해결할 수 있도록 교육을 실시해왔다.
국토교통부 또한 737-8 항공기의 안전 운항을 위한 특별 관리를 해 나간다는 계획이다. 대한항공을 비롯해 추후 737-8 기종을 운영하는 항공사들과 운항 전반을 면밀히 살피는 한편 ▲항공사의 시뮬레이터 훈련 참관 ▲관찰 심사 ▲시험비행 동승 등 안전 운항을 위한 지원을 아끼지 않을 예정이다.
[디펜스투데이]
Tag
#대한항공
#737-8
#1호기도입
#KAL
#보잉
#Boeing
#디펜스투데이
저작권자 © 디펜스투데이 무단전재 및 재배포 금지
이승준 기자
다른기사 보기","{""우주/위성"": [""SSA""], ""AI/컴퓨팅"": [""AI""], ""센서/통신"": [""EMI"", ""IR""], ""무기/방어체계"": [""DE""], ""의료/생체"": [""RNA""], ""기타/기술"": [""Light Emitting Diode"", ""LED""], ""방산기업"": [""Boeing""]}",True,"엔진(CFM International LEAP-1B), 윙렛(Advanced Technology Winglet), 플랩 서포트 페어링(Flap Support Fairing)",2022-03,relevant,"해당 뉴스는 대한항공이 보잉737-8 항공기 1호기를 도입했으며, 이 항공기에는 CFM International LEAP-1B 엔진, 윙렛, 플랩 서포트 페어링과 같은 첨단 기술이 적용되었다고 언급합니다. 이는 군사기술의 상용화 사례에 해당하지만, 구체적인 전력화 시점은 제시되지 않습니다."
"F-35 전투기 사무국, 물류 하드웨어 초기 배치 완료",2022-02,http://www.defensetoday.kr/news/articleView.html?idxno=3584,"미공군,미해군,미해병대 14개 기지에 걸쳐서 성공적으로 교체하여 운용중
지난 1월, F-35 합동 프로그램 사무국(JPO)는 록히드마틴과 협력하여, 현대화된 자율 물류 정보 시스템(ALIS)이 현대화된 F-35 운영 데이터 통합 네트워크(ODIN) 물류 시스템으로 전환되는 또 하나의 이정표를 달성했다고 밝혔다. 새로운 ODIN 시스템 14개 세트일정 및 예산 범위 내에서 F-35 비행대대에 배치한것이다.
 2021년 7월부터 JPO, 록히드 마틴 및 현지 비행 대원들은 ODIN 베이스 키트(OBK)라고 하는 새로운 컴퓨터 하드웨어를 미국과 유럽의 현장에 설치했다. 이로써 현장의 모든 1세대 분류되지 않은 ALIS 서버를 교체하는 ODIN 하드웨어 롤아웃의 초기 단계가 완료됐다.
2021년 7월부터 2022년 1월까지 OBK 하드웨어를 공급받은 곳은 다음과 같다.
• 캘리포니아 르무어 해군비행장
• 네바다주 넬리스 공군 기지
• 유타주 힐 공군 기지
• 알래스카 아일슨 공군 기지
• 캘리포니아 미라마 해병대 비행장
• 사우스캐롤라이나주 보퍼트 해병대 비행장
• 록히드 마틴 항공 공장, 포트워스, 텍사스
• 플로리다주 에글린 공군 기지
• 애리조나주 루크 공군 기지
• 캘리포니아 에드워드 공군 기지(OBK 3대 설치)
• 이탈리아 리마돌라 공군기지
• 영국 포츠머스 해군 기지
ODIN 베이스 키트(OBK)라고 하는 새로운 컴퓨터 하드웨어로 14개 미공군,미해군,미해병대 기지의 ALIS 시스템을 교체해서 효율성을 높여 (사진:U.S.Air Force)
OBK 하드웨어를 해외뿐만 아니라 미국에도 성공적으로 배치하는 것은 새로운 F-35 물류 정보 시스템 아키텍처의 주요 진전과 국제적 적합성을 의미한다. 최근 영국과 이탈리아에 설치된 OBK 3기 중 2기는 2021년 12월 에드워즈 공군기지에 설치된 영국과 네덜란드에 대한 미국 기반 시험 운용을 지원한다.
F-35 프로그램 책임자인 에릭 픽 중장은 ""최근 글로벌 OBK 설치는 F-35 물류 정보 시스템을 현대화하는데 있어 중요한 이정표""라고 말했다. ""이것은 국방부와 방위산업, 그리고 우리의 F-35 파트너들 간의 팀워크였고, 전세계적이고 확대되는 F-35 비행대의 국제적 물류와 운영 관리를 지원하기 위한 거대한 진전입니다.""이라고 밝혔다.
이 노력의 일환으로 배치된 14대의 OBK 외에도 애리조나주 유마 해병대 항공기지(MCAS)에 있는 미해병대 시험 비행대대 VMX-1을 지원하고, 패턴트 공군 기지(Patent Air Station)에 기반을 둔 F-35 통합 시험비행대대 (ITF) 비행 시험 작전을 지원하는 다른 하나가 있다.
OBK는 현재 F-35를 운용하는 미공군, 미해군, 미해병대를 운용하는 3가지 기체에 대해서 모두 사용되고 있다. OBK는 영국, 네덜란드, 이탈리아 등 3개 F-35 파트너 국가에서도 사용되고 있다. 새로운 하드웨어는 운용 중대, 훈련 중대, 시험 및 평가 중대를 지원한다.
F-35 프로그램의 글로벌 물류 인프라가 지속적으로 확장됨에 따라 2022년 OBK 추가 납품을 앞두고 있다.
록히드 마틴이 설계한 OBK는 기존 ALIS 컴퓨터 하드웨어인 표준 운영 장치 - 레거시(SOU-U) 서버를 대체한다. 새로운 ODIN 하드웨어는 이전 하드웨어보다 75% 더 작고 가벼워졌으며 거의 30% 더 저렴한 가격에 조달되었다. 새로운 OBK 유닛은 ALIS 소프트웨어뿐만 아니라 향후 ODIN 소프트웨어 애플리케이션도 실행할 수 있도록 설계되었다.
각각의 장소에서의 설치는 합동 프로그램 사무국과 록히드 마틴의 전문가의 도움을 받은 군직 정비요원들이 수행했으며, 시스템은 며칠 안에 가동될 준비가 완료되었다.
ALIS와 ODIN을 감독하고 있는 JPO 유지관리 시스템 프로그램 매니저 댄 스미스 미공군 대령은 ""이 새로운 서버 하드웨어는 노후화된 ALIS 시스템 하드웨어의 중요한 후속 제품임이 입증되었으며, 비용도 저렴하고 쉽게 지원할 수 있는 패키지로 제공됩니다""라고 말했다. 는 ""OBK는 노후화 문제가 심각해지기 전에 하드웨어를 교체할 수 있게 해주며 유지관리자들에게 더 나은 서비스를 제공할 수 있게 해준다""고 말했다.
2020년 초 미국방부가 발표한 대로 ALIS를 대체할 계획은 ODIN이다. ODIN 하드웨어의 성공적인 실장은 F-35 부대를 위한 현대적이고, 휴대 가능하고, 저렴한 물류 정보 시스템으로 진화하는 데 중요한 단계이다.
OBK는 기존 ALIS 하드웨어보다 작고 가벼우며 각각 100파운드 이하의 무게의 모듈 2개로 구성되어 있다. ODIN의 차세대 컴퓨팅 성능은 처리 시간을 최대 50% 단축하고 시스템 보안 및 관리 기능을 강화한다. 이용 가능한 상용 구성 요소를 이용하여, ODIN 서버는 본질적으로 더 많은 서비스와 지원을 받을 수 있다. 2021년 OBK 성공을 입증한 데 이어 모든 신규 미국 및 국제 비행대대 스탠드업에도 OBK가 탑재된다.
대규모 기술 전환 전략의 일환으로 JPO는 2022-2023년까지 남아 있는 모든 SOU-U 서버를 OBK 하드웨어로 교체하는 작업을 계속할 예정이다. 모든 SOU-U 하드웨어의 마지막 단계는 운영 비행대대에 대한 자금 조달 가능성과 스케줄링 제약에 달려 있다.
스미스 대령은 ""2021년 ODIN 베이스 키트가 개선된 것을 기대하고 있다""며 ""계획과 자금 지원이 허락되면 모든 비행대에 배치 수 있을 것""이라고 말했다. OBK 피드백은 압도적으로 긍정적이었으며, 유지관리 수명주기 동안 F-35 유지보수자의 시간과 운영 비용을 절감할 수 있을 것입니다.""라고 말했다.
앞을 내다보고, JPO와 록히드 마틴은 기밀 기능을 위한 개선된 하드웨어를 설계 및 평가하고, OBK 사이트의 시스템 관리자의 작업량을 더욱 줄임으로써 OBK의 경제성과 성능 이점을 더욱 확장하기 위해 협력하고 있습니다. JPO는 설계를 완료하고 2022년 말에 OBK 하드웨어의 교체를 시작할 것이다. 스미스는 ""이러한 이점은 OBK가 F-35 전 기종으로 확대됨에 따라 실현될 것""이라고 덧붙였다.
대한민국 공군은 개선된 OBK 하드웨어를 도입해서 지금같은 정비효율성을 높여야 할 것으로 보인다.
[디펜스투데이]
Tag
#Lockheed Martin
#ALIS
#ODIN
#개선된 물류 하드웨어
#ODINBASEKIT
#JPO
#F-35합동프로그램사무국
#디펜스투데이
저작권자 © 디펜스투데이 무단전재 및 재배포 금지
이승준 기자
다른기사 보기","{""AI/컴퓨팅"": [""AI"", ""AR""], ""센서/통신"": [""IR""], ""항공기"": [""F-35"", ""전투기""], ""방산기업"": [""Lockheed""]}",True,"['ALIS(자율 물류 정보 시스템)', 'ODIN(F-35 운영 데이터 통합 네트워크)', 'OBK(ODIN 베이스 키트)']",2021-07 - 2022-01,high,"이 뉴스는 F-35 전투기 지원을 위한 물류 정보 시스템(ALIS, ODIN, OBK)의 배치 완료를 다룹니다. 명확한 배치 기간과 기술명이 제공되어 있습니다."
"노스롭그루먼, MQ-8C 파이어 스카우트 미 해군 작전 배치 완료해",2022-02,http://www.defensetoday.kr/news/articleView.html?idxno=3578,"차세대 해상 무인 정찰 헬기로 확장된 작전 역량 제공
글로벌 방산 기업 노스롭그루먼(Northrop Grumman)은 미 해군의 차세대 해상 무인 정찰 헬기인 MQ-8C 파이어 스카우트가 최근 작전 배치되었다고 밝혔다. 파이어 스카우트는 제22헬기해상전투비행대대, 제5분견대(HSC-22 DET 5) 소속 밀워키호(LCS-5)에 탑재되어 미 해군에게 향상된 정보, 감시, 정찰 및 표적화(ISR&T) 역량을 제공한다.
MQ-8C 파이어 스카우트는 뛰어난 탑재량은 물론, 10시간 이상의 체공시간과 1천해리 이상의 항속거리를 보유해 실시간 초수평선 표적 획득 등 유연한 임무 수행을 가능하게 한다. 뿐만 아니라, 파이어 스카우트를 유인 항공기와 함께 운용 시 지휘부는 유인 자산을 보다 효율적으로 사용할 수 있다.
노스롭그루먼, MQ-8C 파이어 스카우트 미 해군 작전 배치 완료해 (사진: 노스롭그루먼)
MQ-8C 파이어 스카우트는 벨 407 상용 항공기를 기체로 활용하여 초기 개발, 공급망, 비행 시간 신뢰도 등을 확보하여 총수명비용을 절감해 경제성을 갖추었다. 또한, MQ-8C 파이어 스카우트에는 레오나르도 AN/ZPY-8 오스프리 레이더가 탑재되어 야간 및 악천후 등 시야 확보가 어려운 상황 속에서도 장거리 탐지 및 자동 추적이 가능하다.
노스롭그루먼-벨 협력 팀의 설계를 기반으로 제작된 MQ-8C 파이어 스카우트는 2019년 6월 기본운용능력을 입증했으며, 향후 배치를 통해 기존 MQ-8B 기종을 대체할 예정이다.
미 해군 에릭 소더버그(Eric Soderberg) 대령은 “이번 작전 배치는 MQ-8C 프로그램의 중요한 이정표”라며, “MQ-8B에서 MQ-8C 파이어 스카우트로의 전환을 통해 더욱 뛰어난 센서 성능과 두배 이상의 체공 시간을 확보했다”고 말했다. 이어서 그는 “파이어 스카우트의 성능개선은 해상 무인 플랫폼의 성공적인 통합과 미 해군의 무인화 계획에 큰 의미를 더한다”고 전했다.
노스롭그루먼의 파이어 스카우트 책임자 랜스 아이샤드(Lance Eischeid)는 “미 해군과 협력을 통해 파이어 스카우트 무인 체계의 다양한 임무 수행 역량을 개발하여 향상된 상황 인식 능력을 제공할 수 있게 됐다”라며, “MQ-8C 파이어 스카우트는 다양한 수상함에서 운용될 수 있는 강력한 플랫폼으로, 미 해군은 파이어 스카우트와 타 유인 체계를 통합 운영하여 보다 향상된 표적 탐지와 추적이 가능하다”고 전했다.
[디펜스투데이]
Tag
#노스롭그루먼
#파이어스카우츠
#MQ-8C
#미해군
#U.S.NAVY
#디펜스투데이
저작권자 © 디펜스투데이 무단전재 및 재배포 금지
이승준 기자
다른기사 보기","{""무인체계"": [""MQ""], ""AI/컴퓨팅"": [""LAN""], ""센서/통신"": [""ISR""], ""무기/방어체계"": [""DE""], ""함정/항공기"": [""LCS""], ""방산기업"": [""Northrop""]}",True,MQ-8C 파이어 스카우트,2022-02,high,이 기사는 노스롭그루먼이 개발한 차세대 해상 무인 정찰 헬기 MQ-8C 파이어 스카우트가 최근 미 해군에 작전 배치되었다는 내용을 다루고 있습니다. 구체적인 배치 시점과 기술명이 명시되어 있어 기준을 충족합니다.
"한국조선해양, 차세대 전기추진선 개발",2022-01,http://www.defensetoday.kr/news/articleView.html?idxno=3534,"스탠다드에너지사와 ‘차세대 선박용 ESS 개발’ MOU 체결
현대중공업그룹의 조선 중간 지주사인 한국조선해양이 화재와 폭발 위험이 전혀 없는 배터리를 활용, 차세대 전기추진선 개발에 나선다.
한국조선해양은 27일(목) 경기 분당 퍼스트타워에서 세계 최초로 바나듐이온 배터리(VIB, Vanadium Ion Battery)를 개발한 스탠다드에너지사와 ‘바나듐이온 배터리 기반의 차세대 선박용 ESS 솔루션 개발’에 대한 업무협약(MOU)을 체결했다고 밝혔다. 협약식에는 한국조선해양 김성준 미래기술연구원장, 스탠다드에너지 김부기 대표 등 양사 주요 관계자들이 참석했다.
한국조선해양은 스탠다드에너지와 '바나듐이온 배터리(VIB) 기반 차세대 선박용 ESS 솔루션 공동개발'에 대한 업무협약을 체결했다. (사진 왼쪽 한국조선해양 김성준 미래기술연구원장, 오른쪽 스탠다드에너지 김부기 대표) (사진:현대중공업)
이번 협약을 통해 양사는 ▲ 바나듐이온 배터리 기반의 선박용 고안정성 ESS 솔루션 개발 및 상용화 ▲ 소형 선박 해상 실증 ▲ 선급 인증 및 선급 규정 완화 ▲ 전기추진선‧전력운송선 등 차세대 선박 개발에 상호 협력하기로 했다. 한국조선해양은 선박에 최적화된 ESS를 설계해 적용하고, 스탠다드에너지는 바나듐이온 배터리를 제작, 공급한다.
바나듐이온 배터리는 물이 주성분인 전해액을 사용해 화재 및 폭발 위험을 원천적으로 제거할 수 있으며, 외부 충격 등으로 인한 열 발생도 거의 없다는 것이 특징이다.
또한 출력이 리튬이온 배터리보다 2배 가까이 높고, 수명도 4배 이상 뛰어나며, 반복적인 충전‧방전에도 배터리 성능 저하가 거의 없어 높은 안정성과 뛰어난 내구성을 갖고 있다.
현재 전기/하이브리드 추진선 등 ESS가 탑재되는 선박에는 일반적으로 리튬이온 배터리가 적용되는데, 리튬이온 배터리는 소형화에는 용이하지만 휘발성이 높은 전해액으로 인해 화재 및 폭발 위험에 쉽게 노출될 수 있다.
한국조선해양은 스탠다드에너지와 협력해 내년 상반기까지 바나듐이온 배터리 기반 선박용 MW급 ESS 솔루션을 개발해 해상 실증 및 선급 승인을 추진하고, 차세대 전기추진선 및 전력운송선의 기본 설계를 완료한다는 방침이다.
한국조선해양은 급성장하는 전기추진선 시장에서 안정성이 높은 선박용 ESS를 바탕으로 시장 우위를 선점하겠다는 목표다. 글로벌 리서치 기관인 IDTechEX에 따르면, 글로벌 전기/하이브리드 추진선 시장은 2029년까지 연 평균 26% 성장해 시장 규모가 약 14조원에 이를 것으로 전망된다.
한국조선해양 관계자는 “이번에 개발에 나서는 선박용 ESS는 화재와 폭발 위험이 없어 전기/하이브리드 추진선 외 일반상선에도 탑재가 가능할 것”이라며, “해상풍력 발전 확대와 함께 수요 증가가 예상되는 전력운송선 등 차세대 선박 개발에도 속도를 내겠다”고 밝혔다.
[디펜스투데이]
Tag
#현대중공업
#한국조선해양
#바나듐이온배터리
#전기추진
#선반용ESS
#스텐다드에너지
#디펜스투데이
저작권자 © 디펜스투데이 무단전재 및 재배포 금지
장훈 기자
다른기사 보기",{},True,바나듐이온배터리 기반 선박용 ESS,2023-H1,relevant,이 기사는 현대중공업그룹의 한국조선해양이 스탠다드에너지사와 협력하여 화재/폭발 위험이 없는 바나듐이온배터리 기반의 차세대 선박용 ESS 솔루션을 개발하고 내년 상반기까지 해상 실증 및 선급 승인을 추진한다는 내용을 다루고 있습니다. 이는 군사 기술의 상용화에 해당하는 내용으로 볼 수 있습니다.
"에어버스, 차세대 고고도 통신 시스템(HAPS) 개발 착수",2022-01,http://www.defensetoday.kr/news/articleView.html?idxno=3522,"에어버스는 일본전전화공사(NTT),NTT도코모, 위성사업자 스카파JSAT와 개발에 착수
에어버스가 일본 최대 통신 그룹 일본전신전화공사(NTT), NTT 도코모, 일본 위성방송 사업자 스카파 JSAT(SKY Perfect JSAT)와 함께 차세대 우주 기반 무선중계 시스템을 구축하기 위해 손을 잡았다.
에어버스와 일본 통신 기업 3사는 업무협약 체결 후, 고고도 통신 시스템(High-Altitude Platform Stations, 이하 “HAPS”)을 활용하여 무선 통신 서비스를 구축할 수 있을지에 대한 사업 추진 타당성을 검토 중이라고 밝혔다.
전 세계가 5G 고도화와 6G 도입에 주목하고 있는 가운데, 해상 및 상공까지 네트워크 커버리지를 확장하기 위한 여러 이니셔티브가 추진되고 있다. 그중, 고도 20km 성층권에서 비행하는 HAPS와 정지궤도(GEO) 및 저궤도(LEO) 위성을 활용한 비지상네트워크(NTN)가 대표적이다.
에어버스, 일본 통신 3 사와 업무협약 체결 통해 차세대 고고도 통신 시스템(HAPS) 기반 무선 네트워크 서비스 개발 착수해 (사진: 에어버스)
HAPS 네트워크는 해상과 상공 지역까지 통신망을 연결할 수 있는 비교적 간단한 방법으로, 기존 이동통신 서비스의 범위를 최종 사용자까지 확장할 수 있다. 해당 시스템은 가장 인접한 지상네트워크와 연동해 보급이 어려운 농촌 지역부터 해상 지역까지 통신 서비스를 지원할 뿐만 아니라, 재난재해 관리 등에서도 뛰어난 효율성을 인정받고 있다.
반면, 비지상네트워크를 통해 초광대역 커버리지와 높은 재난재해 대응력을 자랑하는 스페이스 랜(Space RAN, Radio Access Network)은 우주 기반 무선 접속 네트워크로, 5G와 6G 통신 품질을 대폭 향상시켜 전 세계 이동통신 서비스 강화에 기여할 것으로 보인다.
4 사는 우주 기반 무선 광대역 서비스 출시를 목표로, 필요 기술을 개발하기 위해 HAPS 기술 네트워크 연결성과 실용적인 응용 프로그램을 확인하는 등 긴밀히 협력 중이다. 특히, 에어버스 무인항공기 제퍼(Zephyr)와 일본 통신 3사의 무선 통신 네트워크를 활용해 HAPS 네트워크 구축 초기 단계의 필요조건을 파악하는데 주력하고 있는 것으로 알려졌다.
또한, 이번 업무협약을 통해 차세대 HAPS 기반 네트워크 서비스 구축에 필요한 개발 사항을 논의할 예정이다. 핵심 논의 사안은 △모바일 연결을 위한 HAPS 시스템의 지상 네트워크 및 백홀 망(backhaul) 적용 가능성 △HAPS 시스템 내 다양한 주파수 대역 성능 △HAPS-위성·지상 기지국 간 기술적 연결 △ 비지상네트워크·인공위성·HAPS 기술 협력 시스템 구축 등이다. 이후, HAPS 기술 표준화 및 제도화 필요성을 제기하고 비즈니스 모델을 모색해 상용화를 본격 추진할 계획이다.
이번 협력 이외에도, 에어버스는 작년 11월 15일 도코모와 함께 HAPS 시스템 기반 무인기 제퍼 S(Zephyr S)와 지상 네트워크 간 전파 성능 테스트를 성황리에 마치며 안정적인 통신망 서비스 조합을 선보인 바 있다.
[디펜스투데이]
Tag
#에어버스
#HAPS
#고고도 통신 시스템
#일본통신3사
#AIRBUS
#디펜스투데이
저작권자 © 디펜스투데이 무단전재 및 재배포 금지
이치헌 기자
다른기사 보기","{""무인체계"": [""무인항공기""], ""우주/위성"": [""정지궤도"", ""LEO"", ""GEO"", ""저궤도""], ""AI/컴퓨팅"": [""AI""], ""센서/통신"": [""RF"", ""IR""], ""무기/방어체계"": [""DE""], ""재료/제조"": [""PLA""], ""작전/전술"": [""ACE""], ""센서/통신/레이더"": [""초광대역""], ""첨단기술"": [""space""], ""방산기업"": [""Airbus""]}",True,고고도 통신 시스템(HAPS),,relevant,"이 뉴스는 에어버스와 일본 통신사들이 HAPS 기반 무선 네트워크 서비스 개발에 착수했다는 내용입니다. 구체적인 상용화 시점은 명시되어 있지 않지만, 관련 기술 개발과 협력이 진행 중인 것으로 확인됩니다."
"파블로항공, 뉴욕항공진흥원과 업무협약 체결",2022-01,http://www.defensetoday.kr/news/articleView.html?idxno=3505,"미국 내 드론 배송사업 상용화를 위한 협업체제 구축
파블로항공은 1월 10일 뉴욕항공진흥원(이하 NUAIR)과 미국형 무인항공기 솔루션 개발을 위한 업무협약(MOU)을 체결했다고 1월 18일 밝혔다.
뉴욕에 기반을 둔 NUAIR는 드론 표준 개발부터 제품 테스트, 드론 통합, 실제 사용 사례, 시나리오에 이르기까지 관련 산업 분야의 발전을 위해 다양한 지원을 하는 비영리단체다. 이번 협약은 연내 진행 예정인 뉴욕 장거리 배송 실증사업에 앞서 NUAIR의 무인기 관련 전문성과 탁월한 네트워크 기반을 활용, 미국사업진출의 핵심영역이자 허들이 높기로 유명한 미연방항공청(FAA) 규정에 적합한 사업모델을 선제적으로 구축하는 것을 목표로 하고 있다.
가운데 왼쪽부터 NUAIR 켄 스튜어트 대표이사, 파블로항공 김영준 대표이사
파블로항공은 이번 협약을 통해 NUAIR가 이끄는 무인 항공시스템 및 첨단 항공 모빌리티 산업 프로젝트의 국제 얼라이언스에 합류하게 되며, 뉴욕주 50마일(mile) 내 비가시권 비행 허가를 위해 NUAIR와 협업을 지속한다. 또한 그리피스 국제공항(RME)에서 NUAIR가 운영 중인 기존 관제 시스템과 파블로항공의 유·무인기 통합 관제 시스템(PAMNet)을 연동하는 협업프로젝트를 추진할 예정이다.
NUAIR 측은 파블로항공의 시스템이 물류 배송, 검사(Inspection) 및 공공 서비스를 포함한 무인 항공 통합솔루션임을 강조하고, 이번 협업을 통해 뉴욕주의 지역 생태계를 더욱 강화함은 물론, 확장성과 경제성을 겸비한 무인기 운영시스템 구축에 기여하게 될 것이라며 기대감을 드러냈다. 특히 켄 스튜어트(Ken Stewart) NUAIR 대표이사는 “미 영공 내 무인항공기의 안전한 통합을 위한 이번 협업은 상업용 드론 운영의 진정한 잠재 가능성을 열게 될 것”이라며 “이번 협업이 파블로항공의 미국 사업 확장에 도움이 되기를 기대한다”고 밝혔다.
왼쪽부터 NUAIR 켄 스튜어트 대표이사와 파블로항공 김영준 대표이사 (사진:파블로 항공)
파블로항공 김영준 대표이사는 “뉴욕 시러큐스 NUAIR 본사에서 진행된 이번 MOU는 지난해 뉴욕 배송실증사업 독점권 확보 이후 이뤄낸 첫 현지 협업으로, R&D를 비롯, 미국 내 사업 확장에 필요한 다양한 협업 방안을 논의 중”이라며 “이번 협약을 기회로 국내기업 최초 미국국제공항시스템에 파블로항공의 드론 관제 설치 및 미국 내 드론 배송 플랫폼을 선보일 날이 하루빨리 오기를 바란다”고 말했다.
[디펜스투데이]
Tag
#파블로항공
#뉴욕항공진흥원
#NUAIR
#드론관제설치
#드론배송플랫폼
#디펜스투데이
저작권자 © 디펜스투데이 무단전재 및 재배포 금지
이치헌 기자
다른기사 보기","{""무인체계"": [""무인항공기""], ""AI/컴퓨팅"": [""AI"", ""AR""], ""센서/통신"": [""EW"", ""IR""], ""재료/제조"": [""AM""]}",True,"드론 관제 시스템, 드론 배송 플랫폼",2022-01,relevant,"이 기사는 한국 기업 파블로항공이 미국 내 드론 배송 사업을 위해 뉴욕항공진흥원(NUAIR)과 업무협약을 체결한 내용을 다루고 있습니다. 주요 기술로는 파블로항공의 드론 관제 시스템 및 드론 배송 플랫폼이 언급되고 있으며, 상용화 시점도 2022년 1월로 제시되고 있습니다. 따라서 상용화/전력화와 관련된 내용이 다루어지고 있어 해당 뉴스는 '관련성 있음'으로 평가할 수 있습니다."
"한화디펜스, UAE에 천궁-II 발사대 수출",2022-01,http://www.defensetoday.kr/news/articleView.html?idxno=3496,"한화시스템 등과 팀 이뤄 4조원대 ‘천궁-II’ 계약 체결…발사대 ·탄약운반차 공급
한화디펜스(대표이사 손재일)가 UAE에 중거리 지대공 미사일 ‘천궁-II’ 발사대를 수출한다. 수출금액은 3,900억원 규모로, 한화디펜스는 지난 해 12월 K9자주포 호주 수출에 이어 한 달 만에 또 하나의 수출 이정표를 세우며 K-방산 수출 선봉장으로서 입지를 더욱 확고히 했다.
문재인 대통령과 셰이크 무함마드 빈 라시드 알막툼 UAE 총리 겸 두바이 군주가 16일(현지시간) 두바이 엑스포 리더십관에서 열린 천궁-Ⅱ(M-SAM2, 중거리 지대공미사일) 사업계획서 교환 모습을 지켜본 뒤 기념촬영을 하고 있다. 왼쪽부터 손재일 한화디펜스 대표이사, 문재인 대통령, 셰이크 무함마드 빈 라시드 알막툼 UAE 총리, 무암마르 아부셰하브 UAE 타와준(TTI) 사장 (사진: 한화디펜스)
이번에 UAE에 수출하는 천궁-II 전체 계약 금액은 4조원 이상으로, 우리나라 방산장비의 해외수출 역사상 가장 큰 규모이다. 한화디펜스가 발사대와 적재·수송차량을, 한화시스템이 레이더 체계를 제작하고, 이를 공급받은 LIG 넥스원이 체계 종합을 맡아 최종 UAE 공군에 전달되는 형태가 될 것으로 예상된다.
천궁-II는 탄도탄 및 항공기 공격에 동시 대응하기 위해 2012년부터 국방과학연구소 주관으로 개발하여 2018년 생산에 착수한 중거리∙중고도 지대공 요격체계다. 사격통제소, 다기능레이더, 3대의 발사대 차량 등으로 1개 포대가 구성된다.
한화디펜스가 제작하는 천궁 발사대 (자료사진: 한화디펜스)
미사일이 안정적으로 발사되기 위해서는 안정성 높은 발사대가 필수적이다. 한화디펜스는 각종 육상용 발사체계뿐만 아니라 해상용 발사체계에 이르기까지 우리 군의 주요 무기체계 발사대 개발에 앞장서고 있다. 천궁 발사대 외에도 현무 미사일 발사대, 해군의 청상어(어뢰) 발사대와 해성(함대함 유도무기) 발사대, 다종의 함정발사 유도탄을 탑재하여 발사할 수 있는 한국형 수직발사체계(KVLS) 등을 개발했다.
한화디펜스 손재일 대표이사는 “이번 UAE 수출 계약은 우리 정부와 여러 방산기업들이 모두 한 팀으로 합심하여 이뤄낸 뜻 깊은 결과라는데 큰 의미가 있다. 그 동안 수출을 위해 노력해주신 국과연, 방사청, 군 등 정부기관 관계자들께 감사드린다""며 “한화디펜스는 이번 계약을 충실히 이행해 UAE 군의 전력증강에 기여하는 한편, 레드백과 K9자주포 수출에도 최선을 다해 K-방산의 글로벌 시장 진출과 대한민국의 국격을 높이는데 앞장설 것""이라고 말했다.
[디펜스투데이]
Tag
#한화디펜스
#천궁발사대
#UAE수출
#천궁-II
#디펜스투데이
저작권자 © 디펜스투데이 무단전재 및 재배포 금지
이치헌 기자
다른기사 보기","{""무기/방어체계"": [""지대공미사일"", ""SAM""], ""재료/제조"": [""AM""], ""항공기/차량"": [""M2""], ""지상장비"": [""K9""]}",True,천궁-II 미사일 발사대,2022-01,high,기사에서는 한화디펜스가 천궁-II 미사일 발사대를 UAE에 수출한다고 보도하고 있습니다. 구체적인 기술명과 상용화 시점이 제시되어 있어 기술의 상용화/전력화를 다루고 있습니다.
"최신형 AMRAAM 공대공 미사일 등장",2022-01,http://www.defensetoday.kr/news/articleView.html?idxno=3382,"미국은 중국과의 공중전을 대비하여 기존 AIM-120 암람시리즈를 유도능력과 전자전하에서도 전투가 가능하게 개량
1992년에 첫 발사한  AIM-120 중거리 공대공 미사일, 또는 AMRAAM은 새로운 개량을 계획하고 있다.
미군은 현재 후계 모델인 AIM-260이 있지만, 서방의 가장 인기 있는 레이더 유도 공대공 미사일은 F3R로 알려져 새롭게 다시 개량되어 배치될 예정이다.
미사일 제작사인 레이시온에 따르면, AMRAAM은 업데이트된 소프트웨어를 통합할 것이며, 미국과 그 동맹국들이 중국과 전쟁을 하게 될 경우 뒤따르게 될 첨단 공중전에 최적화되어 있다고 한다.
레이시온 미사일 & 디펜스는 12월 13일(현지시각) F3R 프로그램인 폼, 핏, 기능 재구성 따라 개발된 최신 AMRAAM 업그레이드의 일련의 캡티브 운용 비행 시험을 완료했다고 공식 발표했다.
캡티브 캐리어 테스트 동안 미사일은 비행 기간 내내 시험 전투기에 장착되어 있었다. 그러한 시험은 특정 설계뿐만 아니라 장착한 전투기가 어떻게 하늘 높이 올라가서 다양한 기동을 통해 기본적인 스트레스를 처리하는지 데이터를 수집하는 데 필수적이다. 제작사는 수집비행을 F3R 및 관련 시스템 개선 프로그램, 또는 SIP 3F 소프트웨어 업데이트에 대해 ""지금까지 가장 스트레스를 많이 받는 시험""이라고 설명했다.
F-35C에서 발사 중인 AIM-120C 암람 중거리 공대공 미사일 (사진:U.S.NAVY)
테스트는 레이시온이 미 국방부와 함께 13만평방 마일의 훈련 영공을 보유한 플로리다주 에글린 공군기지에서 실시했으며, 표적 드론을 포함한 미사일 실사격에 적합하다.
이번 실험은 F-15, F-16, F/A-18 공대공 요격 임무 동안 실전배치된 F3R 미사일이 실제 환경에서 예상대로 작동한다는 것을 증명하기 위한 것이었다. 시험발사에 앞서 미 해군 F/A-18F 슈퍼호넷에서 2차례의 분리발사가 있었다.
폴 페라로 레이시온 미사일 & 디펜스 파워 부사장은 ""AMRAAM 생산을 계속하는 것 외에도 SIP 3F를 탑재한 F3R 프로그램은 상당히 향상된 능력을 제공할 것이며, 오늘날 우리의 적들로부터 빠르게 진화하는 위협에 대응할 수 있게 할 것""이라고 말했다. ""이러한 캡티브 캐리어 비행은 미사일이 모든 전투기 통신 인터페이스 요구사항을 충족하는지 확인하는 동시에 소프트웨어 업그레이드의 성능을 평가하는 데 필수적이다.""
F3R 프로그램은 기존의 AIM-120C-8과 AIM-120D-3 AMRAAM을 위해 개발되었다. 이 중 D-모델은 제3자 타겟팅 기능이 있는 양방향 데이터링크를 포함하여 이미 몇 가지 중요한 이점을 제공한다. 미공군이 '롱샷' 실험 당시 공대공 미사일 발사에 사용된 것은 AIM-120D였다.
가데나 공군기지에서 F-15C 골든이글에 장착하기 위해서 준비중인 AIM-120D 암람 미사일 (사진:U.S.Air Force)
F3R 하에서 레이시온 엔지니어들은 모델 기반 시스템 엔지니어링 이니셔티브와 기타 디지털 기술을 사용하여 다중 회로 카드와 하드웨어를 미사일의 유도섹션을 개량하여 이전버전의 소프트웨어를 대체했다. 과거에 AMRAAM에 대한 펜타곤의 선택 획득 보고서(SAR)는 F3R을 ""AMRAAM 유도부분의 노후 문제를 완화하기 위한 개량""으로 설명했다.
결과는 AMRAAM의 전반적인 기능을 향상시킬 뿐만 아니라 향후 10년 동안 생산이 유지되는 동안 미군과 수출 고객을 위해 계획되며, 그 중 40여 개는 이미 지상용을 포함하여 다른 AIM-120 버전을 주문했다.
레이시온은 ""회로판과 유도부분 구성요소를 포함한 새로운 F3R 하드웨어는 SIP-3F가 고급 알고리즘에 활용하는 처리 능력을 크게 향상시킵니다. 하드웨어와 소프트웨어가 통합되면 미사일의 전반적인 성능이 향상된다.""다고 밝혔다.
레이시온은 F3R 버전의 미사일인  AMRAAM의 사거리와 성능 한계를 평가하기 위해 고안된 장거리 발사실험과 직접 연계된 것은 아니지만, 이번 실험은 무기의 지속적인 발전을 보여주는 것이라고 설명했다.
레이시온은 ""F3R과 SIP 3F 소프트웨어가 전투기와 함께 버전업에 들어가면서 사거리 증대와 유도구간 성능 개선이 결합돼 사용자 전반의 장거리 위협 대응 능력에 큰 힘이 될 것""이라고 말했다.
루크 공군기지에서 F-16 전투기에 AIM-120 암람을 장착하고 있다. (사진:U.S.Air Force)
레이시온의 폴 페라로가 언급한 '급속하게 진화하는 위협'에 대해서는 첨단 전투기, 순항미사일, 폭격기 등이 포함돼 있다.
미공군 프랭크 켄달 장관을 인용하여 ""명백히, AIM-120의 지속적인 개선은 중국의 인민해방군(PLA)에 의해 빠르게 발전하는 군사능력 확대 때문에 하는것이라고 밝히고 있다.
특히 F3R이 AIM-120D-3에 제공하는 향상된 시커 성능이 첨단 전자전 시스템에 재밍되는 상황과 악천후에도 적 항공기와 미사일을 더 잘 조준할 수 있다. 중국이 최근 몇 년간 J-16D 플랭커 전투기를 개발하며 장거리 전자전 공격 능력을 확보하고 있다.
입증된 공대공 미사일을 더욱 강화하려는 추진은 새로운 록히드 마틴 AIM-260 합동 첨단 전술 미사일(JATM)이 이르면 2022년에 미공군과 미해군 전투기를 무장시키는 것을 목표로 하고 있음에도 불구하고 앞으로 몇 년동안은 더 사용될 것임을 암시하는 것이기도 하다.
JATM 프로그램의 시험발사는 이미 잘 진행되었고, AIM-120보다 장사정으로 장거리 공대공 미사일 분야에서 중국과 러시아의 노력에 필적하는 성능을 가질 것으로 예상된다.
JATM뿐만 아니라 레이시온이 개발한 장거리 공대공 미사일 프로그램도 있다. 그 다음 최근 공개된 보잉사의 2단계 무기 개념인 장거리 공대공 미사일(LRAAM)도 있다.
비록 AIM-260이 충분히 일정을 충족하고 2022년에 실전배치를 시작한다고 해도, 완전한 가동 선언을 할때까지는 어느 정도 시간이 걸리고, 그 이후에 양산속도가 붙을 것이다. 또 한가지는  JATM은 초기에는 수출용으로 돌릴수는 없다. AIM-120의 개선은 용량 관점에서 보다 쉽게 수출할 수 있는 옵션 측면 모두에서 중요할 것으로 내다보고 있다.
Raytheon LRAAM의 컨셉을 보여주는 몇 안 되는 컴퓨터 생성 이미지 중 하나다. (사진:레이시온)
어느 쪽이든, 만약 일부 미군부의 가장 비관적인 예측이 현실로 나타난다면, 시간이 별로 없을 수도 있다. 2021년 초 당시 미국 인도태평양사령부(USINDOPACOM) 사령관이던 필립 데이비드슨 제독은 향후 6년 안에 중국이 대만을 침공할 수 있다고 경고했다.
그렇게 된다면, 미국은 중국과 군사 대결을 하게 될 것이고, 중국 전투기는 자체 개발한 공대공 미사일로 미국 전투기를 능가할 수 있다고 생각되므로 인민해방군 전투기에 대항할 수 있는 이점을 필요로 할 것이다.
개량된 AMRAAM의 경우, 가장 최근 비행 시험 동안 수집된 데이터는 11월에 광범위한 자격 시험을 시작한 최종 소프트웨어 빌드로 끝냈다. 2022년에는 몇 번의 유도 실사격 테스트가 있을 것이다.
F3R과 SIP 3F를 미공군 및 미해군의 AIM-120D-3 미사일에 통합해 2022년 2분기부터 고정공중훈련미사일(CATM) 대비 올업라운드(AUR) 생산을 할 계획이다.
2023년 초부터는 Lot 33 생산 공정의 일환으로 인도된다. 기록적인 미국의 AMRAAM 프로그램은 2027년 또는 2028년까지 계속될 것으로 예상된다. 동시에, 개선사항은 2030년 이후에도 생산될 것으로 예상되는 AIM-120C-8 미사일에 추가될 것이다.
F-15C에서 무장 시스템 개량 프로그램(WSEP) 평가 임무 중 AIM-120C AMRAAM을 발사하고 있다. (사진: U.S.Air Force)
다른 나라들이 장거리 공대공 미사일 분야에서 괄목할 만한 진전을 이뤘던 수년 간의 명백한 진전 이후, 미국은 이제서야 분야에서 활발한 활동을 벌이고 있다. AIM-260과 다른 더 이국적인 무기들은 현재 사용중인 미사일에 대한 상당한 도약을 나타내야 하지만, 상황의 긴급성과 개량 테스트한 AMRAAM이 최고의 공대공미사일로 유지되도록 한다는 것이다.
미공군과 미해군은 AIM-120C-8과 AIM-120D-3를 신속하고 지속적으로 유도소프트웨어를 개량해서 전자전 교란하에서도 공중전 우위를 달성할 수 있도록 서두르고 있다.
[디펜스투데이]
Tag
#U.S.AirForce
#U.S.NAVY
#미공군
#미해군
#AIM-120C
#AIM-120D
#Raytheon Missiles & Defense
#암람개량
#디펜스투데이
저작권자 © 디펜스투데이 무단전재 및 재배포 금지
이승준 기자
다른기사 보기","{""우주/위성"": [""ISS""], ""AI/컴퓨팅"": [""AI"", ""AR""], ""센서/통신"": [""전자전"", ""RF"", ""IR""], ""무기/방어체계"": [""DE""], ""재료/제조"": [""AM"", ""PLA""], ""기타/기술"": [""IP""], ""항공기"": [""F-35"", ""F-16"", ""전투기"", ""F-15""], ""우주/위성/태양"": [""HEO""], ""센서/통신/레이더"": [""SAR""], ""함정/항공기"": [""P-3""], ""미사일/방공"": [""missile""], ""방산기업"": [""Raytheon""]}",True,최신형 AMRAAM 공대공 미사일,2022-01,high,이 기사는 미국이 중국과의 공중전을 대비하여 기존 AIM-120 암람시리즈 공대공 미사일을 개량하여 새로운 버전인 F3R을 개발하고 있다는 내용을 다루고 있습니다. 개발 중인 기술의 구체적인 명칭과 배치 예정 시기가 명시되어 있으므로 고품질의 정보로 판단됩니다.
"현대중공업그룹-ABS, 자율운항선박 기술표준 개발 앞당겨",2022-01,http://www.defensetoday.kr/news/articleView.html?idxno=3467,"선박 자율운항기술 기본인증 및 실증테스트 공동 진행키로
현대중공업그룹의 선박 자율운항 전문 회사인 아비커스(Avikus)가 미국선급협회(ABS, American Bureau of Shipping)와 협력해 자율운항 선박의 기술표준 개발을 앞당긴다.
아비커스는 세계 최대 전자·정보기술(IT) 전시회가 열리는 미국 라스베이거스에서 ABS와 함께 선박 자율운항기술 단계별 기본인증(AIP, Approval in Principle) 및 실증테스트 추진을 위한 양해각서를 체결했다고 9일(일) 밝혔다.
이날 체결식에는 정기선 현대중공업지주 사장, 아비커스 임도형 대표와 ABS 최고운영책임자 존 맥도날드(John P. McDonald) 부사장(Executive Vice President and Chief Operating Officer) 등이 참석했다.
ABS는 대표적인 국제 선급협회 중 하나로 해양 첨단기술 및 해상 구조물 등에 대해 기술 적합성 및 기준을 선정해 해양산업의 안정적인 발전을 도모하는 기관이다.
현대중공업그룹선박 자율운행 전문회사인 아비커스와 미국선급협회(ABS)가 미국 라스베이거스에서 선박 자율운항기술 단계별 기본인증(AIP) 및 실증테스트 추진을 위한 양해각서를 체결했다.(사진 왼쪽부터 현대중공업 주원호 기술본부장, 정기선 현대중공업지주 대표, 김성준 한국조선해양 미래기술연구원장, 패트릭 라이언 최고기술경영자(CTO), 존 맥도날드 최고운영책임자(COO), 아비커스 임도형 대표) (사진제공:현대중공업)
이번 협약으로 아비커스는 자율운항(HiNAS)과 자율접안(HiBAS), 완전 자율운항(HiNAS2.0) 등 자체 개발한 다양한 솔루션을 ABS가 지난해 7월 제정한 ‘자율운항 규정(Guide for Autonomous and Remote Control Functions)’에 맞춰 단계별 실증에 돌입한다.
이를 통해 아비커스는 자체 보유한 자율운항기술에 대해 단계별 인증 획득이 가능하며, ABS는 아비커스의 실제 운항 데이터를 바탕으로 단계별 실증 절차 규정을 마련하게 된다. 또한 양사는 이번 공동협력이 국제해사기구(IMO)에서 추진 중인 자율운항선박의 기술 표준화에도 기여할 것으로 기대하고 있다.
뿐만 아니라 아비커스는 지난해 6월 국내 최초의 완전 자율운항 시연 성공에 이어 현재 추진 중인 대양항해 상용선박을 대상으로 한 자율운항선박 기술 실증도 ABS와 공동으로 추진한다는 방침이다.
글로벌 시장조사업체인 어큐트마켓리포츠(Acute Market Reports)에 따르면, 자율운항선박 및 관련 기자재 시장은 연평균 12.6%씩 성장해 2028년에는 시장규모가 2,357억 달러에 이를 것으로 전망된다.
아비커스의 임도형 대표는 “이번 ABS와의 협약은 아비커스가 보유하고 있는 기술의 단계별 인증을 통해 기술 실증을 수행하고, 나아가 기술 표준화에 기여할 수 있다는 점에서 큰 의미를 가진다.”며, “지속적인 기술 고도화를 통해 선박 자율운항 시장을 확대시키고, 관련 시장 선점에 앞장 설 것”이라고 의지를 밝혔다.
ABS 존 맥도날드 부사장은 “자율운항기술은 미래 해양운송 분야에 있어 중요한 역할을 할 것으로 기대되며, 이에 따라 안전에 대한 중요성 역시 커지고 있다.”며, “조선업계 기술 분야에 통찰력을 지닌 ABS와 전문성을 갖춘 현대중공업그룹의 만남이 자율운항기술 분야에서 게임체인저의 역할을 할 것으로 기대된다.”고 밝혔다.
한편 아비커스는 이번 CES 2022에 참가해 완전자율운항 기술이 적용된 레저보트를 선보이는 등 자율운항기술을 중심으로 한 해양모빌리티 분야의 미래상을 제시했다.
[디펜스투데이]
Tag
#현대중공업
#미국선급협회
#ABS
#자율운항선박
#MOU
#디펜스투데이
저작권자 © 디펜스투데이 무단전재 및 재배포 금지
장훈 기자
다른기사 보기","{""AI/컴퓨팅"": [""AI"", ""AR""], ""무기/방어체계"": [""DE""], ""재료/제조"": [""ALD"", ""AM""], ""기타/기술"": [""IP""], ""무인/자율시스템"": [""ROV""], ""드론/무인체계"": [""autonomous""], ""해군장비"": [""ship""]}",True,자율운항선박 기술,2022-01,relevant,"이 기사는 현대중공업그룹의 자회사 아비커스와 ABS(미국선급협회)가 자율운항선박 기술 표준 개발을 위해 협력하는 내용을 다루고 있습니다. 구체적으로 자율운항(HiNAS), 자율접안(HiBAS), 완전 자율운항(HiNAS2.0) 등 아비커스의 자율운항 기술 솔루션들에 대한 단계별 실증 및 인증 절차를 진행할 예정이라고 언급하고 있습니다. 이는 상용화와 직접 관련된 내용이라고 볼 수 있습니다."
"대한항공, 프랫앤휘트니 글로벌 엔진정비 협력체 가입",2021-12,http://www.defensetoday.kr/news/articleView.html?idxno=3399,"미국 프랫앤휘트니 차세대 항공기 엔진인 GTF 엔진 정비 협력체로 가입해
대한항공이 미국의 항공기 엔진 제작사인 프랫앤휘트니(P&W)의 차세대 GTF(Geared Turbo Fan) 엔진정비 협력체로 가입, 글로벌 항공기 엔진 유지 정비(Maintenance Repair & Overhaul,  MRO) 경쟁력을 더욱 높인다.
대한항공은 12월 16일 오전 이수근 대한항공 오퍼레이션 부문 부사장, 프랫앤휘트니 Tom Pelland 전무 등 양사 관계자들이 비대면 화상 회의로 참석한 가운데 차세대 GTF 엔진 정비 협력체 가입 계약을 맺었다.
향후 민항기 시장을 주도할 것으로 평가되는 프랫앤휘트니의 GTF 엔진은 기어 구조 설계로 엔진을 최적의 속도로 회전시켜 효율성을 극대화했다. 대한항공이 향후 도입할 에어버스 320neo 기종의 주력 엔진인 PW1100G-JM도 GTF 엔진에 포함된다. 프랫앤휘트니는 GTF 엔진 정비를 위해 독일의 엠티유와 루프트한자 테크닉, 그리고 미국의 델타 테크옵스 등과 같은 글로벌 유수 엔진 정비업체를 묶어 협력체를 운영하고 있다.
대한항공은 12월 16일 항공기 엔진 제작사인 프랫앤휘트니(P&W)와 차세대 GTF 엔진 정비 협력체 가입 계약을 체결했다. 사진은 왼쪽부터 조영 대한항공 정비기획부 담당, 황인종 대한항공 정비본부장, 이수근 대한항공 Operation 부문 부사장, 김광은 대한항공 엔진정비공장장이 프랫앤휘트니 관계자들과 비대면 화상회의에 참석한 모습 (사진: 대한항공)
대한항공은 이번 프랫앤휘트니 GTF 엔진 정비 협력체 가입에 따라 첨단 정비 기술력과 함께 정비 물량을 제공 받게 된다.
대한항공은 PW1100G-JM 엔진 완전 분해 조립 정비, 시험 능력을 확보함과 동시에 오는 2023년 3분기 PW1100G-JM 엔진에 대한 첫 정비 입고를 시작으로 국내·외 엔진 정비 물량을 추가로 유치할 것으로 예상하고 있다.
차세대 GTF 엔진인 PW1100G-JM 엔진은 기존 대비 효율은 높이고 탄소 배출은 줄인 친환경 엔진으로 현재 전세계에서 약 1100대가 운용되고 있으며, 80여개 항공사로부터 1만대 이상 주문 및 약속 물량을 확보하고 있다.
대한항공이 이번에  GTF엔진 정비 협력체에 가입 하게 된 것은 그동안 축적해 온 세계 최고 수준의 엔진정비 기술력을 인정 받았기 때문이다.
대한항공은 국내 유일의 민간 항공기 엔진정비 전문시설을 갖추고 지난 1976년 보잉 707 항공기 엔진 중정비 작업을 시작한 이래 현재까지 약 4600여 대의 자사 항공기 엔진 정비를 수행하고 있다. 지난 2004년부터는 190여 대에 달하는 타 항공사 엔진 정비사업도 수주해 성공적으로 납품했다.
대한항공은 이번 계약 및 엔진제작사와의 전략적 협력으로 전 세계 항공 MRO 시장에서의 입지를 지속적으로 확장해 나갈 계획이다. 또한 해외 위탁정비에 의존하던 국내 항공사 엔진 MRO 수요를 국내로 전환함으로써 외화유출 방지, MRO 사업 확장에 따른 일자리를 창출하는 등의 역할로 국내 항공 MRO 산업 발전에 적극 기여해 나갈 예정이다.
또한 대한항공은 지난 2016년 인천 영종도에 세계 최대 규모의 상용 항공기 엔진 테스트 시설을 갖춘데 이어, 최신 시설의 엔진정비공장 확장으로 최첨단 항공 엔진 정비 클러스터를 구축함으로써 엔진 MRO산업에서의 입지를 더욱 단단히 다질 계획이다.
[디펜스투데이]
Tag
#대한항공
#KAL
#프랫앤휘트니
#차세대 항공기 엔진
#GTF 엔진 정비 협력체 가입
#디펜스투데이
저작권자 © 디펜스투데이 무단전재 및 재배포 금지
이승준 기자
다른기사 보기","{""AI/컴퓨팅"": [""AI"", ""LAN"", ""AR""], ""센서/통신"": [""IR""]}",True,GTF 엔진,2023-03,relevant,"이 기사는 대한항공이 프랫앤휘트니의 차세대 GTF 엔진 정비 협력체에 가입한 내용을 다루고 있습니다. 이를 통해 대한항공이 GTF 엔진에 대한 정비 능력을 확보할 것으로 보이며, 2023년 3분기부터 실제 정비 작업을 시작할 것으로 예상됩니다. 이는 민간 항공기 엔진 기술의 상용화와 관련된 내용이므로 군사 기술과 직접적인 관련은 없지만 관련성이 있다고 판단됩니다."
"아스트로엑스, 국내 최초 ‘수상 1인용 개인용 비행체’ 공개",2021-12,http://www.defensetoday.kr/news/articleView.html?idxno=3402,"2인승, 물류용 등 추가 라인업 확보 목표로 적극적 투자 진행
드론 전문 개발 기업 아스트로엑스(대표 전부환)는 국내 최초로 수륙 양용이 가능한 개인용 비행체(이하 수상 PAV)를 자체 개발하고, 시험 비행 및 실증을 시작한다고 12월 16일 밝혔다.
아스트로엑스는 서울특별시·서울산업진흥원이 지원하는 테스트베드 서울에 선정돼 ‘수상 운용이 가능한 1인용 개인 비행체’를 개발하고 실증을 진행하고 있다. 12월 16일~18일 서울 여의도 공원에서 열리는 ‘2021 대한민국 드론박람회’에서 국내 최초로 상용화한 완성 기체를 선보인다.
아스트로엑스가 자체 개발한 수상 PAV (사진:아스트로엑스)
아스트로엑스의 수상 PAV는 자사 자체 기술로 개발됐다. 현재 관련 특허 등록을 마쳤으며 시험 비행·실증을 통해 국내에서 가장 빨리 상용화할 수 있는 기술로 평가된다.
아스트로엑스는 빠른 상용화를 위해 △서울특별시 PAV 실증 사업(테스트베드 서울) △제천시 드론특별자유화구역 PAV 사업자(관광, 레져 분야, 청풍호 일대 공역) △인천광역시 PAV 컨소시엄 참여 기업(옹진군 자월도 공역)으로 이번 사업을 추진하고 있다.
아스트로엑스 수상 PAV의 특징은 육지뿐만 아니라 수상에서 수직 이착륙할 수 있으며 관광, 레저, 스포츠 등 전천후 용도로 활용할 수 있다는 것이다. 이에 따라 기존 PAV에 대한 패러다임을 바꾸면서 다양한 비지니스 모델을 양산할 수 있을 것으로 보인다.
아스트로엑스가 자체 개발한 수상 PAV (사진:아스트로엑스)
아스트로엑스는 안전을 위해 운용 고도를 5m로 제한하고, 자체 부력을 지녀 만일의 상황에 대한 안전성에 대한 우려를 해소했다. 이는 기존 PAV의 안전성·운영성과 비교할 때 크게 차이를 보이는 부분이다.
아스트로엑스 전부환 대표이사는 “2025년으로 예상되는 UAM 초기 시장을 준비하기 전에 우리가 지금 할 수 있는 기술·환경을 활용해 수상 에어 모빌리티 조기 상용화를 실현하는 게 목표”라며 “저고도 수상 에어 모빌리티 플랫폼 완성을 위해 2인승, 물류용 등 추가 라인업 확보 및 이와 관련된 다양한 서비스를 공급하기 위해 적극적인 투자를 진행하겠다”고 말했다.
[디펜스투데이]
Tag
#아스트로엑스
#수상PAV
#디펜스투데이
저작권자 © 디펜스투데이 무단전재 및 재배포 금지
이치헌 기자
다른기사 보기","{""재료/제조"": [""AM""]}",True,수상 1인용 개인용 비행체,2021-12,relevant,"이 기사는 드론 전문 기업 아스트로엑스가 개발한 수상에서 수직이착륙이 가능한 1인용 개인 비행체의 상용화를 다루고 있습니다. 이는 군사 기술이 아닌 민간용 기술이지만, 상용화 진행 상황을 구체적으로 다루고 있어 군사 기술 분야의 기사로 보기 어렵지만 관련성이 있습니다."
"KAI, 차세대 헬리콥터 기술, 진동제어 SW 개발에 착수해",2021-12,http://www.defensetoday.kr/news/articleView.html?idxno=3393,"KAI-KARI 공동개발, 국방기술진흥연구소와 협약체결…세계 최초 적용 목표
한국항공우주산업㈜(이하 KAI)은 한국항공우주연구원(이하 KARI)과 공동으로 헬리콥터의 차세대 핵심기술인 진동원(블레이드) 능동제어장치 SW 개발에 본격 착수한다.
 KAI와 KARI가 12월 14일 국방기술진흥연구소(이하 국기연)와 ‘21년 착수 핵심기술 연구개발 과제인 ‘중형헬기 진동저감을 위한 진동원 능동제어장치 SW 개발’ 협약을 체결했다.
왼쪽부터 KARI 김태주 박사, KAI 김남조 연구원, KARI 김도형 박사, KAI 헬기비행성능팀 곽동일 팀장, 구조성능실 황유상 실장, KRIT 류동기 팀장, 노승회 선임, KAI 도용창 수석, 강우람 선임 (사진:KAI)
 진동원 능동제어장치 SW 기술은 로터 블레이드의 각도를 조정하여 헬기 진동을 자동으로 제어하는 기술로 항공 선진국에서도 상용화를 위한 연구개발이 진행되고 있는 차세대 헬기 기술이다.
 이번 사업은 산학연 공동개발 사업으로 주관업체인 KAI와 협력기관인 KARI가 컨소시움 형태로 참여하며 서울대, 충남대, 경상대가 협력한다.
 KAI는 이번 사업에서 진동원 능동제어장치 SW와 검증 장치를 개발하고 신뢰성 테스트를 거쳐 최종 수리온 시제기에 적용하여 성능을 입증할 계획이다.
 개발비는 약 123억 원이며 개발기간은 ‘21년 12월부터 ‘25년 12월까지 48개월이다.
진동원 능동제어장치 SW와 검증 장치를 개발하고 신뢰성 테스트를 거쳐 최종 수리온 시제기에 적용할 예정이다. (사진: KAI)
 KAI는 KARI와 공동으로 동체에서 진동을 저감하는 AVCS（Active Vibration Control System) SW 개발을 성공적으로 완료한 바가 있다.
KAI는 수리온 성능개량, 유무인복합체계(MUM-T: Manned Unmanned Teaming), 차세대 기동헬기 개발 등 기존 헬기의 진화적 개발과 미래형 헬기 개발을 위한 핵심 기술개발을 추진 중이다.
 진동원 능동제어 시스템 연구개발이 성공적으로 마무리되고 국산 중형헬기에 탑재되면 운용 항공기에 적용되는 세계 최초 사례가 된다.
 KAI는 지난 10월 방위사업청과 ‘21년 신속시범획득사업인 ‘헬기-무인기 연동체계 사업’ 계약을 체결하고 헬기 플랫폼와 무인 플랫폼간 협업이 가능한 MUM-T 기술개발에 나섰다.
 또한, 산업통상자원부의 R&D 과제 참여를 통해 해외 기술에만 의존하던 헬기 동력전달계통 국산화도 진행 중이다.
 KAI는 지속적인 헬기 핵심기술의 연구개발을 통해 UAM 및 향후 개발될 중형헬기 사업에 적용할 계획이다.
 KAI 관계자는“정부와 국내 산학연과의 협력을 통해 미래형 헬기 기술 연구를 지속하고 있다.”며 “헬기 기술의 해외 의존도를 탈피하고 군전력 강화는 물론 국산 헬기 경쟁력 강화를 통한 헬기 산업 발전에도 기여 할 것”이라고 밝혔다.
[디펜스투데이]
Tag
#KAI
#진동원능동제어시스템
#동력전달계통국산화
#국방기술진흥연구소
#디펜스투데이
저작권자 © 디펜스투데이 무단전재 및 재배포 금지
이치헌 기자
다른기사 보기","{""AI/컴퓨팅"": [""AI"", ""AR""], ""재료/제조"": [""TEM"", ""AM""], ""드론/무인체계"": [""unmanned""], ""방산기업"": [""KAI""]}",True,진동원 능동제어장치 SW,2025-12,relevant,"이 기사는 KAI와 KARI가 개발 중인 헬리콥터 진동 저감 기술인 '진동원 능동제어장치 SW'에 대해 다루고 있습니다. 이 기술은 2021년 12월부터 2025년 12월까지 개발이 진행될 예정이며, 최종적으로 수리온 시제기에 적용될 계획이므로 상용화 관련 내용이 포함되어 있습니다."
"글로벌 호크 고고도 무인정찰기,운용체계 현대화",2021-12,http://www.defensetoday.kr/news/articleView.html?idxno=3337,"2023년부터 본격 가동
글로벌 방산 기업 노스롭그루먼(Northrop Grumman)이 미 공군과 지상기지 현대화 사업 (Ground Segment Modernization Program, GSMP) 계약을 체결하고 고고도 무인 전략정찰기 RQ-4 글로벌호크를 위한 첨단 체계를 구축한다고 밝혔다.
  2001년 미 공군의 RQ-4 글로벌호크 첫 운용과 함께, 미 공군의 조종사와 센서통제사 등 운영요원들은 2000년대 초반의 전산 성능을 기반으로 구축된 지상기지 체계를 활용하여 항공기로부터 수집된 정보를 관리하고 있으며, 기존 체계는 기능이 제한되고 운용자에 최적화된 환경을 제공하지 못하는 등의 한계가 있었다.
  이에 노스롭그루먼의 지상기지 현대화 사업팀은 개방형 체계 설계(open architecture design)와 신속개발(agile development) 방식을 활용하여 기존 글로벌호크의 휴먼 머신 인터페이스(human-machine interface, HMI) 및 소프트웨어에 대한 혁신을 이뤄냈다. 또한 이를 통해 다른 공군 체계와의 상호운용성을 높이고, 긴급 임무 수행역량을 향상시켰으며, 추후 성능 업그레이드 소요 시간을 단축하여 임무에 미치는 영향을 최소화하였다.
  차세대 RQ-4 지상기지는 고고도에서 장시간 체공이 가능한 무인 전략정찰기인 글로벌호크의 신형 운용 인터페이스를 포함한다. 지상기지 운용요원은 위성 및 가시선 (line-of-sight, LOS) 데이터링크를 통해 항공기와 통신을 유지하며 최신 기술을 활용한 항공기 원격 지휘통제, 상태 모니터링, 정보, 감시 및 정찰(Intelligence, Surveillance & Reconnaissance, ISR) 정보 수집 및 검증 등을 수행한다. 항공기에서 수집된 정보는 분석 요원에게 근실시간으로 전파된다. 또한, 지상기지에서의 임무 협조 및 추가 임무 수행이 보다 원활하도록 성능이 개선되었다.
  노스롭그루먼의 글로벌호크 개발 팀장 스탠 지퍼(Stan Zipper)는 “지상기지 현대화 사업(Ground Segment Modernization Program, GSMP)은 기존 혼잡한 환경에서 운용되었던 글로벌호크 지상 기지를 현대화 한다는 점에서 큰 의미가 있다”며, “기존의 지상 통제 체계의 노후화된 하드웨어 및 소프트웨어 기술을 대체할 기회”라고 설명했다.
  이어서 지퍼는 “지상기지 체계 내의 소규모 소프트웨어 성능개선은 다수 있었지만, GSMP는 글로벌호크 운용 역사상 최초의 전체 재설계 사업”이라며, “GSMP는 과거 성능개선 시 이루어졌던 업데이트 사항을 하나의 화면에 표시하여 상황 인식을 향상시키고 신속, 정확한 결정을 내리는 데 도움을 준다”고 강조했다.
  항온 및 항습 기능이 구축된 건물에 위치한 새로운 RQ-4 GSMP 지상기지 내부에는 각각 10개의 글로벌호크 조종 콘솔이 위치하고 있다. 기존 지상기지에서는 단 하나의 조종석 콘솔에서 무인기 한대만을 조종할 수 있었던 반면, 새로운 조종콘솔은 4개의 인체공학적 워크스테이션을 포함하여 조종사, 센서통제사, 정비사 등이 모두 활용할 수 있다.
  지퍼는 “새로운 휴먼 머신 인터페이스를 통해 조종사들이 콘솔의 제한 없이 여러 글로벌호크 기체를 조종할 수 있어, 기종에 따라 지상기지를 매번 이동해야 했던 과거에 비해 앞으로는 조종 대상 기체를 선택할 수 있다”고 설명했으며, “현대화된 지상기지는 향상된 하드웨어와 소프트웨어로, 모듈식 상용품(commercial-off-the-shelf, COTS)을 활용한 개방형 설계를 통해 지상기지를 더욱 수월히 변형 및 관리하고 추가 성능개선과 확장 또한 가능하다”고 덧붙였다.
  새로운 소프트웨어는 기존에 지상 운용 인원이 수동으로 진행했던 탑재 장비 및 임무 계획 과정을 자동화하는 알고리즘을 포함하여 글로벌호크 운용요원의 효율성을 높인다.
  미 공군 자산 및 자원과의 상호운용성, 통합 운용 디스플레이, 소프트웨어 및 물리적 성능개선, 임무 계획 자동화 등을 통해 기존 운용 요원이 임무 준비에 필요했던 시간을 앞으로는 보다 효율적으로 정보 수집, 임무 수행, 실시간 변화 대응 및 소요군 지원 등에 사용할 수 있게 될 예정이다.
  현재 노스롭그루먼은 미국 캘리포니아주에 위치한 에드워드스 공군 기지(Edwards Air Force Base, AFB)에서 첫 GSMP의 시험 비행을 진행해 새로운 체계가 정부의 요구 사항 검증을 마쳤다.
  지퍼는 “새로운 지상기지에서 기체 및 탑재 장비에 대한 지휘통제 능력을 확인하였으며, 2021년 4분기에 추가 시험 비행을 계획하여 새로운 네트워크 인터페이스를 검증할 계획”이라며, “특히 글로벌호크 임무 부여, 상황인식 정보, 탑재 장비에서 수집된 정보 전파를 위한 추가 채널 확보 등의 기능을 확인할 예정”이라 밝혔다.
  현재 노스롭그루먼은 미국 캘리포니아주의 빌 (Beale) 공군 기지와 노스다코타주의 그랜드 포크스 (Grand Forks) 공군 기지에 각 1개의GSMP 체계를 구축하고 있으며, 해당 체계는2022년에 각 현장에서 운용 시험 및 평가를 거친 뒤 2023년 초에 각 운용기지에 배치될 예정이다.
[디펜스투데이]
Tag
#디펜스투데이
#밀리터리
#국방
#군사
#이슈분석
#현대병기
#획득무기
#무기백과
#디펜스TV
저작권자 © 디펜스투데이 무단전재 및 재배포 금지
안승범 기자
다른기사 보기","{""무인체계"": [""Reconnaissance"", ""RQ""], ""우주/위성"": [""ISS"", ""SSA""], ""AI/컴퓨팅"": [""AI"", ""LAN"", ""AR""], ""센서/통신"": [""지휘통제"", ""ISR"", ""RF"", ""IR""], ""무기/방어체계"": [""DE"", ""HEL""], ""재료/제조"": [""RAM"", ""AM""], ""작전/전술"": [""ACE""], ""기타/기술"": [""IP""], ""방산기업"": [""Northrop""]}",True,RQ-4 글로벌호크 고고도 무인정찰기 운용체계 현대화,2023-01,high,"해당 기사는 RQ-4 글로벌호크 고고도 무인정찰기의 지상기지 운용체계 현대화 사업에 대해 다루고 있습니다. 이 사업은 2023년부터 본격 가동될 예정이며, 구체적인 기술명과 배치 시점이 명시되어 있습니다. 따라서 군사 기술의 상용화/전력화/배치/개발완료에 관한 정보를 포함하고 있어 높은 관련성과 품질을 갖습니다."
"SES-17 통신위성, 아리안 5호 탑재 발사 성공",2021-11,http://www.defensetoday.kr/news/articleView.html?idxno=4664,"SES는 11월 25일(현지시각) SES-17 위성이 현지시간 오후 11시 10분(UTC 오전 2시 10분) 프랑스령 기아나의 쿠루에 있는 유럽 우주항에서 아리안스페이스가 운영하는 아리안 5 발사기를 타고 우주로 성공적으로 발사됐다고 발표했다.
다중 임무 Ka-밴드 위성은 아메리카, 카리브해, 대서양을 포괄적으로 커버할 것이다. 67.1도 서쪽 궤도 슬롯의 궤도 슬롯에서 최첨단 기술을 접목한 매우 높은 처리량 정지궤도(GEO) 위성은 항공, 해양, 기업 및 정부 시장에서 활동하는 SES 고객에게 최고의 연결 환경을 제공할 수 있도록 설정되었다.
탈레스 알레니아 스페이스가 제작한 SES-17은 궤도에 배치된 가장 강력한 디지털 투명 프로세서(DTP)를 탑재한 최초의 Ka-밴드 정지궤도 위성으로 위성 기술에 중요한 이정표를 세웠다. 그것은 언제든지 다른 빔에 연결할 수 있는 거의 200개의 사용자 빔을 가질 것이다. 이는 빔의 전력 및 주파수 할당을 동적으로 변경할 수 있는 기능과 결합되어 SES-17이 실시간으로 변화하는 고객의 요구에 적응할 수 있음을 의미한다.
아리안 5호 로켓에 실려서 발사된 SES-17 통신위성(사진:SES)
완전히 디지털화된 페이로드의 완전한 유연성을 활용하여 고객의 요구에 맞게 공간 및 지상 자원을 자동으로 조정하는 업계 최초의 소프트웨어 시스템인 ARC(Adaptive Resource Control)를 사용한 GEO 위성이다.
모든 전기 추진 시스템을 갖춘 이 위성은 2022년 중반 현재 궤도에 도달할 것이다. 운영 시 앵커 고객인 탈레스 인플라이트 엑스피어리언스는 SES-17의 연결을 사용하여 차세대 항공 연결 솔루션인 FlytLIVE에 전원을 공급합니다. 탈레스 인플라이트 엑스피어리언스는 승무원과 승객 모두가 혼잡한 시간대 및 교통량이 많은 노선에서 항상 켜져 있는 고속 Wi-Fi 연결을 보장하면서 대역폭을 최적화했다.
탈레스 인플라이트 엑스피어리언스의 부사장인 크레이그 올슨은 ""오늘 SES-17의 출시는 현재 미국 내에서 비행 중인 FlytLIVE Connectivity Solution의 흥미로운 이정표입니다.""라고 말했습니다. ""네트워크 및 위성 아키텍처는 상용 항공 고객과 승객의 고유한 연결 요구 사항을 위해 특별히 개발되었습니다. SES-17을 통해 FlytLIVE는 아메리카 전역과 북대서양 회랑에 대한 완전한 커버리지를 제공하여 공중에서 타의 추종을 불허하는 연결 경험을 제공할 것입니다.""
""우리는 SES-17이 우리의 GEO 함대와 중간 지구 궤도(MEO) 별자리에 합류하게 되어 매우 흥분됩니다. SES-17은 Tales Group, Tales Alenia Space 및 SES 간의 성공적인 협업의 결과물이며, 항공 및 해양 분야의 기하급수적인 연결 요구를 해결하고 미주 전역에서 디지털 통합 이니셔티브를 가속화할 수 있습니다.""라고 SES의 CEO 스티브 코렐은 말했다. ""아리안스페이스 덕분에, SES-17은 이제 궤도로 가고 있습니다. SES 고객이 SES-17과 곧 출시될 O3bmPOWER Constellation으로 구성된 상호 운용 가능한 다중 궤도 Ka-밴드 위성 네트워크의 높은 처리량, 글로벌 도달 범위 및 짧은 대기 시간을 활용할 수 있기를 기대합니다.""
""SES-17은 위성 자체의 혁신적인 설계에서부터 마지막 연합 작전에 이르기까지 모든 탈레스 알레니아 우주 전문가들을 동원하여 현재 궤도에 진입하고 있습니다. 완전히 디지털화되고 매우 혁신적인 SES-17은 시장의 연결 요구를 충족시키기 위해 우리가 개발한 모든 최첨단 기술의 혜택을 받을 것입니다.""라고 탈레스 알레니아 스페이스의 CEO 해브 데릴리는 말했다.
[디펜스투데이]
Tag
#디펜스투데이
#밀리터리
#국방
#군사
#이슈분석
#현대병기
#획득무기
#무기백과
#디펜스TV
저작권자 © 디펜스투데이 무단전재 및 재배포 금지
이승준 기자
다른기사 보기","{""우주/위성"": [""MEO"", ""정지궤도"", ""GEO""], ""AI/컴퓨팅"": [""AR""], ""작전/전술"": [""ACE""], ""해양/기상"": [""TC""], ""첨단기술"": [""space""]}",True,SES-17 통신위성,2022-06,high,"기사에서 SES-17 통신위성이 2022년 중반경 궤도에 도달할 것이라고 명시하고 있어 상용화/전력화 시점이 잘 드러나며, 통신위성 기술명도 명확히 제공되고 있습니다. 또한 이 기술이 향후 항공 및 해양 분야에 활용될 것이라고 언급되어 있어 군사 기술의 상용화와 직접적으로 관련되어 있습니다."
"포스텍 방산분야 진출",2021-11,http://www.defensetoday.kr/news/articleView.html?idxno=3330,"서울 아덱스에 참여
FOSTEC은 ‘서울 국제 항공우주 및 방위산업 전시회 2021(서울 ADEX 2021)’에서 광통신 분야의 축적된 기술력을 선보였다.
군통신용 D38999 비접촉식 광커넥터 제품과 광케이블을 쉽게 권취가 가능한 광케이블 방차대(MOFC-R) 모델을 선보인 것이다.
FOSTEC은 비접촉식 광터넥터 기술을 기존 지상 및 해상용 통신 부품에서 항공우주 산업 부품 제작까지 확대 적용했으며, 대한민국 광통신 부품 제조 분야의 기술력을 활용해 수출 확대와 국내 업체와의 협력을 강화하고, 글로벌 시장 진출을 위해 노력한다는 내용이다.
또한 신규 개척을 위한 해외 바이어들과 수출 상담을 통해 주력 제품인 비접촉식 광커넥터(EXPANDED BEAM CONNECTOR) 등 상담이 진행됐다.
노르웨이, UAE 등 비접촉식 커넥터의 핵심 기술에 대한 협력의 기회가 됐으며, 차기 커넥터 개발 사업에도  참여하기로 협의했다.
수출 중소기업인 벤처기업 포스텍(FOSTEC INC)은 17년간 정보통신네트워크 분야에서 광통신 제품을 연구 개발·제조해왔으며, 2014년에는 육군전술정보통신체계(TICN) 사업 양산 업체로 선정돼 납품에 참여하고 있다. 더불어 전 세계 각 지역에서도 포스텍의 광통신 제품에 관심을 가져 수출백만불탑 수상 경력도 있다. 포스텍은 경기도 안산시에 위치하고 있으며 약 60명의 직원이 재직 중이다.
[디펜스투데이]
Tag
#디펜스투데이
#밀리터리
#국방
#군사
#이슈분석
#현대병기
#획득무기
#무기백과
#디펜스TV
저작권자 © 디펜스투데이 무단전재 및 재배포 금지
안승범 기자
다른기사 보기","{""무기/방어체계"": [""DE""], ""재료/제조"": [""DED"", ""AM""]}",True,비접촉식 광커넥터 기술,2021-11,relevant,"기사에 따르면 포스텍이 서울 ADEX 2021에서 군통신용 비접촉식 광커넥터 제품을 선보였으며, 해외 바이어들과 수출 상담을 진행했다. 이는 기술의 상용화 및 전력화 계획을 다루고 있는 내용으로 볼 수 있음."
"항공안전기술원, ‘2021년 도심항공교통 공항실증’ 진행",2021-11,http://www.defensetoday.kr/news/articleView.html?idxno=3327,"2025년 UAM 상용화를 위해 서울 김포공항에서 안전 분야 종합 실증 주관
항공안전기술원(원장 이대성)은 11월 11일(목) 국토교통부가 주최하고 항공안전기술원, 한국공항공사, 한국국토정보공사에서 공동으로 주관하는 ‘2021년 도심항공교통(UAM) 공항실증’ 행사를 성공적으로 수행했다.
항공안전기술원은 이번 실증 행사를 통해 도심공항에서 UAM의 안전한 비행을 위한 인허가, 통신, 관제 등 안전 제도와 미래 UAM 운항 개념인 K-UAM ConOps 1.0을 점검했다.
공항실증 2부 행사로 ‘K-UAM 국제컨퍼런스’를 개최했으며, 국내외 전문가가 참여해 2025년 UAM 상용화 실현 준비를 위한 토론의 시간을 가졌다. 항공안전기술원 이대성 원장은 “UAM은 우리 항공 산업 발전의 획기적인 전환점이며 항공 안전을 통해서 사회적 수용성 확보와 우리 UAM 산업이 First Mover로 도약 할 수 있다”고 밝혔다.
국내 유일 항공 안전 전문기관인 항공안전기술원은 항공 분야 인증·시험·연구·기술개발 등을 수행하고 있다. 특히 UAM 시대를 대비해 UAM 팀코리아 간사기관으로서 우리나라 UAM 산업 생태계 조성과 안전 제도 마련에 적극적으로 참여하고 있다.
항공안전기술원은 K-UAM 운용 개념서 1.0과 국가항행계획(NARAE) 2.0 마련, 드론교통관리체계(UTM) 등 미래 항공 분야의 안전 증진과 산업 활성화에 관련해 정부와 산업계 지원 역할을 적극적으로 수행하고 있다.
항공안전기술원은 이번 도심항공교통(UAM) 공항실증 행사를 통해 UAM이 미래의 안전하고 편리한 교통수단으로 상용화될 수 있도록 가능성을 점검하는 기회를 가졌고, 나아가 UAM 선도국가로 발돋움하기 위한 정책과 산업 지원을 적극적으로 수행하겠다는 포부를 밝혔다.
항공안전기술원, 김포공항·인천공항에서 ‘2021년 도심항공교통 공항실증’ 성공적 수행
지난해 이어 올해 공항실증을 통해 안전하고 편리한 新 항공교통수단으로서 UAM의 가능성을 제시
항공안전기술원(원장 이대성)은 11월 11일(목) 김포공항, 11월 16(화) 인천공항에서 국토교통부가 주최하고 항공안전기술원에서 주관하는 ‘2021년 도심항공교통(UAM) 공항실증’ 행사를 성공적으로 수행했다.
이번 공항실증을 통해 정부가 계획하는 2025년 UAM 상용화의 가능성과 UAM·드론 등 미래 항공교통시스템의 통합 운용 방안을 제시했다.
항공안전기술원은 지난해에 이어 올해에도 UAM 실증행사를 주관해 新(신) 항공교통수단으로 UAM의 가능성을 국민에게 선보이고 기체와 교통관리시스템의 통합실증을 통해 미래 UAM의 발전 방향을 제시했다.
이번 실증에서는 UAM의 인허가, 통신, 관제 등 안전제도와 올해 9월에 마련한 UAM 운항 개념인 K-UAM ConOps 1.0을 점검했고, 국토교통부와 국토교통과학기술진흥원 국가연구개발사업으로 항공안전기술원이 개발하고 있는 드론 교통관리체계(UTM)를 제공해 항공기-UAM-드론에 이르는 다양한 항공기의 안전하고 완전한 통합 방안을 선보였다.
국내 유일 항공안전 전문기관인 항공안전기술원은 UAM 상용화의 핵심인 기체, 교통관리 인프라, 버티포트 등 안전 관련 인증·시험·기술개발 등을 적극적으로 추진하고 있다. UAM 팀코리아 간사기관으로서 우리나라 UAM 산업생태계 조성과 안전제도 마련에 적극적으로 참여하고 있다.
항공안전기술원은 K-UAM 운용개념서 1.0과 국가항행계획(NARAE) 2.0 마련, 드론 교통관리체계(UTM) 등 미래 항공분야의 안전 증진과 산업 활성화에 관한 정부와 산업지원 역할을 적극적으로 수행하고 있다.
항공안전기술원 이대성 원장은 “UAM은 우리 항공산업 발전의 획기적인 전환점이며 항공안전을 통해서 사회적 수용성 확보와 우리 UAM 산업이 First Mover로 도약할 수 있다”고 밝혔다.
항공안전기술원은 이번 도심항공교통(UAM) 공항실증 행사를 통해 UAM이 미래의 안전하고 편리한 교통수단으로 상용화될 수 있도록 가능성을 점검하는 기회를 가졌고, 나아가 UAM 선도국가로 발돋움하기 위한 정책과 산업지원을 적극적으로 수행하겠다고 포부를 밝혔다.
◇도심항공교통 민관협의체(UAM 팀코리아)
2020년 6월 4일 정부 혁신성장 전략회의에서 발표한 ‘한국형 도심항공교통(K-UAM) 로드맵’ 추진 내용의 하나로 정부에서는 한국형 도심항공교통 서비스의 실현과 산업발전을 촉진하기 위한 협의체이자 정책공동체로 UAM 주요업계 및 기관이 참여하는 UAM 팀코리아를 구성 및 발족(2020.6.24.)했다(총괄부처 : 국토부, 간사기관 : 항공안전기술원/한국항공우주연구원, 참여기관 : 37개 기관 외 참여를 희망하는 초청기관으로 구성).
◇드론 교통관리시스템(UTM)
국토교통부, 국토교통과학기술진흥원 지원으로 항공안전기술원에서 주관해 수행하는 R&D과제(무인비행장치의 안전운항을 위한 저고도 교통관리체계 개발 및 실증시험, 2017∼2022년, 연구단장 강창봉)로, 다수 드론의 안전하고 체계적인 비행을 위한 드론의 비행 계획 승인, 위치 정보 모니터링, 주변 비행체와의 충돌 방지 기능을 제공하는 교통관리체계이다. 본 과제는 2021년 국가R&D 우수성과 100선(사회문제해결성과 국민투표 2위)으로 선정된 바 있다.
항공안전기술원 개요
항공안전기술원(KIAST)은 민간항공기·공항·항행 시설 등에 대한 안전성·성능 등을 시험하고 인증하는 업무와 항공 안전에 영향을 주는 위해 요인 식별·분석, 항공사고 예방 기술 개발 및 국제 표준 연구 수행 등 항공 안전 확보를 위해 설립된 국토교통부 산하 공공기관이다.
[디펜스투데이]
Tag
#디펜스투데이
#밀리터리
#국방
#군사
#이슈분석
#현대병기
#획득무기
#무기백과
#디펜스TV
저작권자 © 디펜스투데이 무단전재 및 재배포 금지
안승범 기자
다른기사 보기","{""무인체계"": [""UTM""], ""AI/컴퓨팅"": [""AR""], ""센서/통신"": [""IR""], ""재료/제조"": [""AM""], ""작전/전술"": [""CONOPS""]}",True,도심항공교통(UAM),2025-01,relevant,이 기사는 2025년 UAM 상용화를 위한 실증 행사에 대해 다루고 있습니다. 구체적인 기술명과 상용화 시점이 언급되어 있어 관련성이 높습니다.
"LIG넥스원, 수송드론, 위성 등 미래기술 선도",2021-11,http://www.defensetoday.kr/news/articleView.html?idxno=3314,"글로벌 시장 조준
수소연료전지 기반 대형 수송드론 개발 선도, 미래 도심항공 모빌리티 진출
‧ 한국형 위성항법시스템(KPS) 개발 박차, 4차 산업혁명 인프라 조성
1976년 설립된 LIG넥스원은 국방과학연구소(ADD)와 함께 정밀 유도무기, 감시정찰, 지휘통제∙통신 등 육∙해∙공 분야에서 무기체계를 개발∙양산해 온 방산업체 이다.
중·저고도로 침투해오는 다양한 적 공중위협 및 탄도탄에 대응하는 ‘천궁 II’, 항공기, 유도탄 등의 탐지가 가능한 ‘국지방공레이다’, 대화력전 핵심 전력인 ‘대포병탐지레이다-II’, 보병용 중거리유도무기 ‘현궁’, 소형 고속함정의 위협에 대응하는 해안방어용 유도무기체계인 2.75인치 유도로켓 ‘비궁’, 차세대 군용 무전기 ‘TMMR’ 등 LIG넥스원이 개발에 참여한 다수 무기체계가 개발을 완료하고 양산을 준비·진행 중이다. 
3,200여 전체 임직원의 절반 이상이 연구원이며 이중 석박사 비중이 60%로 연구인력을 보유하고 있는 ‘R&D 중심’ LIG넥스원은 그간의 연구개발 경험과 핵심기술간 융합을 통해 근접방어무기체계(CIWS-II)와 무인수상정(해검)을 비롯해 한국형 전투기(KF-21)에 탑재 예정인 유도무기, 항공전자, 전자전 장비 등 차세대 기술 확보에도 집중하고 있다.
수소연료전지 기반 대형 수송드론 개발 선도, 미래 도심항공 모빌리티 진출 모색
LIG넥스원은 다수의 무인기·드론 시스템의 체계종합 등 국방분야에서 쌓아온 기술력과 노하우를 기반으로 각각 탑재중량 200kg 및 40kg급 수송드론 등 국방/민수를 아우르는 카고드론 개발사업에 지속적으로 참여하며, 향후 미래 도심항공 모빌리티(UAM PAV, Urban Air Mobility Personal Air Vehicle) 분야까지 시장진출을 모색한다는 계획이다. 
LIG넥스원은 지난 5월 산업통상자원부 국가연구개발사업인 「자동비행과 원격조정 비행이 가능한 수소연료전지 기반 탑재중량 200kg급 카고 드론 기술 개발」 수행기관으로 선정된 바 있다.
광주광역시를 비롯한 참여기관과의 긴밀한 협력을 기반으로, ‘25년 수소에너지 기반으로 200kg 수준의 고중량 화물을 운송할 수 있는 드론 시스템의 개발이 완료되면 UAM과 연계한 상용화 및 육/해/공군/해병대에 군용 수송드론으로 적용이 가능할 것으로 예상된다.
화물 수송용 드론의 상용화 국가 물류 수송 시스템이 한차원 도약하는 것은 물론 선박ㆍ항공기를 대체하여 격오지 물류 수송비용도 크게 절감될 것으로 예상된다.
우리 군에 적용 시 격오지 부대, 전시 고립부대에 대한 군수품 및 비상물품 수송에 활용할 수 있어 군수 보급 및 수송 능력 향상도 예상된다.
LIG넥스원은 대형 수송드론 개발이 실제 상용화 및 국내 운송 인프라 혁신으로 이어질 수 있도록, 사업 참여기관들과 정책/제도/기반시설 구축을 위한 협력활동을 병행한다는 계획이다.
이와 함께 LIG넥스원은 지난해 11월부터 국방과학연구소 민군협력진흥원의 민·군기술협력사업으로 ‘탑재중량 40kg급 수송용 멀티콥터형 드론시스템’의 개발도 추진 중이다. 
한국형 위성항법시스템(KPS) 개발 박차, 4차 산업혁명 인프라 조성에 기여
LIG넥스원은 위성에 탑재되는 초정밀영상레이더 SAR(Synthesized Aperture Radar)를 비롯해 軍위성통신단말, 전자광학(EO), 적외선센서(IR) 등을 개발하며 KPS관련 연구 성과를 꾸준히 축적해오고 있다.
또한 한국형 위성항법시스템(이하 KPS) 사업 참여를 통해 획득하게 될 위성탑재체·위성항법장비 기술을 활용, 기존 주력사업은 더욱 고도화하는 한편 사업 다각화를 실현해 나갈 계획이다.
과학기술정보통신부는 한국형 위성항법시스템(KPS) 개발 사업을 통해 ‘22년부터 ’35년까지 14년간 총 3조 7,234억원 규모의 사업비를 투입하고 해당 사업을 통해 한반도 및 부속도서에 초정밀 위성항법서비스를 제공한다는 계획이다.
LIG넥스원은 이미 2006년부터 위성 SAR DM(Development Model, 개발모델) 개발을 국내 최초로 시작해, 현재 실용 위성급 영상레이더 탑재체 개발완료를 앞두고 있다.
또한, 한반도 전역에서 높은 GPS 위치 정확도를 확보하기 위한 위성보강항법 시스템 핵심기술 개발 사업에도 참여하고 있다. 또한, 항법신호 생성기술, 위성보강항법 기술, GPS 수신기술 등 위성항법시스템 핵심기술 개발에도 참여하고 있다.
기존의 GPS보다 훨씬 더 정밀하고 고도화된 센티미터(cm)급 서비스가 가능한 KPS는 도심항공모빌리티(UAM), 드론, 메타버스, 인공지능(AI), VR/AR과 같은 4차 산업혁명 기술진화의 발판이 될 예정이다.
2006년부터 40여 협력업체와 KPS 핵심 구성품을 중심으로 기반기술 확보에 주력해 온 LIG넥스원은 축적한 기술력과 노하우를 집결해 새로운 혁신을 가져올 공공목적 기반 인프라의 완성 해 나간다는 계획이다.
 민수 사업 투자 확대 및 외부협력을 통한 민수·국방 시너지
LIG넥스원은 연이은 전략적 투자와 제휴를 통해 민수 사업의 영역 확대를 진행하고 있다. 지난해 무선통신장비업체 이노와이어리스 지분 21%를 확보하며, 이노와이어리스를 자회사로 편입했다.
이노와이어리스는 2000년 설립된 이동통신용 최적화, 시험·계측솔루션 및 소형기지국(SmallCell)분야 국내 선도업체로 5세대 통신(5G) 상용화의 대표기업 중 하나이다. 전체 임직원 중 R&D 인력이 70%를 상회하고, 중소기업청에 선정되는 등 무선통신망 장비 분야에서 기술력을 확보하고 있다.
4G, LTE, 5G 등의 기술력을 바탕으로 차세대 이동통신인 6세대(6G)와 관련한 기술과 제품 개발에 집중하고 한국형 위성항법시스템(KPS) 개발사업에 참여중인 LIG넥스원과의 협력을 통해 위성 통신 서비스에 기여하게 된다.
LIG넥스원과 자율주행‘TaaS’(Transportation-as-Service) 기업인 포티투닷은 최근 자율주행용 카메라 센서 고도화와 레이다 신규 개발을 위해 협력중이다.
LIG넥스원이 선도해 온 국방 분야 레이더 센서 개발 역량과 포티투닷 자율주행 하드웨어·소프트웨어 플랫폼을 수직 내재화하고 민수와 방산솔루션 모두에 대응 가능한 센서를 개발해 적용한다는 전략이다.
[디펜스투데이]
Tag
#디펜스투데이
#밀리터리
#국방
#군사
#이슈분석
#현대병기
#획득무기
#무기백과
#디펜스TV
저작권자 © 디펜스투데이 무단전재 및 재배포 금지
안승범 기자
다른기사 보기","{""우주/위성"": [""위성항법시스템"", ""GPS"", ""위성항법"", ""위성통신""], ""AI/컴퓨팅"": [""AI"", ""인공지능"", ""VR"", ""AR""], ""센서/통신"": [""지휘통제"", ""적외선"", ""LTE"", ""전자전"", ""IR""], ""무기/방어체계"": [""DE""], ""재료/제조"": [""ICL"", ""AM""], ""항공기"": [""전투기""], ""무인/자율시스템"": [""무인수상정""], ""센서/통신/레이더"": [""SAR""], ""항공기/전투기"": [""KF-21""], ""첨단기술"": [""radar""]}",True,"['수소연료전지 기반 대형 수송드론', '한국형 위성항법시스템(KPS)', '천궁 II', '국지방공레이다', '대포병탐지레이다-II', '현궁', '비궁', 'TMMR', '근접방어무기체계(CIWS-II)', '무인수상정(해검)', '유도무기', '항공전자', '전자전 장비']","['2025년', None]",relevant,기사에는 다양한 군사 기술들의 개발 현황과 상용화/전력화 계획이 소개되어 있습니다. 특히 2025년 완료 목표인 대형 수송드론 기술과 한국형 위성항법시스템(KPS) 개발이 언급되어 있어 관련성이 높습니다.
"인천공항, UAM 공항실증 및 K-UAM 컨펙스 개최",2021-11,http://www.defensetoday.kr/news/articleView.html?idxno=3312,"한국형 도심항공교통(K-UAM) 활성화에 박차
인천국제공항공사(사장 김경욱)는 정부 및 관계기관과 함께 K-UAM 공항실증행사(11.16, 국토부 주최), 2021 K-UAM 컨펙스(11.16~17, 인천시 주최)를 성공적으로 진행함으로써 한국형 도심항공교통(K-UAM)의 상용화에 박차를 가할 계획이라고 11월 16일 밝혔다.
인천 파라다이스시티에서 열린 ‘UAM 공항실증 및 K-UAM 컨펙스’에서 인천국제공항공사 김경욱 사장이 축사를 하고 있다.(사진:인청국제공항공사)
이와 관련해 16일 인천공항 잔디광장 일대에서는 국토교통부 주최로 K-UAM 공항실증행사가 진행되었으며, 향후 UAM 상용화시 가장 활용도가 높을 것으로 예상되는 공항셔틀(공항-도심간 정기 운행하는 UAM)의 시험비행을 진행하고 UAM 모형 등을 일반에 공개하였다.
코로나19 방역지침을 준수하는 가운데 진행된 이날 행사에는 국토교통부 김용석 항공정책실장, 인천광역시 박남춘 시장, 인천국제공항공사 김경욱 사장을 비롯해 정부, 지자체, 민간, 학계 등 국내·외 UAM 유관기관 관계자와 사전 예약을 통해 신청한 국민 100여 명도 함께하였다.
인천 파라다이스시티에서 열린 ‘UAM 공항실증 및 K-UAM 컨펙스’에서 인천국제공항공사 김경욱 사장(사진 가운데)이 현대자동차, 현대건설, KT, 대한항공과 ‘도심항공교통(UAM)의 성공적 실현 및 생태계 구축 협력을 위한 업무협약’을 체결한 후 기념촬영을 하고 있다. 앞서 지난해 9월 공사는 현대자동차, 현대건설, KT와 4자간 UAM 협력체를 구축한 바 있으며, 이번 업무협약을 통해 대한항공이 신규로 참여함으로써, 국내 UAM 활성화를 위한 업무협력체계를 한층 공고히 하였다.(사진:인천국제공항공사)
공항실증행사에서는 미국, 유럽 등에서 다수의 공개시연을 수행한 적 있는 멀티콥터형  2인승 기체가 인천공항 제1여객터미널 전면부에서 이륙해 지정된 실증 전용회랑 약 3km(고도 50m 이하)를 비행한 후 출발지점으로 복귀하였다.
같은 시각 시험비행을 하는 UAM 기체에 장착된 국산개발 송신장비를 통해 기체의 비행경로가 인천항공교통관제소에서 운영하는 수도권항공교통관제시스템 상의 모의훈련장비와 K-드론시스템에 동시 표출되어 이를 통해 시스템간 데이터 교환 및 교통관리 연동 등을 진행함으로써 UAM 교통관리에 대한 실증도 함께 진행되었다.
UAM 시험비행 및 교통관리 등 이번 공항실증행사의 결과는 향후 △UAM 교통관리 체계 개선 △UAM 및 드론 등 차세대 모빌리티 시스템과 기존 항공교통 체계의 점진적 통합 등에 활용될 예정이다.
인천 파라다이스시티에서 열린 ‘UAM 공항실증 및 K-UAM 컨펙스’에서 인천공항공사 김경욱 사장(사진 오른쪽)이 국토교통부 김용석 항공정책실장(사진 가운데)과 행사장에 마련된 UAM 전시장을 둘러보고 있다.(사진:인천국제항공공사)
이날 행사의 일환으로 인천국제공항공사는 미국 LA공항 등을 운영하는 LAWA 社와 UAM 상용화 관련 정보 교류 활성화를 위한 의향서(EOI)를 체결했으며, 기존에 공사와 현대자동차, 현대건설, KT가 구축한 4자간 UAM 협력체(2020.9월 협약체결)에 대한항공을 신규로 참여시키는 5자간 업무협약을 체결함으로써 국내 UAM 활성화를 위한 업무협력체계를 한층 더 공고히 하였다.
이날 협약체결을 바탕으로 각 사는 △UAM 산업 활성화를 위한 사업 로드맵 공동 수립 △K-UAM 로드맵 공동 이행 등 공통협력 분야와 더불어 각 기관별 전문성을 발휘하여 분야별 중점사업을 추진할 계획이다.
또한 앞으로 각 사는 자체 협력 분야를 추가 도출하는 한편, UAM 정책협의체(UAM Team Korea) 활동과 K-UAM 그랜드챌린지를 공동으로 수행하는 등 국내 UAM 상용화를 적극 뒷받침할 예정이다.
인천공항 잔디광장 일대에서 국토교통부 주최로 진행된 ‘K-UAM 공항실증행사’에서 공항셔틀(공항-도심간 정기 운행하는 UAM)이 시험비행을 진행하고 있다. 이날 시험비행을 진행한 공항셔틀은 멀티콥터형 2인승 기체로 인천공항 제1여객터미널 전면부에서 이륙해 지정된 실증 전용회랑 약 3km(고도 50m 이하)를 비행한 후 출발지점으로 복귀하였다.(사진:인천국제공항공사)
뿐만 아니라 이번 협약의 연장선 상에서 11월 16일에서 17일 양일간 진행되는 K-UAM 컨펙스에 참가해 국내 UAM 생태계 전반에 대한 청사진을 발표할 계획이다.
11월 16일에서 17일 양일간 인천 파라다이스시티에서는 인천광역시 주최 및 인천국제공항공사 주관으로 2021 K-UAM 컨펙스가 진행된다.
이번 행사는 UAM과 스마트시티를 주제로 하는 기조강연을 시작으로 △UAM 정책동향 △선도기업 및 개발현황 △연구동향 등 UAM 관련 국내·외 이해관계자들의 다양한 논의가 진행될 예정이다.
행사장에 마련된 UAM 전시장은 현대자동차의 UAM 비행체 모형을 포함해 인천시 선정 UAM 선도기업의 UAM 관련 제품을 전시하는 등 UAM이 상용화될 미래 모습을 실감나게 체험할 수 있도록 구성되었다. 
인천국제공항공사 김경욱 사장은 “이번 K-UAM 공항실증행사 및 K-UAM 컨펙스를 통해 UAM 산업의 현황을 점검하고 2025년 K-UAM상용화를 위한 초석을 놓았다고 생각한다”며 “인천공항의 세계적인 항공운송 인프라 및 유관기관 협력체계를 바탕으로 UAM 공항셔틀 서비스의 성공적인 도입을 추진함으로써 정부의 K-UAM 활성화 정책을 적극 뒷받침해 나갈 계획이다”고 말했다.  
[디펜스투데이]
Tag
#UAM
#인천국제공항공사
#UAM공항실증행사
#디펜스투데이
저작권자 © 디펜스투데이 무단전재 및 재배포 금지
이승준 기자
다른기사 보기","{""재료/제조"": [""AM""]}",True,도심항공교통(UAM),,relevant,이 기사는 한국의 도심항공교통(UAM) 상용화를 위한 공항실증행사와 관련 컨퍼런스 개최에 대해 다루고 있습니다. 군사 기술의 상용화는 다루지 않고 있습니다. UAM 기술 개발과 상용화 추진 계획에 대해 소개하고 있습니다.
"천궁 2 미사일 제작사 LIG 넥스원 사업 방향",2021-11,http://www.defensetoday.kr/news/articleView.html?idxno=3313,"2022년 이후 사업 방향
위성, 수송드론, 요격체계 등
미래기술 통합솔루션
한국형 위성항법시스템(KPS), 수소연료전지 기반 카고드론, 장사정포 요격체계
LIG넥스원(대표이사 김지찬)은 한국형 위성항법시스템(이하 KPS) ,수소연료전지 기반 대형 카고드론 ,장사정포 요격체계 등 민수·국방 분야를 아우르는 통합 솔루션을 주력할 예정이다.
2022년부터 2035년까지 14년간 총 사업비 3조 7,234억 원 규모로 추진되는 KPS는 총 8기의 위성으로 구성되며, 자율주행·도심항공,·사물인터넷·증강현실 등 4차 산업혁명의 핵심 인프라 역할을 수행하게 된다.
LIG넥스원은 2006년부터 국내 최초로 위성에 탑재되는 초정밀영상레이더 SAR(Synthesized Aperture Radar)의 개발을 시작해, 현재 실용위성급 탑재체의 개발완료를 앞두고 있다.
또한 위성통신단말, 전자광학(EO), 적외선센서(IR) 등 KPS의 기반이 될 핵심 구성품과 솔루션을 국내기술로 개발 중이다.
LIG넥스원은 민수와 국방 분야를 아우르는 수소연료전지 기반 탑재중량 200kg급 카고드론 개발사업에 지속적으로 참여하며, 향후 미래 도심항공 모빌리티(UAM PAV, Urban Air Mobility Personal Air Vehicle) 분야까지 시장진출을 모색하고 있다.
광주광역시를 비롯한 다수 참여 기관과의 협력을 기반으로 ‘25년 200kg 수준의 고중량 화물을 운송할 수 있는 드론 개발이 완료되면 UAM과 연계한 상용화는 물론 군용 수송드론으로도 활용이 가능하다.
 ‘장사정포 요격체계’와 관련해서도 국방과학연구소의 시제업체로서 신궁, 해궁, 천궁, 천궁 II, L-SAM 등 다수의 대공 무기체계 개발 및 양산에 참여해 왔으며, 체계통합 역량, 교전통제, 정밀 추적기술에 이르는 유도무기 체계 전문기술 및 노하우를 축적해 오고 있다.
LIG넥스원은 대공 요격체계를 비롯한 정밀타격, 감시정찰, 지휘통제·통신, 항공 및 전자전 체계 등의 개발과정 기반기술과 노하우를 활용해 장사정포 위협으로부터 국가 중요시설 및 군사 보안시설 등을 방호하기 위한 첨단 요격체계의 실현해 나간다는 계획이다.
[디펜스투데이]
Tag
#디펜스투데이
#밀리터리
#국방
#군사
#이슈분석
#현대병기
#획득무기
#무기백과
#디펜스TV
저작권자 © 디펜스투데이 무단전재 및 재배포 금지
안승범 기자
다른기사 보기","{""우주/위성"": [""위성항법시스템"", ""위성항법"", ""위성통신""], ""AI/컴퓨팅"": [""AI"", ""AR"", ""증강현실""], ""센서/통신"": [""지휘통제"", ""적외선"", ""전자전"", ""IR""], ""무기/방어체계"": [""SAM""], ""재료/제조"": [""ICL"", ""AM""], ""센서/통신/레이더"": [""SAR""], ""첨단기술"": [""radar""]}",True,"['한국형 위성항법시스템(KPS)', '수소연료전지 기반 대형 카고드론', '장사정포 요격체계']","['2022-', '2025-', None]",relevant,"이 기사는 LIG넥스원이 향후 개발할 국방 기술들을 다루고 있습니다. 구체적으로 한국형 위성항법시스템(KPS), 수소연료전지 기반 대형 카고드론, 장사정포 요격체계 등이 언급되어 있습니다. KPS와 카고드론의 경우 대략적인 개발 완료 시점도 제시되어 있습니다. 따라서 이 기사는 군사 기술의 개발과 상용화에 대해 다루고 있다고 볼 수 있습니다."
"콜린스 에어로스페이스, 두바이 에어쇼에서 다양한 능력 공개예정",2021-11,http://www.defensetoday.kr/news/articleView.html?idxno=4588,"콜린스 에어로스페이스가 2021년 두바이 에어쇼에서 강조할 최신 및 차세대 군사 솔루션으로는 인핸스드 비전 시스템(EVS-3600), ISR 솔루션, 록히드 마틴 C-130의 현대화 옵션, 차세대 사출 시트 등이 꼽힌다.
콜린스 에어로스페이스는 또한 승객들을 위한 원활한 여행 경험을 창출하고 항공사 운영자들을 위한 보다 효율적이고 지속 가능한 운항을 도울 수 있는 솔루션을 포함하여 상용 항공 분야에서 최신 제품과 역량을 선보일 것이다.
C-130에 장착된 인핸스드 비전 시스템(EVS-3600) (사진:콜린스 에어로스페이스)
EVS-3600은 위험하고 가시성이 낮은 조건에서 보다 안전하고 낮은 지형을 비행할 수 있도록 헤드업 디스플레이에 여러 개의 파장 카메라를 사용합니다. EVS는 또한 열 서명을 사용하여 수색 및 구조 작업을 지원한다. 
콜린스 에어로스페이스의 ISR 솔루션 중에는 MS-110 시스템이 있는데, MS-110 시스템은 다중 시각 및 IR 대역에서 다중 스펙트럼 이미징을 제공한다.
콜린스의 록히드 마틴 C-130 현대화 옵션에는 EVS와 더불어 바퀴와 브레이크, 프로펠러, 항공전자, 좌석, 임무 장비, 지상 시스템, 정비 지원 등이 포함되어 있다. 콜린스의 차세대 배출 시트인 ACES 5는 멀티 플랫폼 호환이 가능하다.
항공기의 무게와 항력을 줄이는 동시에 출력과 탑재하중을 향상시키는 데 도움이 될 수 있는 항공기 구조 재료 및 설계의 발전을 강조할 것이다.
레이시온 테크놀러지스의 4개 사업부 중 하나인 콜린스는 현재 METNA(중동, 터키 및 아프리카) 지역에 상당한 규모의 사업부를 보유하고 있으며, UAE에 지역 본부를 포함하여 15개 기업이 있다. 
UAE, 사우디 아라비아 및 기타 지역 국가에 400명 이상의 직원을 두고 있으며, 이 지역에서 약 1000개의 간접 일자리를 지원하고 있다. 
2009년에는 에미레이트 항공 및 기타 주요 항공 회사와 제휴하여 Aviation X-Lab을 설립하여 전 세계 승객 및 이해관계자의 항공 여행 경험을 개선하기 위한 솔루션에 대한 업계 협력을 촉진했다.
[디펜스투데이]
Tag
#디펜스투데이
#밀리터리
#국방
#군사
#이슈분석
#현대병기
#획득무기
#무기백과
#디펜스TV
저작권자 © 디펜스투데이 무단전재 및 재배포 금지
이승준 기자
다른기사 보기","{""센서/통신"": [""ISR"", ""IR""], ""작전/전술"": [""ACE""], ""항공기"": [""C-130""]}",True,"['Enhanced Vision System (EVS-3600)', 'ISR solutions', 'C-130 modernization options', 'Next-generation ejection seats']",,relevant,"이 기사는 콜린스 에어로스페이스가 두바이 에어쇼에서 선보일 다양한 군사 솔루션을 다루고 있습니다. 구체적인 기술명과 상용화/전력화 시점은 언급되지 않았지만, 현재 개발 중인 기술들의 능력과 특징을 설명하고 있습니다."
"글로벌 기업들과 협력 강화로 휴니드, ‘신 성장동력 확보’로 성장성 기대",2021-11,http://www.defensetoday.kr/news/articleView.html?idxno=3297,"통신분야 선도기술 확보 및 글로벌 기업들과의 중장기 협력관계 구축
글로벌 방산∙항공 전문 기업인 휴니드테크놀러지스(005870, 이하 휴니드)가 차세대 무선통신 기술인 LiFi 시스템을 선두로 글로벌 기업들과의 협력강화를 통해 중장기 성장동력을 확보하고 전략적 행보를 이어가고 있다.
군 관계자들이 휴니드의 LiFi 응용솔루션에 대한 설명을 듣고 있다. (사진: 휴니드)
휴니드는 지난 10월 19일부터 23일까지 성남 서울공항에서 열린 ‘서울 국제 항공우주 및 방위산업 전시회 2021(서울 ADEX)’를 통해 항공 우주산업은 물론, 보안성이 요구되는 군사부문에서 기존 사용되고 있는 WiFi 무선통신 기술의 취약점을 보완하고 보다 빠른속도로 대용량의 데이터 전송할 수 있는 LiFi 기술을 응용한 다양한 솔루션을 선보여 민/관/군 고객과 관람객들의 큰 호응을 얻었다.
또한, 글로벌 시장조사기관 이머전 리서치(Emergen Research) 발표 자료 기준 2028년 약 150억달러 규모로 성장할 LiFi 글로벌 시장을 선점하기 위해 휴니드는 프랑스의 라테크로(Latecoere)와 군사용 및 항공우주용 LiFi 제품 상용화 개발 및 내년말 JV (Joint Venture) 설립을 목표로 JDA(Joint Development Agreement)을 체결했다.
신규사업 개발을 위해 글로벌 방위산업 기업들과의 협력관계를 이어가는 모습 또한 독보적이다.
노스롭 그루먼과 MOU 체결 기념사진 (사진: 휴니드)
대한민국 군의 국방중기계획 2021~2025에 따라 한국형 조인트스타즈로 알려진 합동이동표적감시통제기 사업에 참여하는 노스롭 그루먼(Northrop Grumman)과는 해당 사업을 목표로 합동감시표적공격레이더체계(Joing Surveillance Target Attack Radar System – Korea, JSTARS-K) 개발을 위한 업무협약을 체결했다.
이번 업무협약은 공중 전장관리 지휘통제(Battle Management Command and Control, BMC2)체계를 구축을 위한 것으로 국내업체로는 휴니드와 LIG넥스원이 함께 협력업체로 참여하게 된다.
군용 무인기 선도기업인 제너럴아토믹스(General Atomics Aeronautical Systems Inc, 이하 GA-ASI)와는 2017년 체결한 공동 기술개발 및 사업협력 협약의 연장선으로 세부적인 협력 범위 확대하고 지속적인 협력관계를 이어나가기로 했다.
GA-ASI와 MOU 서명후 기념사진 (사진: 디펜스투데이)
협력범위로는 GA-ASI(General Atomics Aeronautical Systems)의 원격조종항공기 (Remotely Piloted Aircraft, RPA)의 릴레이/중계 기능 연동을 위한 휴니드의 대용량 무선전송체계(HCTRS·High Capacity Trunk Radio System)와의 통합 개발 및 GA-ASI의 SkyTower 솔루션 연동, 실시간 정보 감시 및 정찰(Intelligence Surveillance and Reconnaissance, ISR)을 위한 국내 통합 정보 센터 개발이 포함되었다.
이를 비롯하여 휴니드가 GA-ASI의 글로벌 공급망에 합류하기 위한 PCB 및 와이어하네스에 대한 개발 및 제조 협력에 대한 부분이 추가되었다.
해상 사업분야에서는 프랑스의 사프란일렉트로닉스앤디펜스(Safran Electronics & Defense)와 손잡았다. 거친 해상 조건에서도 장거리의 표적을 식별하고 추적이 가능한 전자광학장비와 정밀 타격을 지원하는 사격통제시스템 및 해당 시스템에 적용가능한 관성 항법 센서와 미사일 방어 시스템까지 함선의 전투 시스템에 적용되는 토탈 솔루션에 대한 공동 비즈니스 로드맵 수립하고 시장공략을 본격화 한다.
Safran과 MOU 기념 체결 단체 사진 (사진: 디펜스투데이)
휴니드 관계자는 “LiFi기술을 활용한 응용솔루션들을 소개하고, 고객들의 굉장한 호응을 이끌어내 매우 고무적이다.”며, “최단시일내에 LiFi 제품을 상용화하여 세계 시장을 선점해 나아가기 위해 전사적 역량을 집중할 계획이다”고 밝혔다.
LiFi라는 신 성장동력과 함게 글로벌 기업들과의 협업을 통해 지속적인 성장세를 이어갈 휴니드의 행보에 귀추가 주목된다.
[디펜스투데이]
Tag
#휴니드
#글로벌기업
#safran
#GA-ASI
#노스롭그루먼
#서울ADEX2021
#디펜스투데이
저작권자 © 디펜스투데이 무단전재 및 재배포 금지
이승준 기자
다른기사 보기","{""무인체계"": [""Reconnaissance"", ""Remotely Piloted Aircraft"", ""원격조종항공기"", ""RPA""], ""우주/위성"": [""ISS"", ""SSA""], ""AI/컴퓨팅"": [""AI"", ""LAN"", ""AR""], ""센서/통신"": [""지휘통제"", ""Command and Control"", ""C2"", ""ISR"", ""IR""], ""무기/방어체계"": [""DE""], ""재료/제조"": [""TEM"", ""PCB""], ""기타/기술"": [""JSTARS"", ""EMS"", ""합동감시표적공격레이더""], ""항공기/전투기"": [""aircraft""], ""첨단기술"": [""radar""], ""방산기업"": [""Northrop""]}",True,"LiFi, HCTRS(High Capacity Trunk Radio System)",,relevant,"기사에 따르면 휴니드 기업이 LiFi 기술과 HCTRS를 개발하고 있으며, 군사 및 항공우주 분야에 응용하기 위해 협력 관계를 구축하고 있습니다. 그러나 실제 배치/전력화 시점은 명시되어 있지 않습니다."
"현대에너지솔루션, 양면발전 태양광 기술 ‘국가연구개발 우수성과 100선 선정’",2021-10,http://www.defensetoday.kr/news/articleView.html?idxno=3271,"고효율 발전 기술로 경제성 확보, 상용화 통한 매출 성과 등 인정받아
현대중공업그룹 태양광부문 계열사인 현대에너지솔루션의 양면발전 태양광 기술이 ‘2021 국가연구개발 우수성과 100선’에 선정됐다.
과학기술정보통신부와 한국과학기술기획평가원은 국가 발전을 견인해 온 과학기술에 대한 국민들의 이해와 관심을 제고하고 과학기술인들의 자긍심을 고취기 위해 우수한 기술을 선정, 지난 2006년부터 매년 ‘우수성과 100선’을 발표하고 있다.
현대에너지솔루션이 지난해 3월 개발한 양면발전 태양광 기술은 발전 효율이 기존 단면발전 모듈보다 최대 30%이상 향상된 고효율 발전 기술로, 경제성 확보 및 상용화를 통한 매출 성과 등을 인정받아 우수성과 100선에 선정됐다.
현대에너지솔루션 양면발전 태양광 기술 수상 (사진: 현대에너지솔루션)
기존 국내시장의 태양광 모듈은 전면으로만 발전하는 단면 태양광 모듈이 주류였다. 현대에너지솔루션 양면발전 기술은 전면과 후면을 활용해 효율을 높이고, 패널 내 셀 집적도도 높여 출력을 크게 향상시켰다.
실제 현대에너지솔루션은 지난해 5월 충북 음성공장 내에 양면발전 실증설비를 설치, 발전효율 검증을 완료했다.
또한, 현대에너지솔루션은 양면발전 모듈 상용화 기술을 양산라인에 적용, 양면모듈 사업을 진행해 2020년 기준 약 410억원의 매출을 올렸다. 또한 이 기술을 활용해 지난 1월 세계 최초로 방음터널용 양면태양광 솔루션을 개발한 바 있으며 방음벽, 영농형 등 다양한 태양광 솔루션도 잇달아 개발했다.
유엔환경계획(UNEP)에 따르면 오는 2030년까지 각국 정부가 발표한 ‘재생에너지 신규 설비 계획’ 규모는 총 721GW이며 그 중 태양광이 63.8%를 차지할 것으로 조사됐지만, 태양광 발전 보급 확대를 위해선 고효율, 고출력 등 발전 시스템의 경제성 확보가 무엇보다 중요하다.
현대에너지솔루션 관계자는 “양면발전 태양광 기술을 개발단계에서 그치지 않고 경제성까지 확보해 상용화한 부분이 높이 평가를 받았다” 라며, “지속적인 R&D투자로 다양한 양면태양광 솔루션을 개발해 관련 시장 확대에 박차를 가하겠다”고 밝혔다.
[디펜스투데이]
Tag
#현대에너지솔루션
#현대중공업그룹
#양면발전태양광기술
#킨텍스
#디펜스투데이
저작권자 © 디펜스투데이 무단전재 및 재배포 금지
이승준 기자
다른기사 보기",{},True,양면발전 태양광 기술,2020-05,relevant,"이 기사는 현대에너지솔루션이 개발한 양면발전 태양광 기술에 대해 다루고 있습니다. 이 기술은 2020년 5월에 충북 음성공장에 실증설비를 설치하고 발전효율을 검증했으며, 2020년 기준으로 약 410억원의 매출을 올린 것으로 나타났습니다. 따라서 이 기술은 이미 상용화 단계에 접어들었다고 볼 수 있습니다."
"다쏘시스템의 한국 업무",2021-10,http://www.defensetoday.kr/news/articleView.html?idxno=3265,"한국형 항공모함 사업에도 참여 원해
방위산업 디지털 트렌스포메이션의 글로벌 리더, 다쏘시스템
다쏘시스템
AIRBUS, NAVAL그룹, 보잉, 록히드마틴 등 다쏘시스템의 디지털트윈 기반 플랫폼 도입
경영, 개발, 생산, 수요군이 모두 함께 사용할 수 있는 실시간 디지털 협업 플랫폼으로 무기체계 개발기간 단축과 비용절감에 기여
한국형 전투기사업(KF-21) 설계단계 과정에서 다쏘시스템 3DEXPERIENCE 플랫폼 기술 도입
다쏘시스템
다쏘시스템은 제품수명주기관리 플랫폼 등 전세계적으로 진행되고 있는 산업계 디지털 전환에 있어 글로벌 선도기업이다. 전세계 항공우주 및 자동차 분야에서는 다쏘시스템의 소프트웨어를 쓰지 않는 기업이 거의 없을 정도로 독보적인 시장 위치를 점유하고 있고, 현재는 생명공학, 도시건설 및 관리, 에너지 등의 분야로도 그 시장을 지속적으로 넓혀가고 있다.
한국에서도 KAI, DSME, 한화, 두산인프라코어 등 약 22,000개의 회사에서 다쏘시스템의 소프트웨어를 다양한 분야에서 활용하고 있고, 세계 유수 항공우주, 방산, 자동차 기업들에서 다쏘시스템의 디지털트윈 기반의 플랫폼 도입으로 개발기간 단축 및 비용절감 효과를 보고 있어 한국에서도 플랫폼 도입에 관심을 갖는 기업들이 늘어나고 있다. 특히, 한국형전투기 (KF-X) 체계개발 제작업체인 한국항공우주산업 (KAI)은 설계단계 과정에서 최신 IT 기술인 3D 디지털 설계 ( 3D EXPERIENCE ) 플랫폼 기술을 도입하여 기본 설계 및 체계 설계 , 항공기 설계 해석 , 시험비행 과정, 생산공정 등의 전 분야에 걸쳐 적용하였다. 3D 디지털 설계 기술은 프랑스 다쏘시스템사가 제공한 것이다. 
다쏘시스템
항공우주 및 국방 산업의 3D 디지털 설계
항공 분야 스타트업, 신생기업 및 소규모 OEM 기업들은 그동안의 기술적 한계를 극복할 신기술과 새로운 항공기 디자인 컨셉을 선보이며 전통 항공 산업의 판도를 바꾸고 있다. 비용 절감, 표준 향상, 기능 증대, 지속가능성 등 높아진 기대치와 요구사항에 대응하기 위해 디지털 기술을 적극 활용하며 혁신에 나서고 있다.
이것을 프랑스의 다쏘시스템이 지난 40여년 동안 항공우주 산업의 혁신에 기여해왔다. 다쏘시스템은 디지털 설계 개척부터 태양열 항공기 개발에 이르기까지 오늘날 항공 산업의 모습을 구축하는데 상당히 큰 역할을 해왔다.
더 나아가 이제는 무인 항공기에서부터 초음속 여객기, 수직 이착륙이 가능한 전기 항공기 등 새로운 모빌리티 개발에 기여하고 있다.
다쏘시스템은 3D익스피리언스 플랫폼에서 항공기 설계의 최적화를 위한 다양한 시뮬레이션 기능을 제공한다. 바람 세기, 공기 흐름 등이 어떻게 비행에 영향을 미칠지 미리 가상환경에서 실험해보고, 항공기 소음 감소를 위해 시뮬레이션하며, 최고로 안전한 항공기를 개발할 수 있도록 지원한다.
비행기 조종석까지 가상에서 경험할 수 있어 항공 제조업체들이 항공사 같은 고객에게 항공기 컨셉과 아이디어를 판매할 때 유용하게 활용할 수 있다.
이러한 항공우주 및 국방산업의 디지털 혁신을 위해 다쏘시스템에서는 3DEXPERIENCE Platform기반의 산업군별 특화 솔루션을 제공하고 있다.
이 중 항공우주 및 국방산업 특화솔루션은 총 8개 (Program Excellence, Winning Concept, Co-Design To Target, Cleared To Operate, Ready For Rate, Build To Operate, Keep Them Operating, Passenger Experience) 로 구성되어 있으며 제품개발 전반에 걸쳐 개념설계부터 설계/시험/생산/서비스에 이르는 각 역할별로 필요한 솔루션을 제공한다.
특히, ‘코디자인 투 타겟(Co-Design To Target)’은 기본설계부터 상세설계단계까지 각 설계영역별로 동시공학 설계 및 협업이 용이한 환경을 제공하여 기존대비 비용과 시간을 40~60% 절감할 수 있도록 하여 국내외 많은 항공우주 및 국방산업에서 활용되고 있다.
소규모 OEM과 스타트업의 제품 혁신을 위해 기존 8개의 특화 솔루션을 기반으로 고안된 ‘리인벤트 더 스카이(Reinvent the Sky)’ 솔루션은 안전성을 갖춘 표준 기반의 단일 환경에서 디지털 설계 및 시뮬레이션 애플리케이션을 제공한다.
항공우주 및 국방 산업에 특화된 솔루션으로서 우주 발사선과 위성 추진 시스템 뿐만 아니라 경비행기, 무인항공기, 전기 수직 이착륙기 등 다양한 파격적인 솔루션을 개발할 수 있도록 컨셉부터 제조, 인증까지 전 제품 개발 과정을 지원한다. 기업은 컨셉에서 인증에 이르는 제품 라이프사이클을 가속하고 프로토타입을 통해 제품을 가장 먼저 출시함으로써 상당한 이점을 얻을 수 있다.
리인벤트 더 스카이 솔루션의 주요 혜택은 개발기간 단축, 품질 향상, 효율성 개선이다. 클라우드 기반의 단일 플랫폼을 활용하여 적은 리소스로 컨셉에서 프로토타입까지의 소요 시간을 단축할 수 있다.
개념 정의 단계에서 엔지니어는 아이디어를 개념 설계에 고스란히 반영할 수 있으며, 강력한 상관관계 분석 방식을 통해 수천 가지 버전의 설계를 시뮬레이션하여 사양에 가장 부합하는 설계를 찾을 수 있다.
실제 프로토타입을 제작해 물리적인 시험을 시행하는 것 대신,  가상 환경에서 디지털 트윈 기술을 통해 시뮬레이션을 하면 프로토타입 개발에 소요되는 시간과 비용을 획기적으로 줄일 수 있다.
이 플랫폼에선 엔지니어링에서 테스트 및 제조에 이르는 전체 가치 흐름의 디지털 연속성을 보장하고 설계 프로세스의 비효율성을 제거하여, 비즈니스의 효율성과 유연성을 개선하고 제품의 품질을 높일 수 있다.
통합 디지털 가치 흐름(개념, 세부 엔지니어링, 제조 계획)을 추구하면 재작업하거나 수정 작업을 관리하지 않고도 모든 엔지니어링 프로세스에서 동일한 정보를 공유할 수 있다.
또한, 데이터를 정리,  변환 또는 재작업 할 필요없다. 모든 업무와 파일은 클라우드에 저장, 기록되며 완벽하게 추적이 가능하여 작업자 간 효율적인 협업 환경을 구축할 수 있다.
글로벌 항공기 제조사 붐수퍼소닉(Boom Supersonic)은 마하 2.2의 초음속 여객기 ‘오버처(Overture)’ 개발을 가속화하고 가격 부담을 낮추도록 다쏘시스템의 리인벤트 더 스카이 솔루션을 도입했다.
오버처는 뉴욕과 런던을 단 3시간 15분, 도쿄와 샌프란시스코를 단 5시간 30분 만에 비행하는 역사상 가장 빠른 상업용 여객기가 되어 장거리 비행에 혁명을 일으킬 것으로 기대된다.
다쏘시스템
이 외 영국 항공사 버티컬 에어로스페이스(Vertical Aerospace)도 탄소 제로화를 목표로 이 솔루션을 도입해 3세대 전기 기반의 수직이착률(eVTOL) 항공기 모델을 개발하고 있다.
버티컬 에어로스페이스가 개발한 ‘세라프(Seraph)’는 승객 3명에 해당하는 250kg까지 수용 가능하며, 시간 당 최대 80km의 속도로 비행할 수 있는 전기 수직이착륙 항공기이다.
다쏘시스템
전 세계 국가들은 감지된 위협에 대응하고 국방력의 현대화를 지원하기 위해 보다 높은 성능의 친환경 무기 시스템 개발에 대규모 투자를 감행하고 있다.
현재 예산 계획으로 미루어 볼 때 이러한 투자 증가는 2024년 또는 그 이후까지 지속될 것으로 예상된다. 방위 산업은 전통적인 맞춤식 개발 모델을 개선하기 위해 노력하고 있다. 방위 기업은 3D익스피리언스 플랫폼을 통해 개발 프로세스를 혁신하고 신기술을 통합하며 린 프로세스를 구현함으로써 컨셉부터 이륙에 이르는 프로그램 진행 속도를 최대 50% 높여 비용 효율적으로 적시에 제품을 납품할 수 있다.
세계 최대 방산업체 록히드마틴은 다쏘시스템의 3D익스피리언스 플랫폼을 도입해 디지털 엔지니어링 혁신을 가속화하고 있다. 설계 영역을 넘어 차세대 항공기 및 헬리콥터 제조 과정의 디지털화에 나서고 있다.
이 외에도 다쏘시스템은 보잉, NAVAL그룹, GE, 사프란, 벨 헬리콥터 등 다양한 방위 기업을 고객으로 두고 있다.
21세기 항공우주 산업 혁신 사례
유럽의 에어버스사
에어버스는 프랑스를 주축으로 1969년 A300을 개발하면서 본격화된 국제 컨소시엄 형태의 항공우주기업이다. 35년 이상 에어버스와 혁신을 함께 해 온 다쏘시스템은 2019년 2월 향후 5년간 에어버스의 미래 사업을 위한 디지털 혁신 및 유럽 항공우주산업에 새로운 생태계를 구축할 수 있도록 MOA를 체결했다.
에어버스는 항공업계가 직면한 다양한 어려움을 극복하기 위해 항공기 제품개발에서 생산, 운영에 이르는 모든 과정에서 디지털 혁신을 하기 위한 플랫폼 전략(DDMS: Digital Design, Manufacturing and Services)을 수립했다.
다쏘시스템은 통합된 사용자 경험을 위한 단일화된 데이터 모델로 디자인부터 엔지니어링, 시뮬레이션, 제조, 운영까지 디지털 연속성을 지원하는 자사의 3D익스피리언스 플랫폼을 제공하여 모든 에어버스 사업부와 제품군에 적용하기로 하였다.
모든 데이터가 3D익스피리언스 플랫폼 안에 담겨있기 때문에 설계, 제조, 생산, 서비스에 이르는 모든 디지털 연속성을 갖추고, 서로간의 협업이 쉬워지며, 정밀한 분석을 할 수 있다.
10여년 전,  에어버스는 A350 차세대 여객기 개발 프로젝트 당시 다쏘시스템과의 협업을 통해 비약적인 발전을 이루어 낸 바 있다. 과거의 항공기 이용객들은 제 시간 안에 안전하게 목적지에 도착하는 것만으로도 만족했다.
에어버스는 바로 이 부분에 주목해 A350 프로젝트를 하면서 탑승객 경험에 중점을 두었다.
예를 들어 에어버스 A350은 탄소섬유복합소재를 사용한 최초의 비행기다. 기체의 50% 이상이 해당 소재로 만들어졌다.  바로 탄소섬유로 제작된 기체와 날개 구조가 조용하고 쾌적한 비행을 가능하게 하는 요인이다. 경량 소재인 탄소섬유를 광범위하게 사용해 연료 효율성이 크게 개선되었고, 더 조용하면서도 공기 역학적 효율이 우수하도록 해 새로운 항공 여행을 경험하게 했다.
외부 소음을 50% 줄이고, 더 많은 산소를 공급해 기내 기압을 6,000 피트 수준으로 맞춰 승객의 피로를 낮출 수 있게 하고, LED 무드등을 비롯한 기내 와이파이 연결 등을 통해 승객 편의를 향상시켰다.
에어버스는 이러한 혁신을 위해 기존과는 전혀 다른 방법과 도구인 다쏘시스템의 3D익스피리언스 플랫폼을 활용했다.
매일 최대 4,000명의 엔지니어가 플랫폼에 접속해 단일화된 환경에서 원활한 의사소통과 협업을 진행했다.
다쏘시스템의 협업 솔루션인 에노비아를 사용해 내외부 직원 간 빠른 정보의 동기화를 이루었고 항공기 구조, 설비 시스템, 튜빙, 복합재료 부품, 전기 시스템의 설계 시에는 카티아를 사용해 3D환경에서 완벽하게 설계할 수 있었으며 플랫폼상에서 시뮬리아를 통한 가상설계검증 활동을 수행하여 검증에 소요되는 시간을 줄이고 제작 이후 발생되는 불필요한 변경도 감소시킬 수 있었다.
이제 에어버스는 DDMS를 통해 제품개발기간을 단축하고, 새로운 패러다임의 업무방식을 적용하고 있으며, 디지털 트랜스포메이션 역량을 한층 더 강화하고 있다. 모든 제품, 산업 시스템 및 항공 서비스 등 항공우주산업 전반의 모든 관련자와의 협업을 도모하고 하나의 부서를 위한 프로젝트가 아니라, 에어버스 모든 부서의 전략적인 프로그램으로 에어버스가 새로운 항공 에코시스템을 구축하는 결정적인 계기가 될 것으로 예상된다.
다쏘시스템
프랑스 NAVAL 그룹 (구DCNS)의 3DEXPERIENCE 플랫폼을 기반한 디지털 설계 협업
프랑스 NAVAL 그룹은 유럽 해군 산업 분야에서 선두를 달리는 기업이며, 수상 함정과 잠수함의 설계, 제조, 정비를 전문으로 하고 있다. NAVAL  그룹의 핵심 과제는 제품의 기능을 개선하면서 글로벌 경쟁력을 강화하는 것이며, 이러한 비즈니스 목표를 달성하기 위해 디지털기반의 프로세스 혁신을 전략의 핵심으로 삼고 있다.
이러한 혁신의 일환으로 최근 선박의 테스트, 검사 및 인증을 시행하는 BV(Bureau Veritas)와 파트너쉽을 맺고, 양사간의  “3D 모델 기반의 선급 인증 프로세스”를 통해 엔지니어링 비용을 절감하고 함정 개발 리드 타임을 단축하고 있다
양사는 승인 과정에서의 설계 결과 리뷰는 승인 프로세스에서 상당히 중요한 비중을 차지하며, 필요한 2D 도면 모음을 검토하는 이전의 방식에서 탈피하여, 선박의 3D 모델을 기반으로 하는 승인 방식을 선급 인증프로세스를 도입하기로 하였다.
이전의 승인 과정에서는 3D 모델과 2D 도면 간의 차이를 관리하는 일에 많은 시간을 투입되었고, 또한 이해에 어려움이 많아서 BV와 NAVAL Group사이에 오해와 많은 분쟁 시간이 소요되었다.
다쏘시스템의 3DEXPERIENCE 플랫폼을 기반으로 3D 모델 선급 인증 프로세스 협업 체게를 개발하여, 양사간의 3D 정보를 실시간으로 교환하며 협업 효과를 개선하고, 설계 승인을 받기까지의 시행착오를 줄이며, 3D 모델에서 계산 모델을 자동으로 생성하는 데 단일 디지털 모델을 활용함으로써 시간과 비용을 줄일 수 있었다.
향후 환경 규제 및 디지털 기술의 요구가 급변하는 상황에서 3DEXPERIENCE 플랫폼을 통해 실시간 엔지니어링 협업 영역을 확대해 나갈 수 있을 것으로 기대된다.
다쏘시스템
항공기 업계의 테슬라로 불리는 이스라엘 스타트업 이비에이션 에어크래프트(Eviation Aircraft)는 9인승 전기 비행기인 ‘앨리스(Alice)’를 파리 에어쇼에서 최초로 공개해 전 세계적으로 이목을 끌었다. 앨리스는 혁신적이고 친환경적인 100% 전기 비행기로 타임지에서 선정한 2019 최고의 발명품으로 이름을 올렸다.
배기가스를 전혀 배출하지 않는 무배출(zero-emission)  항공기로 920kW의 배터리를 1회 충전하면 1,046km까지 주행이 가능하며, 시속 450km로 3,000m 상공에서 비행한다. 일반적인 항공기의 경우 시간당 약 1,000달러 정도의 운영 비용이 소요되는 것에 반해, 앨리스는 시간당 200달러가 소요돼 매우 경제적이다. 또한, 전기로 운행되기 때문에 기내 소음과 진동이 일반 항공기에 비해서 상당히 낮다.
이비에이션은 혁신적인 항공기를 제작하기 위해 세계적인 항공업체 에어버스,  보잉에서 사용하는 다쏘시스템의 클라우드 기반 3D익스피리언스 플랫폼을 앨리스 제작 초기 단계부터 도입했다.
애초에 전기비행기로 제작할 목적으로 전체적인 접근 방식을 갖고 개발에 착수했다. 설계, 시뮬레이션, 제작까지 하나의 플랫폼에서 수행했다. 설계 과정에서 플랫폼에서 제공하는 공기역학적 설계, 구조 및 서브시스템 통함, 제어 소프트웨어, 열 관리 및 추진 시스템 기능을 활용했다.
항공기 제조는 매우 복잡하고 다수의 이해관계자가 얽혀 있다.  이비에이션은 전세계 각지에서 부품들을 생산하면 하나의 공장으로 배송해 조립하는 방식으로 항공기를 제작했다.  이를 빠른 시일 내에 매끄럽게 진행하려면 하나의 정확한 데이터 소스가 필요했다. 따라서 클라우드 기반의 3D익스피리언스 플랫폼은 모든 이해관계자가 큰 그림을 함께 그릴 수 있도록 실시간 데이터 공유를 지원함으로써 협업을 증진시켰다.
작업자가 일일이 파일을 공유할 필요 없이 모든 이해관계자는 실시간으로 업데이트되는 파일을 토대로 작업할 수 있었다. 따라서 파일을 공유하는 과정과 확인, 수정,  재 공유 과정에 드는 시간을 획기적으로 단축할 수 있었다.
예를 들어, 앨리스 제작 과정에서 좌석을 항공기 바닥에 고정시키는 시트 트랙 제작에 문제가 생겼었다.
시트 트랙에 필요한 고정장치의 물량이 부족해져 재고가 있는 부품으로 대체한 후 프랑스에서 제작되고 있는 모델을 업데이트 해야 했다.
불과 30초 만에 프랑스 공장의 작업자들은 수정된 부품을 확인할 수 있었으며, 전체 모델이 새로 변경되어 모든 이해관계자가 업데이트된 모델을 확인할 수 있게 되었다.  따라서 구성 관리 측면에서 많은 수고를 덜 수 있게 되었다.
결과적으로 3D익스피리언스 플랫폼 도입을 통해 협업과 데이터 보안이 개선되었고, 전 세계 언제 어디서나 원격 데이터 공유가 가능해졌다. 전 세계에 흩어져 있는 수많은 엔지니어들과 164개의 협력 업체는 동일한 데이터 세트로 작업할 수 있게 되었다.
따라서 개발에 소요되는 비용과 기간이 획기적으로 단축되었다.  스타트업에게 초기 개발 기간을 단축하는 것은 매우 중요하다. 혁신적인 아이디어를 하루 빨리 실현하고 시장에 제품을 공개해야 시장 경쟁력을 갖출 수 있기 때문이다.
이비에이션은 궁극적으로 배기가스를 배출하지 않는 100% 전기 항공기를 선보여 승객들이 교통체증을 피하고 훨씬 수월하게 지역 간에 이동할 수 있는 더 나은 이동 경험을 제공할 계획이다. 앨리스는 2022년부터 상용화될 예정이다.
다쏘시스템
다쏘시스템은 1929년 설립된 다쏘그룹의 계열사이다. 다쏘그룹은 모기업인 다쏘 항공(Dassault Aviation)을 필두로 다쏘 팔콘 제트, 항공 관련 업체인 SABCA, Sogitec, 프랑스 일간지인 르피가로, 부동산, 미술품 경매, 샤또 다쏘 와이너리까지 다양한 산업군에서 비즈니스를 영위하는 명실 상부한 프랑스 대표기업이다.
다쏘시스템은 1981년에 설립돼 프랑스에 본사를 두고 있는 3D익스피리언스 기업이다.
다쏘 그룹 내에서도 다쏘시스템의 3D익스피리언스 플랫폼의 솔루션은 널리 사용된다. 다쏘항공은 다쏘시스템의 초기 고객으로 팔콘 제트 항공기 제작에 CAD 디자인 툴 ‘카티아(CATIA)를 사용했다. 1955년에 설립된 샤토 다쏘 와이너리는 최상품의 와인을 생산하기 위해 포도밭의 배수 정비, 불량품 최소화, 병충해 관리 등 와이너리 운영 및 관리에 다쏘시스템의 솔루션을 사용한다.
다쏘시스템의 3D익스피리언스 플랫폼에서 제공하는 디지털 트윈 기술은 디지털 모델링으로부터 시작됐다. 1990년 다쏘시스템은 항공기 제조기업 보잉과 협력해 물리적인 프로토타입 없이 100% 디지털 트윈 제조방식으로 Boeing-777의 디지털 목업(Mock-up) 모델 설계에 최초로 성공했다.
세계 최초로 3D로 비행기 설계 및 디지털 목업을 제작하면서 탄생한 다쏘시스템은 항공우주 및 국방, 자동차, 건설, 에너지, 하이테크, 생명과학 등 11개의 산업분야에서 초기 제품 컨셉 개발부터 엔지니어링, 제조, 생산, 판매까지 아우르는 앤드투앤드 솔루션을 제공한다.
140여 개국 27만 고객사와 협력하여 경험의 경제를 이끌어 가고 있는 다쏘시스템은 지속 가능한 혁신을 가능하게 하는 가상 세계를 비즈니스와 사람들에게 제공한다.
다쏘시스템의 솔루션은 제품의 디자인, 생산 및 서비스하는 방식을 변화시키며, 가상세계의 가능성을 확장하고, 사회적 혁신을 촉진한다.
다보스 포럼 선정 2018년 세계 100대 가장 지속가능한(The Most Sustainable) 기업 세계 1위, 2014년 포브스 선정 소프트웨어 부문 ‘가장 혁신적인 기업’ 세계 2위에 선정되는 등 혁신성과 지속 가능성을 세계적으로 인정받고 있다.
2017년 기준 다쏘시스템 전 세계 매출은 약 4.1조원, 매년 두자리수 성장세를 이어가고 있다.
다쏘시스템은 3D기술로 기업과 과학, 사회가 공존할 수 있는 세상을 만들 수 있다고 한다.  전통적 텃밭이던 자동차나 항공 등 제조 산업을 넘어 과감한 산업 다각화를 추진하고, 당장 수익과 거리가 먼 혁신적 프로젝트를 추진하는 것도 그 때문이다. 다쏘시스템은 인간의 자유로운 상상력을 담아 과학에 기반을 둔 다양한 프로젝트를 진행하고 있다.
다쏘시스템
1997년에 설립된 다쏘시스템 한국 법인은 현재 서울 삼성동 아셈타워에 위치하며 260여명이 근무하고 있다. 삼성전자, POSCO, LG전자, 현대자동차, 두산인프라코어, 삼성디스플레이, STX,  현대중공업, SK하이닉스, KAI, 등 국내 22,000여 유수 혁신 기업들이 고객사이다.
2010년에 720여억원을 투자하여 대구 최초의 해외 기업 R&D 센터를 설립해 조선해양 산업을 지원하고 있으며, 대구 지역에 50여명의 청년 일자리를 창출하는 과감한 투자를 해오는 등 한국경제 발전과 기업 혁신에 기여한 성과를 인정받아 2010, 2012, 2014년 대한민국 국무총리상을 수상했다.
2015년 9월에는 대한민국 국무총리가 프랑스 본사를 방문하여 한국경제에 기여한 공로에 감사를 표하기도 했다. 2018년 10월에는 국내 산업의 비즈니스 혁신 및 산학협력에 대한 투자 공로를 인정받아 한국무역협회가 수여하는 ‘한국-프랑스비즈니스 어워드’를 수상 했다.
2019년 6월, 서울 삼성동 아셈타워에 전 세계 6번째로 3D  디자인, VR(가상현실), 시뮬레이션, 3D 프린팅 등 최첨단 3D 가상기술을 직접 체험할 수 있는 ‘3D익스피리언스 이그제큐티브 센터’를 개소했다.
다쏘시스템코리아는 한국 정부는 물론 방위산업 분야 비즈니스도 확장을 계획하고 있다.
경남도, 창원시,  경남테크노파크, 한국전기연구원 등과 다양한 공정혁신 플랫폼 및 교육혁신 프로젝트를 진행하고 있으며, 중소벤처기업부와는 제조분야 스타트업 육성을 지원하는 다쏘시스템의 특화지원 프로그램인 ‘다온다’ 프로그램을 운영하여 30개 초기창업 스타트업들을 지원하고 있다.
교육혁신 분야에서도 다양한 지원 사업을 펼치고 있다. 중소벤처기업부 산하 국립마이스터고 두곳에 향후 5년간 다쏘시스템의 3D익스피리언스 플랫폼, 커리어 멘토링, 글로벌 소프트웨어 자격인증 등의 지원 제공하기로 MOU를 체결한 바 있다.
항공우주 및 국방분야에서는 해군 함정 수명주기관리와 관련된 디지털 솔루션 및 플랫폼, 디지털트윈 기반의 무기체계 정비 및 군수지원, 방산 제조분야 스마트 엔지니어링 및 공정혁신 등의 비즈니스 확장에 집중하고 있다.
[디펜스투데이]
Tag
#디펜스투데이
#밀리터리
#국방
#군사
#이슈분석
#현대병기
#획득무기
#무기백과
#디펜스TV
저작권자 © 디펜스투데이 무단전재 및 재배포 금지
신선규 기자
다른기사 보기","{""무인체계"": [""수직이착륙"", ""VTOL"", ""무인항공기""], ""우주/위성"": [""ISS"", ""SSA""], ""AI/컴퓨팅"": [""AI"", ""가상현실"", ""VR"", ""AR"", ""CAD""], ""센서/통신"": [""EMI"", ""IR""], ""무기/방어체계"": [""DE""], ""재료/제조"": [""RAM"", ""AM"", ""PLA""], ""작전/전술"": [""ACE""], ""기타/기술"": [""LED""], ""항공기"": [""전투기""], ""항공기/전투기"": [""KF-21"", ""aircraft""], ""해군장비"": [""naval""], ""첨단기술"": [""space""], ""방산기업"": [""KAI"", ""Airbus"", ""Boeing""]}",True,3D 디지털 설계 (3D EXPERIENCE) 플랫폼,2021-10,relevant,"기사에 따르면 한국형 전투기 사업(KF-21) 설계단계에서 다쏘시스템의 3D 디지털 설계 기술이 도입되었음. 이는 무기체계 개발기간 단축 및 비용절감에 기여한 것으로 나타나며, 상용화 중인 기술로 판단됨."
"휴니드, 차세대 LiFi 통신기술로 150억불 글로벌시장 공략",2021-10,http://www.defensetoday.kr/news/articleView.html?idxno=3193,"국내통신전문기업인 휴니드는 지난 10월 21일 서울 ADEX 행사장에서 휴니드와 라테코르 책임자들이 참석한 가운데 LiFi(Light Fidelity) 제품 및 시장 공동개발을 위한 협약(JDA, Joint Development Agreement) 서명식을 진행하였다.
휴니드와 라테코르 책임자들이 LiFi(Light Fidelity) 제품 및 시장 공동개발을 위한 협약을 서명식을 진행했다. (사진:디펜스투데이)
금번 공동개발협약을 통해 휴니드는 LiFi 원천기술을 보유한 라테코르와의 협력하에 군사용 및 항공우주용 LiFi  제품을 주도적으로 상용화 개발 완료하고, 내년말까지 JV (Joint Venture)를 설립하여 글로벌 시장을 대상으로 한 본격적인 영업활동을 추진하고 있다.
Tag
#휴니드
#라테코르
#LiFi제품
#조인트벤쳐설립
#디펜스투데이
저작권자 © 디펜스투데이 무단전재 및 재배포 금지
이승준 기자
다른기사 보기","{""무기/방어체계"": [""DE""]}",True,LiFi (Light Fidelity),2022-12,high,"기사에 따르면, 휴니드와 라테코르가 LiFi 제품의 상용화 개발을 완료하고 내년말까지 합작법인(JV)을 설립하여 본격적인 글로벌 시장 진출을 계획하고 있다. 이는 군사용 및 항공우주용 LiFi 기술의 상용화 및 전력화 계획을 다루고 있어 매우 관련성이 높다."
"에어버스사 아덱스 행사에서 위성 기술 소개",2021-10,http://www.defensetoday.kr/news/articleView.html?idxno=3191,"에어버스 디펜스&스페이스 인텔리전스 비즈니스 사업개발 총괄 패트리스 게일리와 플레아데스 네오 제품 매니저 바네사 카살스가 20일 진행된 기자간담회에서 에어버스의 군집위성 플레아데스 네오를 소개했다.
플레아데스 네오 군집 위성
플레아데스 네오는 에어버스가 전적으로 투자하여 설계 및 개발한 초고해상도(Very High Resolution, VHR) 지구 관측 위성 부문의 혁신이다.
플레아데스 네오 군집 위성은 에어버스의 첨단 혁신 기술이 도입된 4개의 동일한 위성으로 구성된다.
군집 위성 체계 구축 완료시 지구 전역에서 하루에 여러 차례 30cm 해상도의 영상촬영이 가능하다. 위성들의 민첩성과 반응성으로 영상 수집 최소 15분 전 작업 할당을 할 수 있으며, 수집 1시간내로 영상의 지상 전송이 가능하다.  소형 경량 위성이며, 뛰어난 민첩성, 정밀성 및 반응성을 자랑하는 동급 최초 상용 위성이다.
동급 위성 중 최고인 14km의 영상폭 및 민첩성 덕분에 지구 전체를 연 5회 촬영할 수 있으며 위성의 궤도는 고객의 필요를 최대한 지원할 수 있게 설정되어, 민군 전분야 위도 ±40°를 벗어난 지역의 정보 수집도 제공한다.
극지방 및 90 태양 동기 궤도의 위치에서도 기하 및 방사계 측면의 품질 일관성을 유지한다. 이러한 정밀성은 영상판독관의 소형 물체(예: 차량, 도로 표지, 사람 등) 식별성을 높일 것이다.
플레아데스 네오 영상의 정확성을 통해 더욱 많은 실측 정보 제공이 가능할 것이며, 머신러닝(Machine Learning)의 신뢰성도 향상될 것이다.
새로운 군집 위성 시스템은 더욱 정밀한 지오로케이션(Geolocation) 성능과 더욱 깊은 스펙트럼 대역 정보를 제공하여 도심 지도 작성, 농업, 환경, 에너지, 기반시설 등 다양한 분야에서 활용 가능한 정보를 제공할 것이다.
매일 수집되는 2백만 km² 상당의 방대한 정보는 대규모 처리가 가능한 클라우드 기반의 혁신적인 지상 시설에서 처리된다.
혁신의 정점에 있는 플레아데스 네오 위성은 에어버스가 2000년대 초부터 개발해 온 차세대 탄화규소 광학 장비를 탑재하고 있다. 더 나아가 에어버스의 SpaceDataHighway (EDRS) 정지 궤도 위성과 레이저 광학 및 Ka 밴드 링크로 연결되어 긴급 영상 수집 요청 시점으로부터 40분 이내에 수행할 수 있다.
[디펜스투데이]
Tag
#디펜스투데이
#밀리터리
#국방
#군사
#이슈분석
#현대병기
#획득무기
#무기백과
#디펜스TV
저작권자 © 디펜스투데이 무단전재 및 재배포 금지
안승범 기자
다른기사 보기","{""우주/위성"": [""GEO""], ""AI/컴퓨팅"": [""머신러닝"", ""AR"", ""Machine Learning""], ""작전/전술"": [""ACE""], ""첨단기술"": [""space""]}",True,플레아데스 네오 군집 위성,,relevant,"이 기사는 에어버스가 개발한 플레아데스 네오 군집 위성 기술을 소개하고 있습니다. 이 기술은 상용화 단계이며, 고해상도 지구관측 및 신속한 영상 전송이 가능한 것으로 나타났습니다. 하지만 정확한 배치 시점은 명시되어 있지 않습니다."
"2작전사, 국정감사에서 스마트 무열혁신'으로 미래전장 준비 밝혀",2021-10,http://www.defensetoday.kr/news/articleView.html?idxno=3177,"드론봇 전투체계·AI기반 해안통합감시체계 수립과 '스마트 무열혁신'으로 미래전장 대비
영·호남, 충청을 지키는 제2작전사령부(이하 2작전사)는 지난 10월 8일, '21년 정기국회 국정감사를 통해 ‘스마트 무열혁신’을 통한 창조적인 2작전사 육성 에 여념이 없는 2작전사의 임무와 역할을 강조하였다.
오전 10시부터 12시까지 두 시간 가량 진행된 2작전사 국정감사는 국회 국방위원회 위원들이 참석한 가운데 김정수 제2작전사령관의 업무보고에 이어 차분한 분위기에서 현안에 대한 질문과 답변을 주고 받았다.
수감기관 업무보고 중인 김정수 제2 작전사령관 (사진: 육군)
2작전사는 대한민국 국토의 70%를 담당. 군사작전·각종 테러 등 실시간 상황발생시 즉각 대처할 수 있는 작전태세 구비는 물론, 지난 8월 태풍으로 인한 포항지역 폭우 피해 등 각종 재해재난 상황에서 적극적인 대민지원은 물론 행정구역상 6개 도와 5개 광역시, 1개 특별자치시에 거주하는 국민의 생명과 재산 보호, 원전․공항․항만 등 480여개의 국가 및 군사중요시설 방호를 성공적으로 지원하는 막중한 임무를 수행하고 있다.
특히, 후방지역 안정화 및 작전지원태세 확립을 위해 첫번째로 2작전사가 담당하고 있는 6,500여 km에 이르는 해안선에 대해 △레이다, TOD 등 감시장비 운용을 최적화 △AI 기반 빅데이터 활용 ‘선박식별체계 앱’ 자체 개발 적용 △소형선박 위치발신장치 설치 의무화 등 법령개정 추진 △대대급 UAV 운용을 통해 감시사각지역을 최소화하고 있으며, 책임지역내 2,000여 개소에 이르는 항·포구 감시 및 경계를 위한 민·관·군·경 통합방위작전을 실시하고 있다.
제 2작전사령부를 국정감사 중인 모습 (사진: 육군)
두번째는 최근 ‘드론 테러’ 등을 통해 중요성이 더욱 강조되고 있는 국가 중요시설 방호를 위해 경찰·소방·해경 등과 상황 공유 및 전파체계를 재점검하고, 불법 드론 비행 및 적 무인기에 대한 대응능력을 향상시키기 위해 다양한 상황 및 모델을 설정하여 주기적인 통합훈련을 시행하고 있다.
세번째는 한미 연합후방지역작전 수행체계 구축을 위해 주한미군과 함께 연합참모부를 편성하여 NEO(비전투원 후송작전), RSOI(한미 연합전시증원연습) 등을 포함해 연 2회 연합훈련과 소부대 단위 훈련도 강화하면서 수시 전술토의를 실시하고 있으며, 한미동맹 강화를 위한 노력도 지속하고 있다.
네번째는 120만명에 이르는 예비전력이 전시에 주전력으로 원활히 동원되어 임무 수행할 수 있도록 지역예비군 정예화와 예비군부대 편성 최적화, 부족 물자․장비를 조기에 확보하는 등의 노력을 설명했다.
특히, 2작전사는 작전사 특성에 맞는 전투체계 발전을 위한 스마트 무열혁신 추진에 역점을 두고 있다고 밝혔다.
국정감사를 수감 중인 김정수 제 2작전사령관 (사진: 육군)
  2작전사는 국방개혁 2.0에 따라 부대가 개편되고 감축되는 상황에서 6,500km에 이르는 광범위한 해안선을 담당해야 하는 등 해안경계작전의 제한사항을 극복하기 위해 ‘4차 산업혁명’을 접목한 플랫폼 구축을 진행중이다.
  2작전사 책임지역은 광활한 공역, 산·학·연 등 ‘드론봇/AI’ 운용에 유리한 환경과 기반여건이 양호하다. 이에 2작전사는 올해 지자체 및 산·학·연과 함께 발전방안 토의(2.3./6.3) 등을 통해 공감대를 형성하는 한편,「국방 드론 발전 전략」추진 계획에 후방지역 상용드론 시범부대(31사단) 운용을 반영했다.
  또한, 지난 6월에는 전남도청과 ‘드론봇 전투체계 구축과 전남 드론산업 발전을 위한 양해각서(MOU)’를 체결하였고, 향후 상호협력을 도모할 예정이다. 이는 장차 후방지역에 최적화된 드론봇 전투체계를 구축하고 국내 드론산업 발전을 위한 군·관·민 테스트베드의 역할을 수행 할 것으로 기대된다.
김정수 대장(제2작전사령관)은 “집중과 절약을 통해 현재 및 미래 위협에 대비한 확고한 군사대비태세를 확립하겠다”며 “앞으로도 ‘학습하는 조직’으로 창의적 역량을 결집하여 변화하는 환경에 유연하게 대처해 나감으로써 ‘적과 싸워 이기는 정예 제2작전전사령부’를 육성하겠다”고 강조하였다.
[디펜스투데이]
Tag
#국정감사
#제2작전사령부
#김정수
#제2작전사령관
#국방위
#디펜스투데이
저작권자 © 디펜스투데이 무단전재 및 재배포 금지
이치헌 기자
다른기사 보기","{""무인체계"": [""UAV""], ""AI/컴퓨팅"": [""AI""]}",True,"['드론봇 전투체계', 'AI기반 해안통합감시체계']",,relevant,"기사에서 2작전사가 '스마트 무열혁신'을 통해 드론봇 전투체계와 AI기반 해안통합감시체계를 구축하고 있음을 언급하였으나, 구체적인 전력화 시점은 나타나지 않았다."
"ADEX 에서 라파엘이 공개하는 시 돔",2021-10,http://www.defensetoday.kr/news/articleView.html?idxno=3173,"C-DOME 체계
해상용 C-DOME 공개할 예정 입니다.
라파엘사의 시 돔(사진 라파엘)
[디펜스투데이]
Tag
#디펜스투데이
#밀리터리
#국방
#군사
#이슈분석
#현대병기
#획득무기
#무기백과
#디펜스TV
저작권자 © 디펜스투데이 무단전재 및 재배포 금지
안승범 기자
다른기사 보기","{""무기/방어체계"": [""DE""]}",True,C-DOME,2021-10,relevant,"기사에서 라파엘사가 C-DOME 체계를 ADEX 2021에서 공개할 것이라고 언급되어 있어, 이는 해당 기술의 상용화/전력화와 관련된 내용입니다."
"IAI 서울 국제 항공우주 및 방위산업 전시회 (ADEX) 2021 참가",2021-10,http://www.defensetoday.kr/news/articleView.html?idxno=3163,"IAI는 특수 임무 항공기, HAROP 배회 미사일, Heron MK II 중고도정찰 무인기,
BARAK MX 대공 및 미사일 방어 체계 소개
이스라엘항공우주산업(IAI)은 10월 19일부터 23일까지 대한민국에서 개최되는 서울 국제 항공우주 및 방위산업 전시회(ADEX) 2021에 참가한다.
IAI는 서울 ADEX 전시회에서 IAI-ELTA 사의 특수 임무 항공기, HAROP 배회 미사일, Heron MK II 무인기, BARAK MX 대공 및 미사일 방어 체계, 헬리콥터 항전장비 성능개량 등 다양한 최첨단 방어 솔루션을 소개한다.
IAI는 한국의 국내 방위 생태계를 잠재적인 파트너로 보고 있으며 대한민국의 안보 및 방위 요구를 충족할 솔루션 개발을 위해 현지 기업과 협력하고 있다.
금번 전시회를 통해 기존 및 신규 고객과의 만남을 갖고, 대한민국에서의 협력을 보다 증진하며 한국 기업과의 협업과 파트너십을 촉진하게 되길 고대하고 있다.
보아즈 레비 IAI 사장 겸 CEO는 “IAI는 서울 ADEX 2021 전시회에 참가하길 고대하고 있다. IAI는 이 지역 및 대한민국을 위한 다양한 방어 솔루션과 최첨단 기술을 제공하고 있다. 대한민국의 방위 산업 생태계를 조성하고 있는 지역 업체들과 기술적 산업 협력을 이루어 나가며 오늘날의 변화하는 안보 상황에 따른 획기적인 보안 솔루션을 개발하기 위한 파트너십을 고대하고 있다”고 언급했다.
서울 ADEX 2021에는 아래와 같은 전시품들이 공개된다.
IAI-ELTA 사의 CAEW (Conformal Airborne Early Warning & Control) 및 특수 임무 항공기는 공중 조기 경보 통제(AEW&C) 솔루션을 위해 연료 효율이 높은 고성능 비즈니스 제트기를 활용한 오늘날의 세계적인 경향을 선도했다.
연료 효율이 뛰어난 걸프스트림 사의 G550 비즈니스 제트기를 기반으로 한 CAEW 항공기에는 GaN 기술을 활용한 가장 최신 세대의 AESA 레이더가 장착되어 있으며 다수의 첨단 센서와 정보 시스템이 통합되어 있고, NATO와의 상호운용성을 지원하는 통신 스위트 및 IFF 체계를 제공한다.
AEW&C 센서가 통합된 CAEW 항공기는 뛰어난 공중 방어 및 공중전 관리 역량과, 모든 공중 및 해상 위협에 대해 높은 고도에서 긴 항속 시간 동안 정확하고 신뢰할 수 있는 360도 감시 역량을 지속적으로 제공한다. 
이 시스템은 탑재되어 있는 여러 센서(레이더, IFF, ESM/ELINT 및 다수의 광대역 데이터링크)의 데이터를 통합하기 위해 강력한 지휘 통제 통신 체계를 활용하고 있다.
IAI-ELTA 사의 MARS2 (다목적 공중 정찰 감시 체계)는 이스라엘방위군(IDF)의 ‘오론’에 기반하며, 광역지속감시 및 다중 센서 항공기로서 전례없는 인텔리전스· 감시·정찰 (ISR) 역량을 제공한다.
또한 MARS2의 획기적인 센서와 데이터 처리 역량으로 전천후 및 가시성 조건에 상관없이 지상 및 해상의 여러 영역을 실시간으로 감시할 수 있다.
MARS2에 탑재된 최첨단 ISR 체계는 평시 및 작전 활동 중 단거리 및 장거리에서 적군과 테러조직의 배치 등 포괄적인 실시간 정보 평가를 생성한다. MARS2는 동급 최상의 비즈니스 제트를 기반으로 IAI-ELTA사가 개발한 첨단 레이더 체계와 센서를 갖추고 있다.
IAI 사의 HAROP 배회 미사일은 표적을 탐색, 식별, 공격하고 파괴하며 전투의 피해 정도를 평가하도록 무인기와 살상용 미사일의 역량을 결합한, 실전에서 검증된 원거리(standoff) 배회 공격 무기 체계다.
HAROP은 지상 발사대에서 출격하며, 완전한 맨인더루프(man-in-the-loop) 운용을 위해 양방향 데이트링크를 통해 통제되고, 긴급한 대응이 필요한 재배치 가능 고가치 표적에 대응하기 위한 특수한 역량을 보유하고 있다. HAROP 배회 미사일은 세계 여러 국가에서 운용 중이며 실전 투입으로 성능이 입증된 체계이다.
IAI 사의 Heron MK II 무인항공체계(UAS)는 IAI에서 개발한 최첨단 최신 기술이 활용된 중고도 장거리(MALE) UAS이다.
전 세계 20개국 이상에서 운용 중인 우수한 성능을 자랑하는 헤론 UAS를 기반으로 한 Heron MK II는 전략적 다목적 항공기로서 고도 35,000 피트까지 상승할 수 있고, 최대 속도는 140 노트이며, 45시간동안 연속으로 체공 가능하다.
향상된 제조 기술 덕분에 헤론 MK II의 동체 구조가 더 넓어지고 강화되어 중량 증가 없이 신속하고 용이하게 정비할 수 있으며, 다양한 페이로드를 탑재할 수 있다.
헤론 MK II는 IAI사가 제공하는 가장 최첨단 UAS이다 가장 뛰어난 원거리(standoff) 역량을 보유하고 있으며, 개량된 페이로드(M19등)와SAR 레이더를 동시에 장착할 수 있고, 더 높은 비행 고도, 더 빠른 속도와 더욱 긴 항속 거리를 자랑한다.
IAI사의 BARAK MX 대공 및 미사일 방어 체계는 다양한 수단과 거리에서 다가오는 다수의 공중 위협에 동시에 대응하기 위한 단일한 통합 솔루션을 제공한다.
바락 MK는 고객의 요구사항을 토대로 모든 전투 조건에서 각종 임무를 위해 맞춤화 하여 제공 가능하다. 바락 전투관리센터(BMC)는 단일화된 다중 센서 항공 사진을 촬영하고 관리하며, 군의 작전 네트워크를 조율하고, 발사 어레이를 관리하며, 해상 및 지상 기반의 형상으로 운용 가능하다.
지상 버전은 이동형, 수송 가능형 및 고정형 플랫폼을 활용할 수 있다. 바락 요격 미사일은 360도의 포착 범위를 지원하고 수직으로 발사 가능하며, 신속 대응 능력과 짧은 최소 거리 및 기동성이 높으며 레이더 반사 면적(RCS)이 작은 표적에 대응하기 위한 능동형 하이엔드 RF Seeker를 보유하고 있다. IAI의 완전 통합형 디지털 위상 배열 레이더를 다양한 크기와 형상으로 활용할 수 있다.
IAI의 헬리콥터 항전 장비 성능개량 솔루션은 신형 헬리콥터와 비견할 수 있는 운용 성능을 제공하여 헬리콥터의 운용 역량을 획기적으로 개선한다.
헬리콥터 성능 개량은 극도로 많은 비용이 소요되는 신규 헬리콥터를 대신할 비용 효과적인 대안이다. 성능 개량 패키지는 첨단 항전 장비, 센서, 무장 및 자체 방어 시스템을 포함하며, 고객별 특정 요구 조건에 완벽하게 부합하도록 맞춤화 하고, 현재의 운용 환경에 필요한 실질적인 요구 사항에 부합하도록 최적화 하여 제공된다.
IAI는 또한 헬리콥터 유지보수, 분해 점검 및 설비 개선 서비스를 제공한다.
이스라엘 국영 방산업체 IAI사는 서울 아덱스에 참가한다. (사진 이승준 기자)
이스라엘 항공우주산업(IAI)은 방위 및 상업 시장을 위한 우주, 항공, 지상, 해상, 사이버 및 국토 안보 분야의 첨단 기술을 혁신하고 제공하는 전 세계적으로 선두적인 항공우주 및 방위산업 기업이다.
IAI는 혁신의 ‘창업 국가(Start-up Nation)’ 정신과 실전에서 입증된 수십 년의 경험을 결합해 위성, 무인항공기, 미사일, 정보 솔루션, 무기 체계, 대공 방어 시스템, 로봇 시스템, 레이더, 상용 제트기, 항공 구조물 등의 첨단 솔루션의 고객의 요구에 부합하여 맞춤형으로 제공하고 있다.
1953년에 설립된 IAI는 이스라엘의 최대 기술 기업 중 하나로서 이스라엘과 해외에 사무실 및 연구개발 센터를 운영하고 있다.
[디펜스투데이]
Tag
#디펜스투데이
#밀리터리
#국방
#군사
#이슈분석
#현대병기
#획득무기
#무기백과
#디펜스TV
저작권자 © 디펜스투데이 무단전재 및 재배포 금지
안승범 기자
다른기사 보기","{""무인체계"": [""UAS"", ""무인항공기""], ""AI/컴퓨팅"": [""AI"", ""AR"", ""GAN"", ""RL""], ""센서/통신"": [""IFF"", ""ISR"", ""EW"", ""RF"", ""IR""], ""무기/방어체계"": [""DE""], ""항공기/차량"": [""M1""], ""센서/통신/레이더"": [""ELINT"", ""SAR""]}",True,"CAEW (Conformal Airborne Early Warning & Control), MARS2 (다목적 공중 정찰 감시 체계)",,relevant,"이 기사는 IAI가 서울 ADEX 2021 전시회에 참가하여 다양한 방어 솔루션을 소개한다는 내용입니다. 특히 CAEW와 MARS2 시스템에 대해 자세히 설명하고 있습니다. 이는 군사 기술의 상용화 및 전력화와 직접적으로 관련되어 있지는 않지만, 이스라엘이 제공하는 방위산업 기술을 소개하고 있어 주요 기술명과 그에 대한 정보를 제공하고 있습니다."
"롤스로이스, 26억 달러규모 B-52H 전략폭격기 엔진교체 수주",2021-09,http://www.defensetoday.kr/news/articleView.html?idxno=3133,"76대의 B-52 폭격기 엔진교체 사업에서 플랫 앤 휘트니를 제치고 선정되어
미공군은 롤스로이스 아메리카(인디애나 폴리스 공장)를 미공군 전구 타격사령부의 B-52H 폭격기 76대 모두에 신형 F130 엔진을 공급하는 B-52 상용엔진 교체사업(CERP) 계약자로 선정했다고 9월 24일 발표했다. 모든 옵션을 행사하면,  26억 달러로 예상 된다.
F130 엔진은 C-37 수송기와 E-11 BACN(전장 공수 통신 노드) 항공기에 장착해서 비행하고 있다. 납품계약 중 첫 번째 계약은 5억 9천만 달러다. 계약에 따라 롤스로이스가 608개의 엔진을 공급하고 76대의 B-52H에 장착하며 제작 및 설치가 2038년 9월 23일까지 완료된다. 롤스로이스는 예비 엔진을를 포함한 실제 엔진의 납품수량은  650대라고 밝혔다.
미공군은 언제부터 장착이 시작될지 말하지 않았다. 엔진은 롤스로이스의 인디애나폴리스 공장에서 제작될 예정인데, 이 공장은 롤스 로이스가 ""첨단 제작 시설""에 6억 달러를 투자했다고 말했다. 이 일을 위해서 150명의 새로운 직원을 채용할 것이라고 회사측은 말했다. 계약가치는 CERP에 대해 100억 달러나 되는 초기 추정치보다 크게 낮다.
롤스로이스의 F130엔진이 B-52폭격기 엔진 교체 사업 우선 사업협상자로 선정되었다. (사진: 롤스로이스)
미공군은 예비 엔진, 관련 지원 장비, 상용 엔지니어링 데이터, 그리고 ""지속적 활동""을 요구하는 경쟁 계약을 위한 4건의 제안을 받았다고 국방부가 밝혔다.
CERP 사업은 2018년부터 진행되어 왔으며 GE 항공, 프랫 앤 휘트니, 롤스로이스의 3개업체가 참여한 사업이다. 미공군은 경쟁사의 엔진이 컴퓨터로 종이 없는 제안을 주장하며 ""디지털"" 최초의 프로그램을 개척했다. 이 서비스는 또한 다른 회사들 사이에서 이 프로그램에 대한 향후 작업을 경쟁할 수 있도록 기술 데이터에 대한 접근을 주장했다.
롤스로이스의 전략 캠페인의 크레이그 맥베이 수석 부사장은""이것은 롤스로이스에게 큰 승리입니다,""라고  말했다. ""우리는 이 결과를 계획하고 준비해 왔고 우리가 공군과 B-52H를 위한 최선의 선택이라는 것을 증명하기 위해 시작할 준비가 되어 있습니다.""
CERP 사업은 또한 새로운 레이더, 디지털 조종석 및 새로운 연결 업그레이드를 받을 예정인 B-52H의 여러가지 개량 측면이다. 미공군은 B-52H를 2050년대까지 적의 방어가 제한되거나 이미 격파되었을 때 스탠드오프 플랫폼이자 직접 공격기로서 유지할 계획이다.
현재 운용 중인 마지막 B-52H 마지막 기체는 1962년에 제작되었지만, 그 기종은 여전히 프랫 앤 휘트니 TF33 엔진으로 날고 있다. 프로그램 초기에 프랫 앤 휘트니는 TF33의 업그레이드를 제안했지만 공군은 이를 거부했다.
CERP 사업은 B-52H에 대해 최대 40% 향상된 범위의 연비를 제공하여 공중급유 요건을 줄이고 체공 시간을 늘려야 한다. 엔진은 또한 매우 향상된 신뢰성을 가지고 있어야 하기 때문에 폭격기의 남은 운용 기간 동안 엔진을 날개에서 분리할 필요가 없을 정도로 신뢰성을 제공해야 한다.
AFA의 에어, 스페이스 & 사이버 '21 콘퍼런스의 USAF 고위 인수 관계자들은 CERP 사업 계약이 ""임박""했다고 밝혔다. 미공군 인수 대행인 달린 코스텔로는 CERP 사업이 그 범위와 가치를 감안할 때 USAF의 주요 인수 프로그램으로 전환될 가능성이 높다고 말했다.
B-52H의 원제작사인 보잉은 엔진, 레이더, 기타 새로운 시스템을 폭격기에 통합할 예정이지만 CERP 사업의 우선사업자 선정에는 참여하지 않았다. 보잉사의 한 관계자는 동사가 경쟁 엔진의 통합이 상대적으로 용이하거나 어렵다는 자료를 공군에 제공했지만 어떤 엔진을 선택해야 할지에 대해서는 권고하지 않았다.
보잉은 TF33 엔진이 배치됨에 따라 쌍발 엔진 포드 또는 나셀에 엔진을 장착할지 여부와 장착 방법을 결정하고 최적의 성능과 공기역학적 구조에 대한 간섭을 최소화하기 위해 필요한 공기역학적 계산을 수행할 것이다. 보잉사의 한 관계자는 폭격기 전면의 공기 흐름을 개선하기 위해 B-52H의 기수에 장착된 사용하지 않는 적외선 포드가 제거할 것이라고 말했다.
[디펜스투데이]
Tag
#롤스로이스
#F130
#B-52폭격기
#개량사업
#미공군
#U.S.Air Foce
#디펜스투데이
저작권자 © 디펜스투데이 무단전재 및 재배포 금지
이승준 기자
다른기사 보기","{""AI/컴퓨팅"": [""AI""], ""센서/통신"": [""적외선"", ""IR""], ""항공기"": [""전략폭격기"", ""B-52""]}",True,B-52 전략폭격기 엔진 교체,2038-09,high,"이 기사는 B-52 전략폭격기의 엔진 교체 사업에 대해 다룹니다. 롤스로이스가 이 사업의 계약자로 선정되었으며, 608개의 F130 엔진을 2038년 9월 23일까지 공급하여 76대의 B-52H 폭격기에 장착할 예정입니다. 이는 상용화 및 전력화에 관한 구체적인 내용을 다루고 있으므로 높은 수준의 관련성을 가집니다."
"[현장취재]무인이동체 엑스포 2021",2021-09,http://www.defensetoday.kr/news/articleView.html?idxno=3132,"육해공군이 한데 모여 드론들이 최초로 전시되어
무인이동체 전시회 및 컨퍼런스인 ‘2021 무인이동체산업엑스포(UWC, Unmanned World Congress)’가 9월 26일(일)부터 28일(화)까지 3일간 서울 코엑스에서 개최하고 있다.
무인이동체 엑스포(UWC)는 지난 2018년 과기정통부·산업부 주최로 시작된 국내 최초 무인이동체 전문 행사로, 혁신성과 홍보, 비즈니스모델(BM) 소개, 산학연 네트워킹 등을 통해 산업 활성화, 기업경쟁력 강화와 4차 산업혁명 기술 등 첨단기술을 적용한 미래 산업 및 스마트 국방의 비전 제시를 목적으로 한다.
해군은 이번 엑스포에 이번에 첫 드론전시관을 열었다. (사진: 디펜스투데이)
금년 엑스포는 드론(원천기술개발, 활용서비스, R&D(석·박사)인력 양성 등)과 PAV 및 UAM, 국방 무인체계(육·해·공군 무인이동체)를 주제로 선정하였고, 산업부(127부스), 과기정통부(70), 국방부(60), 국토부(26) 등 정부 R&D 혁신성과 전시 부스 및 기업 58개사 78부스 등 총 361부스(7,281㎡) 규모의 ‘전시회’와, UAM, 국방 무인이동체, 불법드론 대응 등을 주제로 하는 ‘컨퍼런스’ 및 국방 신속획득사업 컨설팅, DNA+드론 챌린지 시상식 등의 다양한 ‘부대행사’로 구성되어 있다.
전시회에서는 드론, PAV, UAM 등 미래 유망 산업의 시장 및 인력 수요에 선제적으로 대응하기 위한 정부와 기업의 신기술 개발과 인력 양성 관련 주요 성과가 전시하고 있다.
육군은 이번 전시회에 사단급 무인기와 군단급 무인기 모형을 전시하고 있다. (사진; 디펜스투데이)
산업부 R&D 홍보관에는, 국내 기업들과 한국항공우주연구원(KARI)이 협업하여 국내 독자 기술로 개발중(‘19~’23)에 있는 한국형 개인용비행체 PAV(OPPAV, Optionally Piloted PAV)의 축소 모델(1:2)이 전시되고, 이는 ‘22년 하반기에 시제기 개발을 완료하여 초도비행 예정이다.
 현대자동차(주)는 UAM용 PAV 컨셉 축소 모델(1:3)을 전시한다. 동 모델은 5인승(조종사 포함) 비행체로 전기동력과 총 8개의 프로펠러를 활용하여 최대 100km 비행이 가능하다.
LIG넥스원(주)은 수소연료전지 기반 대형 카고(Cargo) 드론(Lift&Cruise 형태) 개발 현황을 소개한다. 본 카고 드론에는 현대자동차(주) 넥쏘(NEXO)의 수소연료전지를 항공용으로 개조하여 탑재할 예정으로, 이는 정부의 탄소 저감, 수소경제 확산 정책과 연계하여, 자동차 수소연료전지시스템을 수소트램, 수소선박에 이어 수소항공모빌리티에 적용한다는 점에서 의의가 있다.
 또한, 산업부 소재부품장비기술개발사업 을 통해 지원하고 있는 미래 항공모빌리티의 핵심기술인 PAV용 전기추진시스템(항공용 모터·인버터 등)과 배터리팩 국산화 개발 현황이 소개된다.
아울러, 도서·산간지역과 31사단 및 격오지 부대를 대상으로 산업부가 추진 중인 배송드론 실증사업 성과(드론 배송 시스템 등)도 전시된다.
공군은 전면에 KF-21과 F-35전투기 모형, 글로벌호크 모형, 중고도 무인기 모형을 전시했다. (사진: 디펜스투데이)
현재 드론 제조 중소기업과 대기업이 협업*하여 ’22년까지 드론배송 총 1천회 실증을 목표로 상용화를 추진중이고, 첨단 무인이동체기술을 접목하여 미래전에 대비중인 軍과도 협력하여 군수품 드론 수송(10kg급) 실증을 진행하여, 고지·도서지역의 군수품 수송을 지원할 예정이다.
향후 군은 산업부가 개발할 예정인 탑재중량 200kg급 수소연료전지 기반 카고드론의 실증 테스트베드도 제공할 계획이다. 
미래 유망산업인 무인이동체 분야 R&D 인력 공급 및 일자리 창출을 위한 산업부의 ‘산업용 무인비행장치 전문인력 양성사업홍보관에서는, 석·박사과정학생들과 기업체가 함께 개발한 태양광 드론, 항만감시 드론, 농업용 드론의 영상 분석 S/W, 승객용 캐빈(Cabin)을 분리·장착 가능한 리프트캡슐(Lift Capsule) PAV 컨셉 모델 등 산학프로젝트 성과가 소개되고 있다.
LIG넥스원과 육군은 각각 직충형 드론을 전시하고 있다. (사진: 디펜스투데이)
과기정통부는 ‘무인이동체 원천기술개발사업’을 통해 개발중인 육‧해‧공 자율협력형 시스템 연구내용과 ‘DNA(Data, Network, AI)+ 드론사업’을 통한 AI-5G-데이터-드론이 융복합된 미래 세상 연구를 소개한다.
또한, 타부처와 협력하여 추진중인 ‘공공혁신조달 연계 무인이동체 및 S/W 개발사업’을 통해 개발한 각종 공공임무용 무인이동체와 ‘불법드론 지능형 대응기술 개발 사업’의 성과를 전시한다.
국토부 홍보관(드론기업 16개, 항공안전기술원)에서는 불법드론 탐지(LIG넥스원), 드론 엔터테인먼트(유비파이), 자동 비행 드론시스템(유시스) 등 드론 규제 샌드박스 사업 지원을 통해 개발한 국내 드론기술을 선보일 예정이다.
국토부는 드론 우수기술의 실증을 지원하고 이를 조기 상용화할 수 있도록 2018년부터 드론 규제 샌드박스 사업을 추진하고 있으며, 올해 피자 배송 상용화를 성공시킨 (주)피스퀘어를 포함한 13개 드론기업*을 선정(‘21.5월)하여 다양한 실증을 지원하고 있다.
국방부는 ‘국방무인체계 홍보관’을 통해 육·해·공군의 미래전장에서 활용할 무인체계를 가시화하였으며, 특히 육군의 드론봇 전투체계와 해군의 스마트 Navy, 공군의 유·무인 복합체계를 선보이고 있다.
[디펜스투데이]
Tag
#무인이동체엑스포
#코엑스
#드론
#육군
#ROKARMY
#ROKNAVY
#ROKAirForce
#해군
#공군
#디펜스투데이
저작권자 © 디펜스투데이 무단전재 및 재배포 금지
이승준 기자
다른기사 보기","{""AI/컴퓨팅"": [""AI"", ""AR"", ""RL""], ""센서/통신"": [""RF"", ""IR""], ""재료/제조"": [""AM""], ""의료/생체"": [""DNA""], ""항공기"": [""F-35"", ""전투기""], ""항공기/전투기"": [""KF-21""], ""드론/무인체계"": [""unmanned""], ""방산기업"": [""KAI""]}",True,"['드론(원천기술개발, 활용서비스, R&D(석·박사)인력 양성 등)', 'PAV 및 UAM', '국방 무인체계(육·해·공군 무인이동체)', '한국형 개인용비행체 PAV(OPPAV, Optionally Piloted PAV)', 'UAM용 PAV', '수소연료전지 기반 대형 카고(Cargo) 드론(Lift&Cruise 형태)', 'PAV용 전기추진시스템(항공용 모터·인버터 등)', '배터리팩 국산화 개발', '배송드론 실증사업']","['2022년 하반기', None]",relevant,"이 기사는 무인이동체 엑스포에서 전시되고 있는 다양한 군사 기술들을 소개하고 있습니다. 특히 PAV, UAM, 국방 무인체계, 수소연료전지 기반 드론 등 향후 상용화 및 전력화가 기대되는 기술들이 포함되어 있습니다."
"미해군, 가상적기용 F-5E/F 전투기 2차 개량 착수",2021-09,http://www.defensetoday.kr/news/articleView.html?idxno=3129,"스위스공군에서 퇴역한 F-5 전투기들을 개향하여 가상적기로 미해군 탑건교육에 사용예정
최근 미해군과 미해병대는 가상적기 편대를 정비하는 작업에 착수함에 따라 F-5 타이거 II 전투기 3대 중 첫 번째 전투기가 메릴랜드주 패턱센트강의 해군 정비창 시설에 도착했다고 밝혔다.
2차 개량형 F-5은 항공 위협을 대응하는 데 더 적합하며 보다 안정적이고 안전하게 수행할 수 있다. 가상적기 계약업체들이 A-4 같은 보유 전투기에 이미 일부 향상된 성능을 활용하고 있다.
미해병대 제 401 해병전투기훈련비행대대(VMFT401)에서 운용하고 있는 F-5N 어그레서 전투기 (사진: USMC)
미해군 항공체계사령부는 업그레이드 관리를 맡고 있는 특수 항공기 프로그램 사무소(PMA-226)에 팍스 리버 정비창에 F-5 전투기를 인도했다고 발표했다.
현재 미해군 F-5 전투기는 블록 업그레이드 프로토타입 프로젝트의 지상 및 비행 시험에 사용되도록 지정되어 있으며, 항공전자장비 재구성에 들어간다.
미해군 제 13혼성비행대대(VFC-13) 소속의 F-5N은 아르테미스 개량을 적용할 것이다. (사진: U.S.NAVY)
아르테미스 개량 프로젝트는 전투기의 동체와 J85-21 엔진을 오버홀하고 항전장비를 교체한다. 현대화된 조종석을 포함한 개방형 아키텍처 시스템이 적용된다.
미해군 PMA-226 프로그램 관리자인 라미로 플로레스 대위는 ""이 프로그램은 조종사들이 근접 위협에 대항하여 전술과 기술을 연마할 수 있도록 하기 위해 필요한 항전 및 전술 능력을 항공기에 적용할 것입니다,""라고는 말했다. ""이러한 개선 사항은 조종사들이 전투에서 승리하는 데 필요한 현실적이고 적절한 전술 훈련을 보장할 것입니다.""
업그레이드는 전투기의 전반적인 능력을 향상시킬 뿐만 아니라 1970년대 F-5E/F 전투기의 다양한 노후화 문제를 해결하면서 신뢰성과 안전성을 향상시키는 것을 목표로 한다.
미해군과 미해병대의 타이거 II 전투기는 이전에 스위스 공군 전투기로 운용된 기체로, 2006년과 2009년에 44대의 F-5E/F 잉여기체들을 인수했다.
스위스 공군에서 퇴역한 F-5 전투기 (사진:Tactical Air)
미해군 F-5의 2차 개량은 신형 지상근접경보시스템과 연료 부족 경고, 악천후 날씨에 대한 경보를 위한 것이다.
이 모든 작업은 전술 항공 지원 회사(Tactical Air Support, Inc.)가 담당하고 있는데 이 회사는 2021년 3월부터 2026년 3월까지 미해군 소유의 F-5의 업그레이드를 위해 고정가로 계약을 했다.
개량된 칵픽의 F-5AT 전투기 (사진:Tactical Air)
미해군 아르테미스 패키지는 요르단 F-5E/F에 적용했던 전술항공의 F-5 어드밴스드 타이거 구성과 유사한 것으로 알려진다.
개량은 상용범용부품을 광범위하게 사용한다.
""전술 항공지원사(Tactical Air)의 F-5 Advanced Tiger (F-5AT)는 HUD/HOTAS (헤드업 디스플레이 및 스로틀과 스틱 제어), 개방형 아키텍처 미션 컴퓨터와 듀오텍의 네메시스 고성능 레이더와 아르구스 RWR [레이더 경고 수신기]의 통합을 가능하게 하는 맞춤형 비행 프로그램으로 업그레이드 되었다.
IRST[적외선 탐색 및 추적 시스템]과 EA[전자 공격], 데이터링크 및 HOBS[하이 오프-보라이트] 시뮬레이션 사용에 대한 개량이 적용되어 있다.
F-5에 적용하는 스콜피온 HMD 헬멧 (사진:Tactical Air)
F-5AT 패키지의 다른 특정 품목으로는 듀오텍 임무 컴퓨터, 위협 교전지역(WEZ) 복제 소프트웨어 제품군, 컬러 다기능 디스플레이(MFD), 이동 지도 디스플레이 등이 있다.
한편, 개방형 구조의 항전시스템은 다양한 통합을 가능하게 한다.
또한 전술 항공지원사(Tactical Air)의 F-5 조종사는 스콜피온 풀 컬러 헬멧 장착 디스플레이를 사용하여 모사된 HOBS 교전 중 치명율을 높이고 가상적기 역할을 더 잘 할 수 있을 뿐만 아니라 조종사에게 훨씬 향상된 상황 인식을 제공한다.
개량형 F-5AT는 ""3세대~ 4세대 적대적인 플랫폼"" 역할을 수행하게 된다고 한다.
업 그레이드는 22대의 타이거 II (16대의 단좌 F-5E와 6대의 F-5F )가 대상이다.
아르테미스 개량이 완료되면, 전투기는 F-5N+와 F-5F+로 재지정될 것이라고 한다.
첫 번째 개량 타이거 II는 2022년 말에 인도될 것으로 예상된다.
스위스 공군에서 운용하고 퇴역한 22대의 F-5는 미해군과 미해병대가 인수하여 아르테미스 개량을 거쳐서 F-5N+로 명명될 것이다. (사진: Tactical Air)
F-5는 일반적으로 하이엔드 위협을 모사하는데 사용되지 않지만, 중하위 수준의 위협을 시뮬레이션하는 데 가장 적합하다. 현재 네바다주 팰런 미해군항공기지에서 제 13 혼성대대(VFC-13)와 플로리다주 키웨스트 해군항공기지에서 제 111 혼성대대(VFC-111)와 함께 운용되고 있으며, 미해병대는 애리조나주 유마의 제 401 해병전투기훈련비행대대(VMFT401)에서 운용하고 있다.
F-5N 전투기가 지난해 6월 제 122전투비행대대와 훈련한 뒤 서부 미해군기지의 보카치카필드에 착륙하고 있다. (사진:U.S.NAVY)
  F-5AT에서 장착된 듀오텍 레이더 경고 수신기 제품군 및 펄스 도플러 레이더 등 항전기의 일부다. (사진: 듀오텍)
[디펜스투데이]
Tag
#미해군
#미해병대
#USNAVY
#USMC
#F-5N+
#개량
#가상적기대대
#어그레셔대대
#디펜스투데이
저작권자 © 디펜스투데이 무단전재 및 재배포 금지
이승준 기자
다른기사 보기","{""AI/컴퓨팅"": [""AI""], ""센서/통신"": [""적외선"", ""IR""], ""연구/프로그램"": [""OTA""], ""항공기"": [""전투기""]}",True,F-5E/F 전투기 개량,2021-09,high,"기사에서 미해군이 스위스 공군에서 퇴역한 F-5 전투기를 2차로 개량하고 있다고 설명하고 있으며, 개량 작업의 시작 시점이 2021년 9월인 것으로 나와 있어 상용화/전력화 시점이 명확하게 제시되어 있습니다."
"신생기업 에볼리토, 초고성능 및 경량 전기 모터로 항공우주 전기화 가속",2021-09,http://www.defensetoday.kr/news/articleView.html?idxno=3128,"메르세데스-벤츠에 인수된 전기모터 및 컨트롤러 기업 야사(YASA)에서 분사
전기 모터 및 전력 전자 장치를 개발하고 제조하는 신생 기업인 에볼리토(Evolito)가 지난 9월 22일 개인 기업으로 공개적으로 출범했다.
올 초 야사(YASA, 2021년 7월에 메르세데스-벤츠가 인수한 축방향 자속 전기 모터 분야 세계 선두 기업)에서 분사한 에볼리토는 급성장하는 항공 우주 시장에서 야사의 차세대 전기 모터 기술과 IP를 독점적으로 상용화한다는 목표를 갖고 있다.
야사 분사 기업 에볼리토, 초고성능 및 경량 전기 모터로 항공우주 전기화 가속 (사진: 에볼리토)
에볼리토의 축방향 자속 모터(axial-flux motor) 기술은 자동차 산업에서 양산 과정을 통해 이미 입증됐으며 항공 우주 시장에 적용하는 경우 더 유리하다. 현재 에볼리토는 전기 비행의 상용화 및 채택을 견인할 독보적인 입지를 다지고 있다.
에볼리토의 초고성능, 경량 축방향 자속 모터 및 전력 전자 장치는 다른 경쟁 기술보다 더 작고 가벼우며 견고해 전기 수직 이착륙 시스템인 eVTOL(Electric Vertical Take-off and Landing), 고정익(Fixed Wing) 및 도심 항공 모빌리티(UAM: Urban Air Mobility)와 같은 분산 전기 추진 애플리케이션에 새롭고 다양한 기회를 제공한다.
에볼리토 모터 특유의 세그먼트화된 토폴로지는 본질적으로 다른 전기 모터보다 방식보다 더 견고해 안전이 최우선인 항공 우주 시장의 요구 사항에 적격이다.
야사 분사 기업 에볼리토, 초고성능 및 경량 전기 모터로 항공우주 전기화 가속 (사진: 에볼리토)
웨이포인트 캐피탈(Waypoint Capital)의 파트너 겸 이사인 사이러스 질라(Cyrus Jilla)는 “웨이포인트의 주요 관심사 중 하나는 전기화를 포함하는 에너지 전환과 지속 가능성이다. 우리는 우수한 팀이 주도하는 고유의 혁신 기술을 보유한 기업에 대한 투자에 집중하고 있으며, 에볼리토는 그런 조건에 전적으로 부합한다. 앞으로 에볼리토 팀이 항공 우주 시장에 맞는 획기적인 전기화 솔루션을 개발해 배기 가스 없는 비행을 현실화할 수 있도록 지원할 것“이라고 말했다.
옥스포드 사이언스 엔터프라이즈(OSE: Oxford Science Enterprises) 수석 파트너인 알렉시스 제르보글로스(Alexis Zervoglos)는 “전기화된 항공기는 시대적으로 가장 흥미로운 시장 기회 중 하나다. 그 가능성을 현실로 만들려면 혁신적인 기술과 빠르게 부각되는 수요에 부응하는 확장성이 필요하다. OSE는 전기 비행의 상용화를 가속하는 에볼리토의 노력을 지원하게 돼 기쁘게 생각한다“고 밝혔다.
가렛 모리스(Gareth Morris) 에볼리토 매니징 디렉터는 “항공 우주 분야의 전기화는 자동차 산업에 10년 정도 뒤졌지만 시장 잠재성은 무궁무진하다. 전기 수직 이착륙, 전기 헬리콥터, 고정익 및 도시 항공 모빌리티 항공기는 본질적으로 높은 안전 계수로 인해 고출력 밀도와 낮은 중량의 전기 파워트레인이 필요하며, 이는 에볼리토의 축방향 자속 전기 모터 및 전력 장치 기술이 보유한 속성이다. 에볼리토는 항공 우주 시장에서 야사의 고유한 IP를 바탕으로 전기 비행의 상용화를 추진해 이동성을 혁신할 것“이라고 설명했다.
Tag
#야샤
#에볼리토
#경량전기모터
#항공우주전기화가속화
#디펜스투데이
저작권자 © 디펜스투데이 무단전재 및 재배포 금지
이치헌 기자
다른기사 보기","{""무인체계"": [""Vertical Take-Off and Landing"", ""VTOL""], ""AI/컴퓨팅"": [""AI"", ""LAN"", ""AR""], ""센서/통신"": [""IR""], ""재료/제조"": [""AM""], ""기타/기술"": [""IP""]}",True,축방향 자속 전기 모터,,relevant,"이 기사는 신생기업 에볼리토가 개발한 초고성능 및 경량 전기 모터 기술을 다루고 있습니다. 이 기술은 항공우주 시장에 적용될 예정이며, 특히 전기 수직 이착륙 시스템(eVTOL), 고정익 항공기, 도심 항공 모빌리티 등에 사용될 것으로 보입니다. 상용화 시점은 명확히 나와 있지 않지만, 기술 개발이 진행 중인 것으로 보입니다."
"육군의 드론봇",2021-09,http://www.defensetoday.kr/news/articleView.html?idxno=3083,"9월 16일 오랜만에 시범훈련
드론봇 전투체계 - 지작사 드론봇 전투단
드론봇은 드론과 로봇의 합성어로 무인기와 상용 드론, 전투로봇 등을 주축으로 하는 유·무인 복합전투체계(Man-Unmanned Teaming ; MUM-T)이며, 정찰드론과 공격드론, 전자전 드론, 전투로봇 등으로 구성한다.
육군은 이 드론봇의 운용을 위하여 지상작전사령부부터 사단급까지 드론봇전투단을 편제할 계획이며 드론운용 부사관 및 특기병도 선발·배치중이다.
육군은 드론봇의 운용을 위하여 2018년 9월 지작사 직할 지상정보단을 사령부보다 먼저 창설하였다.
지상정보단은 드론봇 전투단과 운영분석대대, 대정보대대로 구성되며 이스라엘제 ‘헤론’ 등 정찰용 무인기와 무장드론, 전자전드론, 정찰 및 다목적 로봇 등을 운용한다.
육군은 지상정보단을 중심으로 4차 산업혁명기술에 기반하여 현재 및 미래의 불특정·복합적인 위협 요소에 적극 대응할 드론봇 전력을 구축할 계획이며, 2021년부터 군단부터 대대급까지 모든 전투부대에 드론봇 전투부대를 편성하고 있다.
육군이 추진중인 드론봇 체계(사진 이승준 기자)
드론봇 전투체계 - 아직은 연구에 더 집중해야
드론봇 전투체계는 육군이 5대 게임 체인저 중 역점을 두고 있는 요소이며 서욱 장관도 매우 관심을 갖고 추진하고 있다.
현재 육군은 지상작전사령부 직할로 드론봇전투단을 창설·운영중이고 2021년 부터 군단에서 대대급까지 드론봇 전투부대를 편제하고 있다.
하지만 드론봇은 아직 확실한 운용 개념부터 잡혀있지 않은 상황으로 본격적으로 전투에 활용하기에는 시기상조이며, 하드웨어 개발 및 활용 방안 연구에 더 집중해야 한다.
우리가 흔히 아는 멀티콥터형 드론은 비행 및 조종 방식과 탑재량(페이로드)의 한계로 근거리 정찰이나 소량의 물자 운반, 소규모 공격, 화생방 제독 정도로 용도가 제한되며, 실제로 현재 드론봇전투단에서도 반경 3km 정도 거리의 정찰용이나 40kg 이내 물자 운반용으로 주로 운용하고 있다.
현재 포병이나 박격포의 화력 유도나 표적 정찰 등에는 당장 활용할 수 있으므로 이 분야에 대하여는 근시일 안에 전력화가 가능할 것으로 예상되지만, 활용 방안에 관한 연구가 지속적으로 필요한 분야이다.
멀티콥터형 드론(사진 이승준 기자)
멀티콥터형 드론 외에도 드론봇전투단은 고정익 무인기와 전투로봇에 대한 연구에도 열중하고 있으며, 육군은 현재 드론봇전투단이 연구중인 드론봇 활용방안들 외에도 추가 도입할 AH-64E 아파치 공격헬기에 드론을 연동할 수 있는 데이터 링크인 MUMT-X를 통합 적용하는 방안을 검토중이다.
드론봇을 전력화하는 궁극적인 목적은 전투원 생명 보호이며, 기존에 인원이 직접 수행하던 위험한 임무를 드론이나 로봇으로 대체하는 것이 목표이다.
미군은 전장에서의 인명 손실을 최소화할 방안으로 오래전부터 드론봇 활용에 관한 연구를 꾸준히 수행하고 있으며 스텔스 기능을 갖춘 AI 기반의 무인 전투장갑차 시제품을 2024년에 내놓을 계획을 추진중이다.
우리 군 역시 드론봇 군사연구센터를, 인공지능(AI) 연구발전처를 각각 창설하여 초지능, 유·무인 복합 전투체계를 구현하는 것을 목표로 하고 있다.
4차 산업혁명 및 AI 시대를 맞아 육군이 달라지고 있는 점을 홍보하는 것은 필요하지만 드론봇 전투체계는 이제 겨우 첫 걸음을 뗀 단계이며 아직은 지속적인 더 많은 연구가 필요한 분야이다.
가능한 것부터 서서히 만들어나가는 지혜가 필요한 시기다.
개인 전투체계 - 워리어 플랫폼
그동안 육군은 각종 무기 개발 및 도입에 열을 올리면서도 정작 가장 중요한 핵심 전력인 병력에 대한 투자는 등한시 해왔다.
장병의 생명과 안전을 추구해야 하는 현대 전장의 추세와 저출산으로 인한 인구 절벽 시대를 맞이하면서, 그동안 사용해온 전근대적이고 현대전 수행에 맞지 않는 개인전투장비류는 전면적인 개선이 필요한 부분으로 지적되었다.
군 당국이 구상중인 현대전에 대응할 전투원 개인 전투체계가 바로 워리어 플랫폼이며, 이는 각개 전투원이 사용하는 피복, 장비, 장구류를 망라한다.
실제로 워리어 플랫폼은 5대 게임 체인저 중 가장 예산 부담이 적고 근시일 안에 실현 가능한 요소이므로 육군 당국도 연구개발과 홍보에 속도를 내고 있으며, 여러 차례의 공개 행사와 이번 9월 16일 시범 공개하는 등 실천의 의지를 보이고 있다.
[디펜스투데이]
Tag
#디펜스투데이
#밀리터리
#국방
#군사
#이슈분석
#현대병기
#획득무기
#무기백과
#디펜스TV
저작권자 © 디펜스투데이 무단전재 및 재배포 금지
이치헌 기자
다른기사 보기","{""AI/컴퓨팅"": [""AI"", ""인공지능""], ""센서/통신"": [""전자전""], ""재료/제조"": [""AM""], ""항공기/차량"": [""공격헬기"", ""AH-64""], ""항공기/전투기"": [""T-X""], ""드론/무인체계"": [""unmanned""]}",True,드론봇 전투체계,,relevant,"이 기사는 한국군의 드론봇 전투체계 개발 계획을 다루고 있습니다. 구체적인 배치 시점은 언급되지 않았지만, 2021년부터 군단에서 대대급까지 드론봇 전투부대를 편제하고 있다고 언급하고 있습니다. 또한 드론봇 기술의 현재 수준과 향후 개발 방향에 대해서도 다루고 있습니다."
"국방부, 22~26년 국방중기계획 공개",2021-09,http://www.defensetoday.kr/news/articleView.html?idxno=3054,"국방력 향상에향후 5년간 315조 2천 억 투입을 예정하고 있어
국방부는 ‘강한 안보, 자랑스러운 군, 함께하는 국방’을 목표로 향후 5년간의 군사력 건설과 운영‧유지계획을 담은 ’22~’26 국방중기계획을 수립했다 밝혔다.
’22~’26 국방중기계획에 따라 향후 5년간 ‘국방개혁 2.0을 성공적으로 완수’하고 ‘미래를 주도하는 강군을 건설’하는데 필요한 재원은 315.2조 원(연평균 증가율 5.8%)이다.
  방위력개선비는 106.7조 원(연평균 증가율 8.3%)이며, 전력운영비는 208.5조(연평균 증가율 4.5%)이다.
이번 국방중기계획 재원은 작년에 수립한 ’21~’25 국방중기계획 보다 14.5조 원(300.7조 원→315.2조 원)이 증가한다. 방위력개선비는 6.6조 원(100.1조 원→106.7조 원), 전력운영비는 7.9조 원(200.6조 원→208.5조 원)이 증가한다.
  이번 국방중기계획은 첨단과학기술군 육성에 중점을 두어 방위력개선비 비중이 ’21년 32.2%에서 ’26년 36.3%로 4.0%p 크게 증가했다.
’22~’26 국방중기계획의 주요 내용을 보면 인력 및 부대구조는 병력 집약적 구조에서 첨단무기 중심의 기술집약형 구조로 정예화, 전투부대는 숙련 간부 중심으로 전환하고, 비전투부대는 전문 민간인력을 확대하는 등 미래 인력 운용환경에 부합하도록 국방인력구조를 설계하였다.
청년인구 급감에 따른 병역자원 감소에 대비하여, 병 위주로 상비병력을 감축했다. 상비병력 규모는 ’17년 61만 8천명에서 ’22년까지 단계적으로 감축하여 50만 명 수준을 유지할 계획이다.
  상비병력 규모를 줄이는 대신, 강한 군대를 구현하기 위해 전투 효율성을 극대화하는 국방인력구조로 개편할 예정이다. 전투분야는 첨단무기를 운용할 수 있는 숙련된 간부를 보강하여 전투력을 강화하고, 정비‧보급‧행정‧교육 등 비전투분야는 전문성 있는 민간인력을 확대하여 정예화된 군대로 변화해 나갈 것이다.
F-4/F-5전투기를 대체하기 위해 KF-21을 개발하고 있다. (사진: 국방부)
간부 규모는 ’17년 19만 6천 명 수준(상비병력의 31.6%)에서 ’26년에는 20만 2천 명 수준(상비병력의 40.5%)까지 확대된다.
    미래전은 첨단무기를 안정적으로 운용하는 것이 전투력 향상 및 전쟁에서의 승리와 직결되므로, 경험과 노하우가 풍부한 숙련 간부 중심의 인력구조를 만들어가는 것이 중요하다. 이에, 직업군인을 장기간 활용할 수 있도록 현재의 단기의무복무 인원을 줄이고, 중‧상사 등 중간계급 규모를 지속 확대해 나갈 계획이다. 또한, 우수한 여성 인력을 적극 활용하기 위해, 여군 비중을 ’17년 5.9%에서 ’22년 8.8%까지 확대한다.
한편 군인은 전투에만 집중할 수 있도록 정비‧보급‧행정‧교육 등 비전투분야는 군무원과 민간근로자를 포함한 민간인력을 대폭 증원한다. 민간인력 규모는 ’17년 3만 2천 명에서 ’26년 6만 2천 명까지 단계적으로 확대해 나갈 계획이다.
  육,해,공군의 미래전에 대비한 구조개편
육군은 전방위 위협에 대응할 수 있도록 첨단기술에 기반한 병력 절감형 부대구조로 개편한다. ’22~’26년 중기계획 기간 병력감축과 연계하여 2개 군단(’21년 8개 → ’26년 6개)과 2개 사단(’21년 35개 → ’26년 33개)이 줄어드나, 전력증강을 통해 포병‧기갑‧공병‧항공 등 작전능력을 보강하고, 간부 중심으로 개편하여 전투역량을 한층 더 강화해 나갈 것이다. 또한 4차 산업혁명 시대의 미래전 수행을 위하여 워리어플랫폼, 드론봇 전투체계 등 첨단장비를 도입하여 첨단 과학기술 기반의 병력 절감형 부대구조로 발전할 것이라고 밝혔다.
해군은 수상‧수중‧항공 입체전력 운용에 적합한 구조로 개편한다. 이지스구축함 추가 전력화와 연계하여 3개 기동전대로 편성되는 기동함대사령부를 창설한다. 기동함대사령부는 원해까지 작전 영역을 확장하여 해상교통로를 보호하고, 우리 국민의 자유로운 해양활동과 안전을 보장할 것이다. 또한 해상초계기와 해상작전헬기 등을 운용하는 항공사령부를 창설하여 해상항공작전의 완전성을 보장해 나가겠다.
해군의 수상전력인 차기 이지스 구축함과 최신예 수중전력인 장보고-III 3000천톤급 잠수함을 확보한다. (사진: 해군)
  해병대는 입체고속상륙작전, 신속대응작전, 특수작전 등 다양한 임무 수행에 적합한 부대구조로 개편한다. 상륙기동헬기 전력화와 연계하여 해병항공단을 창설함으로써 임무수행능력을 강화하는 한편, 해병 특수수색대 수색팀을 전원 간부로 편성하여 정예화할 것이다.
공군은 항공우주작전 및 합동작전 능력을 극대화하기 위한 부대구조로 개편한다. 한국형 차세대 전투기(KF-21) 개발‧양산에 따른 비행대대 증편으로 공중우세 능력을 강화해 나갈 것이다. 국방 우주력 전력 증강과 연계하여, 현재 소령급 부대인 항공우주작전본부 우주작전대를 단계적으로 전대급으로 확대해 나갈 예정이다. 지상군에 대해 근접항공지원을 효과적으로 수행하기 위해 육군 부대개편과 연계하여 항공지원작전단도 개편할 계획이다.
핵·WMD 등 전방위 안보위협에 주도적으로 대응하기 위한 전략적 억제능력을 강화해 나갈 예정이다.
  이상징후를 실시간으로 탐지하고, 군사적으로 중요한 표적을 공백없이 감시할 수 있도록 상시 감시체계를 구축할 것이다.
   아리랑 6호, 군정찰위성과 같은 정찰위성을 통해 주기적으로 한반도 권역의 영상정보를 확보하고, 고고도·중고도 무인정찰기(HUAV·MUAV)를 활용해 24시간 감시를 지속할 것이다.
현재 운용 중인 백두 정찰기 능력보강을 통해 영상정보 외에도  전자·통신 등 다양한 신호정보를 수집해 이상징후를 다방면으로 탐지하할 것이다.
  탄도탄·장사정포 등 도발수단에 대응하기 위한 한국형미사일 방어능력을 탐지, 지휘통제, 요격 全 단계에 걸쳐 강화하겠습니다.
   탐지범위와 능력이 향상된 탄도탄조기경보레이더를 추가 전력화하여 한반도 전역에 대한 탄도탄 탐지능력을 확보할 것이다. 
   탄도탄 위협 시 지휘통제 능력 강화를 위해서 탄도탄작전통제소를 성능개량하여 표적처리능력을 대폭 향상시켜 신속하고 효율적인 의사결정 체계를 구축하겠다.
    
   도발을 원거리에서 차단할 수 있도록 중·장거리 탄도탄 요격무기를 대폭 도입할 것으로 우선, 기존 패트리어트를 성능개량하고, 천궁-Ⅱ, L-SAM 등을 전력화할 것이다. 또한 한국형 아이언돔인 장사정포 요격체계 개발에 착수하여 수도권 및 핵심 중요시설에 대한 철통과 같은 방호능력을 확보해 나갈 예정이다.
     
전방위·잠재적 위협에 대비해 핵심표적에 대한 원거리·정밀 타격 능력을 확보
   핵·미사일 및 잠재적 위협에 효과적인 억제능력을 구비하기 위해 스텔스 전투기도입을 완료할 것이다. 그리고 타격수단을 다양화하여 이동식 발사대(TEL) 등 전략표적에 대한 신속·정확한 타격능력을 향상시키고, 연합작전 수행능력(전술데이터링크 및 통신방식 최신 암호화 적용)도 보완해 나갈 것이다.
   해상에서 지상 전략 표적을 파괴할 수 있도록 정밀타격이 가능한 중형 잠수함을 지속 확보할 것으로 밝혔다.
   특수부대가 더 은밀하고 신속하게 공격할 수 있도록 특수작전 대형헬기를 전력화하고 무장 능력 등을 보강할 것이라고 밝혔다.
  더 멀리, 강하게, 정밀하게 발사할 수 있는 미사일을 개발에 대한 내용은 다음과 같다.
   파괴력이 증대된 지대지·함대지 등 다양한 미사일을 지속적으로 전력화하고, `21.5월 미사일지침 종료에 따라 잠재적 위협에 대한 억제력을 발휘하고 핵심표적 타격능력을 증가시길 것이다.
우주 공간에서의 효과적인 합동작전 지원 및 국방 우주력 발전을 위해 기반전력을 지속 확충해 나가는 것으로 내용은 다음 과 같다.
   군 전용 정찰위성을 전력화해 한반도 관심권역을 감시할 수 있는 능력을 구비하고, 초소형위성체계도 함께 개발하고, 우주공간 감시 및 대응을 위해 고출력 레이저 위성추적체계, 레이더 우주감시체계를 개발하고, 한국형 위성항법체계(KPS)를 개발 착수하고 군위성통신체계-Ⅱ를 도입해 효율적 작전 수행이 가능하도록 지원할 것이다.
      화력과 생존성이 강화됭 보병전투차량을 기계화 부대에 추가 전력화 계획 (사진:육군)
군구조 개편 등 국방개혁 2.0의 효과적 추진을 위한 작전적 대응능력을 지상, 해상 및 상륙, 공중별로 구축하는 내용으로.
  지상전력은 제대별 기동력 향상, 원거리 타격 능력 확대 등 기술발전 추세와 전장환경 변화(병력감축, 부대구조 변화, 제대별 작전지역 확대 등)에 부합된 핵심전력을 보강하고, 보병부대의 기동력 향상을 위해 차륜형장갑차, 중형전술차량을 확보해 나가는 한편, 전투원이 차 내부에서 원격으로 기관총 사격이 가능하도록 차륜형장갑차 성능개량에 착수하고, 기동·화력 및 생존성이 강화된 보병전투차량을 기계화부대에 추가 전력화할 계획이다.
    
   위협이 되는 표적을 신속·정확하게 탐지·파괴할 수 있도록 대포병탐지레이더-Ⅱ, 230mm급 다련장(천무)를 지속 도입하고 소형화된 대포병탐지레이더-Ⅲ를 새롭게 개발하고,  적은 인원으로도 더 파괴적이고 빠르게 사격할 수 있도록 포탄 자동 장전 기능이 포함된 K9자주포 추가 개량에 착수할 것이라고 밝혔다.
    230mm 다련장 천무를 지속적으로 도입할 것이라고 밝혔다.(사진: 국방부)
유·무인 복합전투를 통한 작전수행능력의 획기적 향상을 위해 제대별 정찰 및 공격드론, 작전지원 로봇 등 첨단기술이 활용된 무인 체계를 본격적으로 개발하고 도입하는 것으로  특히, 드론의 군 사용 확대를 위해 군 제대·임무별 운용개념을 발전시키고 국방 드론 표준화를 추진하며 상용드론 구매 및 신속시범획득사업을 지속 확대해 나갈 예정이다.
 
   전장에서 개별 전투원의 감시, 타격능력, 생존성을 획기적으로 향상시켜 줄 개인전장가시화체계, 워리어플랫폼 등을 도입하여 유·무인 복합체계를 구현하고 첨단과학기술군으로 도약하는 기반을 마련하겠다.
    
  해상전력은 항공·수상·수중·상륙 전 영역의 전력을 첨단화하여 통합 해상작전 능력을 강화할 것이다.
   항공전력은 성능이 향상된 해상초계기와 해상작전헬기를 도입하여 넓은 해역을 장시간 정찰할 수 있도록 하고 잠수함 및 수상함을 정밀하게 탐지·공격할 수 있는 능력을 향상하겠다.
   
   수상전력은 노후한 호위함과 초계함을 원해 작전능력과 전투능력이 강화된 3,000톤급 이상의 최신 호위함으로 대체하여 해역함대의 작전능력을 강화하겠다. 기동함대의 주력 전투함인 이지스 구축함을 추가로 확보하고 6,000톤급 차기 구축함(KDDX)을 차질 없이 개발할 것이다.
수중전력은 독자적인 우리 기술로 개발한 잠항능력과 무장 탑재 능력이 향상된 3,000톤급 이상의 중형 잠수함을 지속 건조하여 작전 능력을 강화하고, 상륙전력은 공중 및 해상에서의 입체적인 상륙작전 수행을 위해 전차와 전투원을 원거리에서 해안으로 신속히 수송 가능한 공기부양 고속상륙정과 상륙기동헬기 등을 확보할 것이다.
  공중 전력은 장기운용 중인 F-4/F-5전투기를 대체하기 위해 KF-21(한국형 전투기)을 개발하고, KF-16/F-15K 전투기는 성능개량하여 공중우세와 정밀타격능력을 더욱 강화하고, 특수부대의 효과적인 공중침투를 위한 C-130H 수송기 성능개량을 추진하고, 장거리 항공수송능력 향상을 위해 대형수송기를 추가로 확보하고,  감시·정찰 능력 확충을 위한 항공통제기도 추가 전력화해 갈 것이다.
    
미래를 주도하는 국방역량을 강화하기 위해 국방 R&D 투자를 확대
  드론, 로봇, 우주, AI 등 4차 산업혁명 기술 및 첨단무기체계 개발 역량을 강화하기 위하여 국방 R&D 예산을 ‘21년 4조 3,314억 원에서 ’26년 7조 1,313억 원 규모로 대폭 확대하고, 민간의 뛰어난 신기술을 국방 분야에 신속하게 도입하는 등 민간산업 발전의 추동력을 제공하여 국방 분야가 전체 국가 R&D 및 산업화를 선도하는 역할을 하겠다.
  국방 R&D 예산 중 레이더, 소나, 위성, 미사일 등 첨단 무기체계 연구개발을 위한 예산을 ‘21년 2조 1,870억 원에서 ’26년 3조 4,459억 원으로 확대하겠다.
   군의 과학 역량을 강화하기 위한 국방기술개발 예산을 ‘21년 1조 3,878억 원에서 ’26년 2조 6,323억 원으로 확대하는 한편, 미래 방산시장을 선점하고 국내기술 수준을 비약적으로 발전시키기 위해 8대 첨단기술분야에 집중 투자한다.
  
   국방과학연구소, 국방기술품질원 발전 및 국방 R&D 인프라 보강에 5년간 약 5조 원을 투자하여 효율적 연구개발 환경을 조성하고, 육군 31사단을 민간기술과 제품의 Test-Bed로 활용하는 등 군의 자산을 민간에 적극 제공하는 한편, 민간으로의 국방 기술이전 및 사업화 지원을 활성화하여 민간 산업화에 기여할 것이다.
  국내 연구개발 중심의 획득 제도와 신시장을 창출하기 위한 전략적인 부품 국산화 추진으로 방위산업의 질적 성장을 도모하고, 우리 무기체계의 글로벌 수출 경쟁력을 강화하기 위한 예산 및 제도적 지원을 확대하겠다.
   무기체계 도입 시 국내연구개발을 우선적으로 추진하는 ’한국산 우선획득제도‘를 도입하여 방위력개선비로 추진되는 전체 사업 중 국내지출이 80% 이상으로 확대되도록 관리하고, 국내 방위산업 발전과 일자리 창출 등 경제 활성화에 기여하겠다.
  무기체계 수입 구성품을 대체하기 위한 부품 국산화 뿐만 아니라 독자적인 수출 수요를 창출할 수 있는 전략부품을 신규로 선정하여 개발을 추진하고, 무기 생산‧유지 단계 위주로 추진되었던 부품 국산화의 적용범위를 연구개발을 포함한 전 단계로 확대하여 국산화 부품의 무기체계 적용 가능성을 높이겠다.
   수출용 무기 개발비의 지원액을 3배 이상(‘17~’21 중기간 1,100억 → ‘22~’26 중기간 3,500억)으로 증액하여 우리 무기의 가격 경쟁력을 확보하고, 방산 중소기업의 해외 시장 진출 확대를 위하여 수출 유망품목의 개발부터 마케팅까지 패키지로 지원할 것이다.
  사이버,테러 및 각종 재난에 대한 대응
사이버‧테러‧재난 및 질병 등 비전통 위협에서 주요 내용은 사이버 위협 정보를 신속하게 수집 분석하여 C4I체계를 방어하는 사이버전장관리체계를 구축하고 사이버 위협을 신속 탐지·식별하는 사이버위협탐지체계 보강과 사이버훈련체계를 고도화하여 정예 사이버 전사를 육성하는 등 사이버 역량을 강화하고, 국가 중요시설에 대한 드론 공격, 폭발물 설치 등 테러 위협을 효과적으로 대응하고, 레이저 기반의 드론 대응능력과 로봇을 활용한 폭발물처리 능력 등을 확보하면서 35개 국가지정 대테러 부대의 장비·물자를 보강하고 군‧경찰·해경이 함께 사용할 수 있는 제2국가대테러 종합훈련장을 확보할 것이다.
  국내외 재난 및 구조상황 발생 시 재건활동 및 응급후송, 장거리 인원 및 물자수송과 구조 능력을 확보할 수 있도록 잠수함 구조함, 대형수송기와 같은 대응전력을 지속 보강하고, 부족한 간호 인력을 임상직위 중심으로 '26년까지 352명 증원하고, ’20년부터 운용 중인 의무후송 전용헬기를 응급상황에 신속하게 투입하겠습니다. 또한, 음압형 환자수용장비(음압챔버)‧이동전개의무셋과 같은 의무장비와 물자를 확충하고 ’23년까지 국군의학연구소에 감염병 연구시설을 갖출 예정이다.
국방분야에 한국판 뉴딜의 내용은 이미 군에서 추진 중인 ‘스마트 국방’ 구현과 연계하여 추진고 있고, 군의 데이터와 인공지능 기술을 융합한 AI 융합 해안경계체계, 다출처 영상융합체계 등을 개발하며, 실전적‧과학적 교육훈련을 위해 증강현실(AR:Augmented Reality)·가상현실(VR:Virtual Reality) 기반의 모의훈련체계를 ’26년까지 10종을 개발하고 군‧사단급 과학화 훈련장을 ’26년까지 13개소로 확대하면서 과학화 예비군훈련장도 ’24년까지 40개소로 확대할 것이다.
 장병의 인공지능(AI:Artificial Intelligence) 역량을 강화하기 위해 AI대학원 등에 군 특화 전문교육과정을 신설하여 ‘26년까지 1,000명의 전문인력을 양성하고 과학기술정통부와 협력하여 병사에게 AI 소양교육과 맞춤형 온라인 교육을 실시하겠습니다.
  빅데이터와 사물인터넷을 활용하여 정비 및 물류 운영의 디지털화를 추진하며, 해군 정비창은 스마트 팩토리로 전환하고 육군 2보급단에는 스마트물류센터를 신축할 계획이다.
  '26년까지 군 승용차의 81%를 친환경차로 전환하겠습니다. 범정부적 수소경제 육성정책에 선도적 역할을 수행하기 위해, 오는 9월 민군 겸용 수소충전소의 자운대 설치를 시작으로 군용지 50개소를 수소충전소 설치 후보지로 제안하여 관계부처와 협조 중에 있고, 병사들이 장병내일준비적금을 월 40만 원씩 18개월 납입(원리금 754.2만 원)할 경우, 국가가 납입액의 1/3을 추가 지원하여 전역 시 1,000만 원 수준의 목돈을 마련할 수 있도록 할 계획이다.
  군복지 향상의 주요 내용
군 복무기간에 대해 합리적 보상을 하고 복무기간이 사회와 단절되지 않게 하는 것으로 국정과제로 추진해온 병 봉급 인상은 목표대로 '22년 '17년 최저임금의 50% 수준(병장 기준 676,100원)까지 인상하도록 하고, 이후에는 하사1호봉의 50%를 목표로 인상을 추진하여 '26년에는 100만 원 수준으로 인상하고, 병사의 어학·자격취득 등 자기개발 노력을 적극 지원하여 '18년 신설한 자기개발지원금을 현재 연 10만 원에서 12만 원으로 인상하고, ’19년 신설한 대학 원격강좌 수강료(1학기 3학점)도 수강료의 50% 지원에서 수강료 전액을 지원하도록 할것이라고 한다.
    
생업 중 2박 3일 동원훈련에 참가하는 예비군에게도 최소한의 보상을 하기 위해 훈련보상비(28시간 기준)를 ’26년 132,900원(’21년 47,000원)까지 인상하도록 할것이다.
군 생활 전반의 병영환경을 국민과 장병 눈높이에 맞춰 개선하는 내용으로 금년 문제가 되었던 급식문제를 해결하기 위해, 장병 1인당 기본급식비를 재정 당국과 긴밀히 협의하여 ’22년에는 11,000원으로 인상하기로 하였고, 지속 인상을 추진하여 '24년에는 15,000원으로 인상하겠습니다. 또한, 민간조리원을 증원 배치하고 취사식당도 위생적인 해썹(HACCP: Hazard Analysis Critical Control Point)형으로 지속 전환하여 '27년까지 100% 전환(’21년 71.1%)하고, 방한복은 현재보다 적게 입어도 보온성과 활동성이 올라가는 고기능성 방한복과 보온성이 향상된 침낭을 보급하며, 장병들의 안전한 임무수행을 위해, 궤도차량 승무원에게는 난연소재의 승무원복을 1착에서 2착으로 확대 보급하고 난연소재의 신발‧잠바도 보급하겠습니다. 아울러 전 장병에게 방탄 성능이 강화된 신형 방탄헬멧도 보급할 계획이다.
 
침상형인 일부 병영생활관은, '25년까지 100% 침대형(’21년 92.1%)으로 개선하여 병사들이 보다 위생적이고 넓은 공간에서 생활할 수 있도록 조치하며, 직업군인들이 임무에 전념할 수 있는 복무환경 조성을 위해, 100세대 이상 관사에 설치하도록 하고 있는 어린이집 165동을 '24년까지 100%확보(’21년 92.7%)하고, 노후되거나 부족한 직업군인의 숙소는 '26년까지 100%(’21년 78.8%) 확보하도록 할 것이라고 밝혔다.
  병사가 민간병원을 이용할 경우 현재는 국가가 진료비의 70%를 부담하고 병사는 약 30%를 부담하고 있는데, ’21년 8월부터 병사가 부담하는 약 30%의 최대 80%를 국가가 부담으로 바뀌고, 국가가 병사 민간병원 진료비의 최대 94%를 부담하며, 병사가 군 병원을 이용할 경우, 개별부대-사단의무대-군병원 간 이동수단(사단외진버스, 외진셔틀버스, 환자후송버스)을 확충하여 병사가 원하는 날짜에 원하는 병원에서 진료받을 수 있도록 한다.
  병사 이발비도 현재 3주마다 7천 원 지원에서 ’22년부터는 8천 원으로 인상하고, 도서지역 부대 생활관 등에 제습기를 보급하는 등 병영생활이 보다 안전하고 행복할 수 있도록 노력할 것이다.
[디펜스투데이]
Tag
#국방부
#22-26국방중기계획
#군구조개편
#전력확보
#군복지향상
#디펜스투데이
저작권자 © 디펜스투데이 무단전재 및 재배포 금지
이승준 기자
다른기사 보기","{""무인체계"": [""UAV""], ""우주/위성"": [""위성항법"", ""위성통신""], ""AI/컴퓨팅"": [""AI"", ""가상현실"", ""인공지능"", ""VR"", ""AR"", ""Virtual Reality"", ""증강현실"", ""Artificial Intelligence"", ""Augmented Reality""], ""센서/통신"": [""지휘통제"", ""신호정보"", ""C4I"", ""IR""], ""무기/방어체계"": [""SAM"", ""폭발물처리""], ""재료/제조"": [""AM""], ""항공기"": [""F-16"", ""차세대 전투기"", ""전투기"", ""대형수송기"", ""스텔스 전투기"", ""C-130"", ""F-15""], ""항공기/차량"": [""보병전투차량""], ""센서/통신/레이더"": [""소나""], ""항공기/전투기"": [""KF-21""], ""지상장비"": [""K9""]}",True,"무인체계, 우주/위성, AI/컴퓨팅, 센서/통신, 무기/방어체계, 재료/제조, 항공기, 항공기/차량, 센서/통신/레이더, 항공기/전투기, 지상장비",,relevant,"이 뉴스는 향후 5년간 국방중기계획에 대해 다루고 있습니다. 해당 계획에는 다양한 군사기술 개발이 포함되어 있지만, 구체적인 상용화/전력화 시점은 명시되어 있지 않습니다."
"한화시스템,개인전장가시화체계 체계개발사업 착수",2021-09,http://www.defensetoday.kr/news/articleView.html?idxno=3052,"상용스마트폰을 활용 개인전투원 및 팀 전투력 극대화 기대
방위사업청(청장 강은호)은 8월 30일(월) 2024년까지 약 145억 원 규모의 개인전장가시화체계 체계개발사업을 추진하기 위해 한화시스템(주)과 계약을 체결하고 본격적으로 사업을 착수했다고 밝혔다.
개인전장가시화체계 구성품(사진: 방위사업청)
개인전장가시화체계는 전방 GOP수색부대와 특전사, 특공부대 등이 DMZ 수색작전 및 대테러 작전 시 개인전투원의 화기 조준경과 정보처리기(상용 스마트폰)가 연동하여 팀원 및 지휘소에 영상 및 전문을 신속하게 전파함으로써 전투현장을 가시화하고 전장상황을 실시간 공유하는 체계이다.
개발이 완료되면 과거 통신방식(음성, 문자) 보다 음성, 영상, 데이터를 활용하여 팀원 간 상황전파와 지휘관의 의사결정이 신속하게 이루어지고 정보처리기를 활용 간접 사격도 할 수 있어 개인의 생존성 보장과 팀 단위 전투력이 크게 향상될 것으로 기대된다.
개인전장가시화체계 운용개념도 (사진: 방위사업청)
방위사업청 최종엽(서기관) 과학화체계사업팀장은 “개인전장가시화체계는 상용 스마트폰을 전투현장에서 활용하는 첫 번째 무기체계로 체계개발이 성공한다면 4차산업혁명에 걸맞게 향후 상용스마트폰을 플랫폼으로 한 다양한 첨단장비들과 콘텐츠(앱)의 개발을 촉진시키는 등 미래전에 대비한 무기체계개발에 파급효과가 클 것으로 기대된다고 밝혔다.
[디펜스투데이]
Tag
#개인전장가시화체계
#운용개념
#한화시스템
#디펜스투데이
저작권자 © 디펜스투데이 무단전재 및 재배포 금지
이치헌 기자
다른기사 보기",{},True,개인전장가시화체계,2024,high,"기사는 한화시스템이 개인전장가시화체계 체계개발사업에 착수했다는 내용을 다루고 있으며, 2024년까지 약 145억 원 규모의 사업이 진행될 예정이라고 명시하고 있습니다. 따라서 이 기술은 상용화/전력화 계획 단계에 있다고 볼 수 있습니다."
"롤스로이스, 탄소중립 경제로 나아가기 위한 방안 제시",2021-08,http://www.defensetoday.kr/news/articleView.html?idxno=3027,"2023년까지 생산 중인 모든 상용 항공 엔진에 대해 100% 지속 가능한 항공 연료와의 호환성 입증
롤스로이스(Rolls-Royce)는 2050년까지 탄소중립(Net Zero)을 달성할 수 있도록 단기적 목표를 수립하고, 탄소중립 경제로의 이행을 가속화하기 위한 방안을 발표했다. 항공, 해운, 발전 등 탈탄소화가 가장 어려운 경제의 핵심 분야에서 활동하고 있는 롤스로이스는 새로운 기술 개발은 물론, 지속 가능한 연료 사용을 가속화하고, 단계적 변화를 통해 효율 개선을 촉진시킴으로써 유엔의 ‘탄소제로 레이스(Race to Zero)’ 캠페인의 혁신 목표에 기여할 방침이다.
롤스로이스는 현재 서비스 중인 세계에서 가장 효율적인 대형 민간 항공기 엔진인 트렌트(Trent) XWB와 1세대 트렌트 엔진에 비해 효율을 25% 개선한 후속 제품인 울트라팬(UltraFan®)을 통해 지속 가능한 항공 연료(SAF: Sustainable Aviation Fuels)의 경제성을 크게 향상시키고 있다. 또한 도시나 산업 프로세스의 전력공급 방식을 새롭게 변화키는 소형 모듈 원자로(SMR: Small Modular Reactor) 발전소를 설계하고, 마이크로그리드 사업을 구축했다. 이와 함께 롤스로이스는 배터리 스토리지 기술에 대한 투자를 통해 연료전지의 가능성을 입증하고, 완전 전기 및 하이브리드 전기 비행 분야에서도 선도적인 입지를 구축하고 있다.
서비스중인 Rolls-Royce 제품: 2019년부터 2050년까지 연간 CO₂ 배출량 변화 (자료사진:롤스로이스)
롤스로이스의 동남아시아, 태평양 및 한국 지역 담당 사장인 비키 반구 (Dr Bicky Bhangu OBE) 박사는 “롤스로이스는 기술의 긍정적인 혁신의 가능성을 믿는다. 우리는 현대 세계가 성공적으로 기능하는데 중요한 핵심 동력을 선도적으로 개발하고 있으며, 이러한 동력은 기후위기에 대처하기 위해 탄소배출량 제로와 양립할 수 있어야 한다. 이는 우리 사회의 필수 요건이자 가장 큰 상업적, 기술적 기회가 될 것이다.”며, “롤스로이스의 혁신 기술은 탄소중립의 미래를 위한 글로벌 전환을 가능하게 하고, 가속화하는데 근본적인 역할을 수행하고 있다. 전세계가 코로나 대유행에서 벗어나 더 나은 회복을 모색함에 따라, 세계 경제의 성장과 탄소중립의 미래가 양립할 수 있으며, 롤스로이스가 이를 실현하는데 도움이 될 것으로 믿는다.”고 밝혔다.
롤스로이스는 2030년까지 모든 신제품에 대한 탄소중립을 지원하고, 2050년까지 운영 중인 모든 제품에 대한 탄소중립을 준수할 계획이다. 2030년까지 자체 시설 및 운영 부문(범위 1, 2)*에서 탄소배출량을 제거하고, 2022년에 롤스로이스 최초로 탄소중립 상태에 도달하게 되는 영국 브리스톨(Bristol) 생산 현장을 비롯해 일부 시설에서 이러한 목표를 앞당길 방침이다.
또한 민간 항공우주(Civil Aerospace) 사업부에서 생산 중인 모든 유형의 엔진에 대해 2023년까지 100% SAF와 호환되도록 하고, 대형 제트기 엔진인 트렌트 제품군의 3분의 2**와 비즈니스 제트기 엔진의 5분의 3을 3년 이내에 SAF를 지원하도록 할 것이다. 방산(Defense) 사업부에서 생산 중인 엔진에 대해서도 동일한 목표를 달성하고, 미래의 전투 시스템이 탄소중립과 공존할 수 있도록 지원할 방침이다.
롤스로이스는 이미 탄소중립 및 탄소제로 기술을 통해 파워 시스템(Power Systems) 사업부의 포트폴리오 전반을 개선시켰으며, 이를 기반으로 차세대 2000 시리즈 및 4000 시리즈 엔진에 대한 지속 가능한 연료 인증을 획득하고, 2030년까지 신제품의 생애 배출량을 35%까지 감축할 계획이다. 또한 2023년까지 운영 중인 마이크로그리드 시험기에 2MW의 수소 연료전지를 통합할 계획이다. 이와 함께 롤스로이스는 저탄소 및 탄소중립 기술로 전환하기 위한 R&D 지출을 현재 총 R&D 비용의 약 50%에서 2025년까지 75% 이상으로 확대할 예정이다.
탄소중립을 달성하기 위해서는 여러 분야에서 동시에 혁신이 추진되어야 하며, 기술 솔루션의 속도와 우선순위뿐만 아니라 정책에 대한 글로벌 일관성 및 협력 또한 중요하다. 롤스로이스는 파트너와 업계 리더 및 정부와의 협력을 확대하여 세계 경제의 핵심 분야에서 탄소중립 미래를 실현할 수 있도록 지원하고 있으며, 경영진의 보수와 연계하여 보다 책임 있는 정책을 수행하고 있다.
Tag
#롤스로이스
#탄소중립
#탄소제로
#파워시스템사업부
#Rolls-Royce
#디펜스투데이
저작권자 © 디펜스투데이 무단전재 및 재배포 금지
이승준 기자
다른기사 보기","{""AI/컴퓨팅"": [""AI"", ""AR""], ""무기/방어체계"": [""DE""], ""재료/제조"": [""TEM""], ""작전/전술"": [""ACE""], ""기타/기술"": [""EMS""], ""첨단기술"": [""space""]}",True,"지속 가능한 항공 연료(SAF), 소형 모듈 원자로(SMR), 배터리 스토리지, 연료전지, 전기 및 하이브리드 전기 비행","2023-01, 2030-01",relevant,"이 기사는 롤스로이스가 2050년까지 탄소중립을 달성하기 위한 계획을 다루고 있습니다. 구체적으로 2023년까지 모든 상용 항공 엔진의 지속 가능한 항공 연료 호환성 확보, 2030년까지 신제품의 탄소중립 달성, 그리고 소형 모듈 원자로, 배터리 스토리지, 연료전지, 전기/하이브리드 전기 비행 기술 개발 등 관련 기술을 소개하고 있습니다. 이는 군사 기술의 상용화나 전력화와 관련이 있으므로 관련성이 있다고 볼 수 있습니다."
"국방부와 과기정통부, 디지털뉴딜과 스마트국방 구현에 협력",2021-08,http://www.defensetoday.kr/news/articleView.html?idxno=3002,"국방 ICT R&D, 디지털 인재양성을 위한 업무협약(MOU) 체결
디지털 뉴딜의 성과를 국방 분야에 확산하여 디지털 강군, 스마트국방을 구현하기 위한 협력체계가 마련되었다.
 국방부와 과학기술정보통신부(이하 ‘과기정통부’)는 8월 17일(화), 국방부에서 디지털뉴딜과 스마트국방 구현을 위한 업무협약(MOU)을 체결하였다.
   체결식에는 서욱 국방부 장관, 임혜숙 과기정통부 장관과 함께 ICT 및 국방 분야 정부출연연구기관, 정부 ICT R&D사업 전문기관 등이 참석하였다.
업무협약서를 들고 기념촬영하는 임혜숙 과기정통부 장관(좌), 서욱 국방부 장관(우) (사진: 국방부)
 이번 업무협약은 지난 7.14일 발표한 한국판 뉴딜 2.0을 통해 디지털 뉴딜의 추진을 가속화하고 있는 상황에서, 디지털 뉴딜과 연계하여 국방 전 분야에 디지털 전환을 촉진하고, 민간의 테스트베드 역할을 통한 디지털 혁신의 마중물 역할을 강화하기 위한 것이다.
   이에 따라, 협약에는 국방 ICT R&D 고도화와 군 디지털 인재양성을 위한 양 부처간의 다양한 협력 사항을 담고 있다.
국방 ICT R&D를 전담하여 지원하는 조직을 신설한다.
 군 전력 첨단화 등으로 국방 ICT R&D의 규모와 중요성이 갈수록 커져가고 있으며, 이를 전문적이고 체계적으로 지원할 수 있는 추진체계 마련의 필요성이 대두되고 있다.
 이에 따라 ICT R&D 전문기관인 IITP 내에 국방 ICT지원단을 신설하여 R&D 추진전략 및 기술로드맵 수립, 신규사업 발굴·기획, 사업집행 관리, 실증사업 지원 등을 추진한다.
   지원단에는 국방 ICT 정책·기획·평가 3팀을 둡니다. 인력은 IITP뿐만 아니라 KIDA, ETRI 등 유관기관 소속 전문가들로 구성하여 IITP의 R&D사업 관리 노하우를 활용하는 한편, 기존 ICT R&D 사업과의 연계도 추진할 예정이다.
국방부, 과기부 관계자들이 업무협약식을 마치고 기념촬영을 하고 있다. (사진: 국방부)
민간의 DNA(Data, Network, AI) 신기술을 국방 전 분야에 선도 적용한다. 이를 위한 DNA 기반 스마트국방 전략(가칭)을 하반기중 수립하고, 국방 ICT R&D 전용사업 신설도 추진한다.
 국방·민간 모두에 수요가 높은 기술 분야를 발굴하고, R&D 전 주기를 양 부처가 공동 관리합니다. R&D 결과물이 실증을 통해 적용 타당성이 입증된 경우에는 전 군에 확산되고, 실제 전력화까지 이어질 수 있도록 국방부의 전력화 예산을 활용한 연계전략을 추진한다.
   우수기술은 민간에도 적극 이양하여 민간기술 실증→군 전력화→민간 이양 및 산업발전의 선순환 구조를 조성한다.
 전략에는 군 유·무선 통신망, 데이터센터 등 인프라 고도화를 위한 방안도 담길 예정이다.
   국방 광대역 통합망(M-BcN) 고도화, 상용망 기반의 5G 이동통신 도입, 데이터의 체계적 수집·관리 및 고성능 컴퓨팅·머신러닝 적용 등을 위한 국방 통합 데이터센터 고도화 방안 등을 검토한다.
군 장병에 대한 인공지능(AI)·소프트웨어(SW) 교육을 지원한다.
 병사 및 전역 예정자에 대한 수준별 맞춤형 온라인 교육을 제공하고, 자격증 취득, 기업 재직자 멘토링 등을 제공하여 군 복무중 AI·SW 역량을 쌓을 수 있도록 지원한다. 전역 이후에는 정부 AI·SW 인재양성 사업을 통해 후속 교육, 취·창업 지원 등을 연계하여 연속성 있는 경력관리를 지원한다.
 장교·부사관 등 장기 복무자에 대해서는 전문인력으로 성장할 수 있는 특화 교육이 제공될 예정이다.
 양 부처는 금년 하반기중  군 장병 AI‧SW 역량강화 방안 을 수립하여 계획을 구체화하고,  국방 AI·SW 역량강화 추진단 도 구성하여 추진체계를 마련하기로 하였다.
이밖에도 양 부처는 △드론, 로봇 등 무인이동체 분야 기술교류 및 R&D·실증·확산사업 협력 △국방 사이버 안보협력 증진 △과학화 경계시스템 현대화 등 디지털 뉴딜과 연계된 스마트 국방혁신 전 영역에서 그간의 협력을 더욱 강화하기로 하였다.
 각 부처를 넘어서는 국가안보와 민간 기술개발의 통합 거버넌스 시도로서 양 부처 협업과 통합 R&D 등을 통해 한 팀이 되어 신속하게 문제해결이 가능할 것으로 기대하고 있다.
서욱 국방부장관은 “국방부와 과기정통부간의 이번 업무협약은 그간에 추진해온 양 부처의 협력체계를 더욱 공고하게 하고, AI 등 4차 산업혁명 기술을 신속히 군에 적용할 뿐만 아니라, 민간기술의 실증과 확산에도 크게 기여하는 계기가 될 것이다“고 평가하며 ”향후 진행될 양 부처 공동 R&D 프로젝트를 통해 디지털 뉴딜과 연계된 스마트 국방혁신을 더욱 가속화 하고, 미래국방혁신과 국방 비전 2050 구현에도 기여할 것으로 기대한다.”고 강조하였다.
근데, 일것이 일자리가 연계가 되어야 하는데, 일자리보다는 장병들 교육에 촛점에 맞춰져 있는 듯하다.
군과 과기정통부는 IT관련 프로젝트를 많이 발주하는 것이 한국판뉴딜임을 알고, 프로젝트를 대기업부터 중소기업까지 골고루 발주를 내줘서 가장 기본적인 일자리 창출에 힘을 기울였으면 한다.
[디펜스투데이]
Tag
#국방부
#과학기술정보통신부
#ICT
#DNA기반스마트국방전력
#디펜스투데이
저작권자 © 디펜스투데이 무단전재 및 재배포 금지
이승준 기자
다른기사 보기","{""AI/컴퓨팅"": [""AI"", ""머신러닝"", ""인공지능"", ""ICT""], ""의료/생체"": [""DNA""]}",True,"['군 전력 첨단화', '국방 ICT R&D', '디지털 인재양성', 'DNA(Data, Network, AI) 신기술', '5G 이동통신', '국방 통합 데이터센터', '인공지능(AI)·소프트웨어(SW) 교육']",,relevant,"이 기사는 국방 분야에서의 디지털 전환과 스마트국방 구현을 위한 국방부와 과기정통부의 협력 내용을 다루고 있습니다. 주요 내용으로는 국방 ICT R&D 고도화, 군 디지털 인재양성, DNA 신기술의 국방 적용, 통신 인프라 고도화, AI/SW 교육 지원 등이 포함되어 있습니다. 하지만 구체적인 상용화/전력화 시점은 명시되어 있지 않습니다."
"파블로항공-MBC, 글로벌 무인 이동체 분야 업무 협약 체결",2021-08,http://www.defensetoday.kr/news/articleView.html?idxno=2995,"파블로항공과 MBC는 드론, 자율주행차, 지상 로봇, 무인 선박, 무인 트럭 등을 포함한 다양한 모빌리티에서 통신 및 정밀 측위 시스템 기술개발 및 무인 이동체 분야 실증 사업을 위한 업무 협약을 체결했다.
드론 솔루션 및 서비스 전문 기업인 파블로항공은 드론, 무인 지상 로봇, 자율주행 자동차, 무인 트럭 등 무인 모빌리티를 실시간 관제할 수 있는 관제 시스템 ‘팜넷(PAMNet)’을 개발했다. 무인 모빌리티를 운영하는 다양한 사용자가 팜넷을 활용하면 장소·시간과 관계없이 실시간으로 무인 모빌리티를 관제·통제할 수 있다. 파블로항공은 팜넷 기반 관제 시스템을 활용해 무인 모빌리티 상용화 시대를 준비하고 있으며, 안전하고 안정적인 무인 모빌리티 관제를 위해 고도화한 통신 기술 및 정밀 측위 기술이 필수적으로 뒷받침돼야 한다고 보고 있다.
왼쪽부터 MBC 정영하 방송인프라본부장, 파블로항공 김영준 대표 (사진: 파블로항공)
MBC 방송인프라본부 방송IT센터는 최신 방송 기술을 선도하고 있으며, 방송 통신 융합형 분야의 세계 최고 수준 정밀 측위 기술인 ‘브로드캐스트 RTK’ 기술을 자체 연구·개발하고, 전국 40여 개소에 자체 기준국 인프라를 구축해 ‘MBC RTK’ 정밀 측위 상용 서비스를 제공하고 있다. MBC는 전국 어디서나 편리하게 cm급 위치 정밀도를 활용할 수 있도록 MBC RTK 서비스와 수신 솔루션을 함께 제공하며, 다양한 분야의 국내외 무인 모빌리티 업체 및 연구 기관과 프로젝트를 수행하고 있다.
파블로항공과 MBC는 글로벌 무인 이동체 분야 실증 사업 및 기술 개발을 위해 △국내외 무인 이동체의 안전한 임무 수행 및 식별을 위한 통신 및 정밀 항법 장치 공동 개발 △미주 지역 무인 이동체 배송 및 산불 감시, 드론 쇼 등 사업 공동 협력 △국내외 언론, 소셜 미디어 등 다양한 미디어 홍보 마케팅 협력 △국내외 무인 이동체 행사 및 전시회 등 공동 참여에 상호 협력 △드론 식별 장치 ‘한국형 표준형’을 위한 기술 개발에 협력할 계획이다.
파블로항공 김영준 대표는 “글로벌 무인 모빌리티 시장이 빠르게 확대되는 만큼 MBC의 초정밀 위치 정보를 제공하는 브로드캐스트 RTK와 이종 모빌리티 관제 시스템 팜넷을 바탕으로 국내외 시장 진입을 신속히 수행해 국내 기업의 기술성을 세계에 알리고, 안전하고 편리한 무인 모빌리티 시장의 가속화에 이바지할 수 있도록 최선을 다하겠다”고 말했다.
[디펜스투데이]
Tag
#파블로항공
#글로벌무인모빌리티
#MBC
#디펜스투데이
저작권자 © 디펜스투데이 무단전재 및 재배포 금지
장훈 기자
다른기사 보기","{""재료/제조"": [""AM""]}",True,통신 및 정밀 측위 시스템,,relevant,"이 기사는 파블로항공과 MBC가 글로벌 무인 이동체 분야에서 통신 및 정밀 측위 시스템 기술개발 및 무인 이동체 분야 실증 사업을 위한 업무 협약을 체결했다는 내용입니다. 이는 군사 기술의 상용화와 관련된 내용이지만, 구체적인 상용화 시점은 언급되지 않았습니다."
"차기 호위함,KDDX의 추진기관 - GE사의 LM 2500 최신 버전(2)",2021-08,http://www.defensetoday.kr/news/articleView.html?idxno=2954,"2.함정 추진체계 글로벌 트렌드
3.함정용 전기 추진체계 선정시 고려사항
2.함정 추진체계 글로벌 트렌드
기계식 추진체계 : 추진용 가스터빈 및 디젤 엔진으로 축계를 구성
기계식 추진체계 : 추진용 가스터빈 및 디젤 엔진으로 축계를 구성
-함정 추진체계는 크게 기계식 추진과 전기식 추진체계로 나눌 수 있다. 기계식 추진은 추진용 가스터빈과 디젤엔진으로 직접 추진하여, 추진 시스템과 발전 시스템이 분리되어 있으며, 가스터빈과 디젤 엔진의 대수에 따라 생존성과 경제성이  달라질 수 있다.
-1981년 취역한 울산급 호위함(FFK)은 한국형 호위함으로 추진체계는 CODOG을 사용했고, 이는 영국 등 유럽에서 사용하고 있던 표준방식으로, 경제성 면에서 매우 효율적인 방식이었다. [GE LM2500 2기 탑재]
-1990년대 중반 광개토대왕함(DDH-I)이 등장하며 대항해군의 시대로 접어들었고, 이때 한국 해군은 처음으로 함대공 미사일 탑재를 시도했다. 역시 CODOG 방식을 채택했다. [GE LM2500 2기 탑재]
-2000년대 충무공 이순신함(DDH-II)이 한국 해군의 주력 함정으로, 현재 같은 급의 최영함이 소말리아 아덴만에 파병되어 작전 중이다. CODOG 방식으로 최대 속력은 30노트 이상까지 가능하다. [GE LM2500 2기 탑재]
-2000년대 후반 세종대왕함(DDH-III)이 등장하면서 한국은 세계에서 5번째로 이지스함을 보유한 국가가 되었으며, 추진체계는 저속에서 고속 기동 전환 능력이 우수한 COGAG을 채택하여 최대 속력 30노트 이상 구현 가능하다. [GE LM2500 4기 탑재]
-PKG 윤영하급, PKMR 검독수리 총 52척 고속정의 추진엔진으로 LM500이 CODAG으로 채택되어 최대 속력 40노트 이상 가능하다. [GE LM500 2기 탑재]
GE LM2500 및 LM500 가스터빈 기반 기계식 추진 한국해군 함정
전기식 추진체계
A.복합식 전기추진(Hybrid Electric Drive, HED)
B.통합전기추진 (Integrated Full Electric Propulsion, IFEP)
-최근 자동차 산업에서도 전기에너지가 주요 에너지원으로 적극 도입되고 있다. 이러한 추세는 선박 부문도 예외는 아니며, 이미 상용 선박에는 전기추진시스템이 널리 적용되고 있다. 다만 해군용 함정 추진체계 경우 상용부문에 비해 그동안 상대적으로 좁게 적용되어 왔다.
복합식 전기추진 (HED): 추진용 가스터빈, 기어박스 및 추진전동기가 각각 설치되어
저속에서는 추진전동기로, 고속에서는 가스터빈 또는 디젤엔진을 통해 추진하는 방식
복합식 전기추진:추진용 가스터빈, 기어박스 및 추진전동기가 각각 설치되어 저속에서는 추진전동기로, 고속에서는 가스터빈 또는 디젤엔진을 통해 추진하는 방식
-복합식 전기추진은 기계식 추진 대비 소음이 작고 연료 효율성이 높다. 추진 모터의 위치에 따라 기어박스 장착형과 샤프트 장착형으로 나눌 수 있는데, 기어박스 장착형은 고효율을 위한 고속 모터로 미 해군 LHD-8과 LHA 강습상륙함에 적용되어 있으며, 샤프트 장착형은 대 잠수함전(Anti-Submarine Warfare, ASW)에 사용되는 저속 모터로 영국 해군 Type 26 (CODLOG), Type 23 (CODLAG)에 적용되어 있다.
-한국해군에 2018년 취역한 대구함은 CODLOG복합식 전기추진 방식으로, 저속에서는 디젤발전기와 전동기를 통해 추진하고 고속 추진 시에는 가스터빈만 사용하기 때문에 저속에서 고속으로 신속한 기동 전환이 어려운 운용상의 문제로 인해 추진체계 통합 능력의 중요성을 고려하는 계기가 되었다고  볼수있다.
-GE는 하이브리드 전기추진 총 49척의 공급 실적을 갖고 있으며, 전기추진함정의 경우 단위 장비의 성능 이상의 통합 성능 검증이 중요하기 때문에 시스템통합 기술력과 검증된 실적이 필요하다. 
-미해군의 LHD-8 USS Makin Island 추진체계는 CODLOG 복합식 전기추진으로 구성되어 LM2500+ 가스터빈과 전기추진 스템을 GE가 턴키로 공급하여 성공적으로 수행한 시스템 통합의 좋은 사례로 연료 효율이 좋아져 7개월 운항 동안 약 1,500만 달러의 연료 비용 절감 효과가 있었고 후속함 역시 One GE 통합 시스템으로 공급하고 있다.
-최근 미해군 FFG 62 함정사업은 CODLAG 복합식 전기추진으로 선정되어 현재10척에 LM2500+G4 (30.3MW급) 가스터빈을 공급할 예정이다.
GE LM2500+G4 가스터빈 기반 복합식 하이브리드 전기추진 함정: 미해군 최신 호위함 FFG62
통합전기추진 (IFEP): 함정 발전기(추진/ 함전용) 생산된 전력을 추진 전동기에 공급하여 얻은 회전력으로 추진하는 체계
통합전기추진 (IFEP): 함정 발전기(추진/ 함전용) 생산된 전력을 추진 전동기에 공급하여 얻은 회전력으로 추진하는 체계
-통합전기추진체계는 추진과 함내 부하 전력에 사용 가능한 전력을 동시에 생산한다. 이는 레일건, 레이더, 함정의 냉각 능력 증대 등 첨단 무기에 고 용량의 전력이 필요한 함정에 가장 효과적이다. 추진 축계의 경우 모터로만 구성되어 있기 때문에 기계 추진방식 또는 복합식 전기추진 방식에 비해 기어박스나 클러치 등이 필요 없어, 단순한 추진 축계 구성이 가능하다.
-현재 선진해군의 전투함들은 통합전기추진체계를 선택하는 추세를 보이고 있다. 영국 해군의 Type45형 구축함, 퀸 엘리자베스 항공모함과 미 해군의 줌월트급 구축함도 모두 GE의 통합전기추진체계를 채택했다.
-영국 해군은 Type45 구축함에 통합전기추진체계 결정 시 아래의 내용을 고려하였고, 작전 운용을 통해 중요한 교훈을 얻었다.
통합전기추진방식 추진체계의 성능 보장을 위해서는 신뢰도가 검증 된 가스터빈과  체계통합이 중요하다.
효율 및 소음, 진동 등 특수성능요구조건 역시 통합전기추진방식이 복합식 대비 우수한 성능을 보였다.
통합전기추진방식은 총수명 주기비용과 유연한 운용을 고려할 때 초기 투자비용의 차이를 수명주기동안 상쇄할 수 있다. 
-줌월트급 구축함에 이미 통합전기추진체계를 적용한 미 해군은 차세대 구축함 사업인 DDG(X) 개발에 역시 통합전기추진체계 적용 의지를 강력하게 보이고 있다. “통합전기추진 방식이 레이더 시스템, 전자전, 레이저 레일건 등 미래 전투체계를 통합 대비할 수 있는 유일한 체계이고 연료 효율성과 작전 운용성을 보장할 수 있는 최고의 체계”이며 차세대 함정사업에는 여러 옵션을 새롭게 고려하여 “통합전기추진 체계가 확실히 적용” 될 것으로 생각하고 있습니다. - DDG(X) 사업 기술 총괄 디렉터
(2021년 2월 3일 기사 출처: https://news.usni.org/2021/02/03/constellation-frigate-ddgx-programs-mark-start-of-surface-ship-renaissance)
GE통합전기추진체계 적용 함정: 영국해군 데어링급 구축함( Type-45), 퀸엘리자베스급 항공모함(QEC) 미해군의 줌월트급 구축함(DDG-1000)
  3.함정용 전기 추진체계 선정시 고려사항*
소음성능 : 전 속력대 소음 군사규격 충족
i.탐지모드 – 최대 요구속도 대비 50% 속도, 최대출력 대비 12% 수준 즉, 0 ~ 15 knots
본 속도 구간에서는 우수한 고체소음특성이 필요함. 대상함정은 수동소나를 통해 적군에 피탐되지 않은 상태로 적 잠수함을 탐지할 수 있어야 함.
ii.추격모드 – 최고 요구속도 및 최대요구 출력 까지 즉, 16 ~ 27 knots
본 속도 구간에서는 매우 우수한 고체소음특성이 필요함. 대상함정은 능동소나를 통해 적군에 피탐되지 않은 상태로 적 잠수함을 탐지할 수 있어야 함.
*참고 문헌 : “전기함정 기술개발 동향” 강민진, 김조은, 이진태 (2009); “효율적인 함정 전기추진체계 설계” 김소연 (2016); “수상함 전기추진 기술 및 연구 동향” 설승기, 김소연 (2018); “함정의 통합전력시스템 – 동향과 전망” (2019) 박한웅
지연없는 운용모드 전환
대상함정은 제안된 추진체계를 통해 적 잠수함 탐지모드에서 추격모드로의 전환 시 모드전환에 따른 지연 없이 모드를 전환할 수 있어야 한다.
최단시간내 전투 간 가속성능
대상함정은 탐지모드 최소 요구속도에서 추격모드 최대 요구속도까지최단시간 내 도달할 수 있어야 한다.
미 해군 사업 주요 요구사항
단일 장비 고장 시 영향 최소화
단일장비 고장은 함정의 일반적인 운용(경비, 훈련 등) 중에도 발생할 수 있으며 따라서 전투 피해에만 국한하여 고려되어서는 안된다.
i.대상함정의 추진 및 발전시스템은 최악의 단일 장애점 사유 발생 시라 하더라도 요구 추진마력의 50% 이상을 달성할 수 있어야 한다.
ii.대상함정의 추진 및 발전시스템은 최악의 단일 장애점 사유 발생 시라 하더라도  탐지모드에서의 추진기능을 상실하여서는 안되며 특히 순항속력(15knots)까지 전기추진시스템은 물론 모든 센서와 무기의 운용이 가능하여야 한다.
생존성을 고려한 장비 배치
함정의 구조물 중 한 요소를 파괴할 수 있는 수준의 단일 손상이 발생하였을 때에도  함정의 발전 및 추진시스템이 최소 50%의 출력으로 주 기능을 수행하는 것을 고려하여 장비가 배치되어야 한다. (구축함의 경우 이러한 단일 손상에 의해 선박의 중심선이 관통되는 상황까지 예상하여야 한다.) 상기와 같은 단일 손상의 예로는 -  화재 또는 균열 등의 손상, 함정 전반에서의 침수등으로 인한 격실 파괴 등이 있다.
미래 확장성 보장
i.전기추진시스템 설계자는 대상함정의 총 생애주기에 걸쳐 함내부하/무기/센서등의 요구출력 대비 100%의 수준의 증대 시나리오에 대하여 시스템이 어떻게 적응할 수 있는지 설명할 수 있어야 한다.
ii.전기추진시스템 설계자는 대상함정의 총 생애주기에 걸쳐 1~5MW의 펄스부하의 추가 장착 시나리오에 대하여 시스템이 어떻게 대응할 수 있는지 설명할 수 있어야 한다. 
정비소요의 최소화
i.전기추진시스템 설계자는 모든 발전 및 추진시스템 구성장비에 대한 연간 계획정비소요시수를 제시할 수 있어야 한다.
ii.전기추진시스템 설계자는 모든 발전 및 추진시스템 보조장비(예: 윤활시스템 등)에 대한 연간 계획정비소요시수를 제시할 수 있어야 한다.전기추진시스템 설계자는 모든 발전 및 추진시스템 관련 장비에 대하여 정비가 필요한 장비가동시간을 제시할 수 있어야 한다.만약 해상에서 작전도중 장착된 그 어떤 엔진 또는 발전기에 대한 정비소요가 발생하였을 때에도 추진 및 발전시스템은 순항속력(15knots)까지 전기추진시스템은 물론 모든 센서와 무기의 운용이 가능하여야 한다.
iii.주추진엔진은 국내 창정비 역량을 구축하여야 한다.
효율
i.전기추진시스템 설계자는 대상함정의 운용프로파일에 따른 예상 연료소비율을 제시할 수 있어야 한다.
ii.전기추진시스템 설계자는 대상함정의 운용프로파일에 따른 연간 장비별 예상 운용시간을 제시할 수 있어야 한다.
단순한 추진축계
전기추진시스템 설계자는 총 축계 구성요소 즉, Moving part에 대한 갯수를 명기할 수 있어야 한다. 단, 영구적으로 연결된(예: 볼트, 용접 등) 부분품은 하나의 Moving part로 간주한다.
극한의 생존성 보장
발전 및 추진시스템은 하나 또는 최대 두 대의 원동기 운용을 통해 모든 센서 및 무기의 운용 및 함정의 타효속력을 유지(즉, 부력유지, 이동, 전투)할 수 있어야 한다. 
환경
i.전기추진시스템 설계자는 추진 관련 탑재 장비가 요구하는 원유기반의 유체소요량에 대하여 제시하여야 한다.i.전기추진시스템 설계자는 추진 관련 탑재 장비가 요구하는 원유기반의 유체소요량에 대하여 제시하여야 한다.
ii.전기추진시스템 설계자는 국제해사기구(IMO)의 배기가스규제에 대응하기 위해 필요한 화학물질의 소요량에 대하여 제시하여야 한다. 
iii.전기추진시스템 설계자는 대상함정의 총 수명주기에 대하여 미래의 이산화탄소 Free 에너지원에 대한 적용가능성에 대하여 제시하여야 한다.
검증된 체계
i.전기추진시스템 설계자는 제안된 체계가 지난 몇 년간 타 글로벌 해군을 통해 실제 운용되고 검증되었는지 제시할 수 있어야 한다.
ii.충격, 진동, 소음 등의 특수성능요구사항에 대해 공인기관의 인증이 완료된 증빙서류를 제시할 수 있어야 한다.
iii.통합전기추진체계의 경우 전체 시스템을 패키지 형태로 공급하고 성능을 입증할 수 있어야 한다.
[디펜스투데이]
Tag
#기계식 추진체계
#전기식 추진체계
#통합전기추진
#함정용 전기 추진체계
#디펜스투데이
저작권자 © 디펜스투데이 무단전재 및 재배포 금지
장훈 기자
다른기사 보기","{""우주/위성"": [""ISS"", ""SSA""], ""AI/컴퓨팅"": [""AI"", ""LAN"", ""AR""], ""센서/통신"": [""EW"", ""전자전"", ""RF""], ""재료/제조"": [""RAM"", ""AM""], ""작전/전술"": [""ACE""], ""기타/기술"": [""IP""], ""항공기/차량"": [""M2""], ""센서/통신/레이더"": [""소나""], ""함정/항공기"": [""강습상륙함"", ""USS"", ""DDG"", ""LHD""], ""무기/방어"": [""ASW"", ""Anti-Submarine Warfare""], ""해군장비"": [""frigate"", ""ship"", ""submarine""]}",True,"GE LM2500, GE LM500 가스터빈 엔진",1981-,high,"해당 기사는 한국 해군의 호위함 및 고속정에 적용된 GE LM2500, GE LM500 가스터빈 엔진에 대한 내용을 상세히 다루고 있으며, 이들 엔진이 실제 운용되고 있음을 명시하고 있어 상용화/전력화가 이루어졌음을 알 수 있다."
"차기 호위함,KDDX의 추진기관 - RR사의 MT 30(2)",2021-08,http://www.defensetoday.kr/news/articleView.html?idxno=2957,"전투함정 추진체계 전기화 이유
대영 해군 통합전기 추진체계 도입 여정
세계 해군들의 전기화(Electrification) 여정
전투함정 추진체계 전기화 이유
 다수의 매체, 논문, 기고문에서도 많은 언급이 되었지만 간단하게 왜 세계 해군들에서 전기화(electrification)가 도입하게 되었는지 살펴보고자 한다. 함정의 추진체계 전기화는 시대에 따른 기술 발전 혁신과도 무관하지 않다고 할 수 있다. 근본적으로는 높은 에너지 효율성과 장비 운용의 안정성을 기술력으로 추구해 온 결과일 것이다. 특히 해군의 전투함정 추진체계에 전기화를 도입한 이유로 21세기의 새로운 해군의 요구사항과 그에 따른 제약 사항이 대두 되면서이다. 
•첫째, 21세기 함정은 과거의 단독 임무를 벗어난 다목적 임무가 부여 되어 작전을 수행해야 하는 요구사항이 있다. 다양한 작전 임무를 수행해기 위해 관련된 무기체계 및 장비를 추가 설치하게 되어 더 많은 공간을 요구하게 되고 이를 수용하기 위해서는 비무기체인 엔진에서 고밀도 출력과 높은 효율을 가지고 수량을 줄임으로 공간 확보를 가능하게 했다. 다시 말해 수직발사 대공미사일, 대잠헬기, 무인수상정 등이 설치될 공간이 필요했고 하이브리드 방식의 복합식 전기추진 체계를 도입하여 엔진 수량을 감소함으로 전반적 수선간장내 엔진룸 길이를 줄이고 생존성을 높이면서 추가 공간을 확보가 가능하게 되었다.
• 둘째, 냉전 시대 이후 많은 국가에서 함정 운용을 위한 제한된 예산에 대한 도전을 받게 되었다. 즉, 유가 상승과 더불어 연료비 절감 요구와 인구 감소에 따른 승조원 감소로 경제적이고 효율적인 추진체계를 추구하게 되었다.  이러한 요구는 전력을 생산하는 발전기 엔진을 추진용으로 전기를 일부 사용하게 되는 하이브리드 방식을 도입함으로 유류 연료비를 급격하게 줄일 수 있었고 엔진수 등 과 같은 장비 감소로 장비 운용 및 정비를 위한 인원을 줄일 수 있게 되었다.
• 셋째는 레일건, 레이저포 등 미래 신무기 체계 및 고출력 능동형 다중 대공레이다 등이 향후 급격히 발전되어 도입될 경우를 대비하기 위함이다. 이러한 신무기, 전투체계는 기존의 시스템과 현저히 다른 펄스 로드(Pulse Load) 및 높은 전기 출력을 요구하고 있어 함정의 추진력과 무기체계/전투체계의 동력을 동시에 공급할 수 있는 전기추진 시스템이 요구되고 있다. 동시에 누구도 이 미래 체계가 언제 가용할 지 장담할 수 없는 이 시점에서 향후 5, 10년 뒤에도 언제든 적용될 수 있는 바 신조 함정대신 기존 함정에 개조, 개장을 할 수 있는 여유를 갖추기 위해서는 전기적 추진시스템을 구성해야 한다.
전투함정 추진체계 전기화 이유
  대영 해군 통합전기 추진체계 도입 여정
 우리 대한민국 해군은 이미 오래전 부터 선진 해군들과 어깨를 나란히 하는 추진체계 시스템  전기화(Electrification)의 아시아의 선두 주자로서 하이브리드 추진시스템과 일부 정보선에 통합식 전기추진 시스템을 적용해 오고 있다. 하지만 지금 뜨겁게 논의가 되고 있는 한국형 차세대 이지스함인 구축함급 전투함에 통합식 전기추진체계를 도입하기 위해서는 전 세계 해군에서 전투함에 가장 처음으로 전기를 이용한 복합식(하이브리드) 추진체계와 통합전기 추진체계를 적용해온 영국해군의 추진체계 발전 여정을 이해할 필요가 있다.
대영 해군 통합전기 추진체계 도입 여정
1970년,  80년대의 영국의 대표 호위함인 Type 21, 22 그리고 구축함 Type 42를 살펴보면 모두 CODOG(COmbined Diesel engine Or Gas turbine), COGAG(COmbined Diesel engine And Gas turbine) 방식의 기계식 추진체계를 사용해왔다. 이 당시의 미해군 모든 전투 함정도 동일한 기계식 추진체계 방식을 도입하여 사용하고 있었다. 
이후 1990년대에 들어와서 최초로 Type 23호위함급 전투함에 복합식(하이브리드)을 적용하여 실전 배치 사용하기 시작하였다. 15노트 속력까지는 직류형 추진모터를 사용하고 15노트 속력 이상에서는 가스터빈을 사용한  CODLAG(COmbined Diesel eLectric And Gas turbine) 복합식 하이브리드 추진방식 이었다. 이를 통해 수중 방사소음이 현격히 감소되는 것을 알게 되어 대잠능력을 크게 향상 시킬 수 있었다.
그 이후 충분한 공간적 여유가 있는 알비온급 & 웨이브급 군수지원함에 통합전기 추진체계를 처음 적용하면서 점차 그 범위를 확대해 나가기 시작하였다. 이때의 통합전기 추진방식은, 처음 도입에 대한 해군내 기술숙련도 및 경험을 쌓기 위해 전투함 보다는 상대적 넓은 공간과 배수량의 여유를 가진 군수지원함에 최초 도입되었고 상대적으로 부피와 중량이 대형인 중속 디젤엔진 발전기와 군 특수성능이 배제된 추진모터등의 상용 장비를 도입, 사용하며 자체 기술력을 키우기 시작했다.
 드디어 2000년도에는 Type 45 신형 구축함에 세계 최초로 통합전기 추진체계가 채택, 도입하였는데 도입초기에는 고압전기설비 및 관련 장비들의 장비 완성도와 체계 통합 기술 성숙도가 전투함 도입에 상대적으로 낮은 것에 하이브리드 방식과 통합전기 추진 방식에 대한 상당한 논란이 있었다. 하지만 결국 영국해군에서는 세계 최초라는 상징성과 연료비 절감이라는 우선 명제를 내세워 아직 전투함에 적용하기 성숙되지 못한 기술력에도 해군에서 리스크를 감수하고 강행 도입하게 된다. (※ 여기의 연료비 절감 의미는 WR21 가스터빈의 폐열회수 재사용 장치를 사용한 20% 이상 연료 절감을 말함)  그 이후 지난 10년간 운용을 하며 수많은 문제점과 교훈의 축적을 통하여 설치된 통합전기 추진체계는 작전 운용하기에 전력 시스템의 탄력성 및 이중화에 문제가 대두 되어 치명적 개선 요구사항으로 나타나게 되었다.  특히, 전투함정 운행 중 가스터빈 발전기의 단독 운전이라는 운용 개념에 대한 리스크를 안고 시작하게 되었고 이는 향후 퀸엘리자베스급 항공모함에 고압전력 체계에 이러한 교훈을 개선한 통합전기 추진체계를 가능케 했다. 자체 Type 45 함정에 대해서는 작전 운용의 문제점을 개선 및 연료 소비율을 개선하기 위해  중속엔진 디젤발전기에서 고출력의 롤스로이스MTU 발전기로 교체 하는 등 함정 개조, 개장 프로그램을 2019년 부터 시작하게 되었다.  
 이를 기점으로 미해군에서도 전기화(Electrification)에 대한 적용이 시작되어 영국 해군과 함정내 전기화에 대한 워킹그룹을 만들고 상호 기술과 교훈들을 정보 교환하며 LHD-8에 처음으로 복합식(하이브리드) 전기추진체계를 도입하게 되었다. 통합전기 추진체계는 2013년 DDG-1000 줌왈트급 크루즈 구축함에 미해군에 최초로 적용하였고 이후 Type 45와 DDG-1000에서 식별된 시스템 탄력성, 이중화, 효율성에 대한 문제점들을 대거 개선 반영하고 새로운 구매방식이 적용하여 2017년에 퀸엘리자베스 항공모함에까지 이르게 된다.
통합전기 추진체계는 전반적으로 엔진수량을 감소할 수 있었고 함정 상부구조물을 RCS 관점에서 피탐성이 우수한 설계를 가능하게 했으며 자연스럽게 승조원의 수도 절감할 수 있다는 장점을 확인할 수 있었으나 앞서 언급한 Type 45와 DDG-1000에서 발견된 전력 시스템의 탄력성 등 문제점에 대해서는 통합전기 추진체계 적용시 반드시 검토된 후 적용 여부를 결정해야 하는 요소가 되었다.
세계 해군들의 전기화(Electrification) 여정
  앞서 최초 전투함에 전기화를 진행해온 영국해군의 통합전기 추진체계의 여정을 살펴 보았다면  최초 통합전기 추진체계 이후 동시대 다른 세계의 해군들은 어떻게 전기화(Electrification)를 진행해 왔는지에 대한 여정을 살펴 볼 필요가 있다.
세계 해군들의 전기화(Electrification) 여정
상기 도식을 보면 2000년대의 Type 45에 통합 전기추진체계가 도입된 후 한 눈으로 보기에도 두개의 축으로 전기화(Electrification)가 진행된 것으로 보인다. 상기 도식에 표현된 것 처럼 한 축으로는 만재톤수 약 15,000톤급  미 해군의DDG-1000과 대영 해군의 약 65,000톤급 퀀엘리자베스 항공모함으로 지속적 통합전기 추진체계가 적용 되고 있는 것을 볼 수 있다,
하지만 다른 한 축으로  앞서 초반에 설명한 바와 같이 만재로 약 6,000톤 ~ 8,000톤급의 전투함정들에는 전기화의 일원인 복합식 즉 하이브리드 추진체계로 가고 있는 추세를 볼 수 있다. 2000년 이후 이 두가지 트렌드를 보면서 무엇을 생각 할 수 있을까?  확실한 것은 여전히 세계의 해군들은 함정에 전기화( Electrification)에 대한 열망과 적용이 지속되고 있다는 것이다. 복합식이든 통합식이든 전기화의 추세는 지속되고 있다는 것과 일맥 상통한 얘기이다.  아마도 21세기 해군들의 주어진 제약사항과 요구사항의 트렌드가 상호 대등하고 그것을 받쳐주는 기술력 또한 비슷한 트렌드를 가지고 있기 때문일 것이다.
2000년 이후 복합식 전기추진 트렌드를 보면은 첫번째로 2013년 영국해군의 Type 26 글로벌 전투함이라 불리는 신형 호위함으로 만재로 약8,000톤에 가까운 배수량을 가진 함정에 도입되었다. Type 45이후 나온 신형 함정에 그것도 비슷한 배수량을 가진 다목적 전투함에 앞서 Tyype45에 적용한 통합전기 추진체계를 따르지 않고 복합식 하이브리드 추진체계를 도입한 것이 주는 교훈은 다른 세계 세계 함정들에 크게 작용하게 되었다.
그 이후에 2018년에 캐나다 해군과 호주 해군에서 Type 26 플랫폼을 도입함으로 동일한 단독 가스터빈 복합식 추진체계를(Single GT-CODLOG/CODLAG) 가지고 가게 되었고, 특히  모두들 만재 배수량이 약 7,000 ~ 8,000톤급으로 Type 45와 비슷한 배수량을 가지고 있지만 단독 가스터빈 복합식 추진체계를 채택해 왔다. 
더군다나 최근에는 지난 2020년 5월에 미 해군의 미래형 신형 호위함인 FFG(X) 프로그램에 이태리 FREMM급 선형을 채택하는 것으로 결정이 되어 언론에 공개 되었다. 
이 역시 배수량에 7,000톤에서 8,000톤 사이가 될 것으로 보고 있으며 단독 가스터빈 복합식(Single GT-CODLAG)으로 함정 추진체계를 선정한 것이었다.  이뿐만 아니라 독자들이 잘 알고 있듯이 3,000톤급의 한국 해군의 대구급 한국형 신형 호위함에서도 Type 26과 동일한 방식의 복합식 하이브리드 추진체계(Single GT-CODLOG)를 도입하였고,  이태리/프랑스의 FREMM급 호위함 (Sigle GT-CODLAG), 이태리의 PPA 호위함 그리고 독일의 F-125급 구축함 모두 복합식 즉 하이브리드 추진체계로 추진 및 전력 시스템을 도입하였다. 감히 2000년 이후 생산, 전력화된 중형 사이즈의 전투함에는 대부분 복합식(하이브리드) 추진체계로 전기화(Electrification)의 트렌드를 진행해 왔다고 말할 수 있겠다. 
조금 특이한 사항은 이태리 해군의 FREMM급 호위함과 미해군의 FFG-62 신형 호위함에는 모두 고압전기(6.6kV) 전력시스템을 도입하였다는 것이다. 이는 최근의 함정들의 전투체계 및 타 장비들의 전력 소비량이 상당히 늘어났고 이를 수용하기 위해서는 모든 발전기를 병렬로 운전해야 만 하지만 저압전기(440V or 690V) 전력 시스템으로는 단락전류의 위험으로 작전에 치명적 문제가 야기될 수 있기 때문에 고압전기 전력시스템을 도입하게 된 계기가 되고 있다는 점은 향후 한국형 구축함 사업시 충분히 고려되어야 할 사항이라고 할 수 있겠다.
 여기서 전기화의 트렌드가 두 갈래로 나뉘는데 조심스럽게 갈라지는 기점이 되는 것이 함정의 만재 배수톤수가 약 10,000톤급 정도의 기준으로 나뉘고 있는 것이라고 말하고 싶다.  분명한 것은 Type 45이후에 세계 해군들이 계획된 신형 함정 전투함 사업에 무조건적으로 스마트 또는 미래 등의 상징으로 사용될 수 있는 통합전기 추진체계가 아닌 함정 사업의 최적화된 선택을 하고 있다는 것을 볼 수 있다.  요구되는 ‘작전 성능과 주어진 예산, 플랫폼의 한계, 관련 장비와 기술력의 성숙도 안에서 무엇으로 최적의 선택을 통해 최고의 전투함을 건조할 수 있는 가?’ 에 대해 집중하여 검토후 결정해 왔다는 것을 느낄 수 있다.
 그렇다면 왜 중형급 약 6,000톤에서 10,000톤급 사이의 전투함들이 Type45이후 복합식 추진체계로 가져가는 추세가 무엇 때문일까?  이 문제는 좀 더 기술적으로 상당한 이유가 있어 심도있는 검토 후 설명되어야 하는 또 다른 부분이다. 본 저자는 그 이유에 대해 개념적 고찰을 다음 장에 설명하고 자 한다.  현 한국형 차세대 구축함에 대한 정확한 검토는 다양한 기술진을 보유하고 있는 세계 최고의 한국 특수선 조선소에서 심도있는 검토가 되어야 한다는 점을 밝혀둔다.
[디펜스투데이]
Tag
#전투함정 추진체계 전기화
#세계 해군들의 전기화(Electrification)
#롤스로이스
#복합식추진체계
#디펜스투데이
저작권자 © 디펜스투데이 무단전재 및 재배포 금지
이치헌 기자
다른기사 보기","{""무인/자율시스템"": [""무인수상정""], ""함정/항공기"": [""DDG"", ""LHD""]}",True,"하이브리드 추진시스템, 통합식 전기추진 시스템",2021-08,relevant,"문서에서 대한민국 해군이 이미 오래전부터 선진 해군들과 어깨를 나란히 하는 추진체계 시스템 전기화의 선두주자로서 하이브리드 추진시스템과 일부 정보선에 통합식 전기추진 시스템을 적용해 오고 있다고 언급하고 있어, 상용화/전력화와 관련된 내용이 포함되어 있음."
"대한항공, 인천공항공사·항우연과 UAM 협력",2021-08,http://www.defensetoday.kr/news/articleView.html?idxno=2961,"대한항공이 안전하고 효율적인 도심항공교통(UAM·Urban Air Mobility) 교통관리체계 마련을 위해 항공분야를 대표하는 인천국제공항공사, 한국항공우주연구원과 손을 맞잡는다.
대한항공은 8월 5일 오후 서울 강서구 본사에서 우기홍 대한항공 사장, 김경욱 인천국제공항공사 사장, 이상률 한국항공우주연구원장 등이 참석한 가운데 UAM 연구개발 협력 협약을 체결했다. 
서울시 강서구 대한항공 본사에서 대한항공, 인천국제공항공사, 한국항공우주연구원 간 'UAM 상용화를 위한 연구개발 협력 협약(MOU)'을 체결했다. 왼쪽부터 이상률 한국항공우주연구원 원장, 우기홍 대한항공 사장, 김경욱 인천국제공항공사 사장이 기념촬영을 하고있다. (사진:대한항공)
이번 협약에 따라 3개 기관은 UAM 운항통제 및 교통관리 시스템 구축을 위해 ▲UAM 산업 육성을 위한 공동 연구개발 협력 ▲상호교류를 통한 산업 구체화 등의 과제를 추진할 예정이다. 
대한항공은 이번 협약을 토대로 각 기관이 보유한 기술적인 역량을 최대한 발휘하여 효과를 극대화한다는 계획이다. 
대한항공은 자사의 여객 및 화물 운송과 유·무인항공기 개발 분야에 차별화된 경험과 기술력을 바탕으로 인천국제공항공사의 항행안전시설과 공항 건설 및 운영 분야에 대한 기술력, 한국항공우주연구원의 미래항공교통관리의 연구역량 등을 토대로 시너지를 창출해 국내 UAM 산업을 발전시켜나갈 예정이다. 
UAM은 도심의 하늘길을 활용하여 교통체증과 환경문제를 해결하는 차세대 모빌리티 수단으로 주목받고 있다. 전 세계 UAM의 시장규모는 오는 2040년 1조5000억 달러 수준에 달할 것으로 전망된다. 이에 따라 정부는 오는 2025년 국내 UAM 상용화를 위한 선제적인 노력으로 지난해 6월 UAM 팀코리아를 결성해 민관협력을 주도하며 한국형 도심항공교통의 조기 안정화를 체계적으로 추진하고 있다.  
대한항공은 국내 UAM 생태계 조성을 위해 정부기관, 연구소 등과의 기술적인 협력을 확대해나가는 동시에 도심 하늘길 개척을 위한 인프라 구축과 운항통제 체계 확립에 적극 나설 예정이다. 
[디펜스투데이]
Tag
#대한항공
#인천공항공사
#항우연
#UAM
#도심항공교통
#교통관리체계
#KAL
#디펜스투데이
저작권자 © 디펜스투데이 무단전재 및 재배포 금지
이치헌 기자
다른기사 보기","{""무인체계"": [""무인항공기""], ""AI/컴퓨팅"": [""AI""], ""센서/통신"": [""IR""], ""재료/제조"": [""AM""]}",True,도심항공교통(UAM),2025-01,relevant,"이 기사는 대한항공, 인천공항공사, 한국항공우주연구원 간 도심항공교통(UAM) 상용화를 위한 협력 체계 구축을 다루고 있습니다. 정부가 2025년 국내 UAM 상용화를 목표로 추진 중이라고 언급되어 있어 관련성이 높습니다."
"첨단기술 적용 드론, 신개념 무기체계로 도입",2021-08,http://www.defensetoday.kr/news/articleView.html?idxno=2951,"유탄발사드론,소형모듈화드론구매 계약 체결
방위사업청(청장 강은호)은 신속시범획득 사업제도를 통해 민간 신기술이 적용된 유탄발사드론,소형모듈화드론의 구매계약을 체결하여 ’22년 전반기내에 시범운용에 착수할 계획이라고 밝혔다.
드론 산업은 항공·정보통신·SW·센서 등 첨단기술 융합 산업으로 세계 드론 시장 규모는 약 23조 원(’20년 기준)으로 연평균 약 15% 성장 중이다.
   미국·중국·유럽 등 세계 주요국은 세계시장 선점을 위해 다양한 실용화 사업을 진행 중에 있고, 우리나라도 상용 드론 산업화 정책으로 드론산업발전기본계획(’17∼’26, 국토부), 무인이동체 원천기술개발 사업(’20∼’29, 과기부)를 추진하여 역량을 집중하고 있다. 
      유탄발사드론 형상 (사진: 방위사업청)
  국방분야에서도 신속시범획득사업을 통해 민간의 상용 드론을 군의 수요에 맞게 공격·정찰·통신중계용으로 도입하여 운용하고 있으며, 종료된 일부 제품은 군의 만족도가 높아 소요창출이 이뤄지고 있다. 
이번에 계약 체결된 유탄발사드론, 소형모듈화드론은 다량의 유탄(40mm)발사 기술과 모듈 소형화 기술을 활용한 기존에 없는 방식의 신개념 무기로 군 드론 전력의 스펙트럼 확대와 드론 산업 활성화에 크게 기여할 것으로 기대된다.
유탄발사드론은 40mm급 유탄 6발을 장착하여 근거리 표적(2km 이내)에 대해 원격조종 사격이 가능한 공격용 드론으로, 2축 짐벌과 반동 흡수장치를 통해 드론의 움직임과 유탄 발사 시 충격을 상쇄 가능하여, 일정 자세 유지를 통한 안정적인 사격이 가능하다.
소형모듈화드론(비행시) (사진: 방위사업청)
   특히, 광학·열영상 카메라와 레이저 거리측정기를 통해 운용자가 목표물을 직접 지향 및 조준이 가능하며, 2초당 1발씩 6발 연속 사격 및 반경 5m 범위(1발 기준)에 효과를 줄 수 있어, 공격무기로서 군 활용성이 높을 것으로 기대된다.
소형 모듈화 드론은 소형 모듈을 적용하여 전체 중량이 1.95kg 이하로 개인 휴대가 용이하며, 다양한 모듈 장비를 탑재하여 감시·정찰 등 임무를 수행할 수 있는 드론으로, 비행체에 광학·열영상 카메라와 스피커·서치라이트·레이저 거리측정기 등 모듈화 장비를 장·탈착할 수 있어 경고·교란 방송, 표적 지시 등 대테러·특수작전의 다양한 임무에 활용이 가능하다.
  
  특히, 국내 자체 개발 비행 컨트롤러와 소형화된 일체형 통신 모듈(데이터 링크와 보안모듈)이 적용되어, 국방 드론의 국산화와 활용성 확장에 기여할 것으로 기대된다.
방위사업청 무인사업부장(고위공무원 원호준)은 “이번 시범사업을 통해 국내 드론 산업 활성화와 군 전력 상승에 기여할 것으로 기대한다.”며  “신속시범획득 사업제도가 민간 신기술의 테스트 베드로서 빠르게 실증하여 제품화할 수 있는 디딤돌이 되기를 희망한다.”라고 말했다.
‘21년도 신속시범획득 사업은 상시 공모 진행 중이며, 방위사업청 누리집을 통해 공모내용 확인 및 사업신청이 가능하다.
[디펜스투데이]
Tag
#유탄발사드론
#소형모듈화드론
#감시정찰드론
#40mm유탄
#신속시범획득사업
#디펜스투데이
저작권자 © 디펜스투데이 무단전재 및 재배포 금지
이승준 기자
다른기사 보기",{},True,"['유탄발사드론', '소형모듈화드론']",2022-Q1,high,이 기사는 유탄발사드론과 소형모듈화드론을 신속시범획득 사업을 통해 2022년 전반기내에 시범운용에 착수할 계획이라고 다루고 있습니다. 구체적인 기술명과 배치 시점이 제시되어 있어 군사 기술의 상용화/전력화/배치를 다루고 있습니다.
"현대일렉트릭, 현대자동차와 발전용 수소 연료전지 사업 협약",2021-07,http://www.defensetoday.kr/news/articleView.html?idxno=2940,"이동형 발전기, 항만용 AMP 등 신규시장 개척, 신사업 모델 개발도
현대중공업그룹의 전력기기 및 에너지솔루션 계열사인 현대일렉트릭이 수소 연료전지를 활용, 친환경 발전시장 진출에 속도를 낸다.
현대일렉트릭은 7월 29일(목) 현대자동차와 친환경 발전용 수소 연료전지 패키지 및 사업개발 관련 업무협약(MOU)을 체결했다. 이날 협약식은 현대일렉트릭 조석 대표이사와 현대자동차 김세훈 연료전지사업부 부사장 등이 참석한 가운데 화상으로 이뤄졌다.
현대일렉트릭은 29일(목) 현대자동차와 화상회의를 통해 ‘친환경 발전용 수소 연료전지 패키지 및 사업 개발’을 위한 업무협약을 체결했다. (사진 왼쪽부터 현대일렉트릭 조석 대표이사, 현대자동차 김세훈 연료전지사업부 부사장) (사진:현대일렉트릭)
이번 협약은 현대자동차의 차량용 연료전지(PEMFC)를 기반으로 발전용 수소 연료전지 패키지를 개발하고, 이를 이동형 발전기나 항만용 육상전원공급장치(AMP)에 활용해 상용화 하는 것을 목표로 한다.
이를 위해 현대일렉트릭은 그간 축적해온 에너지솔루션 엔지니어링 역량과 노하우를 바탕으로 수소 연료전지 패키지와 이를 활용한 신사업 모델 개발하고, 현대자동차는 연료전지 시스템 공급과 기술 지원을 담당한다.
특히 현대일렉트릭은 연료전지 발전이 차세대 전력망으로 주목받고 있는 마이크로그리드(Microgrid) 사업의 핵심구성요소가 될 것으로 판단, 지속적인 사업모델 개발을 추진해 친환경 발전 시장에서 경쟁력을 키워가겠다는 계획이다.
세계적인 투자은행 골드만삭스가 지난해 발표한 리포트에 따르면, 세계 수소 시장이 2050년까지 12조불 규모로 확대될 것으로 전망했다. 국내 역시 정부가 ‘탄소중립 2050’을 달성하기 위한 ‘수소법 제정’, ‘수소발전의무화제도(Hydrogen Energy Portfolio Standard)’ 등의 정책 도입을 추진하고 있어, 국내외 수소 에너지 시장 확대가 기대되는 상황이다.
현대일렉트릭 조석 대표이사는 “이번 협약은 글로벌 모빌리티 수소 연료전지 시장을 선도하고 있는 현대자동차와 협력해 친환경 수소 발전 시장을 개척하는 첫 걸음”이라며, “현대일렉트릭은 축적된 기술력과 노하우를 바탕으로 다양한 신사업 모델을 개발, 전력시장에서 녹색바람을 일으켜 ESG경영의 한 축으로 삼을 것”이라고 말했다.
김세훈 현대자동차 연료전지사업부 부사장은 “최근 전세계적으로 화두가 되고 있는 탄소 저감에 기여하기 위해 양사가 친환경 발전분야 내 협업을 공고히 해나갈 수 있기를 바란다”며, “현대자동차는 글로벌 최고 수준의 수소 연료전지 기술을 바탕으로 다양한 산업 분야에 진출해 수소 경제를 조기에 구현할 수 있도록 일조할 것이다”고 밝혔다.
한편, 현대일렉트릭은 지난 5월 ‘ESG경영’을 선포한 이래 친환경 전력기기 브랜드인 '그린트릭(GREENTRIC)'을 론칭하고, 친환경 제품군 개발을 확대하는 등 ESG경영 강화에 박차를 가하고 있다.
[디펜스투데이]
Tag
#현대일렉트릭
#현대자동차
#수소연료전지
#업무협약
#디펜스투데이
저작권자 © 디펜스투데이 무단전재 및 재배포 금지
이치헌 기자
다른기사 보기","{""AI/컴퓨팅"": [""AR""], ""재료/제조"": [""AM""], ""의료/생체"": [""MFC""]}",True,수소 연료전지,2021-07,relevant,"현대일렉트릭과 현대자동차가 수소 연료전지 패키지 및 사업 개발을 위한 협약을 체결했으며, 이를 이동형 발전기나 항만용 육상전원공급장치(AMP)에 활용하여 상용화하는 것이 목표로 언급되었음."
"한화시스템, 차세대 보험코어 솔루션 브랜드 'W1NE' 론칭",2021-07,http://www.defensetoday.kr/news/articleView.html?idxno=2931,"‘상상하는 모든 보험상품’ 탑재가능한 차세대 솔루션 선보여
한화시스템(대표이사 김연철) ICT 부문이 차세대 보험코어 솔루션 브랜드 'W1NE(와인)'을 시장에 선보인다. 보험코어 솔루션 W1NE은 상품개발·보험계약·입출금·보험회계 등 모든 보험업무 서비스를 '올인원'으로 제공한다. W1NE 은 'World No.1 Next gEneration 을 축약한 것으로, 글로벌 제 1의 차세대 보험코어 솔루션이라는 의미로 지어졌다.
한화시스템이 독자 개발한 보험코어 솔루션 W1NE은 상품개발, 상품계약 모델링, 계약·입출금 관리 등 크게 3가지 영역으로 나뉜다. 각 기능들을 부품처럼 모듈화하여 고객이 원하는 차세대 보험시스템의 어떤 형태든 신속하고 유연하게 만들어 낼 수 있다.
생명보험·손해보험 등 각 보험사 특성에 맞게 상품계약 모델링이 가능하고, 온라인 미니보험 등 트렌드 상품까지도 발 빠르게 출시할 수 있다. 한화시스템은 기능별 모듈화를 통해 평균 3~6개월이 소요되는 보험 신상품 개발기간을 최대 일주일로 단축시킬 수 있다.
한화시스템
가장 큰 강점은 MSA(Micro Service Architecture) 기반으로 표준화 된 업무 서비스들을 소단위로 모듈화함으로써 고객과 시장 요구에 유연하게 작용하고, '표준 API(애플리케이션 프로그래밍 인터페이스)' 형태로 다양한 채널과 제휴 및 서비스 연계에 최적화 됐다는 점이다. 또한 보험업무를 처리하는 비즈니스 조직과 IT개발·운영 조직간의 원활한 협업을 위한 애자일(Agile) 및 개발·운영이 동시에 이뤄지는 데브옵스(DevOps) 체계 적용이 가능하다. 클라우드 아키텍처 기반으로 디지털 신기술의 신속한 도입과 비즈니스 확장, 비용 효율성이 높은 IT 인프라 환경구성도 실현한다.
현재 보험사들의 최대 관심사인 DT(Digital Transformation·디지털 전환) 추진과 여러 금융기관에 흩어져있는 보험·자산·신용정보를 연계하고 제공할 수 있는 마이데이터(본인신용정보관리업) 사업 준비를 위한 최적화된 시스템이라 할 수 있다. 신속성·운용성·상호연동성·확장성 등 보험코어 솔루션 W1NE의 여러 이점을 통해 궁극적으로 보험사의 운영비용 절감과 수익 창출 기회를 높일 수 있다.
보험코어 솔루션 W1NE은 다국어와 복수통화 설정 등 글로벌 사업지원과 확장기능이 적용된다. 외화표시 보험 등 신개념 상품 개발 시에도 시스템 변경 없이 정보등록만으로 상품 반영이 가능하다. 한화시스템은 일본·베트남·인도네시아 등 해외시장 진출과 상표권 출원을 동시 추진하고 있다.
한화시스템 김연철 대표이사는“자사가 독자 개발한 '차세대 보험코어 솔루션(W1NE)'을 통해 다양한 보험 상품의 효율적 기획·설계·운영을 극대화 하고자 한다”며, “빠르게 변하는 보험 시장의 기술변화와 마이데이터 시대에 특화된 서비스로 보험사 역량 강화와 디지털 전환에 기여하겠다”고 밝혔다.
한화시스템이 지난해 구축 및 상용화 한 보험개발원의 AI 기반 자동차 수리비 자동견적 시스템 'AOS 알파'는 삼성화재·현대해상·DB손해보험·KB손해보험 등 국내 12개 손해보험사와 6개 공제조합이 도입한 바 있다. 한화시스템은 보험업계에서 독보적 입지를 다지며, 2022년 상반기 완료를 목표로 보험코어 솔루션(W1NE) 기반 한화생명 차세대 보험코어 시스템 구축을 진행 중이다.
[디펜스투데이]
Tag
#한화시스템
#보험코어솔루션
#와인
#디펜스투데이
저작권자 © 디펜스투데이 무단전재 및 재배포 금지
이치헌 기자
다른기사 보기","{""AI/컴퓨팅"": [""AI"", ""AR"", ""ICT"", ""RL""], ""무기/방어체계"": [""DE""]}",True,AI 기반 자동차 수리비 자동견적 시스템 'AOS 알파',2020-01,high,기사에 따르면 한화시스템이 지난해 구축 및 상용화한 'AOS 알파'라는 AI 기반 자동차 수리비 자동견적 시스템이 언급되어 있어 관련성이 높음. 상용화 시점도 명확하게 제시되어 있음.
"대한항공, 대형 민항기 활용한 공중발사체 연구 착수",2021-07,http://www.defensetoday.kr/news/articleView.html?idxno=2899,"보잉747-400 기종 활용한 공중발사체 개발 위한 목적... 지리적 한계 극복하고 기상에 관계없이 발사 가능
대한항공은 최근 서울대학교와 함께 공군 항공우주전투발전단 우주처가 발주한 ‘국내 대형 민간항공기 활용 공중발사 가능성 분석 연구’ 과제연구에 착수했다고 밝혔다.
대한항공은 이번 공동연구를 토대로 현재 운영 중인 보잉747-400 기종 항공기를 활용한 공중발사체 개발을 위해 ▲기술적 수준 ▲주요 적용기술 ▲연간 운영비용 ▲개조방안 등을 분석한다. 더 나아가 상용화 방안까지 모색한다는 계획이다.
대한항공 보잉 747-400 (사진:대한항공)
그 동안 국내에서는 한·미 미사일 지침 때문에 공중에서 발사하는 형태의 발사체 개발이 불가능했다. 하지만 올해 5월부로 한·미 미사일 지침이 종료됨에 따라 공중발사체의 개발과 운용이 가능하게 됐다.
특히 이번 연구가 의미를 갖는 것은 항공기를 활용한 공중발사체 개발이 대한민국의 지리적 한계를 극복할 수 있기 때문이다. 현재 나로우주센터에서 위성을 발사할 경우, 일본과 대만 사이를 통과해야하므로 남쪽으로만 가능하다. 하지만 공중발사체를 이용하면 다양한 궤도로 발사할 수 있게 된다. 또한 약 12km 상공에서 발사한다는 점을 감안하면, 지상발사체와는 달리 기상에 관계없이 언제든 발사가 가능하다는 장점도 있다.
뿐만 아니라 공중발사체의 경우 별도의 발사장 건설 및 유지를 위한 비용도 절감할 수 있다. 또한 자체 발사대가 없는 다른 국가에 발사 서비스를 제공하는 '위성 발사 수출'까지 가능하다.
이러한 점 때문 이미 해외에서는 민간 항공기를 활용한 공중발사체를 운용하고 있다. 미국 버진 오빗(Virgin Orbit)사에서 개발한 공중발사체인 런처원(LauncherOne)이 올해 1월과 6월 잇따라 보잉747-400 기종을 이용해 성공적으로 발사된 바 있다.
대한항공 관계자는 ""현재 뉴 스페이스 시대를 맞아 군·관·산업계에서 앞다투어 소형 위성의 군집 운용 활용계획이 발표되고 있지만, 국내에서 다수의 소형 위성을 발사할 수 있는 환경은 아직 미흡하며, 지상발사는 지리적 한계로 다양한 위성의 수요를 만족하는데 한계가 존재한다.""며 ""해외 발사체를 이용할 경우에도 계약에서 발사까지 평균 2년 이상이 소요되는 상황""이라고 언급했다.
대한항공은 ""전 세계적으로 급증하는 소형위성 발사 수요를 유치하기 위해서는 기상과 지리적 요건에 영향을 받지 않는 공중발사체 개발이 필수적""이라면서 ""대한항공의 오랜 항공기 운영 경험을 비롯해 그 동안 축적된 항공기 체계종합, 나로호 총조립 역량 등 항공우주사업의 전문성을 접목한다면 글로벌 시장에서의 경쟁력을 갖춘 공중발사체 개발이 가능하다""고 언급했다.
[디펜스투데이]
Tag
#대한항공
#대형민항기
#발사체연구
#디펜스투데이
저작권자 © 디펜스투데이 무단전재 및 재배포 금지
이승준 기자
다른기사 보기","{""센서/통신"": [""IR""]}",True,공중발사체,,relevant,"이 기사는 대한항공이 대형 민간항공기를 활용한 공중발사체 개발 연구에 착수했다는 내용을 다루고 있습니다. 이는 군사 기술의 상용화를 다루고 있지만, 아직 연구 단계이므로 실제 상용화 시점은 언급되지 않습니다."
"한화디펜스, ‘선박용 에너지저장장치’ 개발 박차",2021-06,http://www.defensetoday.kr/news/articleView.html?idxno=2791,"잠수함용 리튬이온 배터리 기술 ‘스핀 오프(Spin-Off)’ … “친환경 선박시장 진출 박차”
국내 대표 방산기업 한화디펜스(대표이사 손재일)가 친환경 민수 선박 시장 진출을 위한 중요한 교두보를 마련했다.
한화디펜스는 지난 6월 22일 한국에너지기술평가원(원장 임춘택, 이하 에기평)과 ‘선박용 고안전성 에너지저장장치(ESS)  패키징 기술개발’ 협약을 체결했다. 이 과제는 MWh급 선박에 탑재되는 고안전성 ESS를 100% 국내 개발하는 것으로, 향후 3년간 중대형 선박용(1MWh급)과 소형선박용(200kWh급)에 탑재되는 ESS 개발과 시험평가, 선급인증 및 실선 탑재, 안전성 입증시험 등이 진행된다.
연구개발 주관 기업으로 선정된 한화디펜스는 앞으로 ▲열전이 확산방지 ▲모듈단위 화재진압 ▲해상 환경용 최적설계 ▲경량화/소형화 시스템 엔지니어링 ▲ESS 안전제어 ▲고안전성 시험/승인 절차 구축 등 6대 핵심기술을 집중 개발할 예정이다.
이를 위해 한국해양과학기술원 부설 선박해양플랜트연구소와 한국전기연구원, 중소조선연구원 등 국내 연구기관은 물론, 상선분야 최고 기술력을 보유한 대우조선해양을 비롯해 ㈜KTE, 일렉트린, 해민중공업 등 국내 유수의 조선 관련 업체들과 대규모 컨소시엄을 구축하고 ‘한국형 친환경 선박용 ESS’ 개발에 박차를 가할 계획이다.
한화디펜스는 앞서 해군 차세대 중형 잠수함용 리튬이온전지 체계개발을 성공적으로 수행하며 해상용 대용량 에너지저장장치 관련 기술력과 노하우를 축적해 왔으며, 지난 2019년부터 국가 관공선 등에 들어가는 선박용 ESS를 자체 개발해 왔다.
선박용 고안전성 에너지저장장치 기술개발 사업 조정회의 (사진: 한화디펜스)
한화디펜스가 개발한 잠수함용 배터리팩은 특히 세계 최고 수준의 안전성과 신뢰성을 자랑한다. 혹시 모를 해상 배터리 화재 사고를 방지하기 위한 최첨단 안전성 설계가 이뤄졌으며, 가혹한 시험 환경에서 ▲과충전/방전 ▲외부단락 ▲열노출 ▲압력 ▲연소 ▲염수침수 등 에 대한 성능입증시험을 세계 최초로 수행, 전 항목을 만족시켰다.
여기에 금번 에기평 국책 과제 수행을 통해 해상용 에너지저장장치의 화재 안전성 기술 등을 한층 업그레이드하고 제품의 표준화를 선도하여 국내외 친환경 선박 시장 본격 진출을 위한 발판을 마련한다는 방침이다.
손재일 한화디펜스 대표이사는 “한화디펜스가 보유한 최고 수준의 ESS 패키징 기술을 필두로 국내 2차 전지 셀 메이커와 핵심기술을 보유한 강소 기업들과 연합해 세계에서 가장 안전하고 경쟁력 있는 선박용 ESS 제품의 표준화 개발에 매진할 것”이라며 “이를 통해 국내 친환경 선박 기술의 발전 및 보급 활성화 등 국가 경쟁력 제고에 기여할 수 있을 것으로 기대한다”고 밝혔다.
한화디펜스 선박용 에너지저장장치 (사진: 디펜스투데이)
실제로 국내외 친환경 선박 시장은 급성장하는 추세에 있다. 국제해사기구(IMO) 의 온실가스 규제 강화와 유럽연합의 배출권거래제(EU-ETS)  시행 예고에 따라 전 세계 조선·해운 시장은 기존 유류 선박에서 친환경/고효율 선박 체계로 빠르게 전환하고 있기 때문이다.
우리 정부도 이에 맞춰 선박배출 온실가스 70% 저감기술 확보를 위한 ‘그린십(Green Ship)-K’ 정책을 추진하고 있으며, 오는 2030년까지 관공선 388척, 민간선박 140척 등 총 528척을 친환경 선박으로 바꾼다는 계획이다.
한편, 한화그룹은 ‘함께 멀리’라는 사회공헌 철학을 바탕으로 최근 ESG(환경, 사회, 지배구조) 위원회를 신설하는 등 글로벌 신재생에너지 분야의 리더로서 기후변화에 적극 대응하고 탄소제로시대를 선도하기 위한 환경 경영에 박차를 가하고 있다.
[디펜스투데이]
Tag
#한화디펜스
#선박용
#친환경
#에너지저장장치
#디펜스투데이
저작권자 © 디펜스투데이 무단전재 및 재배포 금지
이승준 기자
다른기사 보기","{""기타/기술"": [""IP""], ""해군장비"": [""ship""]}",True,선박용 고안전성 에너지저장장치(ESS),2024-06,high,"이 기사는 한화디펜스가 선박용 고안전성 에너지저장장치(ESS) 개발을 추진하고 있으며, 향후 3년 내에 중대형 선박용(1MWh급)과 소형선박용(200kWh급) ESS 개발 및 실선 탑재 등을 진행할 계획이라고 밝혔습니다. 기술명과 상용화 시점이 명확하게 제시되어 있어 품질이 높습니다."
"방위사업청, 레이더 연동 안티드론 통합솔루션",2021-06,http://www.defensetoday.kr/news/articleView.html?idxno=2776,"산학연 협력으로 개발된 기술이 드론 위협으로부터 군 중요시설을 보호
방위사업청(청장 강은호)은 신속시범획득 사업제도를 통해 2020년 11월 계약된  레이더(RADAR) 연동 안티드론 통합솔루션 이 제조검사 과정을 마치고 육.해.공군에 납품되어 2021년 6월 22일부터 6개월 간 본격적으로 군 시범운용을 진행했다.
 레이더(RADAR) 연동 안티드론 통합솔루션 은 초소형 드론을 탐지, 식별, 전파교란 단계를 거쳐 작동 불능 상태로 만들어 미상의 드론이 군 중요시설에 접근하는 것을 차단한다.
왼쪽부터 전파방해장치(Jammer), IR 카메라, 레이더 (사진: 방위사업청)
최근 드론은 전 세계적으로 정찰, 공격 등 군사적 목적으로 활용할 수 있는 형태로 발전하고 있다.
   2019년 사우디 정유시설이 드론의 공격을 받은 것처럼 상용 드론을 군사용으로 개조하여 무기로 활용하는 사례가 빈발하고 있으며, 최근 미군이 주둔하는 이라크 기지에 무인기 공격이 잇따르는 등 드론의 군사적 위협이 증가하고 있다.
   방위사업청은 이러한 상황을 속도감 있게 대비하기 위해 신속시범획득 사업제도를 통하여 드론 대응 체계를 군에 신속히 도입하였다.
납품된  레이더(RADAR) 연동 안티드론 통합솔루션 은 순수 국내 기술로 개발한 드론 대응체계이다. 군에 납품하기 전 실시하는 검사에서 레이더는 레이더 반사면적(Radar Cross Section, RCS)이 0.01㎡ 크기의 초소형 드론을 8km 밖에서 탐지하였고, 이는 세계 최고 수준의 기술이다.
운용개념도 (사진: 방위사업청)
 드론 탐지 레이더 기술은 국외에서 먼저 개발되어 상용화되었고, 선진국에서는 레이더가 초소형 드론을 7km에서 탐지하는 기술을 보유한 것으로 알려지고 있다.
 그러나, 8km 밖의 초소형 드론을 탐지할 수 있는 레이더 기술을 국내 연구진이 개발하면서 한국이 초소형 드론 탐지 레이더 분야에서 시장을 주도할 것으로 기대된다. 
특히, 시범사업은 산학연 협력을 통해 창출된 민간의 우수한 기술이 국방분야에 적용된 사례이다.
 초소형 드론을 탐지하는 핵심 장비인 능동위상배열(Active Electronically Scanned Array, AESA) 레이더는 대구경북과학기술원(DGIST) 소속의 창업기업이 개발한 장비이다.
체계구성도 (사진: 방위사업청)
   신생 창업기업이지만 초소형 드론 탐지 레이더 분야에서 세계적 수준의 기술을 보유하고 있고, 이를 체계업체가 전파방해 시스템과 통합,연동하여 새로운 드론 대응 체계를 구성한 것이다.
방위사업청 미래전력사업지원부는 “드론이라는 새로운 위협 대비를 통해 군 주요 시설의 대공 방어 능력이 한층 강화될 것으로 기대하며, 신속시범획득 제도를 통해 다양한 미래 안보위협에 선제적으로 대응할 수 있는 소요창출의 발판이 되기를 희망한다”라고 말했다.
[디펜스투데이]
Tag
#방위사업청
#레이더(RADAR) 연동 안티드론 통합솔루션
#케이넷츠
#디펜스투데이
#디펜스TV
저작권자 © 디펜스투데이 무단전재 및 재배포 금지
이치헌 기자
다른기사 보기","{""AI/컴퓨팅"": [""AR""], ""센서/통신"": [""IR""], ""재료/제조"": [""AM""], ""첨단기술"": [""radar""]}",True,레이더(RADAR) 연동 안티드론 통합솔루션,2021-06,high,이 기사는 방위사업청이 신속시범획득 사업을 통해 개발한 레이더 연동 안티드론 통합솔루션이 2021년 6월부터 군 시범운용을 시작했다는 내용을 다루고 있습니다. 기술명과 상용화 시점이 명확하게 제시되어 있어 품질이 높습니다.
"현대중공업그룹 사내벤처 ‘아비커스’, 국내 첫 완전 선박 자율운항 성공",2021-06,http://www.defensetoday.kr/news/articleView.html?idxno=2760,"사람 개입 없이 AI 활용해 ‘출항-운항-접안’까지 스스로 수행
현대중공업그룹의 선박 자율운항 전문 회사인 아비커스(Avikus)가 국내 최초로 선박의 완전 자율운항에 성공했다.
아비커스는 16일(수) 경상북도 포항운하 일원에서 열린 ‘선박 자율운항 시연회’에서 12인승 크루즈 선박을 사람의 개입 없이 완전 자율운항하는 데 성공했다고 밝혔다.
현대중공업그룹의 선박 자율운항 전문 회사 아비커스가 16일(수) 경북 포항운하 일원에서 '선박 자율운항 시연회'를 개최했다. (사진: 현대중공업)
총 길이 10km의 포항운하는 수로의 평균 폭이 10m로 좁은데다, 내·외항에 선박이 밀집돼 있어 복잡하고 까다로운 운항 환경을 갖추고 있다. 아비커스 주도로 열린 이날 시연회에는 카이스트와 한국해양대, KT 등이 참여했다.
아비커스는 이번 시연회에서 인공지능(AI)이 선박의 상태와 항로 주변을 분석해 이를 증강현실(AR) 기반으로 항해자에게 알려주는 ‘하이나스(HiNAS)’와 선박 이·접안 지원 시스템인 ‘하이바스(HiBAS)’ 등 최첨단 기술을 활용, 선박의 출항부터 운항, 귀항, 그리고 접안에 이르기까지 완전한 자율운항을 선보였다.
현대중공업그룹의 선박 자율운항 전문 회사 아비커스가 16일(수) 경북 포항운하 일원에서 '선박 자율운항 시연회'를 개최했다. (사진: 현대중공업)
특히, 자율주행 자동차에 탑재되는 레이저 기반의 센서(LiDAR)와 특수 카메라 등 첨단 항해보조시스템을 선박에 적용함으로써 선원 없이도 해상 날씨와 해류, 어선 출몰 등 다양한 돌발 상황에 선박 스스로 대처할 수 있도록 했다.
아비커스는 이번 시연회의 성공을 바탕으로 자율운항 관련 기술을 고도화해 여객선과 화물선 등 모든 선박에 확대 적용해 나간다는 계획이다. 이를 위해 이르면 올해 하반기 국내 선사와 함께 세계 최초로 자율운항기술을 통한 대형상선의 대양(大洋) 횡단에 나설 예정이다.
현대중공업그룹의 선박 자율운항 전문 회사 아비커스가 16일(수) 경북 포항운하 일원에서 '선박 자율운항 시연회'를 개최했다. (사진 왼쪽부터 주한 영국대사관 국제통상부 마이크 웰치(Mike Welch) 참사관, 아비커스 임도형 대표, 포항해양경찰서 한상철 서장, 포항시 이강덕 시장, 한국조선해양 미래기술연구원장 김성준 부사장, 한국조선해양 디지털기술연구소장 권병훈 상무) (사진:현대중공업)
아비커스 임도형 대표는 “이번 실증에 성공한 선박 완전 자율운항기술을 바탕으로 내년 자율운항 레저보트를 세계 최초로 상용화할 것”이라며, “끊임없는 연구 개발과 인재 영입을 통해 미래 해상 모빌리티의 종착점이라 여겨지는 자율운항선박 시장의 퍼스트 무버로 거듭나겠다”고 말했다.
글로벌 시장조사업체인 어큐트마켓리포츠(Acute Market Reports)에 따르면, 자율운항선박 및 관련 기자재 시장은 연평균 12.6%씩 성장해 2028년에는 시장규모가 2,357억 달러에 이를 것으로 전망된다.
한편, 아비커스는 지난 2020년 12월 선박 자율운항 시스템의 고도화와 전문성을 기하기 위해 현대중공업그룹 사내 벤처 1호로 출범한 선박 자율운항 전문회사로, 첨단 항해보조 및 자율운항 솔루션 분야 선도 기업으로 성장해 나가고 있다.
[디펜스투데이]
Tag
#현대중공업
#선박자율운항
#실증
#디펜스투데이
저작권자 © 디펜스투데이 무단전재 및 재배포 금지
이승준 기자
다른기사 보기","{""AI/컴퓨팅"": [""AI"", ""인공지능"", ""AR"", ""증강현실""], ""센서/통신"": [""LIDAR""]}",True,선박 자율운항 기술,2022-,relevant,"이 기사는 국내 최초로 완전 자율운항 선박 시연에 성공했으며, 향후 자율운항 레저보트 상용화와 대형 상선의 대양 횡단 계획이 있다고 언급하고 있어 관련성이 있음"
"KAI, 2021 MADEX 에서 해상 무기체계 선보여",2021-06,http://www.defensetoday.kr/news/articleView.html?idxno=2732,"미래 해상 전투력 높이는 소해헬기·상륙공격헬기 등 해상 맞춤형 헬기 소개
한국항공우주산업㈜(이하 KAI)은6월  9일부터 12일까지 부산 벡스코에서 열리는‘제12회 국제해양방위산업전(이하 MADEX)’에 참가하고 있다.
 MADEX는 대한민국 해군이 주최하는 해양 특화 방산전시회다. 올해는 7개국 110여개 업체가 참여하고, 28개국 해군대표단이 방문해 실제적인 방산 수출 확대 기회를 갖는다.
KAI에서 전시한 해병대상륙공격헬기 (사진:디펜스투데이)
KAI는 이번 전시회에서 한국형 소해헬기, 상륙공격헬기를 비롯한 함상용 무인기를 제시하며 미래 해상 전투력을 높일 수 있는 항공전력을 선보이고 있다.
 소해헬기는 함정의 해상교통로 확보를 위해 해상이나 수중에 설치된 기뢰를 조기에 발견·추적해 안전하게 제거하는 헬기다. 레이저기뢰탐색장비, 무인기뢰처리장비 및 수중자율기뢰탐색체 등을 장착해 운영되며 전력화 시 미국, 일본에 이어 세 번째로 소해헬기 개발국이 된다. 
 상륙공격헬기는 해병대 상륙작전 시 공중돌격부대를 신속하게 적지에 투입하며 공중엄호 및 타격을 수행하는 헬기다. 해병대에서 운용 중인 상륙기동헬기와 80% 이상 호환되며 LAH 무장 및 항전시스템을 통합한 개발방안을 제시한다.
 
한편, 실물로 전시된 수직이착륙 무인기 NI-600VT는 악천후에도 정찰, 탐색 임무를 수행할 수 있어 함상용 무인기로 폭넓은 활용이 가능하다.
실물로 전시된 수직이착륙 무인기 NI-600VT (사진:디펜스투데이)
 이 밖에 수색구조, 해상감시 등 해양 치안 임무수행을 통해 국민의 생명과 안전을 지키는 경찰헬기와 해경헬기도 함께 전시된다.
KAI는 전시기간 중 필리핀, 페루, 콜롬비아 등 해외 해군대표단과의 비즈니스 미팅을 통해 수리온 계열의 국산 무기체계를 소개하며 수출마케팅 활동을 적극 펼치고 있다.
 KAI 관계자는 “소해헬기와 상륙공격헬기는 해무, 염분 등 해상환경에서도 우수한 기동능력을 입증받은 상륙기동헬기를 기반으로 제작된다.”며 “해군의 해상 전투력을 향상시킬 수 있는 맞춤형 헬기로 개발하겠다.”고 강조했다.
[디펜스투데이]
Tag
#KAI
#한국항곡우주사업
#해병대상륙공격헬기
#NI-600VT
#디펜스투데이
저작권자 © 디펜스투데이 무단전재 및 재배포 금지
이승준 기자
다른기사 보기","{""무인체계"": [""수직이착륙""], ""AI/컴퓨팅"": [""AI""], ""무기/방어체계"": [""DE""], ""항공기/차량"": [""공격헬기""], ""방산기업"": [""KAI""]}",True,"['소해헬기', '상륙공격헬기', '수직이착륙 무인기 NI-600VT']",,relevant,"이 기사는 KAI가 MADEX 전시회에서 선보인 해상 무기체계, 특히 소해헬기와 상륙공격헬기, 수직이착륙 무인기 NI-600VT에 대해 소개하고 있습니다. 이들은 실제 개발 중이거나 개발 완료된 군사 기술로, 전력화 시점은 명확하게 나와 있지 않습니다. 하지만 이 기사는 이들 기술의 상용화와 관련된 내용을 다루고 있어 관련성이 높습니다."
"한화시스템, CFIUS로부터 카이메타 대한 330억 투자 승인을 받아",2021-05,http://www.defensetoday.kr/news/articleView.html?idxno=2676,"미국 위성 안테나 기업 투자로 위성-안테나-에어택시 라인업 구축
한화시스템(대표이사 김연철)은 미국의 위성 안테나 기업 카이메타(Kymeta)에 3000만 달러(약 330억 원)를 투자한고 밝혔다. 미국 외국인투자위원회(CFIUS)는 5월 25일 한화시스템의 카이메타 투자를 승인했다. CFIUS 승인으로 지난해 말 시작된 한화시스템과 카이메타의 전략적 파트너십과 미래 위성 안테나 개발 사업은 더욱 속도를 내게 됐다.
카이메타는 인공위성의 신호를 움직이면서 받아 처리할 수 있는 전자식 위성 안테나 전문 기업이다. 전자식 안테나는 지상 인터넷망(기지국·광랜 등)이 닿지 않는 바다나 하늘에서 위성통신을 이용하기 위해 필요한 장비다.
카이메타 전자식 위성 안테나 이미지 (사진: 한회시스템)
우리가 흔히 보는 접시형 안테나(Parabolic antenna)와 달리 납작한 모양으로 작고 가벼워 자동차나 항공기에 직접 달 수 있다. 스페이스X·아마존·원웹 등 세계적인 우주기업들도 저궤도 위성통신(LEO)을 위해 앞다퉈 전자식 안테나 기술을 개발하고 있다.
메타구조·반도체칩 안테나 동시 개발…위성통신·에어모빌리티 시대 준비
카이메타는 전자식 빔 조향 안테나(ESA) 상용화에 성공했고, 미국·국제 특허를 갖고 있다. 메타구조, 안테나 유리기판 위에 미세한 패턴을 만들어 전파나 소리, 빛의 파장과 형태를 조절해 위성에서 보내는 신호를 빠르고 정확하게 받아 처리하는 기술이 핵심이다.
한화시스템은 앞서 지난해 6월에는 영국의 위성 안테나 기업 페이저 솔루션(Phasor Solutions)을 인수해 한화페이저를 설립했다. 한화페이저는 반도체칩을 기반으로 한 고성능 전자식 안테나 기술을 개발 중이다.
이번에 카이메타의 메타구조 안테나 기술까지 확보하면서 미래 저궤도 위성통신과 에어모빌리티에 필요한 해상·상공·지상 전 영역의 안테나 사업 역량을 키울 수 있게 됐다. 
한화시스템은 국내에서는 유일하게 저궤도 위성통신을 위한 위성과 안테나 그리고 위성통신 기술을 활용할 에어택시까지, 서로 연관된 기술을 동시에 개발중이다
더그 허치슨(Doug Hutcheson) 카이메타 대표는 “한화시스템과 카이메타의 협력으로 세계 저궤도 위성통신 시장에서 큰 경쟁력을 확보하게 됐다”고 평가했다.  한화시스템의 위성통신 사업 부문 2030년 매출 목표는 5조8000억원이다.
[디펜스투데이]
Tag
#한화시스템
#카이메타
#위성안테나기업
#위성통신
#에어모빌리티
#디펜스투데이
저작권자 © 디펜스투데이 무단전재 및 재배포 금지
장훈 기자
다른기사 보기","{""우주/위성"": [""LEO"", ""저궤도"", ""위성통신""], ""AI/컴퓨팅"": [""AR""], ""해양/기상"": [""TC""]}",True,"위성 안테나, 저궤도 위성통신, 에어모빌리티",2021-05,relevant,"이 기사는 한화시스템이 미국 위성 안테나 기업 카이메타에 투자하여 위성-안테나-에어택시 라인업을 구축하는 내용을 다루고 있습니다. 위성 안테나, 저궤도 위성통신, 에어모빌리티 등 군사 기술의 상용화 및 배치와 관련된 내용이 포함되어 있습니다."
"LIG넥스원-광주광역시, 수소연료전지 기반 수송드론 개발",2021-05,http://www.defensetoday.kr/news/articleView.html?idxno=2656,"LIG넥스원, 산자부 국책과제 수소연료전지 기반 카고드론 기술 개발 수행기관 선정
LIG넥스원은 지난 5월 18일 산업통상자원부 국가연구개발사업인 자동비행과 원격조정 비행이 가능한 수소연료전지 기반 탑재중량 200kg급 카고 드론 기술 개발 수행기관으로 선정되었다고 5월 20일 밝혔다.
이 사업은 수소연료전지를 동력원으로 활용한 카고드론(탑재중량 200kg급 화물 수송용 드론)을 개발하는 동시에 지자체와 협력하여 실증기반을 구축하며, ISO 국제표준화 연계를 추진하는 사업이다. 5년간 총사업비 443억원을 투입하여 개발을 진행하며 국비 230억원, 지방비 80억원이 투입되는 대규모 연구개발 프로젝트이다.
LIG넥스원 판교하우스 (사진: LIG넥스원)
국내에서 여러 종류의 수소연료전지 기반 드론을 개발한 바 있으나, 수소연료전지를 동력원으로 하여 200kg 수준의 고중량 화물 운송용 드론을 개발하는 사례는 이번이 최초이다. 고중량 화물을 운송할 수 있는 드론임을 감안할 때, ‘25년 개발 완료 후, UAM과 연계한 상용화 및 육/해/공군/해병대에 군용 수송드론으로 적용이 가능할 것으로 기대된다.
현재 산업계에서는 인력과 물자수송을 위해 장시간 및 장거리 비행과 동시에 탑재중량이 큰 드론의 개발을 요구하고 있으며, 온실가스 감축, 미세먼지 저감, 해외 에너지 의존도 감소를 위해 수소에너지 등 친환경 동력원이 주목받고 있다. 수소연료전지 기반 화물 수송용 드론 상용화 시 드론을 이용한 유통망 신설로 국가 물류 수송능력이 신장될 수 있고 선박ㆍ항공기를 대체하여 격오지 물류 수송비용을 절감할 수 있다. 또한 우리 군에 적용 시 격오지 부대, 전시 고립부대에 대한 군수품 및 비상물품 수송에 활용할 수 있어 군수 보급 및 수송 능력 향상에 기여할 수 있다.
LIG넥스원은 2020년부터 개발 중인 ‘탑재중량 40kg급 수송용 멀티콥터형 드론시스템’ 및 ‘소형 정찰․타격 복합형 드론’ 등 다수의 드론 개발 경험을 보유하고 있다. 이를 바탕으로 광주광역시와 각 분야 전문기술을 보유한 10개의 참여기관과 연대하여 이번 사업에 참여하였다.
LIG넥스원 김지찬 대표이사 (사진: LIG넥스원)
특히 광주광역시의 UAM 실증진흥센터와 지역 관할 육군이 보유한 비행시험 인프라, 이미 상용화되어 기술적 신뢰성과 제품 안정성을 가진 모빌리티 전문기업의 수소연료전지 적용이 사업 수주에 긍정적인 요소로 작용했다는 평가를 받았다.
김지찬 LIG넥스원 대표이사는 “본 과제를 통해 다양한 수송드론 제품 확보로 UAM 시장에 연착륙할 수 있는 기반을 구축하였다. 동시에 광주광역시 및 참여기관과 긴밀히 협력하여 양질의 일자리 창출, 기업간 상생 도모, 지역사회 활성화 및 국가 경제발전에 이바지하는 성공적인 사업이 되도록 최선을 다하겠다”고 밝혔다.
[디펜스투데이]
Tag
#LIG넥스원
#수소연료전지기반드론
#수소연료전지 기반 카고드론 기술 개발
#디펜스투데이
저작권자 © 디펜스투데이 무단전재 및 재배포 금지
이승준 기자
다른기사 보기","{""재료/제조"": [""AM""]}",True,수소연료전지 기반 200kg급 카고 드론,2025,high,"기사에 따르면 LIG넥스원이 산업통상자원부의 국가연구개발사업으로 수소연료전지 기반 200kg급 카고 드론 기술을 개발 중이며, 2025년 개발 완료 후 상용화와 군용 수송드론으로의 적용이 기대된다고 언급하고 있어 기술 개발과 상용화/전력화 시점이 명확하게 제시되고 있음."
"방위사업청, 공군용 군수소 드론 구매계약",2021-05,http://www.defensetoday.kr/news/articleView.html?idxno=2655,"수소 파워팩 드론 구매 계약 체결, 올해 11월부터 군 시범운용
방위사업청(청장 강은호)은 신속시범획득 사업제도를 통해 ‘수소 파워팩 드론’ 구매계약을 체결하여 6개월간의 제조·검사과정을 거친 후, 올해 11월부터 군 시범운용을 진행할 예정이라고 밝혔다.
계약업체는 ㈜두산모빌리티이노베이션으로 계약금액은 8.31억원으로 수요군은 공군이다.
수소 파워팩 드론 (사진:방위사업청)
수소에너지는 경제적·산업적 파급효과가 큰 미래의 신성장 동력이자 친환경 에너지원으로 세계 각국은 수소경제 선점을 위해 치열한 경쟁을 벌이고 있다. 우리나라도 정부와 민간기업에서 수소산업을 육성하기 위한 로드맵을 마련하여 역량을 집중하고 있다.
부처 합동 ‘수소경제위원회’ 출범(’20.7.1.)하여 수소 기술개발 로드맵(’20∼’40년)을 5개 분야로 추진하는 ①수소생산, ②저장·운송, ③수송수단, ④발전·산업, ⑤안전·환경·인프라로 구성되어 있다.
수소 분야 정부 연구개발 투자 추이는 544억 원(’16)→705억 원(’18)→1,240억 원(’20) 로 매년 투자비용이 상승하고 있다.
특히, 우리나라는 수소연료전지 활용 모빌리티(Mobility) 분야에서 우수한 성과를 창출하고 있으며, 일본·영국 등 기술 선도국과도 어깨를 나란히 하여 기술 우위를 차지하기 위해 경쟁 중에 있다. 
수소 파워팩 드론(사진:방위사업청)
세계 최초 수소 드론 상용화(’19.10.), 세계 최초 수소 전기트럭 상용화(’20.7.), 수소연료전지 파워팩 유럽 통합규격인증(CE) 획득(’21.2.)등으로 경쟁하고 있다.
앞으로는 군에서도 민간의 우수한 수소연료전지 기술을 활용할 수 있게 되었다. 첨단 수소 연료전지 기술이 적용된 수소 파워팩 드론 을 군 최초로 도입하여 시범운용을 할 예정이다.
수소 파워팩 드론은 소형 드론이지만 기존 배터리 드론 대비 장시간 비행(EO·IR 탑재 기준 90분 이상)이 가능하고, 가솔린 드론 대비 저소음·저진동이라는 장점이 있어, 은밀한 감시·정찰 임무 수행이 가능하다.
  전자광학(Electro-Optical)·적외선(Infra-Red thermal) 카메라는 영상을 실시간으로 전송한다.
수소 파워팩 드론(사진:방위사업청)
이번 시범사업이 마중물이 되어, 향후 수소 인프라(저장·운송·충전 등) 구축과 대형 드론, 차량, 장갑차 등 다양한 무기체계의 동력원으로 확대 적용되는 등 새로운 국방분야 수요를 창출할 것으로 기대된다.  
기존 전통적인 무기체계 도입 방식은 전력화까지 장기간 소요되어 기술발전 속도가 빠른 민간 신기술이 반영되기 어렵다.
반면, 신속시범획득 사업은 시범사업 주기가 1년 내외여서 민간의 최신 기술 보유 기업이 참여 가능하고, 소량이더라도 단기간 내 군에 도입하여 운용해봄으로써 신규 소요 창출과 기존 무기체계에 발전된 성능을 반영할 수 있는 장점이 있다.
수소 파워팩 드론 형상(사진:방위사업청)
 
방위사업청 미래전력사업본부장(고위공무원 최호천)은 “신속시범획득 사업은 지난 1년간 민간의 신기술을 빠르게 군에 적용하고, 민간기업의 자체 투자를 유도하는 등 첨단기술 개발 및 군 활용에 기여하고 있다”라면서 “앞으로도 다양한 첨단기술을 군에 적용해 볼 수 있도록 기술력 있는 기업의 많은 참여를 바란다.”라고 말했다.
’21년도 신속시범획득사업은 상시 공모 중이며, 방위사업청 누리집에서 상세한 공모내용 확인 및 사업신청이 가능하다.
Tag
#방위사업청
#수소파워팩드론
#공군
#신속시범획득사업
#디펜스투데이
저작권자 © 디펜스투데이 무단전재 및 재배포 금지
신선규 기자
다른기사 보기","{""센서/통신"": [""적외선"", ""IR""]}",True,수소 파워팩 드론,2021-11,high,이 기사는 방위사업청이 수소 파워팩 드론을 구매하여 군에서 시범운용을 할 예정이라고 보도하고 있습니다. 기술명과 상용화 시점이 명확하게 제시되어 있어 high 품질로 판단됩니다.
"한화시스템, 열영상 융합형 3D카메라 개발 과제 우선협상대상자로 선정",2021-04,http://www.defensetoday.kr/news/articleView.html?idxno=2585,"지능형 열상엔진모듈 ‘퀀텀레드’ 로 국내 최고 화질 나이트비전 개발
한화시스템(대표이사 김연철)이 자율주행시대를 앞당길 핵심 기술인 ‘나이트비전(열영상 카메라)’ 개발에 본격 나선다.
한화시스템은 자동차 전장 대표기업 이래AMS가 주관한 컨소시엄에 참여해 ‘주야간 대응이 가능한 열영상 융합형 3D카메라 기술개발’ 과제의 우선협상대상자로 선정되었다고 28일 밝혔다. 본 과제는 자율주행기술혁신사업 과제 중 하나로 자율주행차량의 필수 센서인 ‘나이트비전’을 개발하는 국내 유일한 과제다.
이번에 선정된 컨소시엄은 2025년 1월까지 주간카메라와 열상카메라를 융합한 차량용 ‘열영상 융합형 3D카메라’를 개발하게 된다. 4단계 자율주행 환경의 다양한 장애물에 대한 정보를 AI기반 딥러닝 기술로 인식해 250m 이상 거리의 사물을 정확하게 인지할 수 있는 고성능 융합카메라 개발을 목표로 하고있다.
지능형 열화상엔진모듈 퀀텀레드 제품(사진: 한화시스템)
한화시스템은 이번 과제에서 지난해 출시한 지능형 열상엔진모듈 ‘퀀텀레드’ 기술을 적용해 XGA급(화소 1024Ⅹ768) 나이트비전을 개발할 예정이다. 이는 국내 열영상 카메라 중 최고 화질이다.
특히, 퀀텀레드에는 세계 최초로 자동차 부품 신뢰성 평가규격인 ‘AEC-Q100’ 인증을 받은 시스템온칩(SoC)이 사용돼, 향후 자율주행차량에 최적화된 나이트비전 공급이 가능해질 전망이다. AEC-Q100은 진입이 까다로운 자동차 전장 분야에 진출하기 위해 필수로 받아야 하는 인증이다.
자율주행기술의 핵심은 정확한 인지를 통한 최적의 판단 및 운행이다. 나이트비전은 야간∙안개 등 육안 식별이 어려운 주행 상황에서 원거리 적외선 센서를 활용해 사람 및 동물을 영상으로 탐지∙식별해낸다. 특히, 급제동에 필요한 최소 거리인 100m 이상까지 탐지 가능해 사고를 미연에 방지할 수 있다.
이미 글로벌 자동차 시장엔 나이트비전이 장착된 차량이 증가하는 추세이며, 기술적으로 단순히 전방 시야를 확보하는 것을 넘어 지능형 나이트비전으로 발전하고 있다.
한화시스템은 지난 40년간 감시 정찰용 전자광학장비와 전차∙장갑차 나이트비전, 주∙야간 조준경∙관측경 등을 개발 및 공급 해오며 국내 방산 열영상카메라 시장 점유율 90% 이상을 차지하고 있다. 최근에는 최초의 국산 전투기 ‘KF-21 보라매’에 탑재되는 전투기용 EO TGP(전자광학표적추적장비), IRST(적외선탐지추적장비) 국산화에 성공하며 국내 1위 기술 경쟁력을 다시 한번 입증하기도 했다. 또한, 지난해 퀀텀레드를 출시하며 자동차 전장 전문업체인 트루윈과 OEM 생산 협약을 통해 본격적으로 나이트비전 시장 진입을 알린바 있다.
한화시스템 김연철 대표이사는 “국내 최초로 열화상 카메라를 개발해낸 세계적 수준의 기술력을 바탕으로 국내 나이트비전 산업의 본격적인 개화를 위해 힘쓸 것이다”라며 “향후 차량용 나이트비전 상용화를 넘어 항공 모빌리티 분야까지 사업 영역을 확대해 지속적으로 성장 기회를 확보해 나갈 것이다”라고 전했다.
한편, 정부는 차세대 신사업으로 바이오, 시스템반도체, 미래차를 선정했으며, 이 중 미래차의 선도적 개발을 위해 자율주행기술혁신사업단을 2021년 3월 24일 출범시켰다. 자율주행기술혁신사업은 2027년까지 융합형 레벨4+ 자율주행 상용화 기반 완성을 목표로 총 1조 974억원이 투입되는 다부처 사업이다. 이번에 선정된 컨소시엄은 한화시스템, 이래AMS외에도 국내 전장 비전부문 점유율 1위인 엠씨넥스, 자율주행차량 관련 다수의 과제 실적을 보유한 한국전자기술원(KETI)모빌리티 센터 등이 함께 참여해 성공적인 개발이 기대되고 있다.
프랑스 시장조사기관 욜 디벨롭먼트(Yole Development)에 따르면 전세계 열영상카메라 시장은 전년대비 76% 성장했고 이중 나이트비전은 18%의 매출 성장세를 보이고 있다. 또한, 자율주행차 시장은 향후 연평균 41%씩 성장해 2035년 약 1조 1204억 달러(한화 약 1244조 920억원)에 달할 것으로 예측하고 있다.
[디펜스투데이]
Tag
#한화시스템
#나이트비전
#열영상카메라
#퀀텀레드
#디펜스투데이
저작권자 © 디펜스투데이 무단전재 및 재배포 금지
이치헌 기자
다른기사 보기","{""AI/컴퓨팅"": [""AI""], ""센서/통신"": [""적외선"", ""IR""], ""무기/방어체계"": [""DE""], ""재료/제조"": [""AM""], ""항공기"": [""전투기""], ""항공기/전투기"": [""KF-21""]}",True,열영상 융합형 3D카메라,2025-01,relevant,이 기사는 한화시스템이 자율주행차량에 사용될 '열영상 융합형 3D카메라' 기술을 개발하고 있다는 내용을 다루고 있습니다. 개발 완료 예정 시점이 2025년 1월로 명시되어 있어 품질이 relevant한 것으로 판단됩니다.
"MQ-8C 파이어 스카우트의 대잠수함전 전투 능력",2021-04,http://www.defensetoday.kr/news/articleView.html?idxno=2573,"노스롭그루먼의 MQ-8C 파이어 스카우트는 미 해군의 차세대 해상용 무인 수직이착륙기입니다.
보다 광범위한 위협을 탐지, 식별, 추적하여 지속적인 정보, 감시 및 정찰 (intelligence/surveillance/reconnaissance, ISR) 능력을 제공하는 MQ-8C는 이전 모델 대비 2배의 체공 시간과 3배의 탑재가능중량을 자랑합니다.
지난해 10월 29일에는 영국의 엔지니어링 솔루션 기업인 울트라(Ultra)의 음파탐지기(소노부이)를 장착하여 무인 대잠수함전 능력을 시연하며, 다중작전수행 무인 항공기로서의 역량을 확대했습니다.
(영상:Northrop Grumman)
[디펜스투데이]
Tag
#Northrop Grumman
#노스롭그루먼
#MQ-8C
#파이어스카우트
#대잠수함전 능력을 시연
#디펜스TV
저작권자 © 디펜스투데이 무단전재 및 재배포 금지
이승준 기자
다른기사 보기","{""무인체계"": [""Reconnaissance"", ""수직이착륙"", ""MQ""], ""우주/위성"": [""ISS"", ""SSA""], ""AI/컴퓨팅"": [""AI"", ""LAN""], ""센서/통신"": [""ISR""], ""방산기업"": [""Northrop""]}",True,MQ-8C 파이어 스카우트,2021-10,relevant,"이 기사는 MQ-8C 파이어 스카우트의 대잠수함전 능력을 시연한 사실을 다루고 있으며, 이는 실제 군사 기술의 상용화/전력화와 관련이 있는 내용입니다. 기사에서는 구체적인 시연 날짜인 2021년 10월 29일을 명시하고 있어 기술 개발 상황을 확인할 수 있습니다."
"육군, 계룡대에서 드론발전 대토론회를 열어",2021-04,http://www.defensetoday.kr/news/articleView.html?idxno=2553,"2030년 전제대 드론 전력화 위한 규격화·표준화, 민간협업, 제도개선 등 논의
국내 드론산업 성장을 위한 시험대(Test bed) 역할을 주도해 온 육군이 제대별 드론봇 전투체계 조기구축을 위해 산·학·연·관 전문가들과 함께 머리를 맞댔다.
육군은 4월 13일 충남 계룡대에서 남영신 육군참모총장 주관으로 산·학·연·관이 함께하는 육군 드론발전 대토론회를 열어 드론봇 전투체계 분야 미래혁신과 제2의 도약을 위한 장을 마련했다.
4월 13일 충남 계룡대에서 개최된 ‘산·학·연·관과 함께하는 육군 드론발전 대토론회’에서 남영신 육군참모총장이 인사말을 통해 “국내 드론산업 성장의 Test bed 역할을 선도해 온 육군과 산·학·연·관의 협력을 통해 제대별 드론봇전투체계를 조기구축과 내 드론산업 성장의 선순환을 위한 의미있는 자리가 될 것으로 기대한다”고 말했다. (사진: 육군)
코로나19 방역수칙을 철저히 준수한 가운데 진행된 행사는 지상작전사령관과 제2작전사령관 등 육군 주요직위자와 함께 국방부·국토부·과기부 등 정부부처 관계자, 항공우주연구원·국방과학연구소(ADD) 등 연구기관과 국내 드론 개발업체 관계자들이 참석했다.
이날 대토론회는 국내 우수성능의 상용드론 도입을 통한 제대별 드론봇 전투체계 조기구축 방안 모색을 위해 마련되었으며, 주제발표와 자유토론을 통해 민간 드론기술 개발수준과 군 요구수준의 간극을 최소화하고 국방 드론산업 발전 저해요소 식별과 산·학·연·관·군 협업체계 구축에 중점을 두고 진행됐다.
4월 13일 충남 계룡대에서 개최된 ‘산·학·연·관과 함께하는 육군 드론발전 대토론회’에서 항공우주연구원 무인이동체사업단 단장 강왕구 박사가 정찰드론 현황 및 전망에 대해 발표하고 있다. (사진: 육군)
남영신 육군참모총장의 인사말로 시작된 대토론회는 ▴육군 드론산업 Test bed 적용 노력과 한계, 2021년 추진방향 ▴드론 전투체계 규격화와 표준화 추진방안 ▴기능별 드론 개발 경과 및 향후 기술전망 ▴산·학·연·관·군 협업 및 제도개선을 위한 자유토론 순으로 진행됐다.
특히 기능별 드론 개발 경과 및 향후 기술전망 발표에서는 정찰·공격·수송·군집·AI기반 자율드론, UAM(Urban Air Mobility·도심항공교통)에 대해 항공우주연구원, 국방과학기술연구원, 한국드론혁신협회, 과기부, 국토부, 한화시스템 소속 전문가들이 나서 현재 국내 드론 기술개발 수준과 전망을 구체적으로 소개했다.
4월 13일 충남 계룡대에서 개최된 ‘산·학·연·관과 함께하는 육군 드론발전 대토론회’ 참석자들이 전시된 드론을 살펴보고 있다. (사진: 육군)
행사장 한편에는 정찰·공격·수송드론과 UAM으로 개발된 11종의 상용드론을 전시해 참석자들의 눈길을 끌었다.
한편 육군은 이날 논의된 의견을 후속조치 과제로 추진하고 산·학·연·관과의 협업과 소통 강화를 위해 연 2회 정례적으로 드론발전 대토론회를 마련한다는 계획이다.
4월 13일 충남 계룡대에서 개최된 ‘산·학·연·관과 함께하는 육군 드론발전 대토론회’ 참석자들이 전시된 드론을 살펴보고 있다. (사진: 육군)
행사를 주관한 남영신 육군참모총장은 “육군은 민·관·산·학·연과 상생의 협조체계를 구축해 국내 드론산업 성장에 필요한 Test bed 역할을 주도함과 동시에 미래 육군의 핵심전력으로 부상할 드론봇 전투체계 조기 전력화를 위해 모든 역량을 집중하겠다”고 말했다.
[디펜스투데이]
Tag
#육군
#ROKA
#드론발전토론회
#계룡대
#드론전투체계
#디펜스투데이
저작권자 © 디펜스투데이 무단전재 및 재배포 금지
이치헌 기자
다른기사 보기","{""AI/컴퓨팅"": [""AI""], ""센서/통신"": [""IR""], ""재료/제조"": [""AM""]}",True,"['정찰드론', '공격드론', '수송드론', '군집드론', 'AI기반 자율드론', 'UAM(Urban Air Mobility·도심항공교통)']",2030년,relevant,"기사에서 육군이 2030년까지 제대별 드론봇 전투체계를 조기구축하기 위해 다양한 드론 기술을 개발하고 있음을 확인할 수 있음. 특히 정찰, 공격, 수송, 군집, AI 기반 자율 드론 및 UAM 기술이 언급되어 있어 이러한 군사 드론 기술의 상용화와 전력화가 진행 중인 것으로 보임."
"신기술이 강조된 에메랄드 플래그 훈련",2021-04,http://www.defensetoday.kr/news/articleView.html?idxno=2550,"한동안 중단되었던 에메랄드 플래그가 에글린 공군지에서 열려
에글린 공군기지의 두번째 고유 다중 도메인 테스트 연습인 에메랄드 플래그 21-1은 에글린 테스트와 훈련 범위에서 지난 3월 22-26일에 시작되었다.
에메랄드 플래그(Emald Flag)는 새로운 복잡한 무기 시스템을 발전시킬 수 있는 길을 제공하고 시험할 수 있는 장소를 제공하는 데 초점을 맞추고 있다. 이 노력은 첨단 장거리 킬 체인 지원 프로그램과 현장 기술을 상호 연결하도록 유도했다. 분기별 행사에는 20개 이상의 기관이 참여했다.
제 40시험비행대대의 제이콥 로어바흐 소령이 지난 3월 25일 플로리다 에글린 공군기지에서 에메랄드 플래그 임무에 앞서 F-16 전투기를 점검하고 있다. 에메랄드 플래그(Emald Flag)는 공동 도메인 전투기의 효과를 높이는 데 초점을 맞춘 협업 다중 임무 훈련이다. (사진:U.S.Air Force)
에메랄드 플래그 책임자인 마이클 컬헤인 중령에 따르면, 국방부와 산업계 전반에 걸쳐 여러 명의 참가자들이 새로운 전투 개념과 기술을 탐구하는 데 참여했다고 한다.
제 96 시험비행단 부단장인 티모시 비어즈 대령은 ""지난 며칠은 우리의 최첨단 개발 및 운영 테스트 프로그램들을 복잡하고 큰 힘의 운동 환경에 노출시킬 수 있는 놀라운 기회였습니다.""라고 말했다.
2020 스파크 탱크 수상작인 저비용 위협 방출기는 지난 3월 24일 에메랄드 플래그 훈련 동안 플로리다 에글린 공군 기지에서 운용했다. 에메랄드 플래그는 지상, 우주, 사이버, 항공 플랫폼을 결합해 공동 테스트와 실험을 진행했다.(사진:U.S.Air Force)
대규모 테스트 포스 이벤트는 품질 및 관련 실험 기술을 에메랄드 플래그에 전달하여 이를 다중 도메인 운영 시나리오에 통합하는 초점 역할을 한다. 협업 노력은 실시간 동적 훈련 시나리오를 작성하는 동시에 공동의 모든 도메인 명령 및 제어의 테스트 효율성을 높이는데 초점을 맞췄다.
한가지 성공 사례는 팀 에글린의 최고의 항공 플랫폼과 2020년 스파크 탱크 우승자의 저비용 위협 방출기를 결합시킨 것이다. 이 장치는 다양한 첨단 적 지대공 미사일 시스템을 동적으로 복제한다. 항공기는 LCTE의 레이더 방출을 탐지한 다음 모의 위협을 찾아냈다.
미공군 전투사령부의 앤드류 라이젠웨버 중령은 지난 3월 26일 플로리다 에글린 공군기지의 데스틴 Executive Airport에서 XCub 항공기를 둘러보았다. 에메랄드 플래그(Emald Flag)는 공동 도메인 전투기의 효과를 높이는 데 초점을 맞춘 협업 다중 임무 훈련이다. (사진:U.S.Air Force)
애덤 트리체 제 56 작전지원 중대 제 1중대장은 ""훈련 역량이 차이가 나는 것을 보고, 조종사의 생존성을 높이기 위해 상용장비를 활용해 방사체의 질과 양을 늘리고 싶었다""고 말했다.
위협자원은 수가 제한되고 정확도가 떨어지며, 여기서 LGTE는 조종사들이 재래식 전투에서 동료에 가까운 적들에 대한 1차 훈련을 실행할 수 있게 되었다.
미공군 전투사령부의 앤드류 라이젠웨버 중령은 지난 3월 26일 플로리다 에글린 공군기지의 데스틴 Executive Airport에서 XCub 항공기에 탑승해 디지털 조종석을 둘러보았다.에메랄드 플래그(Emald Flag)는 공동 도메인 전투기의 효과를 높이는 데 초점을 맞춘 협업 다중 임무 훈련이다. (사진:U.S.Air Force)
공군 전투사령부 데이비드 코일대위는 ""에메랄드 플래그에는 테스트 커뮤니티 내에서 관계를 구축하고 프로토타입을 테스트하며 성능에 대한 피드백을 얻을 수 있는 매우 훌륭한 장소가 있습니다.""라고 말했다.  ""이 훈련를 통해 우리는 새로운 항공기로 작업하고 장비를 수정하며 설계를 반복적으로 개선할 수 있습니다."" 라고 밝혔다.
LCTE의 고유한 기능 중 하나는 새로운 지능적 위협으로 신속하게 재프로그래밍하여 단 몇 분 만에 재배치할 수 있다는 점이다. 이것은 훈련에 새로운 요소를 가져온다. 이러한 변화는 훈련 시나리오의 관련성을 높이기 위한 향후 시험 및 훈련 시나리오의 개선을 제공한다.
제 96시험비행단 소속의 F-15E 스트라이크 이글이 지난 3월 25일 에메랄드 플래그에 참가해 플로리다 에글린 공군기지에서 이륙하고 있다. 20개 이상의 기관이 이 훈련에 참가했다. 에메랄드 플래그에서 지상, 우주, 사이버, 항공 플랫폼을 결합해 공동 테스트와 실험을 진행했다.(사진:U.S.Air Force)
또 다른 실험은 공군 연구소의 XCub를 포함했다. 경량 항공기는 기존의 활주로가 필요 없이 다양한 유형의 지형에서 이착륙할 수 있다. 이 항공기는 원래 1930년대에 만들어졌지만, 지금은 현대적인 유리 조종석, GPS 시스템, 열 카메라를 갖추고 있다. 이 항공기는 페더급 공수임무와 레이더 탐지를 회피하기 위한 시험 항공기로 훈련에 참여했다.
에메랄드 플래그 운영 책임자인 라이언 스텍 소령은 ""XCub는 다양한 속도로 낮고 느리게 비행하며 우리는 우리의 공중 전투기 레이더가 어떤 탐지 능력을 가지고 있는지 보고 싶었습니다,"" 라고 말했다.
지난 3월 24일 플로리다 에글린 공군기지에서 에메랄드 플래그 훈련기간 동안 제 96시험비행단의 F-16과 F-15E가 택싱을 하고 있다. 20개 이상의 기관이 이 훈련에 참가했다. 에메랄드 플래그에서 지상, 우주, 사이버, 항공 플랫폼을 결합해 공동 테스트와 실험을 진행했다.(사진:U.S.Air Force)
기본 리더십조차 훈련기간 동안 전시된 고유한 능력을 확인하고 싶어했다.
비어즈 대령은 ""에메랄드 플래그에서 역할을 하고 우리의 목표와 결과에 직접 친숙해진 것은 매우 가치 있는 일이었습니다,""라고 말했다. ""공군장병들이 우리가 제시할 수 있는 가장 까다로운 다중 도메인 시나리오에서 성공하는 것을 보는 것은 언제나 보람 있는 일입니다.""
에글린의 참여 기관들은 연구, 개발, 운영 테스트를 통합한 다양한 기술 세트를 가지고 왔다. 테스트의 확대로 인해 운영상 관련된 무기 시스템 테스트의 실행이 계속 추진되고 있다.
제 96 시험비행단의 F-16 전투기가 지난 3월 25일 에메랄드 플래그에 에 참가해 플로리다주 에글린 공군기지에서 이륙하고 있다. 20개 이상의 기관이 이 훈련에 참가했다. 에메랄드 플래그는 지상, 우주, 사이버, 항공 플랫폼을 결합해 공동 테스트와 실험을 진행했다.(사진:U.S.Air Force)
2021년 6월에 계획된 에메랄드 플래그의 다음 훈련은 무인 항공기에 대한 테스트와 XCub용 LASH로 알려진 저고도 감지 헬멧 시스템의 시연을 예상한다.
에글린 공군기지에서는 신기술을 접목한 공군의 훈련과 더불어 적용을 위한 훈련을 박차를 가하고, 새로운 전쟁과 공격에 대비하고 있다.
우리공군과 ADD같은 군관련 기관들도  이런 훈련을 도입하여, 기술개선과 저비용 고효율을 추구하고, 발전을 시키는 방향으로 가야 할 것이다.
[디펜스투데이]
Tag
#미공군
#U.S.Air force
#Emerald Flag
#에메랄드플래그
#신기술적용훈련
#디펜스투데이
저작권자 © 디펜스투데이 무단전재 및 재배포 금지
이승준 기자
다른기사 보기","{""우주/위성"": [""GPS""], ""AI/컴퓨팅"": [""AI""], ""센서/통신"": [""IR""], ""재료/제조"": [""ALD""], ""항공기"": [""F-16"", ""전투기"", ""F-15""]}",True,"['저비용 위협 방출기', '상용장비']",,relevant,이 기사에서는 에메랄드 플래그 훈련 중 저비용 위협 방출기와 상용장비를 활용한 내용을 다루고 있습니다. 이는 상용화된 기술의 군사적 활용에 관한 내용으로 볼 수 있습니다. 다만 구체적인 상용화/전력화 시점은 언급되어 있지 않습니다.
"한화디펜스 ‘지능형 다목적무인차량’ 군에서 시범운용 예정",2021-03,http://www.defensetoday.kr/news/articleView.html?idxno=2502,"원격∙자율주행하며 ‘스마트 전투지원’ … 항속거리·적재중량 등 ‘동급 최강’
한화디펜스(대표이사 손재일)가 개발하는 인공지능 기반 최첨단 다목적무인차량이 올 하반기 군 시범운용에 투입된다.
육군은 최근 한화디펜스가 개발 중인 ‘지능형 다목적무인차량’을 수출용 무기체계 군 시범운용이  가능하다는 검토 결과를 방위사업청에 통보했다. 이에 따라 육군은 올 하반기 지능형 다목적무인차량 시제품의 임무 성능과 조작 및 운용 편의성, 전술적 운용 가능성 등을 확인할 예정이다.
한화디펜스 6x6 지능형 다목적무인차량 (사진: 한화디펜스)
다목적무인차량은 보병부대에 편성되는 2톤급 차량으로 고위험 전장환경에서 병사 대신 물자 및 탄약수송, 수색·정찰, 환자후송, 근접전투 지원 등 다양한 임무를 수행하는 미래형 국방로봇 체계이다.
한화디펜스는 앞서 민·군 협력과제(‘16~’19)로 4륜구동 방식의 전기추진 보병용 다목적무인차량을 국내 최초 개발했으며, 군 시범운용 및 전투실험을 통해 작전운용 적합성과 운용 안전성 등을 충분히 입증했다. 이어 지난해 12월 다목적무인차량의 성공적인 개발 공로를 인정받아 산업통상자원부로부터 ‘2020 민·군기술협력사업 우수과제’ 장관상을 수상하기도 했다. 
지난 2019년 실시된 육군 드론봇전투단 시범운용과 교육사 전투실험에선 ▲원격주행 ▲병사 자동추종 ▲자율이동 및 복귀 ▲장애물 회피 ▲드론 통신중계 ▲총성감지 원격사격모드 등 인공지능 기술이 적용된 최신 무인 운용기술이 성공적으로 시연됐다.
한화디펜스 6x6 지능형 다목적무인차량 (사진: 한화디펜스)
오는 7월 공개되는 지능형 다목적무인차량은 6륜구동 플랫폼으로, 기존 모델에 비해 최고속도와 적재중량, 항속거리 등 주요 성능이 대폭 향상되는 수출형 제품이다.
무엇보다 적재 중량이 기존 200kg 보다 2배 이상 늘어나 고하중의 전투물자 수송과 부상자 후송 등 전투지원 능력을 획기적으로 향상시킬 것으로 기대되며, 1회 충전으로 주행 가능한 항속거리도 기존 25km 대비 4배 가까이 늘어난다.
용 통신망 외에도 상용 5G/LTE 네트워크를 이용한 보조 통신중계가 가능해 산악지형 등에서도 원격·자율주행 및 대용량 데이터 송수신 등의 임무를 막힘 없이 수행할 수 있다. 특히, 통신 두절 시엔 1분간 스스로 통신 재연결을 시도해보고, 미 복구 시 최초 출발점으로 돌아오는 ‘스마트 자율복귀’ 기능도 갖추고 있다.
한화디펜스 전영진 무인화사업팀장은 “지능형 다목적무인차량은 해외 무인차량 시장의 급속한 성장과 기술 트렌드를 반영해 개발 중인 최첨단 무인솔루션”이라며 “주요 선진국 업체들의 시제품 성능보다 앞서는 동급 최강의 다목적무인차량을 개발해 국산 무인지상차량(UGV)의 해외시장 진출을 이끌 것”이라고 밝혔다.
지난 2월 아랍에미리트(UAE)에서 개최된 IDEX 2021 국제방산전시회에선 민∙군 협력과제로 개발된 4륜구동 다목적무인차량이 UAE 지상군의 요청으로 실물 전시되며 큰 주목을 받았다.   
한화디펜스는 지난 2006년 이후 15종 이상의 무인체계 및 국방로봇 관련 국책 과제를 수행하며 국내에서 가장 풍부한 경험과 검증된 기술력을 갖고 있다. 다목적무인차량 외에도 무인수색차량 탐색개발, 폭발물탐지제거로봇 체계개발 등에 참여하고 있으며, 4차 산업혁명 기술을 접목한 무인화체계 및 국방로봇 개발의 메카로 자리잡고 있다.
[디펜스투데이]
Tag
#한화디펜스
#지능형 다목적무인차량
#군시범운용
#UGV
#디펜스투데이
저작권자 © 디펜스투데이 무단전재 및 재배포 금지
이치헌 기자
다른기사 보기","{""AI/컴퓨팅"": [""인공지능""], ""센서/통신"": [""LTE""], ""무기/방어체계"": [""DE""], ""무인체계/로봇"": [""무인지상차량"", ""UGV""]}",True,다목적무인차량,2021-07,high,해당 기사는 한화디펜스가 개발 중인 '지능형 다목적무인차량'이 올 하반기 군 시범운용에 투입될 예정이라고 보도하고 있습니다. 기사에는 해당 무인차량의 구체적인 기술 사양 및 성능 향상 내용이 자세히 설명되어 있어 상용화/전력화 시점과 기술 정보를 포함하고 있습니다.
"한화시스템,‘전기추진시스템’ 테스트를 상반기 내에 테스트",2021-03,http://www.defensetoday.kr/news/articleView.html?idxno=2490,"한화시스템, 에어택시 ‘전기추진시스템’ 곧 성능 시험.
먼 미래의 일로만 느껴졌던 도심 항공 교통수단(UAM)의 국내 개발이 한 발 짝 다가왔다.
한화시스템(대표이사 김연철)은 에어택시 상용화의 열쇠가 되는 ‘전기추진시스템’ 테스트를 상반기 내에 할 수 있게 됐다고 3월 28일 밝혔다. 추진장치 개발이 막바지에 이르면서다. 
이 테스트는 미국에서 오버에어(Overair)사와 공동으로 진행한다. 한화시스템은 지난해 오버에어사 지분을 인수한 바 있다. 
한화시스템 버터플라이 전기추진시스템 (사진:한화시스템)
전기추진시스템은 기체가 수직으로 이륙하고, 뜬 뒤에는 기체가 앞으로 나가게 하는 두 가지 역할을 한다. 활주로가 필요 없고, 이착륙 공간을 최소화할 수 있다. (파일 첨부 동영상 참조)
띄우고 앞으로 나가게 하는 추진체 두 개의 일을 하나가 맡다 보니 기체 무게는 줄어든다. 가벼워진 만큼 비행 거리도 늘어난다. 에어택시의 상업 운행 실현을 위한 핵심 기능인 것이다. 
현재 개발이 마무리 단계에 온 전기추진시스템은 100% 전기로 구동된다. 당연히 탄소 등 공해 유발 물질은 배출되지 않는다. 오버에어의 저소음 특허 기술인 OSTR(Optimum Speed Tilt Rotor)로 헬리콥터보다 15db 이상 소음도 낮췄다. 
한화시스템과 오버에어는 전기추진시스템을 장착할 기체, 에어택시용 ‘버터플라이’도 제작 중이다. 최대속도는 시속 320km. 
5분이 아쉬운 출근길, 8시 정각 용인 터미널에서 전기추진시스템이 장착된 버터플라이를 타면 8시 15분에 광화문역에 내릴 수 있다.
한화시스템 김석균 UAM 사업부장은 “이번 개발이 최종 성공하면 UAM 시장에서 경쟁중인 세계 10여개 업체보다 한 발 빠르게 나갈 수 있게 된다”고 말했다. 그렇게 되면 2024년까지 기체 개발, 2025년 시범 운행이라는 목표에 성큼 다가가게 될 전망이다. 
[디펜스투데이]
Tag
#한회시스템
#전지추진시스템
#오버에어
#디펜스투데이
저작권자 © 디펜스투데이 무단전재 및 재배포 금지
이승준 기자
다른기사 보기","{""AI/컴퓨팅"": [""AI""], ""센서/통신"": [""IR""], ""재료/제조"": [""AM""]}",True,전기추진시스템,2021-06,high,"기사는 한화시스템이 개발 중인 전기추진시스템의 테스트를 상반기 내에 진행할 것이라고 설명하고 있어, 이 기술이 곧 상용화될 것임을 보여줌. 구체적인 기술명과 시점이 제시되어 있어 정보의 질이 높다고 판단됨."
"KAI, 뉴 스페이스 시대 주도… 차세대 중형위성 2호 내년 발사",2021-03,http://www.defensetoday.kr/news/articleView.html?idxno=2468,"22일 카자흐스탄 우주센터에서 차세대중형위성 1호 성공적 발사
한국항공우주연구원(이하 항우연)이 주관하고 한국항공우주산업(주)(이하 KAI)가 공동 개발자로 참여한 차세대중형위성(이하 차중) 1호가 3월 22일 밤 11시 23분 25초에 국내 지상국과 첫 교신에 성공했다.
 당초 20일 발사할 예정이었으나, 발사체 상단을 제어하는 전기지상지원장비의 급격한 전력상승으로 자동시퀀스가 중지되면서 발사가 연기됐다.
 차중 1호는 고도 497.8km 궤도에서 약 6개월간 통신 점검 등 초기 운영 과정을 거쳐 10월 이후부터 본격적인 표준 영상을 제공할 계획이다. 흑백 0.5m, 칼라 2m 해상도로 정밀하게 지구를 관측하며 국토·자원관리와 재해·재난대응 등을 위해 사용된다.
   * 다목적실용위성 3A호의 해상도는 흑백 0.55m급, 칼라 2.2m급, 개발비용은 차중 1호의 약 1.5배임
KAI 엔지니어가 차세대중형위성 2호를 환경 시험평가 하고 있다(사진:KAI)
 차중 개발사업은 가로 1.4m, 세로 1.55m, 높이 2.89m인 500kg급 중형위성 5기를 국내 독자 개발하는 사업으로 1~2호기를 개발하는 1단계와 3~5호기를 개발하는 2단계로 나누어 추진한다.
 과학기술정통부, 국토교통부, 환경부, 농업진흥청, 산림청 등  정부기관 및 국내 60여 개 업체가 개발에 참여한다.
위성제작 비용 절감한 차중, 우주 사업화 이륙 준비 완료
KAI는 항우연으로부터 이전받은 기술을 적용하여 차중 2호 개발을 주관한다. 위성 시스템 설계부터 본체 개발, 제작, 조립, 시험 및 발사를 총괄 개발하고 있으며 내년 1월에 발사될 예정이다.
 이는 국내 우주산업 최초로 민간이 주도하는 뉴스페이스의 첫걸음이라는 점에서 의미가 크다.
 
 표준플랫폼은 동일한 위성 본체 위에 광학·레이더·적외선·초분광기 등 다양한 탑재체를 자유롭게 장착할 수 있는 장점이 있다.
 
 또한, 시험용지상장비·위성연결 신호장비 등 재사용이 가능하여 비용절감도 가능하다.
차세대중형위성1호 발사 장면(제공:러시아연방우주청(ROSCOSMOS))
  KAI, 차중 3~5호로 본격 양산체제 돌입
차중 2단계 사업은 1단계 사업으로 구축된 500kg급 표준플랫폼을 활용해 우주과학연구·농산림·수자원 감시 등을 위한 차중 3기를 국산화 개발하는 사업이다.
 차중 3호는 한국형발사체에 탑재하여 발사체의 위성 발사 기능을 검증하고 우주과학연구용으로 활용된다. 차중 4호는 주기적인 작황 감시 및 농업·식량 안보용으로, 차중 5호는 산림 모니터링·수자원 관리·이상기후 대응 등에 사용할 예정이다.
 차중 3·4호는 2023년에, 5호는 2025년에 발사될 예정이다.
KAI는 지난해 8월 중대형위성 6기를 동시에 조립 가능한 국내 최대 규모의 민간 우주센터를 건립하는 등 양산을 위한 체계를 마친 상태다.
 또한, 사업영역을 (초)소형 위성까지 확대하기 위해 KAIST와  소형위성 분야 업무협약을 체결했고, 이를 통해 중·대형위성 역량에 소형·초소형 위성기술을 접목해 위성 양산체제를   갖출 계획이다.
한국의 뉴스페이스 선도하는 KAI, 독자 밸류체인 구축
KAI는 차중 개발사업을 시작으로 뉴스페이스를 선도하기 위한 독자적인 밸류체인을 구축한다는 목표다.
 핵심 원천기술을 보유한 연구기관과의 협력을 강화하고, 탑재체 원천기술을 보유한 유관업체와 제휴 관계를 수립하고, 위성관측 데이터를 가공하는 서비스업체와도 전략적 협력관계를 수립할 계획이다.
 KAI는 위성 제조, 지상국 분야 진입, 위성 활용 서비스 등 우주 사업 확장을 포함한 Total Solution Provider 업체로 성장하기 위해 관련 역량을 결집해나가고 있다.
 KAI가 추진하는 밸류체인이 구축되면 국내 시장은 물론, 해외시장에서도 가격경쟁력이 확보될 것으로 기대된다.
국산 항공기 수출과 연계한 위성 수출 산업화 개척
 
KAI는 국산 항공기 수출 시 상용 위성을 포함한 수출 패키지 딜을 추진 중이다.
 항공기와 위성 수출시장은 동일한 경우가 많아, 현재 협의가 진행중인 수출 상담의 연내 가시적 성과가 기대된다.
 500kg급의 차중은 동급 타국 위성 대비 비용과 성능 측면에서  국제 경쟁력을 확보했다는 평가다.
 KAI 관계자는 “항공과 우주사업을 동시에 추진하는 것이 KAI의 큰 장점”이라며 “KAI 독자 밸류체인 구축을 통해 확보된 가격 경쟁력으로 위성 수출도 반드시 성공할 것”이라고 말했다.
한편, KAI는 무인기 분야도 위성 밸류체인에 접목 가능할 것으로 판단하고 있다.
 위성의 경우 무인기와 같이 관측 및 정찰을 목적으로 지상에서 통제하고, 확보된 영상 데이터를 처리하기 때문에 위성 밸류체인이 자리 잡는다면 무인기와 시너지 효과가 창출될 것으로 예상된다.
[디펜스투데이]
Tag
#차세대중형위성
#KAI
#발사성공
#디펜스투데이
저작권자 © 디펜스투데이 무단전재 및 재배포 금지
이승준 기자
다른기사 보기","{""AI/컴퓨팅"": [""AI""], ""센서/통신"": [""적외선""], ""무기/방어체계"": [""DE""], ""연구/프로그램"": [""OTA""], ""무인/자율시스템"": [""ROV""], ""방산기업"": [""KAI""]}",True,차세대 중형위성,2022-01,high,"이 기사는 한국의 차세대 중형위성 개발 및 향후 발사 계획을 다루고 있습니다. 특히 차세대 중형위성 1호의 성공적인 발사와 2호의 내년 1월 발사 계획이 구체적으로 언급되어 있어, 군사 기술의 상용화/전력화/배치에 관한 내용이 포함되어 있습니다."
"노스롭그루먼의 MQ-8C 파이어 스카우트, 차세대 무인 항공기 해군에 제안",2021-03,http://www.defensetoday.kr/news/articleView.html?idxno=2408,"노스롭그루먼의 MQ-8C 파이어 스카우트는 미 해군이 운용하고 있는 해상용 무인 수직이착륙기이다. 미 해군은 이전 모델인 MQ-8B를 통해 15년 이상의 운용 노하우를 축적하였으며, 이를 통해MQ-8C는 보다 향상된 성능으로 미 해군의 다양한 작전 요구사항을 충족하고 있다.
또한, MQ-8C는 미 해군이 보유한 모든 기종의 함상에서 작전 수행이 가능할 뿐만 아니라, 보다 광범위한 위협을 탐지, 식별, 추적하여 지속적인 정보, 감시 및 정찰 (intelligence/surveillance/reconnaissance, ISR) 능력을 제공한다.
노스롭그루먼 MQ-8C 파이어 스카우트 (사진: 노스롭그루먼)
MQ-8 파이어 스카우트는 누적 19,650 시간 이상의 비행시간 및 7,950번 이상의 출격 횟수를 기록하며 이미 그 성능이 입증된 항공기이다. 특히, MQ-8B의 경우 총 비행시간 중 92%는 실제 작전수행시간으로 알려졌다.
이전 모델인 MQ-8B 대비 2배의 체공 시간과 3배의 탑재가능중량 갖춘 MQ-8C 파이어 스카우트, 안정적인 연안 정찰 활동 통해 3면이 바다로 둘러 쌓인 한반도 특수 지형에 최적
MQ-8B의 경우 슈바이처 333 헬기를 기반으로 제작되었으며 2006년 첫 비행 후 2014년 초도작전능력 요구조건(IOC)을 달성한 바 있다. 제작사인 노스롭그루먼은 미 해군의 요구 사항이 진화함에 따라 더욱 향상된 체공 시간과 탑재 중량을 보유한 개량형 모델 MQ-8C을 선보이게 되었다.
MQ-8C은 MQ-8B와 최대 90% 동일한 무인 시스템 기술을 기반으로 하며 현재도 활발하게 양산되고 있다. MQ-8C는 검증된 상용 BELL 407 기체를 기반으로 제작되어 보다 긴 체공 시간과 항속 거리, 우수한 탑재 능력을 확보하였다.
노스롭그루먼 MQ-8C 파이어 스카우트 (사진: 노스롭그루먼)
첫 비행부터 임무 수행까지, MQ-8C개발 및 전력화 일정
MQ-8C는 2010년에 첫 비행을 마쳤으며, 그 후 2015년 성능 시험을 거치고 2017년과 2018년에는 함상에서의 통합 동적 인터페이스 시험을, 2020년에는 합성개구레이더(SAR) 및 지상/해상 표적 탐지레이더(GMTI/MMTI)를 장착하여 레이더 비행 시험까지 성공적으로 진행했다. 또한 미 해군은 MQ-8C의 임무를 연안전투함(LCS)에서 수행하며 2019년에 IOC를 충족하였으며, 2021년에는 인도-태평양 해상에 배치되어 운용될 예정이다.
MQ-8C의 레이더 통합 운용은 2021년으로 예정되어 있고, 링크-16 전술데이터링크 또한 2023년 가동을 목표로 하고 있다. 이에 따라 해당 항공기는 광학 보조착륙시스템 및 광학 센서, 광학 회피시스템, 결빙 센서, 네트워크 업그레이드, 초고속 비가시권(BLOS) 통신 등 다양한 분야의 기능 향상에 집중할 것이다. 또한 비가시권 위성통신(BLOS SATCOM)과 기뢰대항(MCM) 능력 등 추가적인 임무확장을 위한 준비가 진행 중이다.
뛰어난 역량을 갖춘 국내 유수 기업과의 협업을 통해 대한민국 안보를 책임지는 경제적이며 선진화된 솔루션으로 자리잡을 것으로 기대
MQ-8C무인 헬기는 비용과 위험 부담은 낮추되 보다 신속하게 인도 및 배치되어 전투 작전 요구 사항을 충족할 수 있다. 파이어 스카우트는 미 해군의 지속적인 관심과 투자 덕분에 다른 어떤 수직이착륙기보다도 빠르게 운용 성숙도를 갖출 수 있었으며, 이는 대한민국 해군과 해병대에도 큰 혜택으로 작용할 것으로 보인다. 게다가 MQ-8C는 현재 연간 6~8대 이상 생산 중으로 대한민국 해병대와 해군 모두의 전력화 목표일정을 충족할 것으로 파악된다.
또한 대한민국 군의 MQ-8C 도입은 국내 기업들이 창정비(MRO&U) 부문에 참여할 수 있는 기회를 제공할 것으로 전망된다. MQ-8C의 제작사인 노스롭그루먼은 ‘국내 산업과의 상생’이라는 비전을 실천하기 위해 휴니드 테크놀로지와 양해각서(MOU)를 체결하는 등 국내 산업의 전문 기술 및 지식을 활용하면서도 대한민국 군의 요구를 충족시킬 수 있는 다양한 솔루션을 제공하기 위해 끊임없는 노력을 기울이고 있다. 이번 MQ-8C 무인 헬기 사업은 한국으로 차세대 무인 해양 기술력을 도입하고 대한민국 군의 작전 능력을 향상시키는 계기가 될 것으로 기대된다.
[디펜스투데이]
Tag
#노스롭그루먼
#파이어스카웃
#MQ-8C
#휴니드테크놀러지
#무인헬기사업
#디펜스투데이
저작권자 © 디펜스투데이 무단전재 및 재배포 금지
이승준 기자
다른기사 보기","{""무인체계"": [""Reconnaissance"", ""수직이착륙"", ""MQ""], ""우주/위성"": [""SATCOM"", ""ISS"", ""SSA"", ""위성통신""], ""AI/컴퓨팅"": [""AI"", ""LAN"", ""AR""], ""센서/통신"": [""ISR""], ""해양/기상"": [""TC""], ""센서/통신/레이더"": [""합성개구레이더"", ""SAR""], ""함정/항공기"": [""LCS"", ""연안전투함""]}",True,"['무인체계', '우주/위성', 'AI/컴퓨팅', '센서/통신', '해양/기상', '센서/통신/레이더', '함정/항공기']",2021-03,high,이 기사는 노스롭그루먼의 MQ-8C 파이어 스카우트 무인 항공기의 상용화 및 한국 해군에의 제안에 대한 내용을 다루고 있다. 구체적인 기술명과 배치 시점이 언급되어 있어 품질이 높다.
"한화시스템, 인텔리안테크와 ‘미래 군위성통신체계’ 선점",2021-02,http://www.defensetoday.kr/news/articleView.html?idxno=3294,"한화시스템, 인텔리안테크와 ‘국방위성통신분야 협력 MOU’체결
한화시스템(대표이사 김연철)이 해양 위성통신 안테나 분야 세계 1위 기업인 인텔리안테크놀로지스(대표이사 성상엽)와 ‘국방위성통신분야 협력을 위한 업무협약(MOU)’을 체결한다고 2월 25일 밝혔다.
우주산업 분야가 전 세계적으로 민간 주도인 뉴스페이스(New Space)로 변화하고 있는 가운데 향후 국내 군위성사업도 점차 민간기업 주도의 체계 개발 추진이 예측되고 있어, 한화시스템과 인텔리안테크의 협약이 더욱 주목받고 있다.
한화시스템은 국내 유일하게 군위성통신체계 통신탑재체의 국산화를 위한 중계기 핵심기술 사업에 참여해 관련 기술을 확보하고 있으며, 20여년간 위성 지상시스템 분야의 핵심인 위성단말∙통신모뎀∙망제어기를 개발∙공급해오고 있다.
특히, 위성단말기에 포함되는 위성통신 모뎀은 국내에서 독보적인 기술력을 보유하고 있으며, 현재 군위성통신체계-II사업 양산을 도맡아 진행할 계획이다.
한화시스템과 인텔리안테크가 25일 국방위성통신분야 협력을 위한 업무협약(MOU)을 체결 (사진: 한화시스템)
인텔리안테크는 위성통신 안테나 시스템을 개발 제조하고 있는 국내 대표적인 기업이며, 선박용 위성통신 안테나 시장 점유율 1위를 달성함에 이어 최근에는 육상용 및 저궤도 위성용 안테나 제조 등으로 제품 영역을 확대하는 등 위성통신 안테나 분야에서 세계시장을 선도해 나가고 있다.
이번 협약을 통해 양사는 한화시스템이 독자적으로 보유하고 있는 안테나 칩셋 기술에 인텔리안테크의 위성통신 안테나 기술 역량을 접목해 다양한 군전술 이동형(OTM:On-The-Move) 위성통신 단말을 개발할 계획이다. 또한, 기존 군위성통신체계의 위성통신 단말기 모뎀과 결합해 OTM단말 분야로 기술 경쟁력을 강화해 나간다는 전략이다.
OTM 단말은 차량에 탑재시켜 이동간에도 위성을 통해 양방향으로 음성·영상 및 데이터 전송 등 멀티미디어 서비스 제공이 가능하다. 기존의 고정형 위성통신 단말과는 달리 기동성이 보장돼 전장에서 실시간 지휘·통제 및 전장 상황 공유가 가능하고, 화재·홍수·지진 등의 재난 지역이나 국지전·테러 등 분쟁지역에서 이동기지국으로 사용할 수 있다.
 한화시스템 김연철 대표이사는 “군 위성통신분야에서 독보적인 기술 경쟁력 및 위성안테나 분야에서 첨단 기술력을 보유한 한화시스템과 국내 대표적인 위성안테나 기업인 인텔리안테크의 긍정적인 시너지가 기대된다”라며, “향후 차기 군위성통신체계의 체계업체로서 입지를 더욱 강화해 군위성통신분야의 뉴 스페이스 대표기업으로 자리매김해 나갈 것이다.” 라고 전했다.
인텔리안테크 성상엽 대표이사는 “군위성통신분야의 선도기업인 한화시스템과 전략적 파트너십을 구축하게 되어 기쁘다. 인텔리안테크가 보유한 혁신적인 위성통신 기술력을 바탕으로 한화시스템과의 전략적 협업을 통해 양사가 향후 군 위성통신분야 시장을 선도해 나갈 것으로 기대한다”고 밝혔다.
[디펜스투데이]
Tag
#디펜스투데이
#밀리터리
#국방
#군사
#이슈분석
#현대병기
#획득무기
#무기백과
#디펜스TV
저작권자 © 디펜스투데이 무단전재 및 재배포 금지
이치헌 기자
다른기사 보기","{""우주/위성"": [""저궤도"", ""위성통신""], ""센서/통신"": [""EW""], ""작전/전술"": [""ACE""], ""첨단기술"": [""space""]}",True,"군 위성통신체계, 위성통신 모뎀, OTM(On-The-Move) 단말",2021-02,high,"기사에서 한화시스템과 인텔리안테크가 국방 위성통신 분야에서 협력하여 OTM 단말 등 위성통신 기술을 개발하고 있음을 다루고 있으며, 구체적인 기술명과 협력 시점이 명시되어 있어 상용화/전력화와 관련된 내용으로 판단됩니다."
"한화시스템, 탄소중립 시대 ‘친환경 에어택시’ 실현에 나서",2021-02,http://www.defensetoday.kr/news/articleView.html?idxno=3291,"한화시스템·한화솔루션 등 11개사 참여한 ‘PAV분야 탄소소재 얼라이언스’ 출범
한화시스템(대표이사 김연철)은 2월 24일 국무총리가 참석한 한국탄소산업진흥원 개원식에서 진행된 ‘탄소소재 융복합 산업 얼라이언스’ 발족식에 참여했다고 밝혔다.
이번 얼라이언스는 한국탄소산업진흥원 주관으로 미래 모빌리티인 PAV(Personal Air Vehicle: 미래형 도심 자동차)분야에서 탄소소재 융복합산업 증진을 위한 실질적인 민관 협력체계를 구축하기 위해 진행됐다.
한화시스템과 오버에어가 개발중인 전기식수직이착륙기 ′버터플라이′ 목업 국토부 실증행사시 전시 (사진: 한화시스템)
▲한화시스템 ▲한화솔루션 ▲대한항공 ▲효성첨단소재 ▲도레이첨단소재 등 대표적인 탄소소재 수요·공급 기업과 유관기관 총 11개사는 탄소소재 원천기술 확보 및 상용화와 산업 생태계 구축을 위한 업무협약식을 체결했다.
발족식을 시작으로 수요기업은 공급기업에게 기술 자문을 비롯해 성공적인 개발을 위한 실증테스트를 지원하고, 제품 상용화를 위한 활동에 적극 동참할 계획이다. 또한, 공급기업은 국내 시장의 요구 수준을 넘어 글로벌 시장을 선도할 수 있는 제품 개발에 본격 나서게 된다.
한화시스템은 2019년 국내 최초로 도심항공교통(UAM)시장에 진출해 PAV 선진기술을 보유한 미국의 오버에어사와 함께 전기식수직이착륙기(eVTOL) ‘버터플라이(Butterfly)’를 개발중인 국내 대표 선도 기업이며, 한화솔루션은 PAV의 연비향상과 안전성에 필요한 탄소소재 기반의 항공용 경량복합재를 개발 중이다.
최근 미국, 유럽 및 아시아 등 전세계적으로 탄소 중립 실현을 선포하고, 탄소 소재 등 저탄소 산업생태계를 이끌 혁신 기술 개발에 박차를 가하고 있다.
한화시스템과 오버에어가 개발중인 전기식수직이착륙기 ′버터플라이′ 목업 국토부 실증행사시 전시 (사진: 한화시스템)
탄소소재는 원유·철강 부산물 등 탄소 원료로 제조된 소재로 매우 가볍고 강하며, 전기 및 열 전도성이 우수해 수소차·항공·이차전지·고급 소비재 등 미래 산업을 선도할 핵심 소재이다. 미국·일본·독일 등 선진 국가들은 이미 수십년 이상 투자를 해오며 원천기술과 생산을 독점하고 있으며, 하이엔드(High end)급 탄소 소재 기술 개발에 집중하고 있다.
PAV는 탄소 소재가 적극적으로 활용될 대표 분야이다. PAV에 탄소 소재가 적용될 경우 기체가 경량화 됨에 따라 화물·승객 수용량 확대, 운항 거리 증가, 에너지 소비량 절감 등의 효과를 기대할 수 있다. 금속 소재 대비 녹이 잘 슬지 않고, 경화·균열·변형 등을 잘 견뎌낼 수 있어 더욱 안전성 높은 기체 생산이 가능해진다. 또한, 제조 비용·생산효율·친환경적 부분 등에서도 탁월해 PAV에 적합한 혁신 소재로 각광받고 있다.
한화시스템은 PAV에 적합한 탄소소재 국산화를 위해 실질적인 요구 조건을 제시하고, 자문 등을 제공해 기준에 적합한 제품이 나올 수 있도록 지원하게 된다. 또한, 제품 상용화에 적극 나서는 등 수요·공급 기업의 동반성장과 탄소 소재 융복합 산업 생태계 육성에 동참할 계획이다.
한화시스템 김연철 대표이사는 “탄소 산업은 4차 산업혁명 시대 한국판 뉴딜 정책을 선도하게 될 핵심 산업이다”라며, “향후 PAV 기체에 탄소 소재를 적극 적용해 탄소산업 생태계 육성에 적극 동참하고, 친환경적인 UAM산업 환경을 조성하기 위해 힘쓸 것이다”라고 전했다.
한편, 한국탄소산업진흥원은 탄소 산업 생태계를 조성하고 관련 사업을 확산시키기 위해 24일 출범했다.
[디펜스투데이]
Tag
#디펜스투데이
#밀리터리
#국방
#군사
#이슈분석
#현대병기
#획득무기
#무기백과
#디펜스TV
저작권자 © 디펜스투데이 무단전재 및 재배포 금지
이치헌 기자
다른기사 보기","{""무인체계"": [""수직이착륙"", ""VTOL""], ""AI/컴퓨팅"": [""AI""], ""센서/통신"": [""RF"", ""IR""], ""재료/제조"": [""ICL"", ""AM""]}",True,친환경 에어택시,,relevant,"이 뉴스는 무인체계(PAV), 재료/제조(탄소소재) 기술 개발에 관한 내용을 다루고 있습니다. 군사 기술의 상용화는 다루지 않지만, 향후 도심 자동차(PAV) 개발을 위한 핵심 기술 개발 내용을 다루고 있어 관련성이 있습니다."
"한화 방산3사, 중동 최대 방산 전시회 ‘IDEX 2021’ 참가",2021-02,http://www.defensetoday.kr/news/articleView.html?idxno=3276,"UAE 아부다비서 통합 전시 … “중동∙아프리카 시장 개척 박차”
한화그룹 방산 계열사가 2월 21일부터 25일까지 아랍에미리트(UAE) 수도 아부다비에서 열리는 ‘IDEX 2021’ 전시회에 참가한다.
IDEX는 격년으로 열리는 중동 및 아프리카 지역 최대 규모의 방산전시회로 올해로 15회째를 맞는다. 이번 전시회에는 60여 개국 1,300여 개 업체가 참가할 예정이다.
IDEX 2021 한화 통합전시관 (사진: 한화)
한화 방산계열사는 ‘국방로봇 존’과 ‘지상장비 존’, ‘방산전자 존’ 등으로 구성된 통합 전시관을 운영할 예정이며, 중동 지역에 특화된 다양한 제품 라인업으로 현지 시장 공략에 나선다.
국방로봇 존에서는 한화디펜스(대표이사 손재일)가 개발한 다목적무인차량과 차륜형장갑차 탑재용 원격사격통제체계(RCWS: Remote Controlled Weapon Station)가 해외 방산전시회엔 처음으로 실물 공개된다.
다목적무인차량은 민∙군 협력과제(‘16~’19)로 국내에서 처음으로 개발된 4륜구동 전기추진 방식의 국방로봇으로, 육군 드론봇 전투단의 시범 운용에서 △원격주행 △병사자동추종 △자율이동 및 복귀 △장애물회피 등 다양한 무인 기술을 완벽히 입증했다. 이와 함께 전장 또는 위험 지역에서 적군의 총 소리를 감지해 스스로 총구를 돌려 공격할 수 있는 인공지능 RCWS도 탑재돼 있다.
한화디펜스 다목적무인차량 (사진: 한화)
현재 6륜구동 방식의 다목적무인차량도 개발 막바지에 있으며, 올 하반기 시제품이 공개될 예정이다. 신형 다목적무인차량은 적재중량이 기존보다 3~4배 늘어나고, 최고속도와 항속거리 등 차량 임무 성능도 대폭 향상된다. 또한 군용 통신망 외에도 상용 5G 통신망을 이용한 보조 통신 중계도 가능해져 산악지형 등에서의 운용성이 크게 강화될 전망이다. 
한화디펜스가 독자적으로 개발한 RCWS도 중동 시장에서 큰 관심을 받고 있다. RCWS는 함정과 장갑차, 자주포, 전술차량 등에 탑재되는 ‘언택트’ 무기체계로 전장에서 아군 승무원을 안전하게 보호할 수 있다. 이번에 전시되는 차륜형장갑차용 RCWS는 130kg급 경량형 모델로, 앞서 개발된 해군 차기고속정 및 해병대 상륙돌격장갑차용 RCWS에 비해 영상 식별 성능과 표적추적 기능 등이 향상됐다.
지상장비 존에서는 K9 자주포와 K10 탄약운반장갑차, 비호복합, 120밀리 자주박격포 등 대한민국 대표 지상무기체계들이 소개된다. 이밖에 수출형 지상장비인 타이곤(TIGON) 차륜형장갑차와 미래형 궤도장갑차 레드백(REDBACK)도 선보이며 지상장비 분야 ‘글로벌 1등 제품’을 추구하는 한화디펜스의 기술력과 신뢰도를 입증할 것으로 기대된다.
한화디펜스 원격사격통제체계 (사진: 한화)
방산전자 존에서는 한화시스템(대표이사 김연철)이 개발한 최첨단 함정전투체계(CMS: Combat Management System)가 전시된다. CMS는 대한민국 해군이 운용하는 모든 함정과 잠수함에 탑재되는 첨단 시스템으로, 함정에 탑재된 센서와 무장 등을 통합해 전술상황 평가, 지휘결심, 무장 선택, 교전 등 해상 전투를 종합적으로 관리하는 역할을 한다.
한화시스템이 개발한 대공방어용 레이더도 중동 시장 진출이 기대된다. M-SAM다기능레이더는 중∙저고도 대공방어용 지대공 유도무기체계에 탑재되는 핵심 장비로서, 전방위, 다표적에 대한 동시 교전이 가능한 한국 최초의 3차원 위상배열 레이더이다. 현재 탐색개발 중인 L-SAM 장거리 다기능레이더는 3차원 능동형 위상배열 레이더로 항공기 표적 또는 탄도탄 표적에 대한 탐지와 추적, 식별, 對전자전 등의 기능을 동시에 수행할 수 있다.
이 밖에 ㈜한화(대표 김승모)가 개발한 공대지미사일 천검 등 정밀 유도무기체계 관련한 마케팅도 진행될 예정이다.
한화디펜스 해외사업본부장 안병철 상무는 “IDEX 전시회는 중동 및 아프리카 지역 최대 규모의 방산전시회인 만큼, 전시회 기간 한화그룹의 글로벌 방산 역량을 알리기 위해 최선을 다할 것”이라며 “특히 중동과 아프리카 지역에 맞는 맞춤형 방산 솔루션을 적극 홍보해 ‘K-방산’의 해외시장 개척에 앞장서겠다”고 밝혔다.
[디펜스투데이]
Tag
#디펜스투데이
#밀리터리
#국방
#군사
#이슈분석
#현대병기
#획득무기
#무기백과
#디펜스TV
저작권자 © 디펜스투데이 무단전재 및 재배포 금지
이치헌 기자
다른기사 보기","{""AI/컴퓨팅"": [""인공지능""], ""센서/통신"": [""전자전""], ""무기/방어체계"": [""DE"", ""SAM""], ""재료/제조"": [""TEM"", ""AM""], ""기타/기술"": [""LED""], ""지상장비"": [""K9""]}",True,"['다목적무인차량', '원격사격통제체계(RCWS)', 'K9 자주포', 'K10 탄약운반장갑차', '120밀리 자주박격포', '타이곤(TIGON) 차륜형장갑차', '레드백(REDBACK) 궤도장갑차', '함정전투체계(CMS)']",2021-02,high,"기사에서는 한화그룹 방산 계열사가 IDEX 2021 전시회에 참가하여 다양한 군사 기술을 전시하고 있음을 다루고 있습니다. 이 중 다목적무인차량과 RCWS는 이번 전시회에서 처음 공개되며, K9 자주포, K10 탄약운반장갑차, 120밀리 자주박격포 등 다양한 지상무기체계와 함정전투체계(CMS)도 전시되어 실제 전력화/배치되고 있음을 알 수 있습니다."
"현대건설기계, ICT 활용한 ‘머신컨트롤’ 굴착기 국내 첫 인도",2021-02,http://www.defensetoday.kr/news/articleView.html?idxno=3262,"반자율운행이 가능한 굴착기를 고객에게 인도
현대중공업그룹의 계열사인 현대건설기계가 첨단 제어기술인 머신컨트롤(Machine Control)을 적용한 굴착기를 출시, ‘자율굴착기’ 시대에 한 걸음 더 다가서게 됐다.
현대건설기계는 최근 반자율 작업이 가능한 머신컨트롤 굴착기를 첫 구매고객에게 인도했다고 지난 2월 7일(일) 밝혔다. 이번 출시는 국내에서 처음으로 머신컨트롤을 굴착기에 적용, 상용화했다는 점에서 의미가 크다.
머신컨트롤이 적용된 현대건설기계 휠굴삭기(모델명:HW145)의 모습 (사진:현대건설기계)
머신컨트롤은 급성장하고 있는 스마트건설 분야의 핵심기술로, 현대건설기계는 이번에 관련 원천기술을 확보해 가격경쟁력을 크게 높임으로써 늘어나는 스마트 건설장비 시장수요에 적극 대응할 수 있게 됐다.
머신컨트롤 굴착기는 디지털 센서와 전자유압시스템 등을 통해 굴착기의 자세와 작업지점 등을 실시간으로 운전자에게 알려주고 평탄화 작업이나 관로 작업, 터파기 작업 등을 반자동으로 수행한다.
또한, 별도의 측량 인력 없이도 원하는 작업의 깊이나 기울기만 입력하면 자동으로 땅의 높낮이를 파악해 작업을 수행할 수 있다.
현대건설기계의 스마트 건설 ‘HYUNDAI CONNECT’의 개요도 (사진: 현대건설기계)
이로 인해 작업현장의 공기(工期)단축과 비용절감 등 작업효율을 30% 이상 높일 수 있고 안전사고의 위험도 낮출 수 있을 것으로 예상된다.
현대건설기계 관계자는 “향후 자율굴착기를 현장에 투입하는 등 지속적인 기술혁신을 이뤄 미래 스마트건설 분야를 선도하겠다”라고 밝혔다.
한편, 국토교통부에 따르면 세계 스마트 건설시장은 2016년 약 100억 달러에서 2025년까지 연평균 약 12% 성장할 것으로 전망된다.
현대건설기계는 2019년 머신컨트롤의 이전단계인 ‘머신가이던스(Machine Guidance)’ 굴착기를 자체개발해 상용화했으며, 자율주행하며 작업을 수행하는 무인지게차를 국내 최초로 상용화하는 등 스마트 건설기계 분야 기술개발에 속도를 내고 있다.
[디펜스투데이]
Tag
#디펜스투데이
#밀리터리
#국방
#군사
#이슈분석
#현대병기
#획득무기
#무기백과
#디펜스TV
저작권자 © 디펜스투데이 무단전재 및 재배포 금지
이치헌 기자
다른기사 보기","{""AI/컴퓨팅"": [""AI"", ""ICT""]}",True,Machine Control Excavator,2021-02,high,"이 기사는 현대건설기계가 첨단 제어기술인 머신컨트롤(Machine Control)을 적용한 굴착기를 출시하고 첫 고객에 인도했다고 보도하고 있습니다. 이는 국내에서 처음으로 머신컨트롤을 굴착기에 적용, 상용화했다는 점에서 의미가 큽니다. 또한 세부적인 기술명과 상용화 시점(2021년 2월)이 제공되어 있어 정보의 질이 높습니다."
"LIG넥스원, KAIST와 인공위성분야 연구개발협력 본격 착수",2021-01,http://www.defensetoday.kr/news/articleView.html?idxno=2364,"LIG넥스원, KAIST와 인공위성분야 기술 교류와 공동 연구 위한 상호협력 본격화
LIG넥스원(대표 김지찬)과 KAIST(총장 신성철)가 인공위성분야 기술교류와 공동연구를 위해 산·학 협력 및 교류를 본격 추진한다.
LIG넥스원은 최근 김지찬 대표이사와 KAIST 신성철 총장이 인공위성 연구개발 협력을 위해 업무협약을 체결했다고 20일 밝혔다. 이번 협약을 통해 양 기관은 (초)소형급 인공위성 공동연구개발, 인력교류 등 인공위성 분야 연구개발 협력에 박차를 가한다는 계획이다.
KAIST 인공위성연구소(SaTReC)가 순수 독자 기술로 연구개발하여 실용화한 차세대 소형위성 1호기 형상(사진: LIG넥스원)
이번 협약 내용은 △인공위성 설계/제작 기술교류, 인력교류 및 양성, △연구개발 장비/시설 공동 활용, △신규 인공위성 연구개발사업 공동 발굴 및 사업화 등 인공위성 전반적인 분야를 포괄하고 있다. 또한 뉴-스페이스 시대 국내 우주 저변 확대를 위하여 인공위성분야 기술협력과 인력양성에 대해 장기적인 차원에서 상호 협력이 기대된다.
KAIST 신성철 총장 (사진: LIG넥스원)
LIG넥스원㈜은 국내 방산업체로 정밀유도무기, C4I무기체계, 감시정찰체계, 전자전체계 등 다양한 무기체계를 개발/생산하는 기업이다. 국방 안보에 필수적인 영상레이더(SAR), 통신위성 등 연구개발을 통한 상용화를 위하여 KAIST와 협력연구에 박차를 가하고 있다. 특히 차세대 초소형 군집위성에 적용될 핵심기술과 SAR위성분야 기반기술에 대한 연구를 공동으로 진행중이며 초고속 기반의 5G/6G 기술을 탑재한 저궤도 소형 통신위성 사업 진출을 위하여 투자를 하고 있다.
KAIST 인공위성연구소(SaTReC)는 국내 최초로 국적위성 우리별1호를 개발하여 우주문화 확산에 큰 기여를 하였으며, 순수 독자 기술로 차세대 소형위성1, 2호기를 연구개발하여 실용화를 진행하는 인공위성 분야 전문연구기관으로 자리매김하였다. 현재, 지상망이 지원하지 못하는 통신음영 지역 등 커버하기 위하여 초고속 통신위성의 상용화를 위하여 5G/ISL/6G 기반의 우주 인터넷망 구축(NTN : Non-Terrestrial Network)을 위한 선행연구를 수행하고 있다.
LIG넥스원 김지찬 대표이사 (사진: LIG 넥스원)
김지찬 LIG넥스원 대표이사는 “두 기관의 협력으로 뉴-스페이스 시대를 대비한 국내 위성분야의 산·학·연 공동연구, 내실있는 인적교류 및 기술교류 등을 통하여 국방 및 상용 인공위성 분야의 성공적인 연구 시너지를 기대 할 수 있을 것으로 기대한다.”고 말했다.
[디펜스투데이]
Tag
#LIG넥스원
#인공위성연구개발
#차세대소형위성
#KAIST
#디펜스투데이
저작권자 © 디펜스투데이 무단전재 및 재배포 금지
이치헌 기자
다른기사 보기","{""우주/위성"": [""저궤도""], ""AI/컴퓨팅"": [""AI"", ""AR""], ""센서/통신"": [""C4I"", ""전자전""], ""센서/통신/레이더"": [""SAR""], ""방산기업"": [""KAI""]}",True,"['초소형 군집위성', '초고속 5G/6G 통신위성']",,relevant,"이 기사는 LIG넥스원과 KAIST가 인공위성 분야에서 연구개발 협력을 시작하고 있으며, 특히 차세대 초소형 군집위성과 초고속 5G/6G 기반의 통신위성 기술 개발을 언급하고 있습니다. 상용화나 전력화 시점은 명시되어 있지 않지만, 신규 인공위성 기술 개발과 협력에 대한 내용이 포함되어 있어 관련성이 높다고 판단됩니다."
"LIG넥스원, 수소연료전지 기반 수송드론 개발",2021-01,http://www.defensetoday.kr/news/articleView.html?idxno=2351,"고효율의 ‘자율주행 수송드론’ 개발·실증사업 추진, 물류·수송 분야 미래기술 확보
LIG넥스원(대표 김지찬)이 4차 산업혁명 시대 물류·수송 분야의 핵심기술인 ‘자율주행 수송드론’의 성공적 개발을 위한 산·학·연·군 협력·교류 활동을 본격 추진한다.
LIG넥스원은 1월 14일 광주광역시청에서 광주광역시, 육군 특수전사령부, 육군 제31사단, 한국항공우주연구원, 한국전자통신연구원, 하이즈항공(주), 한국항공기술 KAT(주), 태경전자(주)와 ‘수소연료전지 기반 탑재중량 200kg급 카고드론 개발 사업’의 성공적 추진을 위한 상호협력교류 업무협약을 체결했다고 밝혔다.
카고드론 개발 업무협약식 (사진: LIG넥스원)
이번 협약을 통해 LIG넥스원을 포함한 9개 기관은 △핵심기술 개발 및 신기술 창출 △사업 인증 및 실증을 위한 정책·제도·기반시설 구축 지원 △공동연구 과제 발굴 △광주시 드론산업 발전 등을 위한 협력 활동을 추진한다.
현재 수소연료전지를 활용한 국내 중·대형 수송드론 개발은 미비한 상황이다. 고중량 화물 운송이 가능한 ‘고효율의 수소연료전지 기반 수송드론’이 상용화되면, 물류·수송 서비스 전반에 소요되는 시간 및 비용을 절감할 수 있는 것은 물론, 산간·낙도 등 격오지 지역으로의 물품배송 및 긴급복구 지원도 한층 효율적으로 수행할 수 있게 된다.
LIG넥스원은 항공전자와 감시정찰, 소형드론 분야에서 쌓아온 기술력과 노하우를 최대한 활용해 광주시의 드론산업 발전에도 기여할 수 있도록 적극적인 지원 및 협력을 추진한다는 계획이다.
LIG넥스원은 LG전자(주)와 지난해 7월부터 국방용 드론 핵심부품인 모터와 드라이버를 공동으로 개발하고 있으며, 수송용 드론 부품분야까지 협력분야를 확대할 계획이다. 아울러 모빌리티용 수소연료전지 전문생산 업체 및 ㈜KT와도 수송드론 분야의 핵심기술 확보를 위한 협력방안을 논의 중이다.
김지찬 LIG넥스원 대표이사는 “이번 업무협약이 4차 산업혁명의 핵심 분야로 자리매김한 드론산업의 기반 기술 확보와 광주시 지역경제 활성화에 기여하는 계기가 될 수 있도록 유관 기관과 긴밀히 협조해 나가겠다”고 말했다.
[디펜스투데이]
Tag
#LIG엑스원
#수소연료전지
#수송드론
#디펜스투데이
저작권자 © 디펜스투데이 무단전재 및 재배포 금지
이승준 기자
다른기사 보기",{},True,수소연료전지 기반 수송드론,null,relevant,"이 기사는 LIG넥스원이 수소연료전지 기반의 수송드론 개발을 위해 산학연군 협력 활동을 추진하고 있음을 다루고 있습니다. 상용화 및 전력화 시점은 언급되지 않았지만, 핵심 기술명과 관련 계획을 다루고 있어 군사 기술의 상용화와 관련된 내용으로 볼 수 있습니다."
"신타비아, AMCM의 MAK-4 프린터 2대 도입으로 로켓 생산 능력 확대",2021-01,http://www.defensetoday.kr/news/articleView.html?idxno=3212,"로켓 프린팅 시장 입지 획기적 확대
항공, 방위, 우주 업계를 위해 중요 열 부품을 설계 및 적층 제조하는 신타비아(Sintavia, LLC)가 독일 슈타른베르크 거점의 AMCM GmbH으로부터 M4K-4 프린터 2대를 새로 도입했다고 1월 14일(현지시간) 발표했다.
M4K-4는 상업적으로 크게 성공한 EOS M400-4 프린터의 확장 버전이다. 이들 신형 프린터는 각각 1kW 레이저 4개를 사용해 450mm x 450mm x 1m 크기의 단일 유닛 구성요소를 인쇄한다. 북미 최대급 로켓 인쇄 업체인 신타비아는 새 기계를 사용해 급성장하는 상업용 우주 산업을 겨냥한 추진실 설계 및 제조 포트폴리오를 확대할 계획이다.
EOS M400-4의 아키텍처를 기반으로 한 디자인의 AMCM M4K-4는 4 개의 1kW 레이저로 1m의 빌드 높이를 가진다. (사진: 신타비아)
브라이언 네프(Brian Neff) 신타비아 최고경영자(CEO)는 “3년 전 M400-4를 처음 구입한 이후 신타비아는 로켓 추진실 등에 사용되는 초박형 벽을 쿼드 레이저로 인쇄하는 성공적이고 반복 가능한 가동 절차를 개발하기 위해 엄청난 자원을 투입했다”고 밝혔다. 이어 “이제 총 8대의 M400-4 쿼드 레이저 인쇄기를 보유하게 됐으며 M400-4에 적용해 성공을 거둔 전략이 새 M4K-4 장비에서도 유효할 것으로 기대한다”며 “북미 로켓 인쇄 업계 최초로 상용 우주 분야 고객사에 M4K-4를 확대 제공하게 돼 기쁘다”고 말했다.
EOS GmbH 계열사인 AMCM이 개발한 M4K-4는 EOS M400-4 프린터의 연장선상에 있는 확장 버전으로 더 강력한 레이저와 업그레이드된 냉각 시스템을 갖추고 있다. M4K-4 설계는 주로 기존 방식보다 결합 단계를 줄여 로켓 추진실 조립을 최적화하고자 하는 상용 우주 발사 분야 고객의 수요에 맞춰 이뤄졌다. M4K-4는 현재 생산 중인 대부분의 기존 상용 로켓에 대해 최적화된 재생 냉각 유로를 포함한 전체 추진실 어셈블리를 단일 유닛으로 제조할 수 있으며 제조 복잡성과 소요 시간을 획기적으로 줄일 수 있다. 최신 프린터 2대는 2021년 6월과 7월 인도될 예정이며 고성능 구리와 니켈 합금으로 설치된다.
[디펜스투데이]
Tag
#디펜스투데이
#밀리터리
#국방
#군사
#이슈분석
#현대병기
#획득무기
#무기백과
#디펜스TV
저작권자 © 디펜스투데이 무단전재 및 재배포 금지
이승준 기자
다른기사 보기","{""재료/제조"": [""AM""]}",True,AMCM의 MAK-4 프린터,2021-06 및 2021-07,high,"이 기사는 군사 기술의 상용화를 다루고 있습니다. AMCM의 MAK-4 프린터 2대를 신타비아가 도입했으며, 이를 통해 로켓 생산 능력을 확대할 것이라고 설명합니다. 또한 구체적인 도입 시점(2021년 6월과 7월)도 명시되어 있습니다."
"두산이노베이션모빌리티, 바이코의 혁신적인 솔루션 사용해 수소 연료전지 드론 상용화 성공",2021-01,http://www.defensetoday.kr/news/articleView.html?idxno=3213,"두산이노베이션모빌리티(Doosan Mobility Innovation, 이하 DMI)가 바이코의 혁신적인 솔루션을 사용해 세계 최초로 수소 연료전지 드론 상용화에 성공했다고 밝혔다.
DMI는 혁신적인 에너지 밀도의 수소 연료전지로 구동되는 드론을 통해 원격지에 인도적 구호 물품 전달 등 드론 활용의 새로운 가능성을 열고 있다. 두 시간 비행이 가능한 이 드론은 미국령 버진아일랜드와 제주도에서 인근 섬까지 응급의료물 배송을 비롯해 한라산에 AED 배송 등의 임무를 성공적으로 수행했다. DMI의 수소 연료전지 기술은 확장된 비행거리와 부하 용량을 통해 모바일 로봇 개발을 가속할 수 있는 기반을 마련했다.
이 외에도 비행거리 확장이 가능한 DMI의 드론은 국내 최대 규모의 태양광 발전소인 해남 솔라시도에서 방대한 태양광 패널검사를 성공적으로 완수하고, 상업용 애플리케이션의 가능성을 확인했다. 이러한 동일 조건의 임무를 기존 배터리 드론으로 수행할 경우 6번 이상의 배터리 교체가 필요하다.
파워팩 성능을 최적화하는 고밀도 전력설계
모바일 기기용 수소 연료전지를 개발하기 위해서는 소재 과학에서 시스템 레벨의 설계 최적화에 이르기까지 전반적인 기술 혁신이 수반돼야 한다. 모빌리티의 핵심은 소형화 및 경량화는 물론, 높은 효율성을 실현하는 것이다. 또한 안정적인 장시간 비행이 가능하도록 높은 에너지 출력과 내구성이 결합해야 한다. 이를 위해서는 스택 자체의 경량화는 물론, 높은 전력밀도의 파워 트레인을 구성하고 주변 부품을 포함한 파워팩 전반에 대한 설계를 단순화해 시스템을 완벽하게 최적화해야 한다.
이러한 설계의 핵심은 시스템의 PDN(Power Delivery Network) 구현 및 아키텍처에 있다. DP30 파워팩은 드론의 로터 측과 2개의 스택을 제어하는 컨트롤러 측에 전원을 공급하는 2개의 메인 파워트레인 구조를 가지고 있다. DP30 파워팩은 40V에서 74V에 이르는 넓은 범위의 가변 출력전압을 기반으로 드론의 로터 모터 측에 엄격하게 레귤레이션 된 48V, 12A 출력을 보장하고 스택 컨트롤러 보드 및 팬으로는 12V, 8A 출력이 일관되게 공급될 수 있도록 설계됐다.
DMI는 PDN에서 고효율 및 높은 전력 밀도를 달성하기 위해 바이코(Vicor)의 PRM(Pre-Regulation Module) 벅 부스트 레귤레이터와 ZVS(Zero-Voltage Switching) 벅 레귤레이터를 선택했다. PRM은 최대 74V까지 상승하는 수소 연료전지 스택의 OCV(Open Circuit Voltage)를 지원할 수 있으며, 아래 그림과 같이 48V까지 안정적인 전압 레귤레이션을 수행할 수 있다.
드론의 로터측 PDN에는 바이코의 두 개의 RPM 벅 부스트 레귤레이터(PRM48AF480T400A00)를 병렬로 구성해 로터에서 필요로 하는 12A를 공급한다. 스택의 디지털 컨트롤러 보드를 위한 PDN에는 저전력 PRM(PRM48AH480T200A00)과 48V-12V 변환 ZVS 벅 레귤레이터(PI3546-00-LGIZ)를 사용했다.
DMI는 버진아일랜드에서 응급의료물 배송 시연을 성공적으로 완수 (사진: 바이코)
파워용량별 제품라인 다각화
DMI는 현재 생산 중인 2.6KW급 DP30 파워팩 외에도 파워용량별 제품라인을 다각화할 계획이다. 2021년에 출시 예정인 1.5KW급 수소 연료전지 파워팩을 비롯해 10KW급에 이르는 다양한 용량의 제품을 개발하고, 각 파워팩에 적합한 새로운 구조의 드론 또한 출시할 예정이다.
DMI는 전력에 대한 바이코의 모듈식 접근방식을 활용해 다양한 제품라인을 지원할 수 있는 확장성을 확보하고, 파워용량 확대에 따른 스택 구조 변경이나 파워트레인 및 주변 구성부품, 방열 방식 등에 대한 엔지니어링 문제를 해결하는 데 주력할 방침이다. Vicor를 통해 DMI는 주요 목표들을 더욱 잘 추구할 수 있다. 드론의 비행시간을 연장할 수 있는 높은 에너지 밀도를 통해 수소 연료전지의 경량화 및 소형화를 달성하고, 내구성과 안정성을 높이는 데 중점을 두고 있다.
[디펜스투데이]
Tag
#디펜스투데이
#밀리터리
#국방
#군사
#이슈분석
#현대병기
#획득무기
#무기백과
#디펜스TV
저작권자 © 디펜스투데이 무단전재 및 재배포 금지
이승준 기자
다른기사 보기","{""센서/통신"": [""IR""], ""무기/방어체계"": [""DE""], ""해양/기상"": [""TC""]}",True,수소 연료전지 드론,2021-01,high,"기사에서는 수소 연료전지 드론의 상용화 성공에 대해 다루고 있으며, 구체적인 기술명과 상용화 시점(2021년 1월)을 제시하고 있어 군사 기술의 상용화를 다룬 것으로 볼 수 있습니다."
"그리스, 이스라엘과 협력해 전투기 조종사 훈련 프로그램 개편",2021-01,http://www.defensetoday.kr/news/articleView.html?idxno=2334,"장기적으로는 이스라엘과 캐나다의 항공교육시장 라이벌 구도로 정착할 듯
해외매체들에 의하면 조만간 F-35와 라팔 멀티롤 전투기를 모두 조종할 수 있는 그리스  공군의 조종사들은 이스라엘의 엘빗 시스템즈가 현재 설립하고 운용하기 위해 고용한 10명의 M-346 고급 제트 훈련기를 갖춘 새로운 비행 아카데미에서 훈련을 받을 예정이다.이라고는 소식을 알렸다. 약 16억 8천만 달러의 가치가 있는, 이것은 양국간의 가장 큰 방위 거래이며 그리스의 T-6 텍사스 II 터보프롭트레이너 항공기에 대한 업그레이드뿐만 아니라 국가의 비행 훈련 능력을 완전히 점검하기 위한 다른 항목과 서비스도 포함한다. 지금까지, M-346이 그리스에 의해 완전히 구매될 것인지 아니면 그들이 계약자 소유의 계약자 운영 방식으로 엘빗에 의해 제공될 것인지 발표되지 않았었다.
이스라엘 국방부는 엘빗이 캐나다 CAE과 경쟁하는 국제 입찰에 이어 그리스 공군 훈련 계약을 체결했다고 발표했으며, M-46을 기반으로 한 패키지도 제동된다고 발표했다. 이 계획은 아테네에서 정부에 의해 승인받았지만, 그리스와 이스라엘 국방부의 공식 승인을 받아야 한다.
이스라엘 공군의 M-346 고등훈련기 (사진: 이스라엘 공군)
이 거래는 비행 아카데미 자체와 이탈리아 회사인 레오나르도가 생산한 10대의 M-346 항공기뿐만 아니라, 20년 동안 그리스 공군의 기존 T-6 터보프롭 트레이너의 유지와 업그레이드, 시뮬레이터, 훈련 보조 장치, 그리고 물류 지원의 제공을 모두 포함한다. M-346과 현대화된 T-6 모두 엘빗 항전장비가 장착될 것이다.라고 알려졌다.
베니 갠츠 이스라엘 국방장관은 ""이번 협정은 우리가 그리스와 맺고 있는 훌륭하고 발전적인 관계를 반영합니다.  ""양국의 이익에 도움이 될 장기적인 협력 관계""라고 말했다.
그리스 공군 비행학교는 이미 기초 훈련과 고급 훈련 과정이 있는 펠로폰네소스 반도의 칼라마타에 위치할 것이라고 했다. 이 새로운 비행 아카데미의 커리큘럼은 이스라엘 공군의 모델에 기초할 것으로 기대되는데, 이스라엘 공군은 하체림에 본부를 두고 있으며 M-346과 T-6도 채용하고 있다.
그리스 공군의 노후된 T-2E 버크아이 훈련기 (사진: 그리스공군)
10대의 M-346은 이미 이탈리아, 폴란드, 싱가포르와 함께 운항하고 있는 인기 있는 고등 제트 훈련기다. M-346의 버전은 또한 처음에는 레이시온과 레오나르도에 의해 제공되었고, 그 후에 이탈리아 회사 단독으로 제공되어 미 공군의 T-X 요건을 위해 경쟁하지 못했다. T-X 경쟁은 결국 현재 T-7 레드 호크로 알려진 보잉-사브 기종이  승리했다.
그리스는 노련한 T-2 버크아이 항공기를 대체할 새로운 제트 훈련기들이 절실히 필요했다. 그리스 공군은 항모 운용 능력을 갖춘 연습기로서 미 해군을 위해 설계되었고 1958년에 첫 비행을 한 T-2의 수출 고객 중 한 명이었다. 미 해군은 2015년 마지막 버크아이즈를 퇴역시켰고, T-45 고쇼크들이 그 자리를 대신했다.
냉전시대의 T-2는 더 이상 라팔이나 F-35와 같은 미래 전방 항공기는 말할 것도 없고, 헬레닉 공군 F-16 전투기의 첨단 조종사로 예정된 조종사 훈련에는 적합하지 않은 것이 분명했다. 지난 몇 달 동안, 그리고 이웃 국가인 터키와의 긴장이 고조된 가운데, 그리스는 프랑스로부터 18대의 라팔을 구입할 계획을 발표했으며, 18대에서 24대 사이의 F-35스텔스전투기 구입을 위한 목적으로 미국방부에 공식적으로 정보를 요청했다고 보도되고 있다.
그리스 공군의 T-6A 텍산II 훈련기 (사진: 그리스공군)
항공 아카데미 협정에 따라 현대화를 계획 중인 그리스 T-6 대대는 2002년까지 초창기 및 기초 훈련 역할에서 상징적인 제트 추진 T-37 트윗을 완전히 대체했다. 그리스는 로켓포대, 포대, 무기 훈련을 위한 폭탄 운반을 위한 20대의 예를 포함하여 총 45대의 텍사스 II를 취득했다.
이 새로운 협정은 그리스와 이스라엘 사이의 군사 협력을 증진시킬 수 있는 기회를 제공한다. 조종사 훈련의 측면에서, 이 협력은 이미 이스라엘 공군이 그것의 공군 전술 센터가 주관하는 그리스 공군의 이니오호스 훈련에 참여하는 것을 포함시켰고, 그리스 제트기들도 이스라엘의 상응하는 블루 플래그 기동 훈련을 비행했다. 이스라엘 공군은 그리스에 있는 동안 키프로스의 방어를 위해 처음 조달한 러시아제 S-300 지대공 미사일 시스템에 대한 훈련 임무를 수행했으며, 이는 이란이나 시리아에 대한 잠재적 임무에 대한 준비로 여겨져 왔다. 한편 그리스는 또 이스라엘 항공우주산업(IAI)으로부터 해상용으로 제작된 헤론 무인기 3대를 임대받아 전력증강 효과가 절실히 필요한 성능을 제공할 것이다.
이스라엘은 또한 동부 지중해에서 에너지 비축에 대한 경쟁자들의 주장 속에 그리스와 더 긴밀한 군사 관계를 맺고 있는 지역 군사 강국 중 하나일 뿐이다. 예를 들어 발표된 라팔 구입에 앞서, 그리스 공군은 크레타에서 프랑스군과 합동훈련을 했다. 그리스는 또한 지난 8월 연합훈련으로 아랍에미리트에서 F-16E/F 데저트팰콘과 합동훈련을 했다. 한달 전, 그리스 공군 F-16은 USS 드와이트 D의 F/A-18 슈퍼 호넷과 함께 훈련을 했다. 크레타 남동쪽에 있는 아이젠하워는 양국간 군사 협력의 일환으로 활동하고 있다.
합동비행을 하는 T-6A, M-346, T-2E 훈련기들 (사진: 그리스공군)
그리스 공군 비행 아카데미가 다른 나라의 조종사들을 가르칠 수 있는 가능성이 있다.고 보고 있다.  단일 위치에서 전체 주파수 훈련 센터의 가용성은 용량이나 시설 부족으로 인해 자체 훈련 요구를 충족할 수 없는 공군에게 매력적일 수 있다. 예를 들어, 전용 훈련장이 없는 키프로스 공군은 T-6과 T-2를 포함하여 그리스에서 훈련하기 위해 비행사들을 파견할 것으로 보고 있다.
2000년 오스트리아, 덴마크, 독일, 헝가리, 이탈리아, 사우디 아라비아, 싱가포르, 아랍에미리트연합, 영국 등의 조종사들에게 CAE를 가르쳤던 캐나다 내 NATO 비행훈련 프로그램의 성공에서 입증되었듯이 국제 고객들에게 훈련 서비스를 제공하는 것은 인기가 있는 솔루션이다. 캐나다의 ITPS가 전술항공훈련 서비스 제공 업체로서 KAI의 FA-50 파일팅이글 경전투기를 전술훈련과 어그레셔용으로 제공할 준비를 하고 있다.
한편 유럽에서는 이탈리아 공군과 레오나르도가 M-346 전투기 훈련을 위해 국제비행훈련학교(IFTS)에 협력하고 있다. IFTS에 대한 작업은 지난 달 사르디니아 섬의 새로운 고향인 데키마누에서 공식적으로 시작되었다. 첨단 라이브 및 합성 훈련 보조장비에 좋은 날씨까지 더해지면, 그리스 공군 비행학교는미래에 다른 나라의 조종사 생도들을 모을 수 있을 것이다.
재정적인 어려움에도 불구하고 아테네는 그리스 공군이 창끝을 내밀면서 대규모 현대화에 전념해 왔다. 상당한 규모의 제 4세대 전투기 부대가 주둔하고 있고, 더 발전된 라팔과 F-35를 인수할 계획으로, 그리스 공군으; 조종사 훈련 체계가 개편되는 것이다.
이스라엘 IAI가 그리스 국방부와 함께, 레오나르도 M-346을 기반을 한 비행훈련 학교를 열 준비를 하고 있다.
빠르게 준비가 되어, 그리스 항공학교가 열면 유럽의 조종사들을 그리스레서 배출하고, FA-50의 유럽에서 입지는 더더욱 줄어들 것이다.
캐나다의 비행교육 기관과 KAI는 협력해서 빠르게 기체를 공급해서, 지속적인 교육생 배출로 FA-50에 대한 조종사들의 친밀도를 높여서 비즈니스에 활용하기를 바란다.
[디펜스투데이]
Tag
#그리스공군
#이스라엘
#IAI
#M-346
#그리스비행훈련학교
#디펜스투데이
저작권자 © 디펜스투데이 무단전재 및 재배포 금지
이승준 기자
다른기사 보기","{""AI/컴퓨팅"": [""AI""], ""항공기"": [""F-35"", ""F-16"", ""전투기"", ""고등훈련기""], ""함정/항공기"": [""USS""], ""항공기/전투기"": [""FA-50"", ""T-X""], ""방산기업"": [""KAI""]}",True,M-346 고급 제트 훈련기,2021-01,relevant,기사에서 그리스 공군이 M-346 고급 제트 훈련기를 도입하여 조종사 훈련을 실시할 계획이라고 언급하고 있어 기술 상용화와 관련이 있습니다. 다만 정확한 전력화 시점은 명시되어 있지 않습니다.
"한화시스템, 美 카이메타에 투자, 저궤도 위성 안테나 시장 조기선점",2020-12,http://www.defensetoday.kr/news/articleView.html?idxno=2277,"카이메타, 전자식 위성통신 안테나 상용화 성공 벤처 기업…메타구조 기술 보유
한화시스템(대표이사 김연철)이 저궤도 위성 안테나 시장의 핵심 기술을 선점하기 위해 전방위적인 투자에 나선다.
한화시스템은 미국의 전자식 빔 조향 안테나(ESA, Electronically Steerable Antenna) 기술 선도기업인 카이메타(Kymeta)에 3000만 달러(한화 약 330억)를 투자해 상호협력을 위한 전략적 파트너십을 맺는다고 12월 24일 밝혔다.
카이메타는 현재 전자식 위성통신 안테나 제품을 상용화 하여 판매하고 있는 기술벤처 기업이다. 한화시스템은 내년부터 카이메타 위성 안테나 제품의 한국시장 독점 판권을 확보하여 국내외 시장 개척에 나설 예정이며, 양사는 차세대 전자식 위성통신 안테나 공동개발을 계획하고 있다.  
올 11월 출시된 카이메사社의 전자식 빔 조향 안테나(ESA) 신제품 'U8' (사진: 한화스템)
  2012년 미국 워싱턴주에 설립한 카이메타는 메타구조 기술 기반의 전자식 위성 안테나 상용화에 성공, 위성통신을 통한 인터넷 접속이 필요한 오지나 해상 등에서 차량·버스·기차·선박 등에 부착해 사용하는 이동형 ESA 제품과 통신 서비스를 제공하는 유망 기업이다. 현재 메타구조 위성통신 안테나의 미국 및 국제 특허와 기술자산을 보유하고 있다. 재난·재해·분쟁지역 활용도가 높아 군과 정부 중심의 수요가 증가하고 있는 것으로 알려졌다.
가격 경쟁력·양산성·제품 확장성에서 높은 평가를 받고 있는 카이메타의 안테나 제품은 메타구조의 위성통신 빔 조향 기술을 구현하고 있다. 카이메타 안테나의 메타구조는 위성 안테나 유리기판 상에 미세 패턴을 형성하여, 전파·소리·빛의 파장과 형태를 조절해 위성과 통신을 용이하도록 하는 기술이다. 위성통신 안테나는 물론, 홀로그램·투명망토 등 빛과 음파를 상호작용하도록 설계하는 새로운 응용분야에 적용되고 있다.
한화시스템은 올 6월 영국의 위성 안테나 기술 벤처기업 페이저 솔루션(Phasor Solutions Ltd.)의 사업 및 자산을 인수해 한화페이저를 설립하며, 미래 신성장 동력이 될 저궤도 안테나 시장 조기 선점에 적극 나선 바 있다.
카이메사社의 이동형 ESA 제품이 차량에 부착된 모습 (사진: 한화시스템)
한화시스템은 실용성과 시장성이 높은 카이메타의 메타구조 기반 안테나 기술과 한화페이저의 반도체칩 기반 고성능 안테나 기술을 동시에 확보하여 해상·상공·지상 전 영역의 저궤도 위성통신 안테나 사업 역량을 높여나간다는 전략이다.
한화시스템 김연철 사장은 “한화페이저 설립에 이어 카이메타 신규 투자를 통해 저궤도 위성 안테나 시장에서 기술 포트폴리오를 다각화하는 등 글로벌 선도기업으로 자리잡고자 한다”며, “당사가 보유한 업계 최고의 방산 통신·레이다 기술을 바탕으로, 우주 인터넷 시대의 항공우주 시스템 역량을 강화해나갈 것이다”라고 밝혔다.
위성통신 안테나 관련 시장규모는 지속 성장세를 보이며 2026년엔 50조원에 달할 것으로 예측하고 있다. 미국의 아마존·스페이스X와 영국의 원웹(OneWeb) 등이 저궤도 위성통신 사업에 본격적으로 뛰어들고 있다.
[디펜스투데이]
Tag
#카이메타
#위성통신안테나
#투자
#한화시스템
#디펜스투데이
저작권자 © 디펜스투데이 무단전재 및 재배포 금지
신선규 기자
다른기사 보기","{""우주/위성"": [""저궤도"", ""위성통신""], ""센서/통신"": [""EW""]}",True,메타구조 기반 전자식 위성통신 안테나,2021-01,high,기사에 따르면 한화시스템이 미국 벤처기업 카이메타에 투자하여 해당 기술의 국내 독점 판권을 확보하고 상용화를 계획하고 있음. 기술명과 상용화 예정 시기(2021년 1월)가 명확히 제시되어 있음.
"미공군, F-22, F-35가 처음으로 양방향 데이터 보안 공유를 시연",2020-12,http://www.defensetoday.kr/news/articleView.html?idxno=2263,"기종과 데이터언어가 달라도, 데이터 양방향 공유가 가능하게 작업중인 미군 전투네트워크
미군은 게이트웨이도 공유하면서 합동군으로 통합하는 작업에 첫발을 내디였다고 밝혔다.
12월 9일, 합동군은 5세대 항공기가 처음으로 여러 출처와 함께 그리고 처음으로 자신들의 고유 보안 디지털 ""언어""로 실행 가능한 운용 데이터를 공유하기 위해 오랜 연결 한계를 극복하면서 군사 사물 인터넷 달성을 위한 또 다른 발걸음을 내디뎠다.
이 테스트는 첨단 전투 관리 시스템을 뒷받침하는 개방형 아키텍처의 혁신적인 전투 영향에 대한 최근 시연이다.
미공군 F-22 랩터와 F-35A 라이트닝 II가 XQ-58A 발키리 무인 항공기와 함께 애리조나 주 미 육군 유마 시험장 시험장에서 12 월 9 일 일련의 시험을 치르는 동안 편대비행을 했다. 통합 테스트는 작년 12 월 공군 첫 비행대에서 시작된 일련의 게이트원지상 테스트를 따른다. (사진: USAF)
이러한 공동 노력에는 해병대 F-35B 기종과 공군 F-22 랩터 및 F-35A 라이트닝 II 와 처음으로 XQ-58A 발키리와 비행을 했다. 1차 테스트는  네바다 주 넬리스 공군기지에서 준비 시험과 함께 애리조나 주 유마 증명장에서 실시되었다.
관문공군 수명주기 관리 센터의 한 프로그램 관리자인 케이트 스토우 중령은 18개의 테스트 목표를 세우고 9개의 테스트 목표를 성공적으로 달성했다고 밝혔다.
""테스트는 가능성의 한계를 뛰어넘고, 가장 어려운 문제가 어디에 있는지 찾아내고, 어려운 문제 세트를 극복하기 위해 창의적인 솔루션을 채택하는 것입니다.""라고 스토운 중령은는 말했다. ""그 날의 진정한 승리는 관문을 보는 것이다.ONE은 여러 플랫폼과 여러 도메인에 걸쳐 안전한 양방향 변환 데이터 경로를 구축한다. 그게 ABMS의 핵심이다.""
XQ-58A 발키리 무인기가 2020년 12월 9일 애리조나의 미육군 유마 훈련장에서 발사되고 있다. Fla의 제 46 시험 비행대대가 에글린 공군 기지와 함께 일하는 공군 연구소와 공군 수명 주기 관리 센터 직원으로 구성된 획득 팀이 함께 역사적 시험을 실시하기 위해 모였다. (사진: USAF)
5세대 전투기는 일반적으로 서로 통신하고 기존 전술 데이터 연결을 통해 지휘 및 제어 센터로 제한되며, F-35용 다기능 고급 데이터 링크(F-22용 비행 중 데이터 링크)는 기본적으로는  호환되지 않는다. 게이트웨이는 형식간 변환 뿐만 아니라, 테스트에서는 일반적으로 운영 센터 또는 전술적 지상 노드로 데이터를 이동하여 처음으로 멀티 도메인 전투 공간의 가장자리에 있는 조종석으로 직접 밀어넣는다.
또한, 시험은 각 플랫폼의 위치 데이터를 게이트을 통해 외부에 잇는 각 플랫폼으로 데이터를 밀어내어 지상 또는 공중에서 전투 관리자를 사용하여 운영을 보다 효과적으로 조정할 수 있다.  게이트 또한 한 개의 페이로드가 지상 운용자의 트랙이나 신호를 양쪽 전투기에 전달했고 F-35A에서 F-22로 신호를 처음으로 전달했다. 이러한 양방향 통신 경로는 플랫폼의 고유 디지털 ""언어""에서 발생했으며 데이터는 항공기의 유기 시스템을 통해 표시되었다.
제 59 시험 및 평가 비행대대 F-35 조종사인 에릭 라이트 중령은 는 ""게이트웨이원의 페이로드는 실제로 가능한 것을 보여주었고 (모든 도메인 공동 명령 및 제어)를 달성하기 위한 큰 발걸음을 내디뎠습니다.""라고 말했다.  ""이러한 중요 기능은 모든 영역에 걸쳐 고급 전투원과 다른 병력 및 전투 관리자 간의 추가 연결을 제공합니다. 미래는 유망하고, 관문도 유망하다.ONE은 F-22와 F-35가 이전에는 한번도 액세스하지 못했던 데이터 소스에 연결하여 데이터를 공급할 수 있도록 해줍니다. 이러한 미래 연계는 조종석에 추가적인 전장 인식을 가져오고 미군 전체에 통합 화재를 일으킬 것입니다."" 라고 밝혔다.
12월 9일 XQ-58A 발키리 시험 비행 중 한 원격 조종사가 애리조나 미육군 유마 훈련장에 무전기로 통신하고 있다. 작년 12월 공군 첫 번째 비행대에서 시작된 한 가지 지상 시험 후, 운영자는 시험 비행 동안 항공기가 처음으로 공군 F-22 랩터와 F-35A 라이트닝 II를 따라 비행하는 동안 항공기를 통제했다. 이 통합 테스트는 일련의 게이트웨이를 따르고 있다. (사진: USAF)
성공적인 추가 테스트에는 전술 목표 네트워크 기술 파형에 대한 상용 인터넷 라우팅 표준을 사용하는 KC-46 페가수스 탱커와 지상 노드 간의 통신 경로 설정 및 F-35B가 지상 컨트롤러에 풀 모션 비디오를 전송하는 작업이 포함되었다.
공군 및 우주군 수석 설계자인 프레스턴 던랩은 ""5세대 플랫폼이 공동 침투 팀의 쿼터백이 될 예정이라면, 우리는 이러한 쿼터백과 운영상 관련된 방식으로 통신할 수 있어야 하며, 쿼터백과 그들과, 그리고 그들과 데이터를 공유할 수 있어야 합니다. 수년 동안 사람들은 그것이 이루어질 수 없다고 말했다. 오늘 이 팀은 불가능을 가능하게 만드는 쪽으로 또 다른 문을 열었다.""라고 말했다. ""단 12개월 만에, 이 팀은 작전 센터의 힘을 전술적인 가장자리에 있는 조종석에 투입할 수 있는 세계에 문을 열었습니다.""
미군은 모든 테이더 플랫폼을 하나로 묶어서 합동군으로 변신과 작전능력을 크게 향상시키는 위치로 들어가고 있다.
유기적으로 연결되어 작전을 구사할 경우 적은 어디서 아무것도 모르고 날아오는 미사일과  UAV에 속수무책으로 당할수 있다는 것이 더 현실적으로 다가 오고 있다.
[디펜스투데이]
Tag
#미군
#USAF
#에글린AF
#유직적데이터통합시험
#에드워드공군기지
#디펜스투데이
저작권자 © 디펜스투데이 무단전재 및 재배포 금지
이승준 기자
다른기사 보기","{""무인체계"": [""UAV"", ""XQ""], ""센서/통신"": [""ABMS""], ""항공기"": [""F-35"", ""XQ-58A"", ""전투기"", ""KC-46"", ""F-22""]}",True,"['데이터 보안 공유', 'F-22', 'F-35', 'XQ-58A 발키리', '네트워크']",2020-12,high,"이 기사는 미군이 F-22, F-35 등 5세대 항공기와 XQ-58A 발키리 무인기 간 데이터 보안 공유 시연을 다루고 있습니다. 이는 기술의 실제 전력화 및 상용화에 관한 내용이므로 높은 관련성을 가집니다."
"현대로템, 수소 충전인프라 신사업 가속화",2020-12,http://www.defensetoday.kr/news/articleView.html?idxno=2217,"당진 수소출하센터를 수주하면서 수소출하센터 사업에도 진출
현대로템이 수소추출기 국산화에 박차를 가하며 수소충전 인프라 사업 고도화에 속도를 올리고 있다.
현대로템은 10일 열교환기 국산화를 완료, 이를 통해 수소추출기의 국산화율을 80%까지 끌어올렸다고 밝혔다. 또 2021년 3월까지 소모성 자재인 촉매제를 제외한 전 부품의 국산화를 완료한다고 덧붙였다.
특히 현대로템은 외산화 비율이 높은 압력변동 흡착 용기(PSA, Pressure Swing Absorption)의 국산화도 이미 완료했다고 말했다. PSA는 수소추출기에서 생산된 수소의 불순물을 걸러내 고순도의 수소를 추출하는 데 중요한 역할을 하는 장치다.
현대로템은 PSA를 비롯한 송풍기와 컴프레셔 등 수소추출기 핵심부품을 국산으로 적용해 국내 35여개의 협력업체와 협업하고 있으며 이를 통해 1500여개의 국내 일자리를 창출하고 있다.
현대로템은 천연가스에서 수소를 추출하는 장치인 수소추출기뿐 아니라 수소를 고압으로 압축하는 압축기, 차량에 수소를 주입하는 디스펜서 등 수소충전소 구축에 있어 수입의존도가 높은 핵심설비의 국산화도 함께 추진한다.
현대로템 당진 수소출하센터 조감도 (사진: 현대로템)
현대로템은 2021년까지 디스펜서와 압축기의 독자모델을 개발하고 국산화를 완료 시켜 향후 수소충전소 구축에 필요한 설비들을 자체 기술력으로 생산해 나갈 계획이다.
현대로템은 수소추출기와 압축기, 디스펜서 등의 국산화가 완료되면 외산 대비 15% 이상 비용을 절감할 수 있을 것으로 예상하고 있다. 또 가격 경쟁력을 바탕으로 충전소의 안정적인 운영과 성능보증, 지속적인 유지보수가 가능해 수소충전소 시장에서 높은 경쟁력을 갖출 수 있을 것으로 내다보고 있다.
정부는 2019년 1월 2040년까지 국내 수소전기차 누적 290만대, 수소충전소 1200곳 구축 등을 골자로 하는 ‘수소경제 활성화 로드맵’을 발표하고 10월 수소충전소를 2022년까지 310기, 2025년까지 450기 구축 계획을 발표하는 등 수소 산업 육성을 언급했다.
현대로템은 5월 충청북도 충주와 강원도 삼척에서 수소추출기 3대를 수주하는 등 수소충전 설비공급 사업을 본격화하고 있다. 또 6월에는 하이넷(수소에너지네트워크)이 추진하는 당진 수소출하센터를 수주하면서 수소출하센터 사업에도 진출하게 됐다.
아울러 7월에는 의왕 연구소 부지에 연간 20대의 수소추출기를 생산할 수 있는 공장 구축을 시작해 안정적인 생산능력도 확보했다. 현대로템은 안정적인 생산 능력과 기술 국산화를 통해 수소사업 고도화를 추진한다는 전략이다.
현대로템은 수소출하센터 수주와 의왕 수소추출기 공장 구축을 계기로 2021년 약 2500억원 규모의 지자체 및 민간에서 발주하는 수소추출기와 수소충전 인프라사업 입찰에 참여할 계획이다.
현대로템은 국내 수소충전 인프라 산업은 시장 형성 초기 단계로 해외 부품이 대부분이라며 수소충전설비 기술의 국산화로 저렴한 비용을 앞세워 설계·시공·유지보수까지 통합 솔루션을 제공하고 국산화를 통한 대기업과 중소기업 간 상생 구도를 함께 마련해 나갈 것이라고 밝혔다.
한편 현대로템은 수소 충전인프라 사업과 관련해 수소전기트램도 개발하고 있다. 현대로템은 8월 울산시와 국내 첫 수소전기트램 도입을 위한 양해각서(MOU)를 체결하고 수소전기트램과 수소충전소를 패키지화해 공급할 계획이다. 또 11월에는 한국철도기술연구원과 수소전기열차 기술개발 및 상용화를 위한 양해각서를 체결하는 등 기술 경쟁력 확보를 위해 노력하고 있다.
[디펜스투데이]
Tag
#현대로템
#수소충전인프라사업
#수소출하센터
#디펜스투데이
저작권자 © 디펜스투데이 무단전재 및 재배포 금지
장훈 기자
다른기사 보기",{},True,수소 충전 인프라,2021-03,relevant,"이 기사는 현대로템이 수소 충전 인프라 관련 핵심 설비의 국산화를 추진하고 있으며, 2021년까지 디스펜서와 압축기의 독자모델 개발 및 국산화 완료를 계획하고 있음을 다루고 있습니다. 이는 군사 기술의 상용화라기보다는 수소 산업 육성을 위한 노력으로 볼 수 있습니다."
"현대로템, 한국형 열차신호시스템 첫 수주",2020-12,http://www.defensetoday.kr/news/articleView.html?idxno=2244,"세계 최초로 LTE-R을 활용한 한국형 열차신호시스템 상용화
현대로템이 세계 최초로 LTE-R을 활용한 한국형 열차신호시스템 상용화에 나선다.
현대로템은 16일 한국철도공사(이하 코레일)에서 발주한 KTX 국산화 차상신호장치(KTCS-2, Korea Train Control System 2) 구매 사업을 수주했다고 밝혔다.
이번 사업은 국가 연구개발과제로 개발된 KTCS-2 기술의 안정성과 호환성을 검증하고 기술을 상용화하기 위한 사업으로 현대로템은 세계 최초로 LTE-R을 이용한 열차신호시스템의 첫 상용화 실적을 확보할 수 있게 됐다. 2022년 완료를 목표로 추진되는 이번 사업은 전라선 익산~여수엑스포 180km 구간에 시범적으로 적용될 예정이다.
KTCS-2 신호시스템이 적용될 KTX1 열차 (사진: 현대로템)
KTCS-2 기술은 4세대 무선통신 기반의 철도 통신망(LTE-R)을 활용해 열차를 실시간으로 제어할 수 있는 신호시스템이다. 현대로템은 2015년부터 약 3년에 걸쳐 KTCS-2 차상신호장치를 개발에 매진했으며 특히 국제안전평가기관인 독일 TUV-SUD로부터 안전무결성 기준 최고 등급인 SIL 4 인증을 획득한 바 있다.
현재 국내에서 운영 중인 고속철도와 광역철도에 적용된 철도신호시스템은 노선마다 각기 다른 방식의 신호시스템이 사용돼 상호 호환이 되지 않는다. 때문에 KTX 열차가 고속노선이 아닌 일반노선이나 화물 노선에서 운행하기 위해서는 각 노선에 해당되는 신호장치를 열차에 추가로 설치해야만 했다.
또 무선통신이 아닌 선로를 활용해 열차의 위치를 확인하는 궤도회로 방식으로 열차를 제어하기 때문에 관제실에서 열차로만 정보 전달이 가능해 열차의 고장 상태 및 내부 상황 확인이 어려운 불편함이 있었다.
하지만 KTCS-2로 철도신호시스템이 표준화되면 신호시스템 제약 없이 철도차량을 다양한 노선에 투입할 수 있고 실시간으로 열차와 관제실 간 양방향 통신이 가능해 운행 효율성이 향상될 뿐 아니라 긴급상황에 신속한 대응도 가능하게 된다.
현대로템이 개발한 KTCS-2 차상신호시스템의 시장규모는 2024년까지 약 4000억원에 달할 것으로 예상된다. 국가철도공단은 이번 시범운영 결과를 바탕으로 전국 모든 노선에 KTCS-2를 순차적으로 확대 설치 방안을 밝힌 바 있다.
현대로템은 11월 KTCS-M(한국형 도시철도신호시스템) 수주에 이어 이번 KTX 국산화 차상신호장치 사업을 통해 KTCS 관련 기술 모두 상용화 실적을 보유하게 됐으며 이를 바탕으로 신호시스템 사업 수주를 확대해 나간다는 전략이다.
현대로템은 최적화된 신호시스템을 납품해 KTCS-2 시범운영이 성공적으로 수행될 수 있도록 최선의 노력을 다할 것이라며 이번 수주는 그간 연구개발 성과로 이를 바탕으로 한 추가 사업 수주를 위해 영업역량을 집중할 계획이라고 밝혔다.
한편 현대로템은 2018년부터 국가연구과제로 기존 궤도 시스템에서 탈피한 완전 무선기반의 신호시스템인 KTCS-3를 활용한 고속철도용 자동운전 시스템을 2020년 말까지 개발할 계획으로 신호시스템 신기술 개발에 힘쓰고 있다.
[ 디펜스투데이]
Tag
#현대로템
#한국형열차신호시스템
#디펜스투데이
저작권자 © 디펜스투데이 무단전재 및 재배포 금지
이치헌 기자
다른기사 보기","{""AI/컴퓨팅"": [""AI""], ""센서/통신"": [""UV"", ""LTE""], ""재료/제조"": [""TEM""], ""해양/기상"": [""TC""]}",True,LTE-R 활용 한국형 열차신호시스템 (KTCS-2),2022,high,"본문에 따르면 현대로템이 세계 최초로 LTE-R을 활용한 한국형 열차신호시스템 KTCS-2의 상용화에 나섰으며, 2022년 완료를 목표로 전라선 구간에 시범 적용될 예정입니다. 따라서 이는 군사 기술의 상용화에 해당하며, 주요 기술명과 상용화 시점이 명확하게 제시되어 있습니다."
"한화-美육군, 첨단 무기체계 공동 연구개발",2020-12,http://www.defensetoday.kr/news/articleView.html?idxno=2242,"㈜한화·한화디펜스, 美전투력발전사령부와 공동 연구개발 협정 체결
한화그룹 방산계열사와 미 육군이 첨단 무기체계와 주요 구성품 등에 대한 공동 연구개발에 나선다.
㈜한화(대표이사 금춘수·김승모)와 한화디펜스(대표이사 손재일)는 12월 10일 미 육군 전투력발전사령부 무장센터(DEVCOM AC )와 공동 연구개발 협정(CRADA)을 맺었다.
미 전투력발전사령부 관계자들이 지난해 11월 ㈜한화 여수 사업장을 방문해 기념촬영을 하고 있다. (사진: 한화)
이 협정은 미 정부가 연구기관과 대학, 기업, 국가 간의 공동 연구개발을 통해 다양한 분야의 기술 이전을 촉진하기 위해 만든 제도로, 한국 기업이 미 육군과 관련 협정을 체결한 건 이번이 처음이다. 
DEVCOM 고위급 대표단은 지난해 11월 한국을 방문해 한화 주요 생산시설을 둘러보고 미국은 물론 글로벌 군수시장을 타깃으로 공동 연구개발 할 수 있는 주요 무기체계와 구성품 등에 대해 논의한 바 있다.
버나드 샴포 한화 미주사업부 부사장 (前미8군 사령관) (사진: 한화)
양 측은 이번 협정 체결에 따라 앞으로 무기체계 공동 연구개발에 필요한 정보와 지식, 기술 등의 상호 교류 또는 이전을 통해 주요 방산 장비와 기술 관련 공동 연구개발 및 분석, 시험평가 등에 나선다. 연구개발 결과에 따라 상용기술 전환도 가능하다.
이에 따라 앞으로 진행될 공동 연구개발을 통해 양 측은 차세대 무기체계 및 탄약 솔루션 개발의 발판을 마련할 수 있을 것으로 기대하고 있다.
2019 AUSA 전시회 한화 부스 (사진: 한화)
한편, 최근 호주군의 주요 전력증강 사업에서 한화 방산 장비가 최종경쟁을 펼치고 있는 가운데, 금번 한-미 공동 연구개발 협정은 글로벌 방산 시장에서 한화 방산계열사의 기술력과 인지도를 더욱 높이는 계기가 될 것으로 전망된다.
한화디펜스가 개발한 K9 자주포는 지난 9월 호주 육군의 자주포 획득 사업(Land 8116)의 우선협상대상 장비로 선정됐으며, 레드백(Redback) 미래형 궤도장갑차는 지난해 9월  최신 장갑차 도입 3단계 사업(Land 400 Phase3)의 최종 2개 후보 중 하나로 압축된 바 있다.
버나드 샴포 (Bernard Chamoux) 한화 미주사업부 부사장은 “CRADA 체결은 역사적이고 고무적인 일”이라며 “이는 발전하고 있는 대한민국 방산 부문의 역량을 인정받은 것일 뿐 아니라 한미 동맹이 더욱 강화되는 계기가 될 것”이라고 밝혔다.
[디펜스투데이]
Tag
#한화
#한화디펜스
#공동 연구개발 협정
#CRADA
#디펜스투데이
저작권자 © 디펜스투데이 무단전재 및 재배포 금지
이승준 기자
다른기사 보기","{""AI/컴퓨팅"": [""LAN"", ""AR""], ""무기/방어체계"": [""DE""], ""재료/제조"": [""AM""], ""의료/생체"": [""RNA""], ""연구/프로그램"": [""CRADA""], ""지상장비"": [""K9""]}",True,"첨단 무기체계, 주요 구성품",,relevant,"기사는 한화그룹과 미 육군 간의 첨단 무기체계 및 주요 구성품에 대한 공동 연구개발 협정 체결을 다루고 있습니다. 이를 통해 차세대 무기체계 및 탄약 솔루션 개발의 발판을 마련할 것으로 기대되나, 구체적인 상용화/전력화 시점은 언급되지 않았습니다."
동인광학 열영상 도트복합조준장비 영상,2020-12,http://www.defensetoday.kr/news/articleView.html?idxno=2189,"동인광학의 열영상 도트복합조준장비가 신속시범획득 사업에 선정
방위사업청은 미래 전장을 바꿀 민수분야 혁신기술을 신속하게 국방분야에 적용하기 위한 상용 스마트폰 기반 소부대 전투 지휘체계 등 7건의 신속시범획득 사업 계약을 체결했다고 밝혔습니다.
이번에 계약 체결한 사업은 인공지능, 로봇기술, 드론 등 미래 신기술이 지배하는 전장환경 하에서 효율적 전투수행이 가능한 상용 스마트폰 기반 소부대전투지휘체계, 초연결 기반 스마트 개인 감시체계 , RADAR 연동 안티드론 통합솔루션, 다목적 무인차량, TICN 전술이동통신망 중계기, 열영상 도트복합조준장비, 지능형 항재밍 센서 등 7개 사업입니다.
열영상 도트복합조준장비는 기관총 사격 시 조준경과 단안형 야간투시경을 별도로 운용하던 것을 열상 조준경과 레이저거리측정기를  일체형으로 제작하여, 야간 전투상황에서도 신속·정확한 조준사격이 가능합니다.
또한 지휘통제소 지휘관이 조준창의 열영상 정보를 이용하여 현장 교전상황 등을 실시간으로 확인 가능합니다.
[디펜스투데이]
Tag
#방위사업청
#동인광학
#열영상 도트복합조준장비
#신속시범획득 사업
#디펜스투데이
저작권자 © 디펜스투데이 무단전재 및 재배포 금지
이승준 기자
다른기사 보기","{""AI/컴퓨팅"": [""인공지능"", ""AR""], ""센서/통신"": [""지휘통제""], ""첨단기술"": [""radar""]}",True,열영상 도트복합조준장비,2020-12,high,"기사에서 군사 기술의 상용화/전력화/배치를 다루고 있으며, 열영상 도트복합조준장비라는 구체적인 기술명과 신속시범획득 사업 선정이라는 배치 시점이 명시되어 있음."
"동국제강, 국내 최고 강도 ‘기가 철근’ 개발",2020-12,http://www.defensetoday.kr/news/articleView.html?idxno=2186,"기가 철근은 항복강도 1014MPa급으로 국내에서 개발된 철근 중 최고 강도의 제품
동국제강이 국내 최초로 항복강도 1GPa급 철근(이하 기가 철근) 개발에 성공했다.
동국제강이 연구개발에 성공한 기가 철근은 항복강도 1014MPa급으로 국내에서 개발된 철근 중 최고 강도의 제품이다.
기가 철근은 1㎠당 12.2t(중형차 7.6대)의 하중을 견딜 수 있는 강도의 철근으로, 5.3t(중형차 3.3대)의 하중을 견딜 수 있는 일반적인 철근(SD400) 대비 강도가 2배 이상인 초고강도 철근이다.
동국제강은 기가 철근이 장대교량, 초고층 빌딩, 격납 구조물 등 높은 강도가 요구되는 시공 현장에 긴장재로 쓰일 것으로 기대하고 있다. 긴장재란 콘크리트 구조물 건축 시 큰 하중이 발생했을 때 콘크리트에 균열이 발생하지 않도록 콘크리트 내부 또는 외부에 시공되는 강재다.
동국제강이 국내 최고 강도 기가 철근을 개발했다 (사진: 동국제강)
유럽, 일본 등 해외에서는 기가급 강도의 철근이 대형 철근콘크리트 구조물 건축 현장에서 보편적으로 사용되고 있으나, 기가 철근이 개발되지 않은 국내는 단가가 비교적 높은 강선 등으로 대체 사용되고 있다. 동국제강의 기가 철근 개발로 공사 원가 절감, 공기 단축 및 콘크리트 구조물의 구조적 성능 향상 등에 기여할 것으로 기대된다.
동국제강은 1961년부터 철근을 생산, 2000년대 초고장력 철근 시대를 개척한 국내 최고 경쟁력의 철근 메이커다. 2010년부터 국내 최초 내진 철근 개발, 국내 최장 코일철근 상용화, 국내 최초 내진용 코일철근 개발 등으로 시장을 선도했으며 이번에 국내 최초 기가 철근 개발에 성공하며 국내 철근 분야의 선두 주자임을 입증했다.
‘기가 철근’ 개발에 성공한 동국제강은 제품 상용화를 위해 추가적인 연구 개발을 추진해 시장을 선도해 나갈 계획이다. 또한 주거 안전 증진과 직결되는 건축구조용 철강재의 품질 향상을 위해 지속적인 노력을 기울인다는 방침이다.
[디펜스투데이]
Tag
#동국제강
#기가철근
#긴장재
#디펜스투데이
저작권자 © 디펜스투데이 무단전재 및 재배포 금지
이승준 기자
다른기사 보기",{},True,기가 철근,2020-12,relevant,"이 기사는 동국제강이 국내 최초로 항복강도 1GPa급 철근인 '기가 철근'을 개발했다는 내용을 다룹니다. 기가 철근은 일반 철근 대비 강도가 2배 이상 높은 초고강도 철근으로, 장대교량, 초고층 빌딩 등 건설 현장에서 긴장재로 사용될 수 있습니다. 상용화 계획이 언급되어 있으며, 시장 선도를 위한 추가 연구개발도 진행될 예정입니다. 따라서 이 기사는 군사 기술의 상용화와 관련된 내용을 다루고 있습니다."
"해군 장교, 첨단 에너지 분야 세계 최고권위 학술지 논문 등재",2020-12,http://www.defensetoday.kr/news/articleView.html?idxno=2185,"전영민 소령(진), 고체 상태의 전해질 적용한 리튬 배터리 개발 연구성과 발표
해군 장교가 작성한 학술논문이 전군 최초로 첨단 에너지분야 세계 최고권위를 자랑하는 국제 학술지 ‘어드밴스드 에너지 머티리얼즈*(Advanced Energy Materials)’에 등재됐다.
   * ‘어드밴스드 에너지 머티리얼즈’ : 첨단 에너지화학 분야 SCI급 저널 중 상위 1.7% (저널 영향력 평가 국제 학술지표인 JCR(Journal Citation Reports) 랭킹)에 해당하는 세계 최상급 수준의 학술지(논문 영향력 지수(IF, Impact Factor) : 25.245)
국제 학술지 '어드밴스드 에너지 머티리얼즈'에 게재된 『리튬 덴드라이트 형성 억제 및 양이온의 선택적 운반 가속화 특성을 갖는 고분자 점토 나노 복합체 고체 전해질』논문. 전영민 소령(진)이 제1저자로 기재되어 있다. (사진: 해군)
전영민 소령(진)(해사65기)은 해당 논문에 제1저자로 참여했으며, 연세대 위탁교육 석사과정 재학 중 이 같은 성과를 거뒀다.
학술지에 등재된 전 소령(진)의 논문 제목은 ｢Polymer-Clay Nanocomposite Solid-State Electrolyte with Selective Cation Transport Boosting and Retarded Lithium Dendrite Formation)｣*이다.
   * 영문 제목 :「리튬 덴드라이트 형성 억제 및 양이온의 선택적 운반 가속화 특성을 갖는 고분자 점토 나노 복합체 고체 전해질｣
리튬 덴드라이트 형성 억제 및 양이온의 선택적 운반 가속화 특성을 갖는 고분자 점토 나노 복합체 고체 전해질｣의 제 1저자인 전여민 소령(진) (사진: 해군)
 이 논문은 현재 상용화된 액체 전해질 기반의 리튬 배터리가 가진 안전성 문제를 해결하기 위해 고체 상태 전해질을 적용한 ‘고체 리튬 배터리’에 관한 내용을 담고 있다. 배터리에 액체 대신 고체 전해질을 적용하면 폭발이나 화재로부터 위험성이 현저히 줄어들 수 있어 안전성과 신뢰성이 대폭 향상된다. 그러나 고체 배터리의 성능은 기존 상용 배터리 수준에 미치지 못하는 것이 가장 큰 문제였다.
 
전 소령(진)의 이번 논문은 유기 고분자와 친환경 소재인 점토(Clay)를 접목시킨 고체 전해질을 개발한 것으로, 리튬이온의 전달률과 전도도를 향상시켜 배터리 성능을 획기적으로 증가시켰다. 또한 기존의 리튬 이온 배터리뿐만 아니라, 차세대 고용량 전지로 평가받는 ‘리튬-메탈배터리’에도 적용될 가능성을 보여주었다.
(논문 인용 이미지) 고체 리튬 배터리용으로 제작한 고체 전해질의 주요 구성물질과 특성, 성능을 나타낸 그래프. (자료: 해군)
현재 리튬 배터리는 다른 배터리보다 가볍고 성능이 우수하면서도 지속적인 충전과 방전이 가능한 2차 전지이기 때문에, 해군의 어뢰를 비롯한 다양한 군 무기체계에 폭넓게 사용되고 있다. 또한 리튬 배터리는 4차 산업혁명 ‘스마트 네이비’ 구현을 목표로 하고 있는 해군의 다양한 미래 무기체계에 도입될 핵심 에너지원으로 사용될 예정이다. 따라서 전 소령(진)의 이번 논문은 미래 해군의 무기체계 발전과 운용, 지속적인 관리 측면에서 지대한 연구 성과를 거둔 것으로 평가된다.
전 소령(진)을 직접 지도한 연세대학교 화공생명공학과 박종혁 교수는 “해당 연구결과는 자연계에 무한히 존재하는 친환경적이고 저가의 재료를 리튬 배터리 분야에 접목시켰으며, 이를 통해 전기자동차와 같이 리튬 배터리를 사용하는 제품들의 폭발사고를 방지할 수 있다는 점에서 큰 의미가 있다”라며, “석사과정 재학 기간 중 해외 저명 SCI 학술지에 제1저자로 논문을 게재한 것은 매우 이례적인 것으로 이는 전 소령(진)의 탁월한 연구능력과 성실성에 기인한 것이다”라고 말했다.
전영민 소령(진)이 리튬 배터리를 제작 조립하는 글러브 박스(Glove Box) 앞에서 포즈를 취하고 있다. 글러브 박스는 외부와의 접촉을 차단하여 밀폐된 환경을 조성하는 장비로, 공기에 노출되면 불안정해지는 알칼리 금속 리튬을 다루기 위해 활용된다.(사진: 해군)
해군 병기병과 장교인 전 소령(진)은 “해군 장교로서 우리 군의 ‘스마트 네이비’ 구현에 기여할 수 있도록 연구 성과를 얻은 것에 대해 자부심을 느낀다”며, “실무에 복귀해서 교육기간 동안 얻은 전문지식을 활용해 해군 무기체계 발전에 기여할 수 있도록 더욱 노력하겠다”고 소감을 밝혔다.
한편 전 소령(진)의 이번 논문은 ‘어드밴스드 에너지 머티리얼즈(Advanced Energy Materials)’에 11월 9일 자로 등재됐다.
[디펜스투데이]
Tag
#해군
#ROKNAVY
#전영민소령
#논문
#어드밴스드에너지머터리얼즈
#디펜스투데이
저작권자 © 디펜스투데이 무단전재 및 재배포 금지
장훈 기자
다른기사 보기","{""AI/컴퓨팅"": [""AR""], ""무기/방어체계"": [""DE""], ""재료/제조"": [""DED""], ""의료/생체"": [""RNA""]}",True,고체 리튬 배터리,,relevant,"이 기사는 군 장교가 개발한 '고체 리튬 배터리' 기술에 대한 내용입니다. 기사에서는 상용화 시점을 명확히 다루고 있지 않지만, 고체 전해질 기반의 리튬 배터리 기술 개발 및 연구 성과를 설명하고 있습니다. 이 기술은 현재 상용화된 액체 전해질 기반 리튬 배터리의 안전성 문제를 해결하기 위해 연구되고 있는 차세대 리튬 배터리 기술입니다."
"한화시스템, ‘초연결 기반 스마트 개인감시체계’ 본격 개발",2020-12,http://www.defensetoday.kr/news/articleView.html?idxno=2184,"군 개인장비 통해 1km밖 전장 영상 실시간 공유
한화시스템(대표이사 김연철)은 방위사업청 주관 신속획득 시범사업인 ‘초연결 기반 스마트 개인 감시체계’의 최종사업자로 선정됐다고 12월 4일 밝혔다.
기존에는 병사가 전장의 정보를 개인 무전기를 통해 음성이나 문자방식 으로만 공유 가능했다면, ‘초 연결 기반 스마트 개인 감시체계’는 전장에서의 생생한 영상정보까지도 실시간 공유할 수 있는 첨단 개인 감시체계이다.
육군 보병대대의 개인 감시체계 운용개념도 (사진: 한화시스템)
2020년 12월부터 향후 1년간의 개발과정을 거쳐 육군과 공군에 시범적으로 운용될 예정이다. 한화시스템은 이번 개발 역량을 바탕으로 기술 경쟁력을 더욱 강화해 2021년부터 진행되는 ‘개인 전장 가시화 체계’ 체계 개발사업으로 확대시킬 수 있기를 기대하고 있다.
‘초 연결 기반 스마트 개인 감시체계’는 국내 최초로 상용 스마트폰을 무기체계에 적용하게 돼, 언제 어디서든 영상 정보를 송∙수신할 수 있어 휴대성과 편리함이 극대화된다.
또한, 개인 헬멧에는 주간 영상 획득용 고해상도 카메라와 야간 영상까지 획득할 수 있는 적외선 열영상 카메라로 구성된 지능형 영상센서가 부착된다. 특히, 한화시스템이 자체 개발한 초소형 지능형 열상엔진 모듈을 적용해 1킬로미터 거리의 사물도 정확히 인식해낼 수 있어, 전장에서도 신속한 감시·정찰 임무 수행이 가능할 것으로 보고 있다.
이를 통해 육군은 지능형 카메라로 획득한 전장의 음성∙데이터∙영상 정보를 전투원 및 지휘소로 실시간 공유하며 전시 작전간 전투능력을 극대화시킬 수 있게 된다.
공군 특수탐색 구조대대의 개인 감시체계 운용개념도 (사진: 한화시스템)
 또한, 공군 특수탐색 구조대대에서는 구조작전 지시∙응급조치 조언 등 구조작전의 효율을 높일 수 있고, 민간의 재해∙재난 구조상황에서도 지휘 계통과 구조사 간 효율적 의사소통을 통해 신속한 대응이 가능해질 것으로 기대하고 있다.
한화시스템 김연철 대표이사는 “2007년부터 현재까지 국방과학연구소와 개인전투체계 연구사업을 진행해온 경험을 바탕으로 감시∙정찰 분야의 첨단 미래기술 역량을 지속적으로 확보해왔다”며, “이를 통해 스마트 개인 감시 체계를 신속하게 구축하며 초연결∙초지능 시대의 첨단 미래기술이 적용된 스마트 국방을 선도해 나갈 것이다”라고 전했다.
이제서야 실시간 개인간 개인감시 및 화상전송체계를 만들고 있다.
육군의 워리어 플랫폼이 극대화 하려면, 좀 더 작전과 명령이 제대로 융합된 체계로 발전을 위해서 앞으로도 많은 투자가 선행되야 할 것이다.
[디펜스투데이]
Tag
#한화시스템
#초연결 기반 스마트 개인감시체계
#방위사업청
#디펜스투데이
저작권자 © 디펜스투데이 무단전재 및 재배포 금지
이치헌 기자
다른기사 보기","{""센서/통신"": [""적외선""]}",True,초연결 기반 스마트 개인감시체계,2021-01,relevant,해당 기사는 한화시스템이 개발 중인 '초연결 기반 스마트 개인 감시체계'에 대해 다루고 있습니다. 이 체계는 2020년 12월부터 1년간의 개발 과정을 거쳐 2021년부터 육군과 공군에 시범적으로 운용될 예정입니다. 이는 군사 기술의 상용화와 전력화 계획을 다루고 있는 기사라고 볼 수 있습니다.
"LIG넥스원, 무선통신장비 전문기업 이노와이어리스 인수",2020-11,http://www.defensetoday.kr/news/articleView.html?idxno=2057,"양 사가 국방 및 민수 분야에서 쌓아온 기술력과 인프라를 접목해 시너지 창출할 것이라 밝혀
LIG넥스원(대표 김지찬)이 미래성장동력 확보 차원에서 무선통신장비 전문기업 ‘이노와이어리스’를 인수하고, 본격적인 민수사업 진출에 나선다.
LIG넥스원은 주식매수청구권(Call Option) 행사를 통해 ‘이노와이어리스’ 지분 16.55%를 331억 원에 인수한다고 5일 공시했다. 대금 지급 등 절차가 마무리되면, LIG넥스원은 기존 보유 지분 4.45%를 포함해 총 21%의 지분을 확보하며, 이노와이어리스를 자회사로 편입하게 된다. 이와 관련해 지난 ‘18년 LIG넥스원은 ‘KCGI-헬리오스 제1호 사모투자 합자회사(이하 PEF)’와 이노와이어리스社에 대한 공동투자를 진행, 2년 후 PEF가 보유한 지분을 사들일 수 있는 매수청구권을 확보한 바 있다.
이노와이어리스 회사 전경 (사진: LIG 넥스원)
이노와이어리스는 2000년 설립된 이동통신용 최적화, 시험·계측솔루션 및 소형기지국(SmallCell) 분야 국내 선도업체로 5세대 통신(5G) 상용화의 대표기업 중 하나이다. 전체 임직원 중 R&D 인력이 70%를 상회하고, 중소기업청이 선정하는 글로벌 강소기업으로 선정되는 등 무선통신망 장비 분야에서 독보적인 기술력을 확보하고 있다.
특히 3G, 4G, LTE, 5G를 아우르는 기술력을 기반으로, 미국, 일본, 유럽, 홍콩 등 세계 각지에 글로벌 고객 및 네트워크를 보유하고 있어, 향후 성장 잠재력도 매우 높은 것으로 평가받고 있다. 실제로 ‘17년부터 ’19년까지 각각 607억, 640억, 968억의 매출액을 기록하는 등 가파른 성장세를 기록하고 있다.
LIG넥스원 (사진: LIG 넥스원)
LIG넥스원은 이노와이어리스 인수가 국방·민수 융합 및 시너지를 창출하고 신성장동력을 확보하는 계기가 될 것으로 기대하고 있다. 정밀전자분야 국내 최고 방산업체로서 LIG넥스원이 보유한 핵심역량과 이노와이어어리스의 기술력을 최대한 접목해 민수사업 분야에서 새로운 시장기회를 만드는 한편 軍 주요 무기체계를 대상으로 최신 정보통신기술(ICT)의 적용도 추진한다는 계획이다.
LIG넥스원 김지찬 대표이사는 “LIG넥스원과 이노와이어리스社는 각자의 사업분야에서 최고 수준의 연구인력을 보유하고 있는 ‘R&D 중심기업’이라는 공통점을 갖고 있다”며 “이번 인수 결정이 양사 간의 긴밀한 협력과 교류를 통해 함께 성장하는 길을 찾는 것은 물론, 국내 방위산업 및 무선통신 분야의 기술역량을 한층 높이는 계기가 되기를 바란다”고 전했다.
LIG넥스원도 방위산업의 한계를 뛰어넘기 위해 유주의 중견통신업체인 이노와이어리스를 인수하였다.
방위산업의 수주에 한계가 있고, 정체가 있어서 당연한 결정이고, 민간부부분의 통신 수요는 많아서 양사의 시너지가 발휘될 최적의 인수 결정이라고 볼 수 있다.
[디펜스투데이]
Tag
#LIG넥스원
#이노와이어리스
#인수
#시너지발휘
#디펜스투데이
저작권자 © 디펜스투데이 무단전재 및 재배포 금지
신선규 기자
다른기사 보기","{""AI/컴퓨팅"": [""정보통신기술"", ""ICT""], ""센서/통신"": [""LTE""]}",True,무선통신장비,2020-11,relevant,이 기사는 LIG넥스원이 무선통신장비 전문기업 '이노와이어리스'를 인수하여 방산 및 민수 분야에서의 시너지를 창출하겠다는 내용을 다루고 있습니다. 이를 통해 군사 기술의 상용화 및 민수 분야 진출을 꾀하고 있습니다.
"기아자동차, 차세대 군용차 표준 플랫폼 본격 개발 미래 군수 사업 역량 강화",2020-10,http://www.defensetoday.kr/news/articleView.html?idxno=2024,"기아차, 차세대 군용 플랫폼이 적용되는 차량들에게 고나한 상세설계 검토회의 개최
기아자동차가 차세대 군용차 표준 플랫폼 개발을 본격화하고 미래 군수 사업 역량을 강화한다.
기아차는 10월 20일(화) 기아차 광주공장에서 차세대 군용 표준 플랫폼이 적용되는 2½톤 및 5톤 중형표준차량에 대한 상세설계검토(CDR, Critical Design Review) 회의를 개최했다고 10월 28일(수) 밝혔다.
CDR 회의는 차량 상세 설계에 대한 개발 요구 기준이 완전하게 충족되는지를 점검하고, 후속 단계 진행 여부를 공식적으로 확인하는 절차다. 이번 회의에는 군용차 개발 사업 주관 기관인 육군본부를 비롯해 방위사업청, 국방기술품질원, 협력업체 등 사업 관계자들이 참여했다.
기아자동차가 차세대 군용차 표준 플랫폼 본격 개발을 위해 미래 군수 사업 역량 강화에 속도를 낸다. (사진: 기아자동차)
회의 참석자들은 그동안 진행된 세부설계 내용을 최종 점검하고 향후 계획을 공유하는 등 후속 개발 절차를 이어가기로 했다.
기아차는 연내 중형표준차량 시제품 제작에 착수하고 2021년 정부의 시험평가를 받을 계획이다. 이후 규격화 및 초도 생산 시험 등의 과정을 거쳐 2024년부터 군에 배치해 전력화한다는 목표다.
이번 중형표준차량 개발 사업은 군과 기아차가 5년간 공동 투자하여 현재 운용 중인 2½톤과 5톤 군용 표준차량을 대체하고 5톤 방탄킷 차량을 신규 개발하는 대규모 사업이다.
기아차는 2019년 12월 말 육군과 이 사업에 대한 계약을 체결한 뒤 본격적인 개발에 착수했다.
중형표준차량은 △7리터급 디젤 엔진 및 자동변속기 △ABS 및 ASR(Anti Spin Regulator) △후방주차보조 △어라운드뷰, 내비게이션, 열선시트를 비롯한 각종 안전/편의장치 등 최신 상용 기술이 대거 탑재된다.
기아차는 신규 차량을 모듈화해 각종 무기 체계 탑재 등 후속 파생차 개발에 대비하고 차별화된 군용 특수사양과 기술도 적용한다.
기아차의 SUV 개발 및 제작 기술은 군용차의 품질 및 경쟁력 강화에 도움이 되고 있다. 대형 스포츠 유틸리티 차량(SUV) 모하비의 베어샤시(차체 프레임에 엔진 등의 주요 구동 장치를 부착한 반제품)를 활용해 차량 위쪽이 개방된 오픈 탑 구조의 ATV(경량 고기동 차량)를 개발하고 있다.
현재 새 ATV 콘셉트 수립을 완료한 기아차는 내년 초 콘셉트카도 선보일 계획이다. 개발이 완료된 ATV는 군용으로 쓰이는 것은 물론이고 산업용, 레저용 등 다양한 분야에서 활용될 수 있도록 할 예정이다. 이러한 군용차 개발 및 생산 기술과 노하우를 자사 SUV의 내구성 향상에 적용하는 등 SUV 명가로 그 명성을 이어가고 있다.
기아차는 군의 미래 전투 체계 발전에 기여하기 위해 최신 자동차 기술을 군용차에 접목하는 선행 개발도 활발하게 진행하고 있다.
이와 관련 기아차는 전기차(EV) 전용 플랫폼 및 자율주행 기술을 활용해 공군 비행장 등 군 기지 내에서 자율주행이 가능한 차량에 대한 선행 연구를 검토 중이다. 자율주행 기술은 미래 전투 지역에서 다양한 물자를 보급하는 무인 수송차량 개발로 이어질 전망이다.
또한 기아차는 수소연료전지 기술을 활용한 군용차량 개발 및 비상발전기 보급을 검토 중이다. 수소연료전지는 전장 환경 고려 시 대용량의 전력 공급이 가능하다는 점에서 미래 군용차에 적합한 기술로 꼽히고 있다. 기아차는 우선적으로 군수 차량용 발전기를 개발 공급하고, 레이저 포 등 첨단 무기 체계가 탑재된 미래형 군용차에 수소연료전지 기술을 적용한다는 방침이다.
기아차는 1973년 방위산업체로 지정된 이래 ¼톤, 1¼톤, 2½톤, 5톤 등 표준차량 생산에 돌입하면서 한국 군용차의 역사와 함께했다. 현재까지 9개 차종, 100개 모델, 총 14만여대의 군용차를 공급했다(단종차종/수출물량 포함).
1995년에는 궤도형 전술차량 BV206을 스웨덴 업체와 기술협력을 통해 생산했고, 2001년 15톤급 구난차 및 중장비 수송차량(트랙터)을 개발해 군에 납품하면서 소형급부터 대형급까지 아우르는 군용차량 풀 라인업 생산체계를 구축했다.
기아차는 2016년에는 ¼톤과 1¼톤 차량을 대체하는 국내 최초의 다목적 전술차량인 소형전술차량을 탄생시켰다. 모하비의 엔진과 자동변속기, 브레이크 시스템 등을 군용화해 적용했고, 전자식 4륜 구동장치를 비롯한 최신 상용 기술과 군용 특수사양을 채택했다.
기아차는 군수 사업은 국가에 기여해 공익을 실현하겠다는 목적으로 추진하는 것이라며 소량 생산 체제 특성상 개발과 서비스가 쉽지는 않지만, 고객 중심의 마음가짐으로 진행하고 있다. 군용 중형표준차량을 적기에 개발하고 전력화함으로써 우리 군의 사기 진작과 전투력 향상에 이바지하겠다고 밝혔다.
기아차의 다품종 차량개발의 경험은 물류 및 레저용 PBV(목적 기반 맞춤 제작 차량) 등 신사업 발전의 밑거름이 되고 있다. 기아차가 구상하는 PBV 사업은 군용차와 마찬가지로 다품종 소량 생산 체제 구축과 뛰어난 차체 내구성이 바탕이 되어야 한다. 오랜 군용 사업의 경험으로 기아차가 고객의 다양한 니즈를 만족하는 차량을 생산할 수 있는 전문성을 갖췄다는 점도 PBV 사업의 경쟁력으로 작용할 전망이다.
앞서 기아차는 1월 신사업 추진 조직을 신설하고 PBV 등 신사업을 중장기적인 관점에서 추진하고 있다.
기아차 송호성 사장은 6월 군용차량이 생산되는 광주 하남공장과 인근 특장차 전문업체를 방문하고 PBV 사업을 위한 국내 생태계를 점검한 바 있다.
[디펜스투데이]
Tag
#기아자동차
#차세대군용플랫폼
#상세설계검토회의
#디펜스투데이
저작권자 © 디펜스투데이 무단전재 및 재배포 금지
이치헌 기자
다른기사 보기","{""센서/통신"": [""UV"", ""EW""], ""무기/방어체계"": [""DE""]}",True,차세대 군용차 표준 플랫폼,2024-01,high,"이 기사는 기아자동차가 차세대 군용차 표준 플랫폼을 본격적으로 개발하고 있으며, 2024년부터 군에 배치할 계획이라고 밝히고 있습니다. 기사에는 개발 계획, 핵심 기술 내용, 시제품 제작 및 정부 시험평가 일정 등 구체적인 정보가 포함되어 있습니다."
"방위사업청,신속시범획득 2차 사업 입찰공고",2020-10,http://www.defensetoday.kr/news/articleView.html?idxno=2002,"10월 19일부터 11월 9일까지 2차 사업 12개 과제 수행업체 모집
방위사업청(청장 왕정홍)은 신속시범획득 2차 사업으로 선정된 12개 과제의 입찰공고를 통해 사업수행 업체를 모집한다고 밝혔다.
신속시범획득 사업은 기술발전 속도가 매우 빠른 4차산업혁명 기술이 적용된 제품을 보다 신속히 획득하기 위해 새로운 제도가 필요하다는 인식에 따라 올해 처음 추진되는 사업이다.
최신 스마트폰과 무전기를 연결하여 전투원 상호간 전투상황을 실시간으로 공유하는 스마트 전투지휘체계 (사진: 방위사업청)
올 7월 계약을 체결한 1차 4개 사업이 11월부터 군 시범운용을 앞두고 있는 가운데, 2차 과제 공모를 통해 선정된 12개 사업의 연내 계약이 추진된다.
지난 6~8월 진행된 2차 신속시범획득사업 제품공모에는 총 87개 업체가 97개 과제를 제안하였으며, 참여 기업 중 민수기업의 비중이 80%를 넘기며 기술력 있는 민수기업이 국방 조달시장에 손쉽게 참여할 수 있는 제도로서의 효용성을 확인하였다.
현재까지 군에서 드론은 주로 감시·정찰용으로 활용 중이나, 도입하는 드론은 정찰함과 동시에 타격하여 자폭이 가능할 뿐만 아니라, 이동 중에 있는 차량도 추적하여 공격할 수 있는 자폭드론 (사진: 방위사업청)
특히 이번 2차 사업에서는 최신 상용 스마트폰을 활용한 전술통신체계, 자율주행 기술을 활용한 무인차량, 우리 군 최초의 공격용 드론 등 군의 첨단화스마트화를 앞당길 수 있는 과제가 다수 선정되면서 민간의 첨단기술이 우리 국방에 적용될 수 있는 기회를 넓힐 것으로 기대된다.
왕정홍 방위사업청장은 “신속시범획득 사업은 우리 군에 첨단제품을 빠르게 전달하는 동시에 기술력 있는 민간기업의 국방시장 진입을 촉진시켜 국방산업의 저변을 넓히는 새로운 시도라는 점에서 의미가 있다.” 라면서 “앞으로도 첨단 신기술을 군에 도입하는데 걸림돌로 작용하는 기존의 규제적 요소들을 적극행정으로 개선하여 무기체계 획득의 비용과 기간을 획기적으로 단축해 나가겠다.”고 말했다.
휴대성 극대화를 위해 경량화된 자폭 무인기로 표적 지정 및 위치정보 획득을 통해 목표물의 정확한 타격 가능 (사진: 방위사업청)
신속시범획득 2차 사업의 입찰공고는 10월 19일부터 11월 9일까지 22일간 방위사업청 국방전자조달 시스템 홈페이지에서 진행된다. 방위사업청은 관련 법령과 규정에 따라 제안서평가 등 절차를 거쳐 연내 업체를 선정하고, 내년 상반기 중 12개 사업 제품을 군에 납품할 계획이다.
늦은 의사결정의 폐해를 극복하려는 방사청이 군이 원하는 장비는 원하는 업체에서 구매하면서 제대로 된 군수체계도 만들것인 관심사다.
[디펜스투데이]
Tag
#방위사업청
#신속시범획득2차사업'
#2차공고
#드론
#스마트폰
#디펜스투데이
저작권자 © 디펜스투데이 무단전재 및 재배포 금지
이승준 기자
다른기사 보기",{},True,"['스마트폰 연동 전투지휘체계', '자폭 드론', '자율주행 무인차량']",2021-H1,high,"기사에서 방위사업청이 신속시범획득 2차 사업을 통해 개발 중인 기술들을 명시적으로 다루고 있으며, 내년 상반기 중 제품 납품 계획이 언급되고 있어 상용화/전력화 시점에 대한 구체적인 정보가 제공되고 있음."
"안규백의원, 공군기지의 안티드론체계 구축 시급",2020-10,http://www.defensetoday.kr/news/articleView.html?idxno=2035,"안규백 의원, “조속한 무인기 대응능력 확보를 위해, 다양한 방안 강구해야”
국회 국방위원회 안규백 의원(서울 동대문구갑, 더불어민주당)이 공군으로부터 제출받은 자료에 따르면, 비행장을 비롯한 공군 주요시설 소형무인기 공격 대비태세가 미비한 것으로 드러났다.
공군기지 및 관제권 내에서 매년 10여 건의 무인기 불법 비행이 적발되고 있지만, 공군의 현존 전력으로는 3m급 이하의 소형무인기에 대한 방호는 불가한 것으로 드러났다.
국정감사 질의하는 안규백 의원 (사진: 안규백 국회의원실)
2014년 이후 국내에서 발견된 북한 무인기의 경우 대부분 3m급 이하로, 현존 전력으로는 북한 무인기 침투에 대비한 대응이 불가하다. 또한, 테러단체의 감시정찰, 공격 용도로 활용 가능한 고성능 상용 무인기 역시 대부분 3m급 이하로, 각 기지는 사실상 소형무인기 공격에 무방비 상태로 노출되어 있다.
이와 관련해 공군은 `25년을 목표로‘소형무인기 대응체계’전력화를 추진하고 있다. 그러나,‘소형무인기 대응체계’는 전파재밍을 이용해 무인기의 추락을 유도하는 방식으로, 전자기적 위험의 영향으로 인해 다수의 통신·전파시설을 운용하고 있는 비행장에서의 활용은 제한된다.
실제로, 국제민간항공기구(ICAO)에서는 전파재밍을 이용한 안티드론장비의  공항 내 사용자제를 권고하고 있으며, 인천국제공항과 한국공항공사는 항공기 및 항행안전시설에 대한 안전을 확보할 수 없어 해당 장비 사용에 신중한 입장이다.
  공군기지안티드론 현황 (자료: 안규백 국회의원실)
`19년 사우디 정유시설 테러 이후, 인천국제공항공사와 한국공항공사는 1년 만에 드론탐지시스템을 구축하여 시범 운용하고 있다. 특히 인천국제공항의 경우, 가동 이틀 만에 미상 무인기 2대를 식별하는 데 성공하기도 했다. 그러나, 현재 공군의 경우 ‘소형무인기 대응체계’를 통해 드론 등 무인기의 탐지 및 식별능력을 갖추는 데에만 최소 5년 이상 걸릴 것으로 예상된다.
안규백 의원은 “사우디 정유시설 테러 등 소형무인기 위협이 현실화되고 있다”며, “공군기지가 위협에 무방비 상태로 노출되어 있는 것은 심각한 문제다”라고 말했다.
이어 “조속한 무인기 대응능력 확보가 필요하다”고 강조하면서, “김해공항 등 민·군 겸용공항과 탐지-식별기술을 공유하는 등 민·군 통합대응이 이루어져야 한다”라고 밝혔다.
[디펜스투데이]
Tag
#디펜스투데이
#밀리터리
#국방
#군사
#이슈분석
#현대병기
#획득무기
#무기백과
#디펜스TV
#안티드론
#안규백
#국회의원
저작권자 © 디펜스투데이 무단전재 및 재배포 금지
신선규 기자
다른기사 보기",{},True,소형무인기 대응체계,2025-01,relevant,"군사 기술의 전력화를 다루고 있으며, 공군의 '소형무인기 대응체계' 기술 개발 및 전력화 계획을 구체적으로 언급하고 있습니다."
"티토믹, 록히드 마틴·RMIT 연구 프로그램 하에 위성부품샘플 제공",2020-10,http://www.defensetoday.kr/news/articleView.html?idxno=1979,"티토믹, TKF 기술 사용한 고성능 금속 위성 구조물 적층 제조
호주 멜버른의 산업용 적층 제조 회사인 티토믹(Titomic Limited)이 우주항공·방위산업계 메이저 기업인 록히드 마틴(Locheed Martin)을 대신해 RMIT대학교(이하 RMIT)와 상업용 연구 개발 협약을 체결했다.
이 연구는 고성능 금속으로 구조적 위성 부품을 제조하기 위한 티토믹 키네틱 퓨전(Titomic Kinetic Fusion®, 약칭 TKF) 기술의 성능을 평가하게 된다. 티토믹은 이 공동 연구 프로젝트에 참여함으로써 위성 내 방사선 차폐와 관련해 전통적 제조 방식과 적층 제조 방식의 다양한 성능을 분석할 계획이다.
티토믹 키네틱 퓨전이 위성 부품을 적층 방식으로 제조하는 데 사용된다. (사진: 티토믹)
티토믹은 이 협약 하에 자사의 산업 규모 적층 제조 공정인 ‘티토믹 키네틱 퓨전’을 사용해 위성 부품용 고성능 금속 데모 샘플을 제조할 예정이다. 또한 이 연구 프로젝트는 적층 방식으로 제조된 데모 위성 부품이 성공적으로 검증된 이후 우주 및 방위 산업 부문 내 티토믹의 상업적 기회로 이어질 수 있다. 이동통신, 방송, 데이터 통신의 주요 영역에서 상용 및 정부용 애플리케이션 소형 위성 부품(큐브) 시장 규모는 2026년까지 연평균 20.28%의 성장률로 183억달러로 성장할 전망이다.
제프 랭(Jeff Lang) 티토믹 매니징 디렉터:
“글로벌 방위산업 및 항공우주 업계 선두주자인 록히드 마틴과 함께 RMIT 공동 연구 이니셔티브에 참여하게 돼 기쁘다. 이번 협력은 당사자 모두에게 상당한 이익을 안겨줄 것으로 기대한다. 고성능 재료와 수퍼 합금을 사용한 위성 구조물의 적층 제조를 위해 티토믹 키네틱 퓨전의 독보적 기능을 입증한 가운데 기존 공정에 비해 우주 산업의 리드 타임을 수개월에서 수 시간으로 단축하며 생산 속도를 크게 높일 수 있다.”
밀란 브란트(Milan Brandt) RMIT대학교 교수:
""RMIT적층제조센터(RMIT Centre for Additive Manufacturing)가 우주 방사선으로부터 위성을 보호하는 첨단 제조 방식 기술을 발전시키기 위해 장기 파트너인 록히드마틴 및 티토믹과 협력하게 돼 기쁘다. 이 애플리케이션에 적층 제조와 고밀도 재료를 결합하면 방사능 저항성을 높일 뿐만 아니라 새 위성 제조 리드타임을 현저히 줄일 수 있다.”
티토믹의 키네틱 퓨전을 소형위성들이 우주공간의 방사능에도 견디어내어 수명에도 개선이 이루어 질것으로 기대된다.
[디펜스투데이]
Tag
#티토믹
#키네틱퓨전
#록히드마틴
#적층제조기술
#디펜스투데이
저작권자 © 디펜스투데이 무단전재 및 재배포 금지
이치헌 기자
다른기사 보기","{""AI/컴퓨팅"": [""LAN"", ""AR""], ""재료/제조"": [""Additive Manufacturing""]}",True,티토믹 키네틱 퓨전,,relevant,"해당 기사는 티토믹 키네틱 퓨전 기술을 사용한 위성 부품 제조에 대한 연구 협약 체결을 다루고 있습니다. 이는 군사 기술의 상용화 및 전력화와 직접적으로 관련이 있는 내용은 아니지만, 관련 기술의 개발 및 활용 가능성을 보여주는 내용으로 볼 수 있습니다."
"현대차, 수소전기트럭 글로벌 사업 확대 본격화",2020-10,http://www.defensetoday.kr/news/articleView.html?idxno=1986,"현대자동차가 유럽 친환경 상용차 시장 진출을 본격화함으로써 세계 최고 수준의 수소연료전지 기술 리더십을 상용 부문까지 확대하고, 글로벌 수소사회 선도 기업의 지위를 한층 더 확고히 한다.
현대차는 10월 7일(현지시간), 스위스 루체른에서 유럽으로 수출한 ‘엑시언트 수소전기트럭(XCIENT Fuel Cell)’ 현지 전달식을 통해 고객사들에게 인도했다고 밝혔다.
현대자동차 엑시언트 수소전기트럭 7대가 고객인도 전달식을 위해 스위스 루체른 교통박물관 앞에 서 있다. (사진: 현대자동차)
이에 앞서 현대차는 7월, 전남 광양항에서 세계 최초로 양산한 대형 수소전기트럭 엑시언트 총 10대를 스위스로 수출하기 위해 선적한 바 있다. 이번 전달식에서는 그 중 유럽 현지에서 적재함 탑재 작업을 마친 차량 7대를 1차로 인도했으며, 10월 말에는 3대를 추가로 인도할 예정이다(스위스 고객사: Coop(마트), Migros(마트), Travego(물류), Galiker(물류), Camion(물류), Murpf(물류), Leclerc(물류) 등 스위스 주요 7개 마트·물류기업).
이후 현대차는 올해 말까지 수소전기트럭 총 40대를 스위스에 추가 수출할 예정이며, 스위스 정부는 수소 시장 활성화를 위해 스위스 각 지역에 100개의 수소충전소를 설치할 계획이다.
현대자동차 ‘엑시언트 수소전기트럭’을 7일(현지시간) 스위스 고객사 대표들에게 인도했다. (사진 왼쪽부터 Leclerc, Camion, Galiker, Coop, Murpf, Travego, Migros 대표) (사진: 현대자동차)
이와 관련해 현대차는 2019년부터 수소충전소 구축의 주체이자 수소전기트럭 고객사인 ‘스위스 수소 모빌리티 협회’를 중심으로 △현대하이드로젠모빌리티(Hyundai Hydrogen Mobility, HMM) △하이드로스파이더(Hydrospider) △H2에너지(H2 Energy) 등 해외 수소 관련 기업과 함께 차량공급-고객-수소충전-수소생산이 유기적으로 연결된 ‘수소전기 대형트럭 생태계’ 구축에 나서고 있다.
이번 엑시언트 수소전기트럭의 스위스시장 공급은 ‘수소전기 대형트럭 생태계’를 기반으로 전통적인 차량 판매방식이 아닌 운행한 만큼 사용료를 지불(Pay-Per-Use)하는 신개념 수소 모빌리티 서비스 형태로 이뤄진다.
사용료에는 충전·수리·보험·정기 정비 등 차량 운행과 관련된 모든 서비스 비용이 포함돼 있어 이용의 편리함을 높였다.
이를 통해 현대차는 수소전기트럭 도입에 따르는 고객사의 초기 비용과 사업적 부담을 낮춰 유럽 상용차시장에서의 입지를 빠르게 확대해 나갈 계획이다.
또한 세계 최초의 수소전기트럭을 인도받은 고객들이 스위스 전역을 운행하며 친환경 선진시장인 유럽에서 현대차의 우수한 기술력을 알릴 수 있는 좋은 기회가 될 것으로 기대하고 있다.
현대차 상용사업본부장 이인철 부사장은 “엑시언트 수소전기트럭의 유럽 고객 인도는 단순히 현대차만의 수소전기차 개발 성과가 아니라, 지구 공동체가 깨끗한 에너지원인 수소 사용을 본격적으로 시작했음을 알리는 계기가 됐다”며 “성공적인 유럽진출을 발판으로 향후 북미와 중국까지 새로운 친환경 상용차의 여정을 이어 나갈 것”이라고 말했다.
이에 따라 현대차는 유럽, 북미, 중국 등 글로벌 수소전기트럭 시장의 안정적인 확대를 위해 2021년까지 연간 최대 2000대 수소전기트럭을 공급할 수 있는 양산 능력을 갖춘다는 계획이다.
현대차는 스위스에 수소전기트럭을 성공적으로 안착시킨 후 독일·노르웨이· 네덜란드·오스트리아 등 유럽전역으로 확대할 예정이다. 이를 통해 2025년까지 1600대, 2030년까지 2만5000대 이상의 수소전기트럭을 유럽시장에 공급하는 것이 목표다.
북미에서는 대형 물류기업과의 파트너십을 맺고 2021년부터 수소전기트럭 상용화 실증사업에 나선다. 이를 통해 북미의 지역적 특수성과 고객 요구사항을 반영한 맞춤형 트럭을 생산, 2030년까지 1만2000대 이상 공급할 계획이다.
2030년까지 수소전기차 100만대 보급을 추진하고 있는 중국 시장에 대응하기 위해 중국 정부를 비롯한 현지 우수 파트너들과 긴밀한 협력을 추진 중이며 2030년까지 2만7000대 이상 수출을 목표로 수소 상용사업 개발과 인프라 구축을 활발히 진행 중이다.
이와 함께 현대차는 수소전기트럭에 관련한 꾸준한 기술 개발을 통해 향후 1회 충전 시 주행거리가 1000km 이상에 이르는 장거리 운송용 대형 수소전기트럭도 선보인다는 계획이다.
한편 현대차는 10월 14일(수) 10시 ‘엑시언트 수소전기트럭 디지털 프리미어’ 온라인 발표회를 통해 수소전기트럭에 대한 구체적인 로드맵과 글로벌 사업 목표, 경영 전략 등을 공개할 예정이다.
현대자동차는 수소를 기반한 플랫폼들을 빠르게 판매하면서 기반을 확대해 나가고 있다.
[디펜스투데이]
Tag
#현대자동차
#수소전기트럭
#엑시언트
#디펜스투데이
저작권자 © 디펜스투데이 무단전재 및 재배포 금지
이치헌 기자
다른기사 보기","{""AI/컴퓨팅"": [""AI""], ""무기/방어체계"": [""DE""], ""재료/제조"": [""AM""]}",True,수소전기트럭,2020-10,high,이 뉴스는 현대자동차가 수소전기트럭 '엑시언트'를 스위스 시장에 본격적으로 진출한 내용을 다루고 있습니다. 구체적인 배송 일정과 고객 정보를 제공하고 있어 상용화/전력화에 대한 내용이 포함되어 있습니다.
"기아자동차, 차세대 전술트럭 영상",2020-09,http://www.defensetoday.kr/news/articleView.html?idxno=1947,"기아자동차에서, 현대자동차 신형 파비스 트럭을 베이스로 개발된 차세대 전술트럭
현대자동차에서 생산하는 준대형 신형 트럭 파비스를 기반으로 개발된 기아자동차의 차세대 전술트럭입니다.
현용 군용 2.5톤과 5톤트럭을 대체하며, 4X4와 6X6 두가지 모델로 개발되는 차세대 전술트럭은 7리터급 디젤엔진과 자동변속기, ABS 및 ASR, 후방주차보조, 첨단 운전자 보조 시스템 등 파비스에 적용된 상용사양들을 대거 채용한 5톤 트럭입니다.
이번에 공개한 방탄차량은 6X6으로 원격사격통제체계(RCWS) 등 무기장착이 가능하도록 되어 있어서, 제식으로 채용된 전술트럭에는 좀 더 향상된 방탄체계와 병력의 수송 및 보호에 일조할 것으로 보입니다.
(영상제공: 기아자동차)
[디펜스투데이
Tag
#기아자동차
#차세대중형전술트럭
#방탄
#파비스기반
#RCWS
#디펜스투데이
저작권자 © 디펜스투데이 무단전재 및 재배포 금지
이승준 기자
다른기사 보기",{},True,차세대 전술트럭,2020-09,relevant,"이 기사는 기아자동차에서 개발한 차세대 전술트럭에 대한 내용을 다루고 있습니다. 주요 기술로는 4X4와 6X6 모델, 7리터급 디젤엔진, 자동변속기, ABS 및 ASR, 후방주차보조, 첨단 운전자 보조 시스템, 방탄체계 및 RCWS 탑재 등이 언급되었습니다. 상용화/전력화 시점은 2020년 9월로 확인됩니다."
"방위사업청, 민군기술이전 시범사업 개시",2020-09,http://www.defensetoday.kr/news/articleView.html?idxno=1902,"‘민군기술이전사업’은 국방과학기술을 민간분야에 적용(Spin-off)하는 사업과 민간기술을 국방 분야에 적용(Spin-on)하는 사업으로 구분
방위사업청(청장 왕정홍)은 ’20년 민군기술협력사업 시행계획 에 따라 ‘휴대용 원격 유독가스 누출 감시’ 및 ‘해양 유출 오일 감지’ 기술을 민간기업에게 이전하는 민군기술이전 사업화 연계 지원대상으로 선정하여 시범사업에 착수한다.
‘민군기술이전사업’은 국방과학기술을 민간분야에 적용(Spin-off)하는 사업과 민간기술을 국방 분야에 적용(Spin-on)하는 사업으로 구분된다. 방위사업청은 ’20년 3월부터 6월까지 민군기술이전사업 기술수요조사를 통해 선정된 후보과제 중 민․관․군 전문가로 구성된 평가단의 평가를 거쳐 최종 2개 과제를 선정하였다. 이에 따라 국방과학연구소 민군협력진흥원은 ’20년 9월 16일 과제 수행기관인 ㈜무리기술 및 ㈜마하테크 기업과 협약을 체결하여, 향후 2년간 사업화 연계 지원사업을 수행할 예정이다.
 
이번 선정된  휴대용 원격 유독가스 누출 감시장비 개발((주)무리기술)) 과  해양 유출 오일 실시간 감지 및 초기 방재를 위한 드론 탑재형 조기 경보 시스템 개발((주)마하테크)) 2개 과제는 국민건강 및 해양환경 보호에 기여할 수 있는 국방기술을 민간분야로 기술 이전하여 제품 개발, 컨설팅 등 사업화 연계를 지원해 주는 사업이다.
사업 추진 절차(국방기술이전부터 사업 참여까지) (사진: 방위사업청)
휴대용 원격 유독가스 누출 감시 장비 개발은 국과연이 보유한 적외선 분광기의 이동 반사경 틸트 보상시스템 등의 기술을 이전하여, 유해가스 누출 감시, 석탄․유류 등의 저장고 화재 감시, 산업용 굴뚝 배출가스 모니터링이 가능한 휴대용 원격 유독가스 누출 감시 장비를 개발하는 것이다. 향후 재난감시를 위한 드론․무인기 탑재용 화학센서뿐만 아니라 산업단지 고정형 또는 휴대용 유독물질 감시시스템으로 응용이 가능하여 유해가스 누출 등 재난상황을 실시간으로 감시하여 국민건강 보호에 기여할 것으로 기대된다.
해양 유출 오일 실시간 감지 및 초기 방재를 위한 드론 탑재형 조기 경보 시스템 개발은 적외선 영상센서와 스마트폰을 탑재한 소형 드론의 목표물 분석기술을 이전하여, 레이저를 통해 해양 오일 유출 유무를 감지할 수 있는 소형 광센서 모듈을 개발하고, 이를 드론에 탑재 가능한 상시 모니터링 시스템으로 개발하는 것이다. 또한 오일 유출 감지와 동시에 오일 흡착제를 투입하여 초기 방재 임무 수행이 가능한 드론 융합 시스템도 개발할 예정이다. 향후 이 시스템은 실시간 해양 유출사고 탐지 및 초기 방재 등 해양 환경보호에 활용 가능할 것이다.
   
방위사업청은 국방과학기술 중 민수사업화 가능성이 높은 유망기술들을 발굴하여 민간기업으로 기술을 이전하고 후속연구개발(R&BD)를 체계적으로 지원하는 국방기술 민수사업화 전주기 지원체계 를 구축하기 위해 국방기술 민간이전(Spin-off) 사업을 민군기술협력사업에서 분리하여 ‘국방기술이전 상용화 지원사업*’으로 확대 추진할 예정이다.
또한, 국과연 민군협력진흥원을 중·장기적으로 확대 개편하고 ’21년에는 국방기술이전 상용화 지원사업 과제수를 31개(약 80억 원)로 선정하고, 이후 점진적으로 매년 55개 과제로 확대 추진할 계획이다.
박대규(고위공무원) 국방기술보호국장은 “이번에 선정된 2개 과제는 국방과학기술을 민간으로 이전하여 민수 활용도가 높은 제품을 개발하는 「국방기술이전 상용화 지원사업」의 선도적 모델 사업이 될 것”이라며 “방위사업청은 국방기술의 민수 활용 및 민간기술의 국방 활용과 같은 선순환 구조의 민군기술이전 협력체계를 지속적으로 구축해 나갈 것이다.”라고 강조하였다. 
[디펜스투데이]
Tag
#방위사업청
#민군기술이전
#민간이전
#국방기술이전
#디펜스투데이
저작권자 © 디펜스투데이 무단전재 및 재배포 금지
이승준 기자
다른기사 보기","{""센서/통신"": [""적외선""]}",True,"['적외선 분광기의 이동 반사경 틸트 보상시스템', '적외선 영상센서와 스마트폰을 탑재한 소형 드론의 목표물 분석기술', '레이저를 통해 해양 오일 유출 유무를 감지할 수 있는 소형 광센서 모듈']",2022-09,relevant,이 뉴스는 군 기술의 민간 상용화 사례를 다루고 있습니다. 구체적인 기술명과 상용화 시기가 언급되어 있습니다.
"한화시스템, 양자암호통신 사업에 참여",2020-09,http://www.defensetoday.kr/news/articleView.html?idxno=1881,"양자컴퓨팅 시대의 방패 ‘양자암호통신’ 시장..올해 초부터 진출 준비
한화시스템㈜(대표이사 김연철)이 곧 도래할 양자컴퓨팅 시대의 새로운 방패가 될 ‘양자암호통신’ 기술력 확보에 나설 계획이다.
 
한화시스템은 과학기술정보통신부의 ‘디지털 뉴딜계획’ 일환으로 한국정보화 진흥원(NIA)이 공모한 ‘양자암호통신 시범 인프라 구축∙운영 사업’에 참여한다고 13일 밝혔다.
 
본 사업은 양자암호통신을 다양한 산업군에 시범 적용함으로써 글로벌 기술 경쟁력 확보와 양자네트워크 시장 활성화를 목표로 추진되었다. 한화시스템은 주관 기관인 SK브로드밴드와 SK텔레콤 자회사인 양자암호통신 세계 1위 기업 ID Quantique와 함께 산업분야의 수요기관으로 참여한다.
양자암호통신 개념도(이미지 제공: SKT자회사 IDQ)
양자암호통신은 비대면 활동의 확산으로 인해 공공∙민간 통신망의 보안 강화 필요성이 대두되고, 양자컴퓨터의 등장으로 기존 암호화 방식 및 보안 체계가 위협받게 되면서 이에 대응할 수 있는 차세대 보안 기술로 각광받고 있다.
양자암호통신 기술은 비눗방울처럼 깨지기 쉬운 양자 신호로 송∙수신자간 동일한 암호키를 생성∙분배한다. 만약 중간에 해킹이 시도되면 비누방울이 터져 버리듯 정보가 변질되고, 송∙수신자는 이를 즉각 감지할 수 있어 해킹이 원천적으로 차단된다.
이에, 양자암호통신 기술은 방산∙제조∙금융 등 통신 보안이 특히 중요한 다양한 산업군에서 폭발적인 수요가 있을 것으로 기대되고 있어 글로벌 대기업들도 주도권 확보를 위해 치열하게 경쟁하고 있다.
 
한화시스템은 이번 사업을 통해 양자암호통신의 핵심기술이 적용된 양자암호 통신망을 ICT부문 여의도 본사와 죽전 데이터센터 전용망에 연내 구축 한다. 이후 3년 동안 운영하면서 보안성, 안정성을 검증할 예정이다.
 
특히, 한화시스템 ICT부문은 9월 중순부터 비대면 업무방식인 스마트워크를 시행한다. 이때 가상데스크톱(VDI)에 양자암호통신망을 연동해 보안성을 검증함은 물론, 비대면 확산에 따른 응용 서비스를 발굴하는 등 다양한 적용사례를 확보 해나갈 계획이다.
한화시스템 김연철 대표이사는 “이번 사업참여를 통해 그동안 준비해 온 양자암호통신 기술 분야에 대한 계획을 구체화하고, 시장 접근성을 확보할 수 있을 것으로 기대하고 있다”며, “향후 방산∙제조∙금융 분야 등으로 사업영역 확대는 물론, 디지털뉴딜 시대를 이끌어갈 신사업도 적극 모색해 나갈 것이다”라고 전했다.
 
한편, 한화시스템은 양자암호통신 기술이 글로벌 보안시장에서 Game Changer 가 될 것이라는 비전하에 올해 초부터 신사업 추진을 검토해왔다.
 
지난 7월, 양자보안 클라우드 솔루션 기업 더와플(theWaffle), VPN 장비 전문기업 엑스게이트(Axgate)와 협력해 양자기술 기반에서 생성된 양자 엔트로피 를 상용 VPN에 적용하는 PoC(개념검증)를 진행해 적용성∙안정성∙보안성 측면에서 효과를 확인한바 있다. 한화시스템은 향후 스마트팩토리, 클라우드, 블록체인, IoT, 자율주행 등 다양한 영역과 고도의 보안을 필요로 하는 고객사 대상으로 적용하기 위한 기술확보를 지속 추진할 예정이다.
Tag
#한화시스템
#양자암호통신
#글로벌 보안시장
#디펜스투데이
저작권자 © 디펜스투데이 무단전재 및 재배포 금지
이승준 기자
다른기사 보기","{""AI/컴퓨팅"": [""VPN"", ""ICT""], ""센서/통신"": [""EW""], ""재료/제조"": [""AM""]}",True,양자암호통신,2021-12,relevant,기사에 따르면 한화시스템이 '양자암호통신 시범 인프라 구축·운영 사업'에 참여하여 연내 자사 사옥과 데이터센터에 양자암호통신망을 구축하고 3년간 운영하면서 보안성과 안정성을 검증할 계획이라고 밝혔습니다. 이는 군사기술의 상용화 사례에 해당합니다.
"BAE Systems, 차세대 무인잠수정(UUV) 시장 선도",2020-09,http://www.defensetoday.kr/news/articleView.html?idxno=1717,"BAE Systems는 동급 최고의 유체 역학, 초 저전력 및 신 에너지 기술을 결합하여 차세대 UUV 시장을 선도하고 있다.
1 년 전 BAE Systems 의 FAST Labs ™ 연구 개발 부서는 Riptide Autonomous Solutions의 인수를 발표했다. 당시 언급 한 바와 같이 본 인수의 목표는 Riptide의 획기적인UUV를 당사가 보유한 자율운항, 항법, 통신, 센서 프로세싱, 전자전 등과 같은 업계 최고의 임무 체계 역량과 함께 결합하는 것이었습니다. 인수 1 년 후 당사는 Riptide 기술을 성공적으로 통합하여 산업 전반에 걸쳐 큰 반향을 불러 일으키고 있다.
Riptide계열 UUV는 4.875 인치 (25 파운드) 마이크로 모델, 직경 7.5 인치 (65 ~ 120 파운드) 1MP (수동식) 모델, 직경 9 인치 (9.375 인치) (120 ~ 240 파운드) 2MP 모델을 포함한 3가지 규격으로 나누어진다. 개인이 운반 가능한 소형 무인 잠수정은 정교하면서도 단순하고 효율적이며 임무 유연성이 뛰어난 플랫폼으로서, 더 깊은 수심과 장거리 운항에서 보다 높은 내구성과 속도 등 성능상의 차별점을 갖고 있다.
Riptide의 획기적인UUV (사진: BAE Systems)
BAE Systems의 센서 처리 및 활용 그룹의 총괄 책임자인 존스 호건 박사는 “모든 영역간 합동 운용이 미 국방부 (DoD) 운영의 표준이 됨에 따라 주요 탑재장비 및 자율운항 기술을 통합하는 능력을 가진 해저 플렛폼에 대한 필요성이 증가하고 있다” 고 밝혔다. 또한 그는 “금번 Riptide 인수 이후 BAE Systems는 미 국방부 뿐만 아니라 민간 분야, 연구개발 및 교육기관 전반에 걸쳐 경제적이고 전문적으로 해저를 탐색할 수 있는 뛰어난 기술과 체계 통합 역량을 제공할 수 있게 되었다”고 언급했다.
추가적으로 BAE Systems는 수심 6000 미터 잠수가 가능한UUV 초도 시제품을 개발하였다. 소형 UUV에 높은 수준의 잠수능력을 부여함으로써 기존의 소형 UUV와 비교 불가능한 임무 유연성과 비용 효율성을 제공함으로써 심해에 대한 접근 장벽을 낮출 것이다.
기존보다 더 깊고 넓으며, 빠르고 스마트한 임무 수행을 위해, 지속적인 개발 및 임무장비 연동을 진행하고 있다. 그 결과, 당사가 제공할 수 있는 능력들은 계속해서 진화하고 있다. 궁극적으로 BAE Systems는 다양한 요구에 맞추어 손쉽게 개조, 개량 할 수 있는 “다목적 임무용 모듈형 UUV”의 설계를 목표로 나아가고 있다.
Riptide 계열의 자율 해저 무인체계는 자율운항 및 행동, 전력 체계, 해저 센서 및 신규 탑재장비를 연구하는 개발자들이 기여할 수 있는 지속 가능하고 확장성 있는 솔루션을 제공한다. UUV 및 센서 패키지의 다양한 상용 및 군용 활용 방안에는 해저 감시, 항만 보호, 정보 수집, 기반시설 감시, 석유 및 가스 탐사 및 기뢰 대응 등이 있다.
Tag
#BAE Systems
#무인 잠수정
#UUV
저작권자 © 디펜스투데이 무단전재 및 재배포 금지
이승준 기자
다른기사 보기","{""센서/통신"": [""UV"", ""전자전""], ""무기/방어체계"": [""DE""], ""재료/제조"": [""TEM""], ""기타/기술"": [""IP"", ""EMS""], ""무인/자율시스템"": [""UUV""], ""드론/무인체계"": [""autonomous""]}",True,"무인잠수정(UUV), 센서 처리 및 활용 기술",2020-09,relevant,"기사에서 BAE Systems가 Riptide Autonomous Solutions를 인수하여 차세대 UUV 기술을 개발하고 있다고 언급하며, 특히 수심 6,000m 잠수가 가능한 UUV 초도 시제품을 개발했다고 언급하고 있어 관련 기술의 상용화/전력화가 진행되고 있는 것으로 보임."
"전투복과 전투력,컴뱃셔츠 제작업체 YBZM",2020-08,http://www.defensetoday.kr/news/articleView.html?idxno=1683,"군인들에게 꼭 필요한 컴뱃셔츠 제작업체 YBZM
전투원의 필수품이 된 컴뱃셔츠
전투원들에게 있어서 전투복은 전투시 반드시 착용해야만 하는 필수불가결한 요소이다. 국방기술품질원은 ”군복(軍服)이란 군인이 입는 제복을 뜻하며, 신분의 식별과 증명을 목적으로 표준화된 특유의 형태를 가진다.” 고 표기하고 있으며, 실용성과 심미성을 고려하여 수 세기를 거치며 시대에 따라 크고 많은 변천을 거쳐왔는데, 이 군복 중, 전투나 훈련 시에 입기 위하여 만든 간편한 복제를 “전투복”이라 명시하고 있다.
이러한 전투복이 최근 ‘컴뱃셔츠’의 등장으로 큰 변화를 맞이하고 있다. 과거 재래식 전쟁이 물량파괴전, 대량살상전의 정규전 양상이었다면, 21세기 현대전은 국지전 또는 국지도발(대테러전) 양상의 비정규전으로 변함에 따라 과거 전차. 야포. 장갑차 그리고 전투기 등의 치열한 교전보다는 산 속이나 시가지에서 게릴라 혹은 저항세력을 소탕하기 위해 특수부대를 위시한 보병들을 투입하는 경우가 많아졌다. 이처럼 한 때는 소모품에 가까웠던 보병의 위상이 대폭 강화됨에 따라 선진국에서는 본격적으로 보병 개인 장비에 투자하기 시작했으며 전투복 역시 그에 포함된다.
전시회에 신형 전투복을 전시 (사진: 디펜스 투데이)
우리 군도 이런 추세에 따라 2011년부터 기존 얼룩무늬 전투복에서 신형 5도색 디지털무늬 전투복을 육, 해, 공 전군에 보급하기 시작했으며 해병대는 기습 침투와 해안 상륙 등 임무를 고려하여 모래색, 청회색, 적회색, 수풀색, 흑색을 배합한 전투복을 착용하기 시작했다.
이렇게 전투복은 20세기 후반부터 21세기 초반까지 사용했던 얼룩무늬 전투복에서 디지털무늬 전투복으로 교체되었지만 흡한, 속건, 통풍 등 원단의 ‘기능성’부터 전투원들의 활동성을 보장한 ‘편의성’까지는 정작 전투원들의 요구를 충족시키지 못했다. 이러한 현상에 대해 파이낸셜 뉴스는 ”우선 소요군의 의사가 잘 반영되지 않는다는 것이 첫 번째 이유이며, 우리 군 전투복은 지나치게 군인복제령 등 복제규정에 묶여있어 다양한 개발이 어렵다는 것이 두 번째 이유라고 설명하였다.
또한 전투복을 소모성 장비라기 보다는 비축물자 등으로 여기기 때문에 실 전장 상황에 맞는 전투복 및 장구류 개선이 늦어지고 있으며, 이 때문에 이른바 선진 군대와의 격차가 점점 더 벌어지고 있다.
 반면 선진국에서는 이미 컴뱃셔츠가 등장 한 지 오래인데 실전상황에 수시로 투입하는 미군들이잦은 방탄복 착용과 각종 첨단화되는 장비들을 착용함에 따라 늘어나는 전투하중으로부터 발생하는 ‘열’을 해소하고자 일부 전투복을 개조해서 티셔츠에 연결해서 입던 것이 시초가 된 컴뱃셔츠이다. 일부 마니아들에게는 생소하게 들릴지 모르나 이 컴뱃셔츠는 21세기 비정규전에서 병사들에 훌륭한 아이템으로 각광받고 있으며 우리나라에서도 육, 해, 공 특수부대들이 그간 국외제품을 구매하여 사용하고 있었다.
이러한 추세를 반영하듯 국내에서도 컴뱃셔츠를 제작하여 납품하는 업체가 있는데, 그 곳이 바로 택티컬 전문업체 ”YBZM”이다. “We work for Military Pride and Respect(대한민국 국군의 긍지와 존경을 위해 일한다)” 라는 구호 아래 군 컴뱃셔츠 및 장비 개발에 매진하고 있다.
이에 본지는 현재 우리 군의 컴뱃셔츠 보급 현황과 YBZM에 대해 더 자세히 알아보고자 YBZM사의 최재윤 대표와 인터뷰를 가졌다.
YBZM사의 최재윤 대표와 안터뷰
YBZM사의 전투복 및 컴뱃셔츠 (사진: 디펜스 투데이)
Q) 최근 21세기 전장에서 컴뱃셔츠를 착용한 병사들의 모습이 자주 등장하고 있는데 컴뱃셔츠라는 것은 어떤 것이고 왜 전장에서 중요해졌는지 설명을 부탁드립니다.
우선 전투복에 대한 개념이 달라졌습니다. 지금까지의 전투복이 단순히 전투간 착용하던 의류의 개념이었다면 이제는 장비의 일종으로 볼 수 있기 때문입니다.
과거 1.2차 세계대전 당시 전반적인 전투원들이 복장은 일반 전투복에 탄띠를 착용하고 싸우는 것이 일반적이었습니다.
하지만 21세기에 들어서면서 전면전보다는 국지전 양상의 소규모 전투가 이루어지고 있으며 전투시에도 대량 물량파괴 보다는 핵심시설을 타격하는 ‘효과중심’, ‘인명중시’ 개념이 도입되었기에 무엇보다도 전투원들의 생명을 우선시하게 되어 방탄복 지급이 보편화 되기 시작했습니다.
그러나 이 방탄복에도 단점이 있는데, 두껍고 무겁기 때문에 전투원들의 원활한 활동을 제한하며, 착용 전보다 훨씬 많은 열을 발생시킨다는 점입니다.
특히 기존의 전투복은 방탄복에 적합하지 않은 것이 생사를 결정짓는 전장에서 격렬한 활동으로 인해 발생하는 체내의 열 때문에 전투력이 저하되고 전투효율이 떨어지기 때문입니다.
이에 발생되는 열을 원활히 배출하여 체온 상승을 막고 전투시의 활동성을 보장하여 전투원들의 전투능력을 향상시키기 위한 것이 바로 컴뱃셔츠가 탄생한 배경이며, 미군이 각종 전투 현장에서 일부 전투복을 개조해서 입던 것이 시초가 되어서 이제는 대부분의 선진국 군대에서 상용화된 것으로 알고 있습니다.
따라서 세계 군사력 7위의 우리 군 역시 세계적인 전투복 트렌드에 발을 맞추고, 무엇보다 전투 승리를 보장하기 위해 컴뱃셔츠의 도입이 시급하다고 생각합니다.
YBZM사의 전투복 및 군장 (사진: 디펜스 투데이)
Q) YBZM이 컴뱃셔츠 사업에 뛰어든 이유
저는 개인적으로 15년간 육군 장교로 군생활을 하다가 소령으로 예편하였습니다. 복무기간 동안 저 역시 수많은 특수부대에서 근무한 경험이 있습니다. 특히 초군 수료 후 소위시절 DMZ 작전 부대에서 2년간 근무한 경험이 있는데, 작전 투입시마다 가장 곤혹스러운 문제가 바로 통풍이 좋지 않은 무겁고 답답한 방탄복을 착용하는 일과 수많은 전투 장비와 실탄, 장구류 착용에서 비롯되는 무지막지한 전투하중이었습니다.
전투복에 방탄복. 야간 투시경 및 주간 망원경 등에 실탄, 수류탄까지 챙기면 완전군장 차림이 아니라 하더라도 무게가 15kg 이상이 됩니다. 그런 차림으로 DMZ 수색작전에 투입하면 지형도 험한데다 긴장한 탓에 단순한 전술보행만으로도 체력이 고갈되기 쉽고, 특히 한여름에는 뛰어난 체력의 전투원이라 하더라도 체력의 한계를 경험하는 경우가 허다합니다.
그런 한계상황에서 전투까지 벌어진다면? 과연 제대로 된 전투를 할 수 있을까요? 아마도 전투시 작전에 열 손상 등의 비전투 손실로 인한 피해가 더 크지 않을까 생각했습니다. 훗날 뜻한 바가 있어 군에서 예편하였고, 평소 관심이 많던 전투복과 장비 개발 사업에 뛰어들게 되었습니다. 이왕이면 군의 사기와 전투력을 높이는 분야에 종사하고 싶었던 것이 가장 큰 이유라 할 수 있습니다.
Q) 하지만 의지와 선의를 가지고 뛰어든다고만 해서는 성공할 수 없는 곳이 방산시장입니다. 그만큼 군의 관심을 사로잡아야 하는데 어떠한 전략을 세우셨습니까?
YBZM사의 컴뱃셔츠 (사진: 디펜스 투데이)
군수관련 사업을 하면 일단은 이른바 대단한 ‘빽’내지는 거대한 권력과 결탁되어 있을 거라는 생각들을 많이 하십니다. 하지만 저는 ‘빽’도, ‘힘’도, 대단한 자금력도 가지고 있지 않은 평범한 사업가입니다.
단지 내세울 것이 있다면, 수많은 군생활 경험을 통해 얻어진 군에 대한 깊은 이해와 끊임없이 솟아나는 아이디어, 그리고 성공에 대한 확신과 열정이 전부인 사람입니다.
제가 세운 전략과 접근방식에 대해 말씀드리자면, 우선 우리 군 군수산업의 흐름을 예측해 보았습니다. 과거에는 국방부 중앙 주도의 조달 사업으로도 충분히 군의 요구 사항을 충족하였지만, 현재와 같이 실시간으로 다변화, 다양화되고 있는 작전 환경과 각개 전투원들의 상세한 소요를 맞추기에 현 시스템은 역부족이라 생각합니다.
그래서 생각한 것이 기업의 덩치를 키우기 보다는 작지만 기동성있는 현대군의 요구 사항에 빠르게 대응할 수 있는 사업의 구조와 시스템을 갖추는 것이 저의 첫 번째 전략이고, 두 번째는 군용품의 명품 브랜드화입니다. 저희 업체는 현재도 ○○, ○○○ 등의 명품브랜드 의류를 생산하고 있는 업체이기도 합니다.
YBZM사의 컴뱃셔츠 (사진: 디펜스 투데이)
그러한 명품 브랜드를 만드는 기술력으로 군용 전술복을 제작하고 있는데 따로 설명하지 않아도 고객들이 먼저 알아줍니다. 마지막으로 다양한 전투원들의 요구 사항을 아주 세밀하게 파악하고 반응한다는 것입니다.
그래서 저는 평소에도 최대한 많은 군인 분들과 만남을 갖고 그들의 이야기를 들으려 노력하고 있고, 저희 업체에는 군 위문공연과 창설기념 행사 사업부와 일반유통사업부가 있어서 일을 하다 보면 자연스럽게 많은 군인 분들과 만나게 됩니다. 그게 우리업체의 핵심 전략이라 할 수 있습니다.
군용품도 일괄적인 조달절차에 의한 대량보급이 아니라, 군인들의 수요를 맞춘 다양한 제품들이 나오고 그것을 선택할 수 있는 시스템으로 바뀔 것으로 봅니다. 저는 어떤 물건을 제작할지 고심 끝에 여러 부대를 직접 방문하는 수고를 했습니다.
실제 전투 환경과 가까운 곳에 작전중인 육군 및 해병 수색대, 특전사, 파병부대를 접촉했습니다. 부대원들에게 가장 필요한 것에서부터 불만족스러운 부분을 물었을 때 대부분 부대원들이 컴뱃셔츠가 가장 필요하다고 했습니다.
컴뱃셔츠가 그 전에 없었던 것은 아니었습니다. 최초로 도입한 곳은 보안상 언급할 수는 없지만 육군 모 대테러부대나 해군 모 부대에서도 직접 크라이사 컴뱃셔츠를 구매했습니다. 그러자 다른 특수전 부대들에서도 소요제기를 하였지요. 문득 이런 생각이 들었습니다. ‘우리는 왜 못 만들까? 섬유강국이고 군사강국인데 왜 개발 못하는가?’ 그래서 바로 본격적으로 컴뱃셔츠 개발에 착수한 것입니다.
YBZM사의 컴뱃셔츠 (사진: 디펜스 투데이)
Q) 사업 초기에 어려움도 있었으리라 봅니다.
당연히 있었습니다. 먼저 군인들의 군용품(상용품 포함)에 대한 인식의 문제였습니다. 이것은 그동안 보급되었던 의류나 장비도 마찬가지입니다. 이른바 군장점에서 만들어져 납품하던 옷들은 너무나 수준 이하인 제품들이 나오다 보니 저희가 좋은 제품을 만들었음에도 질 낮은 제품으로 인식하고 가격을 대폭 낮출 것을 요구했습니다.
솔직히 말씀 드리면 군대와 군인들에게 있어 군용품은 정찰제가 없다고 생각하는 것, 그런 인식들이 가장 어려운 문제였습니다. 물론 입찰제도는 다 아실 것이라 생각해서 부연설명은 하지 않겠습니다.
최저가 입찰에 대한 제 생각은 군 장비와 군용품에 대한 질적 저하를 초래하고 제조업체들에게 많은 어려움을 안겨주는 최악의 제도라고 생각합니다. 예를 들어 좋은 아이디어 제품을 공개입찰에 부치면, 최저가인 업체가 채택되고 그 채택된 업체는 수익 구조를 맞추기 위해 제조에 필요한 원/부자재부터 임가공에 이르기까지 단가를 낮추는데 모든 역량을 집중합니다.
그래서 만들어진 제품은 최초 기획된 제품과 많은 차이가 생기고 그런 제품이 보급되므로 현역 전투원들은 기피하고 사용하지 않습니다. 그리고는 국외 제품을 도입하거나 일반 상용화된 우수 제품을 개별 구매하는 악순환이 되풀이되므로 결과적으로 예산이 낭비되는 구조입니다.
어려움이 닥치니 제가 흔들렸습니다. 제품 개발을 통해 브랜드의 가치를 높일까 아니면 남들처럼 그냥 싸게 최소의 비용으로 옷을 만들어서 박리다매로 갈까 중에 선택해야 했습니다. 물론 후자를 선택하게 되면 중국 또는 필리핀 등지에 공장을 차리고 원단도 저가품을 사용하므로 품질이 희생됩니다.
YBZM사의 컴뱃셔츠 (사진: 디펜스 투데이)
더군다나 디자인 및 봉제작업 방식 등 세부 사양도 희생하여 저품질 전투복이 나오기 마련입니다. 하지만 저희는 브랜드를 선택했고. 오히려 개발에 더 투자했습니다.
그런 상태에서 군에서 1년 뒤에 무시하지 못할 정도의 가치, 디자인, 실용성 등 국외 브랜드들과 견주어도 뒤지지 않는 옷을 만들어서 가치를 인정받고 대가를 지불하도록 만들겠다고 다짐했습니다. 거의 한 달에 두 차례 정도씩 업그레이드를 하는 등 많은 노력을 했습니다.
Q) 일부 특수부대의 경우 귀사의 제품을 사용하고 있는 것으로 알고 있습니다. 어떻게 납품에 성공하셨는지 궁금합니다.
업그레이드를 할 때는 직접 군 부대를 방문하여 샘플을 제공한 후 각종 전술훈련과 평가 때 입혔습니다. 이를 통한 데이터 및 피드백을 받아 거의 10여차례 보완을 했습니다. 그렇게 나온 것이 1세대 컴뱃셔츠였습니다. 국외 컴뱃셔츠와 비교해 보면 모양새나 디자인도 비슷해 보이겠지만 차이점이 있습니다.
예를 들어 칼라 쪽을 보시면, 우리 군의 경우 방탄복을 착용할 때 목이 쓸리지 않는 정도에서부터 영내생활시 칼라를 내렸을 때 단정한 부분 등 다양한 디테일을 요구했는데, 그 부분까지 맞춰서 길이를 조정했습니다.
또, 기존의 컴뱃셔츠를 보시면 국외에 판매되고 있는 컴뱃셔츠는 좌 우측 그물망(메쉬) 소재가 없습니다. 전투복에 있어 통풍과 열 배출은 매우 중요한데 바로 이것을 메쉬 소재가 담당합니다. 방탄복 착용시 바람이 들어와서 나갈 수 있게 좌/우측 옆구리에 메쉬 소재를 도입했으며 방탄복에 피부가 쓸리지 않도록 신경썼습니다.
다음은 팔 부분을 보시겠습니다. 부대 측에서 “기존 전투복은 훈련을 뛰다 보면 잘 해지는데 팔꿈치를 보호하면서 팔을 감쌀 수 있는 그런 옷이 나왔으면 좋겠다.”는 피드백이 나왔습니다.
대부분의 국외 브랜드는 팔꿈치만 보호하지만 저희는 팔목까지 보호할 수 있도록 개발했습니다. 일명 프린팅 기법에 우레탄 성분을 추가하여 방수도 가능합니다. 전투 현장에서 진흙탕이나 팔꿈치를 대더라도 옷이 젖지 않으며 보호패드 기능까지 있어서 바위와 같은 팔꿈치나 팔 부분을 충격으로부터 제한적으로 보호합니다.
YBZM사의 컴뱃셔츠 (사진: 디펜스 투데이)
이렇게 되면 전투복의 내구성을 높여주는 동시에 전투원의 팔 부분도 보호할 수 있습니다. 보통 팔목과 무릎 패드를 착용하는 경우가 다반사였는데 장기간 작전 시에는 오래 찰 수 없고 오히려 패드가 흘러내려가니 불편합니다. 그래서 생각한 것이 바로 프린팅 기술입니다.
 2세대 컴뱃셔츠는 등 부분을 기능성 스판 소재로 처리했습니다. 또한 앞부분은 가슴 명치에 인식표 포켓을 적용했는데, 사소해 보일지 모르나 한 여름에는 인식표 땀과 함께 피부에 달라붙으면 촉감도 안 좋고 빛에 반사됩니다.
또한 인식표에서 나는 소리는 야간에 치명적일 수 있습니다. 그렇기 때문에 인식표 포켓을 자석형으로 하여 인식표가 달라붙게 개발했는데, 이렇게 하면 인식표가 주머니 안에 있기 때문에 기도비닉 유지 시 인식표로 인한 불상사를 방지할 수 있으며 하계에 깃을 열고 각종 작업 및 활동 시 인식표가 빠져 나오는 일이 없어져 효용성을 보장합니다.
YBZM사의 컴뱃셔츠 (사진: 디펜스 투데이)
등 부분과 좌/우측에 메시 소재를 적용했지만 군에서는 활동하는데 조금 더 시원한 것을 요구했습니다. 그래서 저희가 입어보고 테스트해본 결과 전투복 원단이 스판 기능이 약해서 어깨 부분이 미세하게 불편한 것을 느낄 수 있었고, 더 활동성이 용이하도록 개발해야겠다고 마음먹었습니다.
그래서 땀 배출을 등 쪽으로 향하게 하여 열기가 상승, 배출될 수 있도록 함과 동시에 활동성 보장을 위하여 스판 소재로 등 부분을 보강했습니다. 3세대는 세 가지 버전으로 나눌 수 있습니다. 우리나라는 계절 구분이 뚜렷한 것이 외국과 크게 다른 점인데 이른바 사계절용 전투복을 착용하는 것이 매우 곤란한 점입니다.
실제로 일부 특수부대에 보급품이 지급되었는데, 사계절용의 의도 자체는 좋았지만 실제로 겨울에는 춥고 여름에는 더워서 전 부대원이 기피하는 상황까지 와버렸습니다. 그래서 아예 혹서기용. 혹한기용, 춘추용으로 세분화하였습니다. 그리고 특전사, 해병대, 육군을 통틀어 요구 사항이 어떠냐에 따라(방염, 방충 아니면 방검 등) 원단도 다릅니다. 물론 마음만 먹으면 더 추가할 수 있는데 이것은 어디까지나 선택사양입니다.
YBZM사의 전투화 (사진: 디펜스 투데이)
YBZM사의 전술장갑 (사진: 디펜스 투데이)
YBZM사의 장비 (사진: 디펜스 투데이)
Q) ○○사단 수색대나 해병 모 부대에서 자사의 컴뱃셔츠를 착용하고 있는 모습이 언론에 공개되었습니다. 즉 군에서도 많은 관심을 가지고 있는 것으로 보는데 어느 정도 관심을 보이고 있습니까?
사업초기에 비하면 상당한 관심을 가지고 있습니다. 특수전 부대는 다들 강력하게 구입을 희망하고 있으며 일반 육군 부대에서도 제작 의뢰와 요청이 많이 들어오고 있습니다.
저희들은 컴뱃셔츠를 한 단계 발전적으로 생각하는데 이 말은 컴뱃셔츠는 특수부대의 전유물이 아니라는 것입니다. 기갑병이나 자주포병 등 차 안에서 싸우는 전투원의 경우 열 관리에 취약합니다. 차 안의 쇠붙이와 부대끼는 환경에서 신체를 보호하면서 시원하게 전투를 할 수 있어야 합니다. 그래서 기갑병 및 자주포병용 컴뱃셔츠도 개발했습니다.
YBZM사의 컴뱃셔츠 (사진: 디펜스 투데이)
YBZM사의 전술배낭 (사진: 디펜스 투데이)
Q) 전에 YBZM 홈페이지를 방문해보니 이너웨어라는 것이 눈에 띄었습니다. 일종의 속옷인데 구체적으로 어떤 것인지 알고 싶습니다.
특전사의 경우 천리행군을 할 때 경량화가 필수입니다만 속옷의 경우 여러 벌을 입고 다녀야 하며 여의치 않으면 그냥 버리는 경우도 있는데, 그러면 당연히 환경 피해가 발생합니다. 만일 천리행군시에도 속옷 두 벌로 모든 것이 해결된다면 믿을 수 있으시겠습니까? 그래서 이너웨어를 개발한 것입니다.
이 속옷을 보시면 원단 자체 안에 구리가 들어있으며 실 자체는 이른바 “PP실”로 이뤄졌습니다. PP실의 장점은 수분을 밀어내며 실이 시간이 지나도 물 위에 뜹니다. 그런 실로 만들어졌기에 땀과 만나면 이너웨어가 땀에 젖지 않습니다. 또한 구리 성분으로 냄새를 제거하며 불쾌한 땀 냄새가 전투복에 배지 않습니다. 행군이나 작전 시 옷은 땀에 젖기 마련이고 젖은 옷은 금방 말릴 수도 없습니다.
그렇기에 전투복이나 컴뱃셔츠 착용 시 이너웨어가 있으면 땀에 흠뻑 젖을 걱정이 없습니다.
Q) 그 외에도 전투화나 배터리, 배낭 등도 다양한 시도를 하시는 것으로 알고 있습니다. 해당 제품들은 어떤 기술이 적용된 것인가요?
전투화의 경우 슈퍼패브릭 기술을 사용했습니다. 기존의 전투화는 장기간 작전 시 손상을 입을 우려도 있으며 유지 관리 역시 관련 키트가 있어야 합니다. 하지만 미군 특수부대용과 같은 슈퍼패브릭 기술을 적용한 저희 전투화는 전투화를 덮고 있는 이 비늘들로 인해 내구성은 물론 설령 전투화가 더럽혀지더라도 흐르는 물에 씻기만 하면 그만입니다. 또한 젖은 상태에서 빨리 마릅니다.
 이 슈퍼패브릭 기술은 장갑에도 적용하고 있습니다. 보통 작업장에 쓰는 장갑은 코듀라원단으로 생산되나 뻑뻑해서 사용하기 어렵습니다. 하지만 이 기술을 장갑에 적용시키면 날카로운 칼 등으로부터 손을 보호할 수 있고 뛰어난 착용감이 보장되는 것이지요. 이미 현대제철 등에도 연락이 왔습니다.
부대로부터 받은 감사장 (사진: 디펜스 투데이)
다음은 태양광 배터리입니다. 현재 특수작전 임무를 보면 첫째가 첩보 수집 보고, 둘째가 화력유도, 셋째가 요인 납치 및 암살입니다.
세 가지 중에 요인 납치 및 암살은 중요도가 낮으며 대부분이 첩보 수집 보고 또는 화력유도인데, 당연히 이런 임무에는 통신장비가 필수입니다. 특수전 부대들은 대부분 적지종심작전부대입니다. 즉 적지에 가서 작게는 십수일부터 많게는 몇 달간 기거하면서 작전을 수행해야 하고 보급은 꿈도 꿀 수 없습니다.
보통 현지 조달로 해결하는데 불가능한 것이 바로 배터리입니다. 그래서 저희는 태양광 에너지를 활용해서 배터리를 충전할 수 있도록 개발했는데 현재 미군에서 쓰고 있는 그 모델이며 대표적으로 네이비씰에서 사용하고 있습니다.
그것을 한국군에 적용하도록 시스템을 바꾼 것입니다. 우리 특수전 부대들의 경우 PRC-950K같은 원거리 통신장비를 사용는데 배터리를 어떻게 충전할 것이냐가 매우 중요합니다. 물론 우리 특수전 부대도 충전기는 다 있습니다만 직렬식이라 살짝 금이 가거나 충격이라도 받으면 기능 불능상태가 됩니다.
그렇기 때문에 저희 장비는 찢어지거나 손상을 입어도 병렬식이라 얼마든지 충전이 가능하도록 하였습니다.
  Q) 우리나라 산업 구조의 문제가 중소기업이 새로운 기술을 개발하면 대기업이 이를 가만두지 않는다는 점이고 이런 문제는 지금도 사회 이슈입니다. YBZM에서도 이에 우려하고 있는 것으로 알고 있습니다.
일단 제도권 내에서도 할 수 있는 것은 다 했습니다. 디자인 등록은 이미 완료했고 인식표 주머니나 플리스 자켓의 핫팩 주머니는 특허 등록이 된 상황입니다.
하지만 저는 반드시 대기업이 유리하다고는 보지 않습니다. 중생대를 주름잡았던 공룡이 아무리 강해도 결국 쥐를 못 이겼습니다. 덩치만 커서는 고객들의 다양한 수요를 충족시킬 수 없습니다. 대기업들은 생산체제 안에서 여러 가지를 따지다 보니 이런 경영 구조를 바꾸지 않는 이상 빠른 변화를 반영하지 못합니다.
저희는 적기에 바로 디자인해서 내일 바로 출고할 수 있습니다. 주문생산 방식으로 가고 있기 때문에 고객들의 수요에 맞춰서 최대한 빨리 생산하는 점은 대기업이 따라갈 수 없으며 그것이 저희의 강점입니다. 또한 군인들과의 네트워크는 대기업이 뛰어든다고 해서 원하는 자료들을 얻을 수 있다. 생각하지 않으며 덩치가 큰 만큼 의사결정시스템도 느립니다.
  Q) YBZM사의 목표
국외 수출을 노리고 있으며 동남아시아와 아랍권이 제1순위입니다. 우선 대한민국은 세계 7위 군사강국이며 패션 업계에서도 Made In Korea를 알아줍니다.
무엇보다 한류가 동남아시아와 아랍권에 널리 퍼져 있으며 한국군의 우수성을 알아주는 곳이 동남아와 아랍권입니다. 그렇기에 동남아와 아랍 시장에 접근하는 것이 수월하다고 봅니다.
무엇보다 저희 제품이 당당히 보급되는 것이 최고 목표입니다. 그리고 두 번째는 사업을 확장해서 밀리터리 마니아들과 서블 마니아 분들, 등산객들을 고객으로 만들고 싶습니다.
저희가 추구하는 것은 생존형 아웃도어 제품이며 이는 등산 및 자전거 동호회 등이 좋아할 만한 아이템입니다. 하지만 제일 중요한 것은 군의 색깔은 버리지 않을 것입니다.
본연의 역할은 유지하되 군에 저촉되지 않는 색상을 사용, 확장하여 국외 쪽으로 홍보하고 유통 중입니다. 끝으로 중요한 것은 저희 제품으로 인한 육군과 다른 부대들의 보급인데, 보급이 될 경우 아이디어만 빼가고 관련 기술을 타 군납업체에 주는 것은 우려되는 점이지만, 중요한 것은 각 부대에서 연락이 많이 온다는 점입니다.
이것은 긍정적이고 고무적입니다. 즉 주 고객인 군에서 저희를 신뢰한다는 것입니다. 저희는 뛰어난 품질의 제품을 국방의 의무를 다하는 장병들에게 주고 싶습니다.
이제 군인들에게는 내구성은 기본이고 최적화된 장비를 써야 할 권리가 있습니다. 미군 등과 달리 우리 군이 지금 전투에 참여하고 있지 않다고 해서 이런 요소를 등한시한다는 것은 안일한 생각입니다. 전투복도 마찬가지이고, 편안하면서도 내구성이 강하고 자신을 지켜줄 수 있는 것이 최적의 장비라고 봅니다.
YBZM사의 최재윤 대표 (사진: 디펜스 투데이)
-최근 YBZM 사의 사업 성과-
2014.08 국군의 날 합동특공무술시범단에 컴뱃셔츠 개발/납품
2014.09  특수전사령부 컴뱃셔츠 납품
2014.10  국제평화지원단 남수단 파병부대용 셔츠 개발/납품
2014.11  육군 대테러작전용 컴뱃셔츠 개발/납품
2014.02  산악지역 방충소재 컴뱃셔츠 개발
2015.04  적지종심작전부대용 태양광 충전패널 개발
2015.05  특전사 수중정화작전용 컴뱃셔츠 납품
2014.05  2015 ~ 2016년 파병부대 컴뱃셔츠 납품 낙찰
2015.06  최전방 육군 00사단 DMZ 작전부대용 전술의복 개발/납품
2015.06  남수단 파병 ‘한빛부대’ 컴뱃셔츠 제작/납품
2015.06  특수부대용 전술 이너웨어 개발
2015.07  특수부대용 전술화 PIX001(난염, 방수, 방검) 개발
2015.07  육군00특공연대 작전복 개발/납품
2015.08  해병대 대테러작전용 컴뱃셔츠 및 전술장비 개발/납품
2015.08  해병대 수색대대 특주작전용 컴뱃셔츠 개발/납품
2015.10  아랍 UAE 파병 ‘아크부대’ 컴뱃셔츠 납품
2015.10  ADEX 2015 참가
2015.11  레바논 파병 ‘동명부대’ 컴뱃셔츠 납품
2016.02  남수단 파병 ‘한빛부대’ 컴뱃셔츠 납품
Ps) 컴뱃셔츠 디자인의 경우 특허 제30-0806653호, 플리스자켓 디자인의 경우 특허 제30-0801232호, 인식표 포켓의 경우 특허 10-2014-0143274 출원, 보온대 포켓의 경우 특허 제 10-2014-0180677출원으로 표기되어있다.
  [디펜스투데이]
Tag
#전투복
#컴뱃셔츠
#YBZM 사
#디펜스투데이
저작권자 © 디펜스투데이 무단전재 및 재배포 금지
이치헌 기자
다른기사 보기","{""AI/컴퓨팅"": [""AR""], ""무기/방어체계"": [""DE""], ""항공기"": [""전투기""]}",True,컴뱃셔츠,2011,relevant,"이 기사에서는 군대에서 기존 얼룩무늬 전투복에서 디지털무늬 전투복으로 교체되고, 이를 보완하기 위해 컴뱃셔츠가 등장했음을 설명하고 있습니다. 특히 2011년부터 육/해/공군에 디지털무늬 전투복이 보급되었다고 언급하고 있어, 이 시기부터 컴뱃셔츠가 상용화되었을 것으로 추정됩니다."
"이스라엘의 항공기 전투 생존장비 DIRCM 시스템",2020-08,http://www.defensetoday.kr/news/articleView.html?idxno=1680,"서울 ADEX 에서의 인터뷰
엘빗 시스템즈(Elbit Systems)의 생존장비 DIRCM 시스템 
엘빗 시스템즈(Elbit Systems)의 생존장비 DIRCM 시스템 (사진: 디펜스 투데이)
 Q . 귀사에서 한국에 새로운 임무 장비, 그것도 DIRCM과 같은 자체방어체계를 대거 제시하였다.  이들 체계의 자체방어능력은 실제 전장환경에서 검증이 된 것인가?
 A. Mini-music과 J-music 공히 실제 전장환경과 위협을 모사하여 테스트를 거쳤으며, 이를 통과하여 작전운용가능 인증을 받은 장비들이다. 이 중, Mini-music은 소형, 중형 헬기에서 운용할 목적으로 개발된 컴팩트한 소형의 DIRCM이다. 이 시스템은 총 중량이 19Kg 정도인 경량의 시스템이며, 1kW에 미치지 못하는 비교적 낮은 전력을 소모하여 구동되는 시스템이다.
 비록 소형의 시스템이어서 사용하는 개구면의 크기가 작고, 교란 신호의 송출 출력이 낮은 것이 사실이다. 이와 같은 컴팩트한 시스템이지만   MANPADS 등의 IR 시커를 효과적으로 교란할 수 있는 강한 IR 에너지와 높은 정밀도를 필요로 한다. 이 때문에 Mini-music 에는 출력이 낮으면서 Gain이 더욱 큰 광섬유 레이져를 사용한다. 작은 개구면에서 사용되면서 Gain이 크기 때문에 각도 분해능이 매우 우수하여 위협 표적에 정밀하게 대응할 수 있다. 또한 FLIR와 IR 신호 프로세서에 신속한 신호처리를 위한 디지털 신호처리 알고리즘과 표적 접촉 상실 시 신속한 재포착을 위한 알고리즘 등이 적용되어 정확하고 정밀한 위협 탐지, 추적이 가능하다.
 Mini-music이 주로 소형 / 중형 헬기를 위한 자체 방어체계라면, J-music은 수송기와 여객기, 대통령 전용기 등 대형 항공기의 자체방어를 위한 DIRCM이다. 이 시스템은 Mini-music의 확대형으로서 기본적인 구조와 특성은 Mini-music의 그것과 같으면서 그보다 더욱 대형, 대출력의 시스템이다. 다시 말해서 Mini-music의  Gain이 크고 각도 분해능이 정밀한 광섬유 레이저를 사용하면서, 출력 또한 800W 이상 더욱 증가하였기 때문에 결과적으로 높은 출력과 높은 Gain을 갖는 고에너지 IR 기만 신호를 송출하여 대형 수송기와 같은 큰 IR 신호를 방출하는 항공기를 보호할 수 있다.
 실제 전장 환경에서 J-music이 검증을 받았냐고 물으신다면 단연코 그렇다라고 말씀드릴 수 있다. 앞서 말씀드린 Mini-music과 마찬가지로 J-music 또한 실제 전장환경과 위협을 그대로 모사한 테스트를 통과하면서 작전적합인증을 받은 체계이다. 여기에 더해서 J-music은 민항기에 사용할 수 있는 상용 인증까지 획득한 시스템이다.
 Q. 민항기에서 사용할 수 있는 상용인증을 획득했다는 것은 어떤 것을 말하는 것인가?
 A. 앞서 말씀드린 바와 같이 J-music은 수송기와 여객기 등에 사용 가능한 대형의 DIRCM이다. 익히 아시는 바와 같이 우리 이스라엘은 테러리스트들의 위협이 상존하는 나라이다. 이들은 이스라엘군(IDF)만을 공격 목표로 삼는 것이 아니라 이스라엘 민간인들에 대한 테러도 서슴지 않는다. 민간인에 대한 테러 중, 충격의 전파 효과가 크고 대량의 인명 살상을 꾀할 수 있는 테러가 바로 민항기를 폭발물이나 MANPADS로 공격하는 유형의 테러이다.
 따라서 이스라엘에서는 모든 상용기들이 의무적으로 자체방어체계를 통합, 운용할 것을 법으로 규정하고 있다. 또한 상용기들을 위한 자체방어체계 성능요구기준이 매우 높을 수 밖에 없다. J-MUSIC은 이러한 까다로운 요구 성능을 충족시켜, 이스라엘의 민항기뿐만 아니라 이스라엘 공군의 수송기, 특수전 항공기, 그리고 다양한 민수용, 군수용 대형 항공기에 통합되었다.  따라서 이미 다양한 플랫폼에 통합하여 검증된 체계라고 할 수 있다.
 또한 많은 수의 J-music이 널리 운용되고 있기 때문에 프로그램 코스트와 장기적인 운용유지측면에서도 합리적인 장비라고 할 수 있다.
 Q. Mini-music과 J-music은 각각 한국군의 어떠한 플랫폼에 통합을 제안하고 있는가?
 A. 먼저, Mini-music의 경우 한국군이 보유한 헬기 중, 주로 한국 공군의 탐색구조전대에서 운용하는 헬기들(HH-60P, HH-47, Ka-32I)에 통합을 제안하고 있다. SAR(Search & Rescue) 임무라는 것이 적대 세력이 장악하고 있는 위험한 지역에 낙오된 조종사를 구출하러 가야하는 임무인지라 적대 세력의 휴대용 대공 미사일 위협으로부터 SAR 헬기를 보호할 수 있는 능력을 갖추어야 한다.
 J-music은 한국 공군이 발주한 4대의 A330 MRTT에 통합하려 하고 있다. 특히 J-music의 LRU는 MRTT에 통합, 호환에 적합하다는 장점이 있다.
 Q. 설명을 듣다보니 궁금한 점이 하나 생겼다. 최근 자체방어체계의 추세는 LWS, MAWS, ESM, ECM, DIRCM, Chaff/Flare 카트리지 등 자체방어장비 일체를 단일 코어 프로세서, 특히 센서통합엔진을 보유한 코어 컴퓨터에 통합하여 운용하는 추세이다. 그런데 J-music 이나 Mini-music의 경우에는 DIRCM 단일 시스템이다.
 A. J-music과 Mini-music 모두 인터페이스가 개방되어 있는 오픈 아키텍쳐 시스템이기 때문에 외부의 다른 자체방어임무장비와 연동이 가능하다. 특히 장비 특성상, J-music과 Mini-music은 주로 MWS(미사일 경보 시스템)와 연동하여 운영하는 것이 효과적이다. 실제로 Mini-music이나 J-music을 탑재한 플랫폼은 MWS 또한 통합하여 함께 연동 운용하는 경우가 많다.
그리고 우리 엘빗 시스템즈(Elbit Systems)의 Music 계열 자체방어체계는 J-music과  Mini-music과 같은 DIRCM만 있는 것이 아니다. 언급하신 것과 같은 통합자체방어징비도 있다. 이는 C-music 이라고 하는 장비이다.
 Q. C-MUSIC은 어떤 장비인가? 
 A. C-MUSIC은 그야말로 ""All-in-one"" 시스템이라고 할 수 있다. 이 시스템은 포드형 통합자체방어체계로서, ECM과 RWR, LWS, PAWS(Passive IR MAWS), DIRCM, 그리고 채프/플레어 디스펜서 등이 각각 LRU로서 이 시스템에 통합되어 있다.
 이와 같이 다수의 자체방어임무장비들을 개별적인 LRU로 통합하여 운용하는 C-music의 포드는 컴팩트한 포드로서, 다수의 LRU를 여기에 통합시킨다는 것은 해당 LRU들 또한 컴팩트한 체계로 만들어졌다는 것을 의미한다. 제한된 공간에 다수의 LRU를 집어 넣으려면 각각의 LRU가 작아야 한다는 것은 당연하다. 또한 해당 포드는 탑재 시 항력 증가가 크지 않은 형상으로 설계되었다.
 Q. 한국에서 진행되는 프로그램은 엘빗 본사에서 많은 관심을 갖고 있는가? 그렇다면 어떤 프로그램이 주목을 받고 있는가?
 A. 현재 KFX 프로그램이 주목을 받고 있다. 엘빗 시스템즈는 KFX의 LAD(Large Area Display)를 포함한 인터페이스와 자체방어체계 등을 제공하고자 한다. KFX뿐만 아니라 LAH, 그리고 KMOH 프로그램에도 관심을 갖고 있다.
[디펜스투데이]
Tag
#엘빗시스템즈
#Elbit Systems
#DIRCM
#자체방어체계
#디펜스투데이
저작권자 © 디펜스투데이 무단전재 및 재배포 금지
신선규 기자
다른기사 보기","{""AI/컴퓨팅"": [""AI"", ""AR""], ""센서/통신"": [""FLIR"", ""IR""], ""무기/방어체계"": [""DE""], ""재료/제조"": [""TEM"", ""PLA""], ""기타/기술"": [""EMS""], ""항공기"": [""HH-60""], ""센서/통신/레이더"": [""SAR""], ""무기/방어"": [""ECM""]}",True,DIRCM(Directed Infrared Countermeasure) 시스템,null,relevant,"이 기사는 이스라엘의 항공기 자체방어 DIRCM 시스템에 대해 다루고 있습니다. DIRCM 시스템은 적외선 유도 미사일을 교란하는 기술로, 실전에서 검증되었다고 언급되어 있습니다. 또한 이 시스템은 수송기와 여객기에도 적용 가능한 것으로 나와 있습니다."
"현대로템, 울산시와 수소전기트램 실증사업 추진",2020-08,http://www.defensetoday.kr/news/articleView.html?idxno=1622,"현대로템이 울산시와 함께 국내 첫 수소전기트램 도입을 추진한다.
현대로템은 13일 울산시청에서 송철호 울산시장과 이용배 현대로템 대표이사 등 관계자들이 참석한 가운데 수소전기트램 실증사업을 위한 양해각서(MOU)를 체결했다고 14일 밝혔다.
수소전기트램 실증사업은 기존 철로인 태화강역에서 울산항역까지 총 4.6km 구간의 울산항선에서 수소전기트램, 수소충전소, 차량기지 등을 설치하고 울산시가 계획중인 울산도시철도에 적용 가능한지 검토하기 위해 추진되는 사업이다.
이번 업무협약을 통해 현대로템과 울산시는 울산항선 노선을 대상으로 실증사업을 공동으로 제안하고 조기 시행이 될 수 있도록 상호 협력한다. 현대로템은 수소전기트램 제작 및 시운전, 궤도, 신호, 수소충전소 구축 등 트램 운영의 전체 시스템 분야를 담당하고 울산시는 실증노선의 확보와 수소충전소 설치를 위한 행정사항 전반을 지원한다.
현대로템은 이번 실증사업을 통해 울산시에 수소전기트램과 수소충전소를 패키지화해 공급할 계획이다. 현대로템은 지난 5월 산업통상자원부와 강원테크노파크에서 수소리포머 3대를 수주했으며 최근 의왕 연구소 부지에 수소리포머 공장 착공에 나서는 등 수소충전 설비공급 사업을 본격화 하고 있다.
수소전기트램과 수소충전소를 함께 공급하면 열차와 충전소의 연계 운영시 발생할 수 있는 문제점을 미리 파악하고 보완할 수 있는 장점이 있다. 아울러 열차 운영 시스템을 더욱 안정화 시킬 수 있고 유지보수 인력도 최소화가 가능해 운영자의 편의성을 한층 높일 수 있다.
울산시청에서 송철호 울산시장과 이용배 현대로템 대표이사 등 관계자들이 참석한 가운데 수소전기트램 실증사업을 위한 양해각서(MOU)를 체결 (사진: 현대로템)
실증사업을 통해 수소전기트램과 수소충전소의 성능 검증이 완료되면 향후 국내는 물론 해외 트램 시장에도 본격적으로 진출할 수 있을 것으로 기대된다.
현대로템은 지난해부터 현대자동차와 함께 수소전기트램을 개발 중에 있으며 오는2021년까지 성능시험 플랫폼 차량 제작을 완료할 계획이다. 현대로템의 수소전기트램은 저상형 구조로 제작돼 일반 승객은 물론 교통약자의 승하차가 편리하며 전차선이 불필요해 도시미관을 향상시키고 일반 트램·경전철 대비 공사비를 절감할 수 있는 장점이 있다.
또 수소전기트램은 도심 공기정화에도 효과적이다. 수소전기트램 1편성을 1시간 동안 운행하면 약 800㎍(마이크로그램)의 미세먼지 정화가 가능하며 성인 107명이 1시간 동안 소비 가능한 107.6kg 가량의 청정 공기도 생산할 수 있다.
현대로템 관계자는 “수소시범도시로 선정된 울산시와 협약을 통해 국내 수소전기트램의 상용화가 더욱 속도를 낼 수 있을 것으로 기대한다”며 “수소사회 구현을 위해 고품질의 안전한 수소전기트램과 수소충전소가 구축 될 수 있도록 최선을 다할 것”이라고 말했다.
Tag
#현대로템
#수소전기트램
#울산시
#도시교통혁신
저작권자 © 디펜스투데이 무단전재 및 재배포 금지
이치헌 기자
다른기사 보기",{},True,수소전기트램,2021-12,relevant,이 기사는 현대로템과 울산시가 국내 첫 수소전기트램 도입을 위한 실증사업을 추진한다는 내용을 담고 있습니다. 수소전기트램은 군사 기술이 아니지만 상용화 및 배치와 관련된 내용이 포함되어 있어 관련성이 있습니다. 실증사업을 통해 수소전기트램과 수소충전소의 성능 검증이 완료되면 향후 본격적인 상용화가 추진될 것으로 보입니다.
"방위사업청, 국내기술로 적외선차폐연막통 개발 성공",2020-08,http://www.defensetoday.kr/news/articleView.html?idxno=1610,"방위사업청(청장 왕정홍)은 육안 관측은 물론 적외선 탐지까지 차단할 수 있는 적외선차폐연막통 개발에 성공하였다고 밝혔다.
적외선차폐연막통은 유사시 전장에서 터뜨려 적의 육안 관측과 적외선 탐지를 차단하는 연막을 발생시키는 장비이다. 육상에서 운용하는 지상용 연막통과 하천과 바다에 운용하는 수상용 연막통으로 구성되며, 개인별로 휴대하거나 차량, 장갑차, 보트 등에 적재하여 운반한다. 이번 적외선차폐연막통 개발은 2015년 12월에 착수하여 2020년 8월에 종료하였으며, 삼양화학공업(주)이 참여하였다.
이번에 개발한 적외선차폐연막통은 인체와 환경에 친화적인 저독성 연막제를 사용하였다. 이로써 그동안 연막 물질의 유해성으로 인해 야기되던 문제들을 상당 부분 해소하였으며, 장병들의 건강보호와 대민피해를 예방하고, 자연 생태계의 피해를 최소화하게 되었다.
적외선차폐연막통이 전력화되면 다양한 작전(공격‧방어작전, 도하작전, 상륙작전 등) 수행 시 적의 육안 및 적외선 센서의 관측을 방해하고 적의 조준사격을 차단함에 따라 아군의 생존성과 작전의 기밀성을 유지할 수 있어 군의 작전능력이 크게 향상할 것으로 기대된다.
이번 적외선차폐연막통 개발에는 31개의 국내 중소 협력업체가 참여하여 100% 부품 국산화함으로써 일자리 창출 등 경제적 파급효과도 클 것으로 기대된다. 특히, 미군에서 운용하고 있는 부유연막통(FSP ; Floating Smoke Pot)과 비교해도 성능면에서 손색이 없고 가격 또한 저렴 단가 : 美 부유연막통(약 277만 원, 2012년 선행연구 기준),
         적외선차폐연막통(지상용 : 약 112만 원, 수상용 : 약 148만 원, 2018년 비용 분석가 기준)
하여 향후 수출경쟁력도 확보 가능할 것으로 전망된다.
임영일(고위공무원) 화력사업부장은 “적외선차폐연막통 개발을 성공함으로써 기존 연막통에는 없는 적외선 탐지까지 차단할 수 있는 능력을 확보하게 되었으며, 군 전력화 시 우리 군의 생존성을 크게 높일 수 있을 것으로 기대된다.”라며, “향후 개발업체들과 협력을 통해 수출이 될 수 있도록 노력하겠다.”라고 말했다.
국내기술로 적외선차폐연막통 개발 성공 (사진: 방위사업청)
  Tag
#방위사업청
#적외선연막차폐통
#개방성공
#육안관측
#적외선탐지
저작권자 © 디펜스투데이 무단전재 및 재배포 금지
이치헌 기자
다른기사 보기","{""센서/통신"": [""적외선""]}",True,적외선차폐연막통,2020-08,high,"해당 기사는 방위사업청이 국내 기술로 적외선차폐연막통을 개발하는 데 성공했다고 설명하고 있습니다. 개발 완료 시점이 2020년 8월로 명시되어 있으며, 주요 기술명인 '적외선차폐연막통'도 잘 드러나 있습니다."
"KT SAT, 위성으로 육군 통신체계 연속성 확보",2020-08,http://www.defensetoday.kr/news/articleView.html?idxno=1601,"국내 유일 위성통신 사업자 KT SAT 이 방위사업청(청장왕정홍)에서 발주한 후방지역 위성통신체계를 구축했다고 8월 13일밝혔다.
KT SAT은 지난해 6월부터 올해 6월 말까지 3차례에 걸쳐 육군 제2작전사령부와예하 부대 후방지역에 예비 통신망 공급을 완료했다. 유선망 단절상황 또는 임의 지역 작전 시 무궁화위성 6호를 활용해 C4I 체계(육군전술지휘정보체계, 이하 ATCIS) 및 각종 지휘 통제 시스템을 각 부대에 제공한다.
KT SAT 위성으로 육군 통신체계 구축 (사진: KTSAT)
후방지역 위성통신체계 구성은 크게 중심국과 운반형 위성단말장비로 이루어진다. KT SAT은 중심국을 위성 안테나가 설치된 차량형으로 제작해 기동성과 생존 가능성을 높였다. 운반형 위성단말은 안테나와 네트워크 장비로 구성해 도수운반이 가능하도록 했다.또한 운반형 위성단말장비는 위성 추적기능을 자동화해 15분이면 위성 추적과 망 개통을 할수 있도록 구현했다.
기존 후방지역 작전부대 지휘통제는 유선망 기반으로 이루어졌다. 이에광케이블 장애 혹은 작전상 지휘소 이동 시에는 통신사의 유선망이 확보될 때까지 약 3~6시간가량 소요되어지휘 통제 통신이 제한된다는 단점이 있었다.
 새롭게 구축된 후방지역 위성통신체계는 유선망 통신이 불가능한 상황에서도 KT SAT의 무궁화위성6호를 통신망으로 활용함으로써 C4I 체계와 인터넷전화(VoIP) 제공이 가능하다.
일반적으로 군 통신체계는 설계ㆍ제작ㆍ평가 등 구축 과정에 5년이상의 기간이 필요하다. 하지만 후방지역 위성통신체계는 KT SAT의보유 위성인 무궁화위성과 품질이 검증된 상용 장비를 활용해 1년 6개월만에구축됐다. 또한 주파수와 단말 장비만 추가하면 간편하게 통신체계 확장과 속도 증가도 가능하다.
송경민 KT SAT 대표는 “후방지역 위성통신체계 공급은 KT SAT이 중계기 서비스부터 통신망 구축까지 토탈 위성 솔루션을 제공했다는 점에서 더욱 의미가 있다”며 “무궁화위성을활용한 끊김 없는 위성통신 서비스로 군 통신체계를 보완하고 전력 효과를 높일 수 있을 것으로 기대한다”고 밝혔다.
  Tag
#KTSAT
#방위사업청
#위성통신체계를 구축
저작권자 © 디펜스투데이 무단전재 및 재배포 금지
이치헌 기자
다른기사 보기","{""우주/위성"": [""위성통신""], ""센서/통신"": [""지휘통제"", ""C4I""], ""기타/기술"": [""IP""], ""해양/기상"": [""TC""]}",True,위성통신 시스템,2020-08,high,"이 기사는 KT SAT이 육군 후방 지역에 위성통신 체계를 구축했다는 내용을 다루고 있습니다. 기술명, 상용화 시점, 상세한 내용이 제공되어 있어 군사 기술의 전력화를 잘 다루고 있습니다."
"롤스로이스, 트렌트 XWB-84 엔진 업데이트",2020-08,http://www.defensetoday.kr/news/articleView.html?idxno=1596,"전 세계 대형 상용기 엔진 중 가장 효율적인 트렌트 XWB-84 엔진이 계획대로 타임온윙(time on wing: 엔진을 비행기로부터 떼어내서 정비하기 전까지의 시간)에 성공적으로 도달하였다. 이것은 타의 추종을 불허하는 온윙(on-wing) 신뢰성을 지속적으로 제공하고 있는 것이다. 에어버스 A350에 첫 엔진이 탑재된 이후 약 5년간 이 엔진들은 여태 계획되지 않은 정비 없이, 최저의 운항중단을 기록하면서 평균 약 1,400만 킬로미터를 비행했으며 이제 첫 정비센터 입고를 앞두고 있다.   
첫 오버홀 (분해정비)을 앞둔 가운데 계획된 정비센터 입고의 일환으로 앞서 실시된 정기점검에서 4~5년가량 운용된 일부 엔진의 중압 컴프레서(Intermediate Pressure Compressor, IPC)에서 마모 징후가 식별되었다. 이런 징후가 나타난 어떤 엔진도 운항 중 비정상적인 작동을 하지 않았지만, 롤스로이스는 예방 차원에서 유사한 서비스 수명을 가진 다른 모든 트렌트 XWB-84 엔진을 점검하고 있다.
Trent XWB-84 (사진: 롤스로이스)
이러한 마모 문제를 해결하기 위해 계획된 정비시 필요한 추가 작업의 규모나  교체 부품과 예비 엔진의 가용성을 고려해 볼 때,이 문제가 고객에게 심각한 운항 중단이나 추가적인 연간 부품 구매비용을 유발시키지는 않을 것으로 전망하고 있다. 롤스로이스는 유럽항공안전청(European Union Aviation Safety Agency, EASA)이 발행할 감항성 개선지시(Airworthiness Directive, AD)에 따라 발생 가능한 추측을 감안하여 이 정보를 제공하는 것이다. 감항성 개선지시(AD)는 항공 규제기관이 필요한 검사와 유지 보수 절차를 준수하기 위해 활용되는 일반적인 정비검사절차이다.
현재 4~5년가량 운용된 트렌트 XWB-84 엔진은 100여대가 조금 넘는 상황으로, 롤스로이스는 이들 대부분에 대해 검사를 마쳤고, 일부 엔진의 중압 컴프레서(IPC) 블레이드에서만 평균 1~2개의 마모 흔적을 발견했다. 아울러 롤스로이스는 이보다 짧은 기간동안 운용한 트렌트 XWB-84 엔진들도 표본검사를 통해 예방조치를 취했으며 마모는 발견되지 않았다.
롤스로이스의 크리스 촐러튼(Chris Cholerton) 민간항공우주 부문 사장은 “트렌트 XWB-84 엔진은 우리가 개발한 어떤 이중통로기(Widebody) 엔진보다 원활하게 성공적인 서비스를 시작했습니다. 이 엔진은 세계에서 가장 효율적인 대형 항공기 엔진으로 탁월한 신뢰성을 자랑합니다. 현재 오버홀을 앞두고 있는 엔진들은 예상치 못한 추가 유지 보수 없이 전 세계를 350회 이상 운행했습니다. 롤스로이스의 사전예방적 검사체계를 통해 우리 고객의 잠재적인 피해를 최소화하고 안심시키기 위해 이 문제를 식별하고 신속하게 해결했습니다.”라고 밝혔다.
Tag
#롤스로이스
#Trent XWB-84
#업데이트
#오버홀
저작권자 © 디펜스투데이 무단전재 및 재배포 금지
이승준 기자
다른기사 보기","{""AI/컴퓨팅"": [""AI""], ""센서/통신"": [""IR""], ""무기/방어체계"": [""DE""], ""기타/기술"": [""IP""], ""무인체계/로봇"": [""HRI""]}",True,Trent XWB-84 엔진,2015-08,high,이 기사는 에어버스 A350에 적용된 Trent XWB-84 엔진의 상용화 및 운용 현황을 다루고 있습니다. 구체적인 기술명과 배치시점(2015년 8월)이 제시되어 있어 군사 기술의 상용화를 잘 다루고 있습니다.
"방위사업청, 후방지역 위성통신체계 최초 확보, 지휘통신능력 강화",2020-08,http://www.defensetoday.kr/news/articleView.html?idxno=1595,"방위사업청(청장 왕정홍)은 전방에 비해 상대적으로 약했던 후방지역의 통신망 보완을 위해, 국내 상용위성(무궁화 6호)을 활용한 「후방지역 위성통신체계」 사업을 완료하여, 유선 단절이나 작전상 지휘소가 유선망 미개통 지역으로 이동 시에도 위성통신망을 이용하여 즉각적으로 지휘통제통신체계(C4I) 연속성을 보장했다고 밝혔다.
    * 후방지역이란 2작전사(대구) 예하부대, 통상 경기․강원이남, 충청․영․호남지역
    * C4I란 지휘(Command), 통제(Control), 통신(Communication), 컴퓨터(Computer), 정보(Intelligence)의 머리글자로 군의 지휘통제통신체계를 말함
후방지역 위성통신체계사업 은 작전지역이 광범위하고 지휘통신 기반시설이 미약한 후방지역의 통신 지원 능력 강화를 위해 ’17～’20년간 약 460억 원을 투자하여 ’20년 7월 전력화한 사업이다.
후방지역 위성통신체계 운용개념도 (사진: 방위사업청)
이 체계가 도입되기 전에는 지상통신망 단절 시, 또는 작전상 지휘소가 유선망 미개통 지역으로 이동 시에 통신망 복구 및 설치까지 수시간이 소요되어 통신망 이용에 어려움이 있었다. 그러나 이번 사업이 완료됨에 따라 후방지역의 광범위한 작전지역에 신속한 장비 설치 및 지휘통신체계망 구성이 가능하고 한반도 어느 지역에서나 전파의 송∙수신이 가능하게 되어 후방지역 작전부대 지휘관의 지휘통제능력이 크게 향상되었다.
후방지역 위성통신체계 전력화 전ㆍ후 비교 (사진: 방위사업청)
본 사업은 상용 위성통신장비를 이용하여 육군전술지휘정보체계(ATCIS) 운용이 가능할 수 있도록, 후방지역 사령부에는 차량에 일체화된 위성 중심국(육상 이동기지국 역할) 주․예비 2대를 배치하여 생존력을 강화시켰고, 사령부 예하 사단․연대․대대까지 운반 가능한  위성단말을 편성하여 작전 간 유선통신망이 없는 지역으로 이동 후에도 즉각적으로 육군전술지휘정보체계(ATCIS) 운용이 가능하게 되었다.
    * 상용 위성통신장비 : 위성안테나, 모뎀, 라우터 등 통신장비 일체
    * ATCIS란 Army Tactical Command Information System의 약어로 육군전술지휘정보체계를 말함
이번 사업은 청에서 민간 통신위성 임차, 상용 안테나ㆍ네트워크 장비 등 민간의 우수한 기술과 검증된 상용 장비를 바로 활용했다는 데 의미가 있다. 아울러 통신속도를 높일 수 있도록 하고 위성단말 개수를 확장할 수 있어 향후 확대를 용이하게 했으며, 자동 위성 추적 기능도 구현하여 운용 편의성도 높였다.
최근 발사된 군 전용위성통신체계(ANASIS-Ⅱ)는 전방의 작전 직접 수행 부대가 통신망(C4I포함)으로 활용하는 것이고, 이번에 전력화된 후방지역 위성통신체계는 전방 부대를 제외한 육군 후방 부대의 부족한 기반통신망과 C4I를 지원하는 점에서 차이가 있다. 한편, 현 해상작전위성통신체계(MOSCOS)는 해군의 전 함정과 부대가 작전 시 동남아 등지까지 통신망으로 활용하고 있다. 위 3종의 위성통신체계는 육해공 작전 통신 소요를 경제적이면서도 효과적으로 충족시키게 된다.
왕정홍 방위사업청장은 항재밍, 고속 통신지원 등 군 전용 사양에 따라 개발된 군 전용 통신위성 ANASIS-Ⅱ가 궤도에 안착한데 이어, 민간의 성숙된 기술로도 군 소요를 경제적으로 충족할 수 있도록 사업이 진행된  후방지역 위성통신체계는 민간기술장비 국방적용, 후방 C4I지원 등 측면에서 의미가 있다.”라고 밝혔다. 
Tag
#방위사업청
#후방지역 위성통신체계 전력화
#ATCIS
#육군전술지휘정보체계
저작권자 © 디펜스투데이 무단전재 및 재배포 금지
이승준 기자
다른기사 보기","{""우주/위성"": [""위성통신""], ""AI/컴퓨팅"": [""AR""], ""센서/통신"": [""지휘통제"", ""C4I""], ""재료/제조"": [""TEM""], ""해양/기상"": [""TC""]}",True,후방지역 위성통신체계,2020-07,high,"이 뉴스는 군사 기술의 상용화와 전력화를 다루고 있습니다. 후방지역 위성통신체계라는 구체적인 기술명이 제공되었고, 2020년 7월에 전력화되었다는 정보도 포함되어 있습니다. 따라서 이 뉴스는 상용화/전력화와 관련이 높으며, 구체적이고 명확한 정보를 제공하고 있습니다."
"국방부, '21-'25 국방중기계획 기간 5년간 301조 투입하여 전력개선",2020-08,http://www.defensetoday.kr/news/articleView.html?idxno=1584,"국방부는 향후 5년의 군사력 건설과 전력운영 계획을 담은 ’21~’25 국방중기계획을 수립하였다.
 ’21~’25 국방중기계획은 국방개혁 2.0을 성공적으로 완수하여 미래를 대비하고, “평화를 지키고 평화를 만드는”  혁신강군으로 거듭나기 위해 향후 5년간 총 300.7조원(연평균 증가율 6.1%)을 배분했다.
’21~’25 국방중기계획 연도별 재원 (사진: 국방부)
 첨단전력 증강을 통한 강군 건설을 위해 방위력개선비에 대한 투자를 강화하여 100.1조 원(33.3%)을 투입하고, 부대구조와 전력구조의 변화에도 안정적인 국방운영이 될 수 있도록 전력운영비에는 200.6조 원(66.7%)을 투자할 예정이다.
   병력이 감축되더라도, 전투력은 오히려 강화되는 기술집약적 군 구조로 개편할 것이라고 했다.
국방부에서 공개한 분야별 목표와 세부내용이다.
부대계획분야는“병력 집약적 구조에서 첨단무기 중심의 기술집약형 구조로 정예화” 된다.
병력자원 수급전망 및 부대개편 계획과 연계하여 상비병력은 55만 5천명(2020년 말)에서 50만 명(2022년 말)으로 감축된다
   육군은 2개 군단과 3개 보병사단이 해체되나, 숙련된 간부 증원, 기동・화력 등이 증강된 전력보강 및 신속대응사단 창설 등을 통해 작전능력이 향상된다.
   해군은 항공・기동전단을 각각 항공 및 기동함대사령부로, 공군은 정찰비행전대를 정찰비행단으로, 해병대는 항공대대를 항공단으로 확대 개편하여, 항공 및 정찰기능이 보강한다.
 2020년대 이후 병역자원의 급감으로 인해 초임 간부 충원의 어려움이 예상되고, 첨단 무기체계가 지속 도입됨에 따라 전문성을 갖춘 숙련된 인력이 필요한 실정이다.
   현재의 ‘다수획득 -단기활용’의 피라미드형 인력구조에서, ‘적정획득-장기활용’ 가능한 ‘항아리형 인력구조’로 전환하여 숙련 간부의 전투분야 전문성을 장기간 활용함으로써 병력감축 상황에서도 전투력을 유지해 나갈것이다.
   비전투분야에는 민간인력을 적극 활용*하여, 국방행정의 전문성・연속성을 높이고, 군인의 전투 집중도를 향상시켜 나갈 예정다.
        *’20년 7.8%(4.7만명)→’22년 10.4%(5.8만명)→’25년 10.7%(6.0만명)
‘다수획득 -단기활용’의 피라미드형 인력구조에서, ‘적정획득-장기활용’ 가능한 ‘항아리형 인력구조’로 전환 (사진: 국방부)
 특히, 24시간 상황조치, 대테러, 주둔지 경계작전 등 현행작전을 수행하는 부대의 필수인력을 보강하여 군의 빈틈없는 기본임무 수행 여건을 보장한다.
방위력개선분야는 “전방위 안보위협에 주도적 대응이 가능한 첨단 과학기술 기반의 전력 증강”을 목표로 한반도 평화프로세스를 굳건히 지원하는 프로세스다.
   세부내용은 △ 감시·정찰 △ 미사일 △ 한국형 미사일방어 △ 지상전력 △ 해상·상륙전력 △ 공중･우주전력 △ 유･무인복합체계△ 재난대응 △ 국방 R&D 역량 강화 △ 방위산업 육성으로 내용은 다음과 같다.
기존에 운용중인 다목적실용위성(상용), 글로벌호크 고고도 무인정찰기, 유인정찰기에 더하여 2025년까지 군사용정찰위성, 국산 중고도 무인정찰기 등을 추가 전력화하고, 향후 초소형 정찰위성도 개발에 착수할 계획입니다. 이를 통해 한반도 전역에 대한 거의 실시간에 가까운 파악이 가능하도록 영상촬영 주기를 향상시키겠다.
   또한 KADIZ를 포함한 한반도 전역에 대한 24시간 통신･계기정보를 탐지할 수 있는 공중 신호정보수집체계를 추가 확보하고, 잠수함 음향정보 등을 탐지하는 해양정보함도 추가 건조할 계획이다.
 현재에도 800km급 탄도미사일과 순항미사일 능력을 충분히 확보하고 있으며, 특히 2017년 11월 한미 미사일지침 개정으로 탄두중량 제한이 해제됨에 따라, 국내 독자기술로 세계 최고 수준의 탄두 중량을 갖춘 탄도미사일 개발에 성공하였다.
   중기 대상기간 중 미사일 수량을 대폭 확충하고 정확도, 속도, 파괴력, 다양한 투발수단 등 미사일 능력을 더욱 양적･질적으로 고도화하겠다.
 탐지체계
   탐지거리가 확장된 탄도탄 조기경보레이더 및 이지스함레이더를  추가 도입하여 미사일 탐지능력을 현재 대비 2배 이상 강화하여  전방위 미사일 탐지능력을 완비할 계획이다.
 지휘통제체계
   또한, 탄도탄 작전통제소 성능개량을 통해 표적처리능력을 기존 대비 8배 이상 향상시키고, 탐지와 요격체계간 유기적인 정보공유 및 결심･판단을 보장하는 지휘통제체계를 구축하여 미사일 방어 체계의 효율성을 대폭 향상시킬 것이다.
대 탄도탄 요격미사일을 현재 대비 2배 이상 증강 (사진: 국방부)
요격체계
   패트리어트와 국내 개발 철매-Ⅱ 성능개량형을 추가 배치하고, 대 탄도탄 요격미사일을 현재 대비 2배 이상 증강시킬 계획입니다. 또한, 장기적으로는 장거리지대공유도무기(L-SAM) 양산사업 등에 착수하여 현재 대비 약 3배의 요격미사일을 확보하여 미사일 방어능력을 견고히 구축할 것이다.
   또한, 장사정포 위협으로부터 수도권 및 핵심 중요시설을 방호할 수 있는 한국형 아이언돔인 장사정포 요격체계 개발에 착수할 계획이다.
대대급 이상에 구축된 기존 지휘통제체계를 대대급 이하 소부대까지 확장하고, 작전사령부에서 개인 전투원까지 지휘통신 네트워크로 연결하여 전장 상황을 공유할 수 있도록 추진하겠습니다.이를 위해 군위성통신체계-II, 전술정보통신체계(TICN), 대대급전투지휘체계, 개인전투체계 등을 전력화하겠다.
작전사령부에서 개인 전투원까지 지휘통신 네트워크로 연결 (사진: 국방부)
군 구조 개편으로 확대된 작전지역에서 효과적으로 전투할 수 있도록 차륜형장갑차 배치를 완료하고, 중형전술차량을 전력화하여 보병사단 기동화율을 향상시키겠다.특히, 최첨단 사격통제시스템을 장착한 국산 소형무장헬기를 전력화하여 입체고속 기동능력을 보강하겠다.
보병사단 기동화율을 향상 (사진: 국방부)
포탄을 자동으로 장전할 수 있도록 K9 자주포 성능개량을 추진하여 운용 요원을 현 5명에서 3명으로 감축시키고, GPS가 장착된 여러 발의 로켓을 발사하여 한 번에 축구장 3개 넓이만큼 초토화할 수 있는 230mm 다련장, 지하의 갱도진지를 관통해 타격하는 전술 지대지 유도무기 등을 전력화해 나가겠다.
타격무기 개량 및 전력화 (사진: 국방부)
초국가·비군사적 위협을 포함한 전방위 위협에 주도적으로 대응하고 한반도 인근해역과 원해 해상교통로를 보호하기 위한경항모 확보사업을 2021년부터 본격화할 것이다.
   경항모는 3만톤급 규모로 병력·장비·물자 수송능력을 보유하며, 탑재된 수직이착륙 전투기 운용을 통해 위협을 효과적으로 억제할 수 있는 전력으로 해양분쟁 발생 해역에 신속히 전개하여 해상기동부대의 지휘함 역할을 수행한다.
    또한, 해외에서 재해·재난 발생 시 재외국민 보호 및 해난사고 구조작전 지원 등 초국가·비군사적 위협에도 대응 가능한 다목적 군사기지의 역할을 수행하게 될 것이다.
수상·수중·공중의 입체적 해양작전 능력을 균형 있게 확충 (사진: 국방부)
해상교통로 보호 및 분쟁 예상 해역의 분쟁 억제, 재해･재난시 재외국민 보호를 위해 신속히 투입할 수 있는 해상기동부대를 증강해 나갈 것입니다. 이를 위해 먼저, 기동부대의 핵심 전력으로 활용하기 위해 이지스함을 추가 전력화하고, 국내의 선박 건조와 무기 개발 기술을 집대성하여 독자적인 6,000톤급 한국형 차기구축함을 확보할 것이다.
       * 기동부대 구성 : 대형수송함, 구축함, 군수지원함, 지원전력(해상초계기, 잠수함 등)
   영해 및 한반도 주변 해역에 대한 감시·정찰 임무를 수행하고, 유사시 대응능력이 강화된 3,000톤급 잠수함 전력화를 완료하고, 무장 탑재능력과 잠항능력이 향상된 3,600톤급 및 4,000톤급 잠수함을 건조하겠다.
   한반도 주변해역의 수상함과 잠수함 등의 탐지능력을 강화하고, 국민의 해양활동을 보호하기 위해 초계범위가 1.5배 이상 증가하고 24시간 초계가 가능한 해상초계기를 배치할 것이다.
   상륙전력은 유사시 입체 고속 상륙작전 능력 보강에 중점을 두고, 상륙기동헬기 및 고속상륙정 등을 확보하고, 상륙공격헬기 및상륙돌격장갑차-Ⅱ 사업을 착수할 계획이다.
기존 KF-16, F-15K 전투기에 AESA 레이더 장착 등을 통해먼저 보고 먼저 격추시킬 수 있는 4.5세대급 전투기로 성능개량을 추진하고, 계획된 F-35A 스텔스 전투기 도입을 완료하여전･평시 공중우세를 확보할 것이라고 했다.
   국내 개발 중인 보라매(KF-X) 한국형 전투기 사업 양산을 중기 대상기간 중에 착수할 계획이다. 보라매를 양산하게 되면 우리나라는 세계 13번째로 전투기 개발 국가가 된다. 우리 독자적 전투기 플랫폼을 가짐으로써 그간 선진국에 의존해왔던 항공무장 분야에 본격적 연구개발 추진의 길이 열렸다. 중기 대상기간 중에 보라매에 장착할 장거리공대지유도탄 및 공대함유도탄을 개발할 계획이다.
4.5세대급 전투기로 성능개량을 추진하고, 계획된 F-35A 스텔스 전투기 도입을 완료하고, 국내 개발 중인 보라매(KF-X) 한국형 전투기 사업 양산을 중기 대상기간 중에 착수 (사진: 국방부)
 전시 물자 보급 및 평시 재해･재난 발생시 재외국민의 신속한 이송을 위해 원거리 항공 수송이 가능한 대형수송기를 보강하고, 지상과 공중에서 입체적인 항적감시 능력 보강을 위해 현재 해외도입하여 운용중인 장거리레이더를 국내개발을 통해 대체할 것이다. KADIZ를 포함한 한반도 전역에서의 작전을 위해 항공통제기를 추가 확보하며, 지상 이동표적 탐지･식별 능력 확충을 위해 합동이동표적감시통제기 사업에 착수할 계획이다.
   우주전력은 기존의 정찰 및 통신위성에 추가하여 태양흑점 폭발시 발생하는 우주기상 변화를 관측하고 대비하기 위한 우주기상 예·경보체계를 확보하고, 한반도 상공을 지나가는 적성 위성 및 우주 물체 등에 대한 감시･추적 능력을 보유한 고출력레이저위성추적체계 사업을 착수할 계획이다.
   또한, 최근 한미 미사일 지침 개정으로 고체연료를 활용한 우주 발사체 개발이 가능해짐에 따라 2020년대 중반 소형위성을 탑재할 수 있는 고체추진 우주발사체를 우리기술로 자체 개발할 계획이며, 미국의 위성항법체계(GPS)와 병행운용 가능한 한국 자체적인 위성항법체계 사업을 과기부와 협력하여 추진하는 등 우주작전 능력을 본격적으로 확충해 나가겠다.
미국의 위성항법체계(GPS)와 병행운용 가능한 한국 자체적인 위성항법체계 사업을 과기부와 협력 (사진: 국방부)
지상무인체계는 수색･정찰･폭발물 제거 등 인명피해가 예상되는 전투현장에서 전투원의 생존성과 작전효과를 향상시키기 위해 자율주행 능력이 향상된(1단계:원격제어→3·4단계:반자율주행)소형정찰로봇, 무인수색차량, 다목적무인차량 등을 연구 개발하여 전력화할 예정이다.
소형정찰로봇, 무인수색차량, 다목적무인차량 등을 연구 개발하여 전력화할 예정 (사진: 국방부)
해양무인체계는 수심이 얕고 파고가 높아 유인체계의 접근이 제한되는 상황에서도 작전을 수행할 수 있는 무인수상정, 정찰용 무인잠수정, 수중자율기뢰탐색체 등을 개발하여 전력화할 예정이다.
해양무인체계는 유인체계의 접근이 제한되는 상황에서도 작전을 수행할 수 있는 무인체계개발 (사진: 국방부)
공중무인체계는 초소형무인기, 통신중계드론, 중대형공격드론, 근거리정찰드론, 군단정찰용UAV-Ⅱ, 수직이착륙형무인항공기 등을 개발·전력화하여 기존 감시･정찰 임무위주에서 통신중계･공격 등의 임무까지 지속적으로 확대･고도화해나가겠다.
감시,정찰 등 모든 영역에 대한 공중무인체계 개발, 전력화 (사진: 국방부)
또한 기술발전 속도가 매우 빠른 민간의 4차 산업혁명 신기술을 군에서도 신속하게 적용할 수 있도록 신속시범획득사업을 올해 처음 도입하여 추진하고 있으며, 우선 원거리 정찰용 소형 무인기, 휴대용 안티드론 건 등 드론 분야 4개 국산제품을 선정하여도입을 추진하고 있다.
대테러 대비태세를 완비하기 위해 광역시・도별 책임부대 지정(대테러 20개, 대화생방 12개 / 2020년 7월)과 연계하여 굴절총, 양안형야간투시경 등 장비와 물자를 테러 유형별 맞춤식으로 보강하고, 다양해지는 사이버 테러에 대비하기 위한 사이버전장관리체계 사업을 통해 사이버 위협 조기 탐지, 통합분석, 대응능력을 구비해 나갈 예정이다. 또한 드론 위협에 대응하기 위해 레이저대공무기를 개발하고, 올해 말 국가 중요시설에 시험배치할 계획입니다.
   화학・생물학전 및 코로나 19와 같은 바이러스와 세균 등 비군사적 위협에 대응할 수 있는 원거리 화학작용제 및 세균 탐지가 가능한 화생방정찰차-Ⅱ를 전력화하고 첨단 전자장비 및 주요 시설의 완전 제독이 가능한 건조식제독기 사업을 추진할 계획이다.
   또한, 재외 국민을 보호하고 재난 시 구호 활동을 지원하기 위해 인원･장비･물자를 장거리 대량 수송할 수 있는 대형수송함과 대형수송기를 추가 도입할 예정이다.
대터러 대비 및 재외국민 보호 (사진: 국방부)
 첨단 무기체계 연구개발을 선도하기 위해 자율·인공지능, 초연결 등 국방전략기술 8대 분야 개발에 집중할 것이다.
방전략기술 8대 분야 개발 (사진: 국방부)
국가의 총체적 연구개발 역량을 활용하기 위해, △ 국방과학연구소를 재구조화(2019년 4월～)하여 국방과학연구소는ㅍ고위험·고난도의 비닉무기와 첨단기술을 개발하고, 일반 무기체계는 민간이 주도하여 개발할 수 있도록 하고, △ 기초연구는 과기부와의 협업을 통해 국가R&D 역량을 활용하고, △ 테러･감염병 등비전통 위협에 대응하기 위한 기술을 개발할 것이다.
   국방과학연구소는 국방연구개발을 통해 확보한 국방과학기술의 민간이전과 사업화 지원을 통해 국방기술의 활용을 촉진하여 국내 경제발전에 기여하고 있다.
   국방과학기술 중 민간활용도가 높을 것으로 예상되는 232개 기술을 공개하고 있으며, 이 중 159개 기술은 이미 민간으로 이전되어 26개 민수품이 출시되어 매출로 연결되는 등 국방기술의 이전을 통해 민간산업이 발전할 수 있도록 적극 기여하고 있다.특히 코로나 19와 같은 감염병 등에 대응하여 건조식 제독기, 휴대용 원격 유독가스 누출감시장비 등의 민간이전을 진행하고 있다.
국방기술 민간분야 기술이전 (사진: 국방부)
또한, 소요를 선도하는 미래 첨단기술에 적극 투자·개발하고, 실패가 용인되는 R&D 생태계 구축으로 도전적 연구풍토를 조성하는 등 혁신적 국방 R&D 수행여건을 조성할 것이라고 밝혔다.
      이를 뒷받침하기 위해 국방과학기술혁신 촉진법 을 2020년 3월에 제정하였고, 2021년 4월부터 시행할 예정이다.
방위력개선비의 80% 이상을 국내투자 정책으로 추진하고, 기동헬기, 전차·장갑차 파워팩 등 국외도입 계획 중인 무기체계·부품의 국산 전환을 추진하고, 국외 무기체계 구매시, 일정 비율 국산부품 포함 의무화 등의 Buy Korea 제도 도입을 추진하고 있다. 지자체･체계기업･중소기업･대학･군 등 지역혁신 주체들을 한데 모아 협력 생태계를 구축하는 방산혁신클러스터 시범사업(2020년 6월/경남･창원)을 추진하는 등 국내 일자리 창출에 기여하고자 노력하고 있다.
   또한 △ 복잡한 방산원가 이윤 구조를 단순화하고 원가업무를 합리화하고 적정원가를 보상하기 위한 자율형 新 방산원가 제도를 도입하고, △ 세일즈 외교, 수출 금융지원 및 산업협력 등 범정부 역량을 집중하여 방산수출을 확대･지원해 나가겠습니다. 이를 뒷받침하기 위해 방위산업발전법 을 2020년 2월 제정하였고, 2021년 2월부터 시행할 것이다.
무기체계별 특성에 맞는 민·군협업 선제적 정비지원 체계인 성과기반 군수지원(PBL)·전투체계 수명주기지원(LTS)에 대해 PBL은 12종에서 13종으로 LTS는 61척에서 106척으로 확대할 예정이다.
   신규 도입된 첨단전력 운영을 위한 후속 군수지원 강화로 최상의 가동률을 확보해 도입 효과를 극대화할 것이다.
   울타리(2,046km), 경계초소(1,405동), 경계등(10,218대)과 같은 경계시설 보강 및 첨단 CCTV(916개 주둔지 및 항포구)와  경계인력 확충을 통해 경계작전 여건을 개선하고 경계작전태세와 작전 기강을 확립하겠다.
 상비병력 감축에 따른 영향을 최소화하기 위해 동원 위주 부대 전투장구류 보강과 동원훈련보상금 인상(병장 봉급 수준), 과학화예비군훈련장 구축(40개소)을 통한 훈련여건 개선 및 예비역 간부 평시복무제도 확대로 예비군을 정예화할 것이다.
   신형 소대급 마일즈 장비를 활용해 육군 전 부대가 연 2회 이상 실전적 과학화 훈련을 실시하고 실기동 모의훈련체계를 포병/기갑/기계화부대에도 보급할 계획이다.
   군·사단급 과학화 훈련장을 2025년까지 9개소로 확대 구축하고 시·공간의 제약 없이 실제 전장환경을 체험할 수 있는 AR/VR 훈련체계를 확대해 복무기간 단축에도 전투력을 유지하고 단기간에 숙련도를 확보할 것이다.
   첨단 ICT 기반의 스마트 강군 건설 및 국방운영 효율화를 위해 4차 산업혁명 지능정보기술을 적용한 무선네트워크 기반 육군 스마트부대, 함정 내 전용 무선망을 활용한 해군 스마트 배틀쉽, 부대 전체를 첨단화하는 공군 스마트비행단을 구축한다.
   탄약관리 효율화 및 안전성 강화를 위한 스마트 탄약고 구축과 운영 효율성 증진을 위한 스마트 물류센터 구축 및 정비공정 자동화도 추진한다.
병 복무에 대한 합리적 보상을 위해 병 봉급을 2022년까지 병장기준 월 67.6만원(’17년 최저임금 50%)으로 인상하고 합리적 급여체계 정립을 위해 하사임금 체계와 연동해 2025년까지 병장기준 월 96.3만원(하사 1호봉 50%)으로 인상할 예정이다.
   자기개발 여건 보장을 위해 제초·청소 등 장병 사역임무를 민간인력으로 전환하고 군 복무기간을 미래에 대비하는 기회로 활용할 수 있도록 장병들의 다양한 자기개발 활동을 지원한다.
   GOP 및 해‧강안 조립식 생활관을 영구 시설물로 개선하고, 신병교육대 침상형 생활관을 침대형으로 개선해 안전하고 청결한 환경을 조성하며, 카페테리아형 취사식당을 통해 급식만족도를 높이고 휴식공간을 제공할 것이다.
   간부 주거시설에 대한 노후·부족 소요 개선을 추진해 2025년까지 관사 8.2만 세대, 간부숙소 11.5만 실에 대한 주거지원율 100%를 달성할 예정이다.
   일-가정 양립을 위해 군 어린이집 운영을 2020년 155개소에서 2025년 187개소로 확대하고 여군 비율 증가에 따라 전 부대를 대상으로 여성 전용 화장실과 편의시설을 확보해 근무여건을 개선한다.
코로나 19와 같은 감염병 등 질병으로 인한 재난 상황 발생 시  민간지원을 위해 마스크, 손 소독제 등 예방물자를 비축하고 의무전개키트, 이동형구급차 등 의료장비를 확충할 것이다.
   국가적 재난상황에서 군사시설을 대피・격리 시설로 활용할 수 있도록 군 교육생 숙소를 1인 1실로 개선하며 군 내 감염병 확산을 방지하기 위해 병영시설 방제용역도 실시할 것이다.
   사단외진버스, 외진셔틀버스, 환자후송버스 운영을 통해 장병들의 진료 접근성을 향상시키고 사단급 의무시설 개선을 통해 1차 진료 기능을 높이는 군 의료체계 개편도 추진할 것이다.
   아울러 현역병 건강보험부담금, 병사단체실손보험을 통한 민간병원 진료비 지원 확대로 복무 중 발생한 사고 및 질병에 대한 국가책임을 강화할 것이다.
   환경변화에 대응하고 장병건강을 유지하기 위해 미세먼지 저감을 위한 친환경차(전기차, 수소차 등 1,429대)를 도입하고 미세먼지 방지마스크 보급도 확대(연 50매)할 것이다.
   지역사회와 상생하는 국방환경 조성을 위해 석면 건축물을 해체·제거하고  군용비행장·군사격장 소음 방지 및 피해보상에 관한 법률  제정(2019.11.26.)에 따라 군 소음대책 지역 거주민에 대한 보상금 지급도 추진한다.
'21~'25 국방중기계획은 국방개혁 2.0/전작권 전환 조건 충족을 위한 핵심전력 정상추진 보장 등 '강한군대 책임국방' 달성을 위한 필수 소요를 반영했다.
이번 중기계획을 통해 ‘누구도 넘볼 수 없는 유능한 안보 튼튼한 국방’을 구현하고 ‘국방개혁의 성공적 완수와 미래에 대비하는 혁신 강군을 건설’하여 ‘한반도 평화프로세스’를 굳건히 지원할 수 있도록 전력을 다할 것이다.
국방부는 ‘21~’25 국방중기계획이 성공적으로 추진될 수 있도록 재정당국과 지속적으로 협조해 나갈 것이라고 했다.
Tag
#국방부
#21-25국방중기계획
#작전권전환
저작권자 © 디펜스투데이 무단전재 및 재배포 금지
이승준 기자
다른기사 보기","{""무인체계"": [""UAV"", ""수직이착륙"", ""무인항공기""], ""우주/위성"": [""GPS"", ""위성항법"", ""위성통신""], ""AI/컴퓨팅"": [""인공지능"", ""VR"", ""AR"", ""ICT""], ""센서/통신"": [""지휘통제"", ""신호정보""], ""무기/방어체계"": [""SAM""], ""재료/제조"": [""AM""], ""항공기"": [""F-35"", ""F-16"", ""전투기"", ""대형수송기"", ""스텔스 전투기"", ""F-15""], ""항공기/차량"": [""공격헬기""], ""무인/자율시스템"": [""무인수상정""], ""지상장비"": [""K9""]}",True,"감시·정찰, 미사일, 한국형 미사일방어, 지상전력, 해상·상륙전력, 공중･우주전력, 유･무인복합체계, 재난대응, 국방 R&D 역량 강화, 방위산업 육성",2025년 또는 null,high,"이 뉴스 기사에서는 2021~2025년 국방중기계획에 따라 향후 5년간 총 300.7조 원을 투입하여 첨단전력을 증강하고 기술집약형 군 구조로 개편할 계획을 다루고 있습니다. 구체적으로 감시·정찰, 미사일, 한국형 미사일방어, 지상전력, 해상·상륙전력, 공중·우주전력, 유·무인복합체계, 재난대응, 국방 R&D 역량 강화, 방위산업 육성 등의 분야에 투자할 예정이라고 명시하고 있습니다. 특히 2025년까지의 구체적인 계획을 언급하고 있어 높은 관련성과 품질을 가지고 있습니다."
"방위사업청, 민.관군 국방 드론 포럼 발족",2020-08,http://www.defensetoday.kr/news/articleView.html?idxno=1559,"방위사업청은 7월 31일(금) 첨단 드론 무기체계를 구축하고 선택과 집중을  통해 드론 산업을 육성하는 발전방안을 주기적으로 협의하기 위해 민·관·군 전문가로 구성된 국방 드론 포럼을 발족하였다.
최호천 미래전력사업본부장(가운데)이 국방드론 포럼 1차 회의를 진행하고 있다. (사진: 방위사업청)
(드론의 무기화) 최근 국제적으로 군사용 드론은 정찰과 공격 목적으로 활용할 수 있는 다양한 형태로 발전되고 있다. 2019년 사우디 정유시설을 공격했던 것과 같이 상용 드론을 군사용으로 개조하여 무기로 활용하는 현상이 빈발하고 있으며, 2017년에는 북한 무인기가 백령도, 파주 등에 추락하여 발견되는 등 우리 군에도 위협으로 떠오르고 있다.
(국방드론 요건) 드론이 민간의 다양한 분야에서 활용되고 있지만, 군사적 운용을 위해서는 악천후·동계의 극한 조건 극복, 장시간 체공 능력 및 정밀 감시능력 등의 특별한 성능이 필요하다.   
최호천 미래전력사업본부장(왼쪽)이 카이스트 방효충 교수에게 위촉장을 수여하고 있다. (사진: 방위사업청)
(시장 여건) 민간에서는 외국산의 저가용 제품이 시장을 지배하고 있으며,  고성능의 군사용으로 사용되는 고품질 제품은 수요가 많지 않아 업체들이 기술개발을 주저하고 있다. 이에 따라 완성품 업체들은 기술개발, 부품국산화, 민·관·군 협업 등을 통해 최고의 드론을 개발하는 데에 있어 많은 애로사항을 토로하고 있는 실정이다.
(드론 산업 발전방향) 이에 방위사업청은 『국방 드론 포럼』에 참여한 전문가들과 함께 국내 드론을 부품단위로 심층 분석하고, 선택과 집중을 통해 국산화가 필요한 부품과 핵심기술 개발이 필요한 부품을 도출해 내고 이와 더불어 기술력을 갖춘 업체가 성장하는 생태계를 구축하도록 지원할 계획이다.
  - 포럼 내에는 S/W·센서, 형상설계, 통신·데이터링크, 배터리·엔진·모터·   탑재장비 등 6개 기술분과를 두어 분야별 기술 논점을 심층 분석하기
    위해 수시로 논의할 계획이다.
회의에 참석한 前)한국무인기시스템협회장 건국대학교 윤광준 교수는 “국내의 민간영역에서도 드론에 대한 연구는 활발하게 진행되고 있으나, 기술을 한 단계 끌어올리기 위해서는 충분한 수요가 있어야 한다고 생각한다. 우리 군이 민간의 드론 기술을 적용할 수 있는 수요와 테스트베드 역할을 할 수 있다면 우리나라의 드론 산업 경쟁력을 확보하는 데 큰 도움이 될 것이다.”라고 말하였다.
최호천(고위공무원) 미래전력사업본부장은 맺음말에서 “드론 전문가 그룹 결성은 국방 드론 산업 활성화를 위한 첫걸음이라고 생각한다. 앞으로 산·학·연간 협업을 통해 국내 드론 업체들이 4차 산업 신기술이 접목된 제품을 만들 수 있도록 유도하고, 나아가서는 수출을 선도하는 K방산에 기여토록 하겠다.”라고 밝혔다.
Tag
#방위사업청
#드론포럼발족
#미래전력사업본부
저작권자 © 디펜스투데이 무단전재 및 재배포 금지
이치헌 기자
다른기사 보기",{},True,국방 드론,,relevant,"이 뉴스는 국방 드론 산업 육성을 위한 방위사업청의 계획을 다루고 있습니다. 실제 드론 기술의 상용화나 전력화는 다루고 있지 않지만, 관련 부품 국산화와 핵심기술 개발, 민관군 협력 등 드론 산업 발전을 위한 전략을 소개하고 있습니다."
"영국 전투기 생산 공장, 디지털 기술로 생산성 증가 혁명",2020-08,http://www.defensetoday.kr/news/articleView.html?idxno=1718,"영국의 차세대 전투 항공 체계인 Tempest를 위한 제조 능력을 발전시키기 위해 BAE Systems의 4차 산업혁명(Industry 4.0) 공장은 업계 판도를 바꿀 디지털 기술을 적용하고 있다.
Lancashire의 Warton에 위치한 BAE Systems사의 신규 생산시설은 수백만 파운드의 투자와 더불어 40 개 이상의 대기업, 중견기업 및 중소기업과 학술 기관간 협력의 산물이다. 영국 최고의 혁신 기술을 활용하여 당사는 미래의 군용 항공기 생산을 위해 디지털 방식으로 연결된 지능형 공장을 개발했다.
본 공장은 첨단 제조 기술을 통합하여 엔지니어링 프로세스를 혁신적으로 바꾸게 될 것이다. 자동화 로봇, 가상 및 증강 현실은 속도, 정밀도 및 효율성을 높이고 복잡한 군용 항공기 구조물의 제조와 관련된 비용을 줄인다.
BAE Systems air는 전투기 생산에 디지털 기술을 접목해서 전투기 생산성을 효율적으로 높이고 있다. (사진: BAE Systems)
또한 본 공장은 사람과 기계가 함께 일하는 방식에 대한 새로운 접근법을 보여준다. Cobotics 및 기타 유연한 로봇 기술은 무거운 고정식 장납기 생산장비의 사용을 불필요하게 하며, 특정 품목 또는 플랫폼 제조에 사용하다가 타 품목 제조로의 신속한 전환이 가능하다. 자동차 산업의 지능형 기계 및 상용 로봇 기술은 군용 항공기에 필요한 정확한 공차로 운영되도록 개조되었으며, 해당 공차는 사람의 머리카락 두께의 1/3 미만인 경우도 있을 정도로 정밀하다.
이러한 기술은 직원들이 보다 전략적이고 고숙련을 필요로 하는 작업에 집중하도록 하고 생산 관리자가 완전히 디지털화된 가상 사무실의 운영을 감독할 수 있도록 하여 생산성을 향상시킨다.
해당 신규 시설은 과거 사업들보다 비용효율을 높이고 납품기간을 절반 가량 단축하여 그간 영국 주도의 Tempest 사업의 노력이 전투기 분야에서의 영국이 선두주자의 자리를 지키고자 하는 야심에 부응하고 있음을 보여주고 있다.
BAE Systems Air의 생산 책임자인 데이브 홀머스는 “우리는 영국 산업 및 학계의 최고 인력과 협력하여 기존 및 최신 기술을 결합한 최첨단 시설을 개발하여 영국이 항공전투 기술 개발의 최전선에 있을 수 있도록 하였다.
 ""제 4 차 산업 혁명을 준비하는 과정에서 제조 역량을 발전시키고 핵심 기술을 유지 및 개발하며 미래의 위협에 대처할 수 있는 군사 능력을 지속적으로 제공하면서 생산성을 향상시킴으로써 고객 투자에 상응하는 가치를 제공할 것이다."" 라고 하였다.
BAE Systems Air 공장에서 활용 중인 기술은 이미 효과를 달성하고 있다. 셰필드 대학의 AMRC (Advanced Manufacturing Research Center) 및 Fairfield Control Systems사와 공동으로 개발한 지능형 워크 스테이션은 이미 유로파이터 타이푼 전투기 생산 라인에서 사용되고 있다. 운영자를 인식하고 'pick by light' 기술을 사용하여 맞춤형 지침을 자동으로 제공하는 시스템을 활용합니다. 또한, 유로파이터 타이푼 부품 및 조립품 생산에 적층 제조(additive manufacturing) 기술이 사용되고 있다.
BAE Systems사와 영국의 항공, 방위, 보안 및 우주 부문은 수십만 명의 직원을 고용하고 광범위한 공급망을 통해 더 많은 고용을 창출하고 있습니다. 이 부문들은 총 790 억 파운드의 매출을 창출하며 국가 안보를 뒷받침하는 동시에 국가 경제에 도움을 주고 있다.
Tag
#BAE Systems Air
#디지털공장
#템페스트
#유러파이터
저작권자 © 디펜스투데이 무단전재 및 재배포 금지
이승준 기자
다른기사 보기","{""AI/컴퓨팅"": [""AI"", ""LAN"", ""AR""], ""센서/통신"": [""RF"", ""IR""], ""재료/제조"": [""TEM"", ""Additive Manufacturing"", ""AM""], ""기타/기술"": [""EMS""], ""항공기"": [""전투기""], ""무기/방어"": [""EMP""]}",True,"자동화 로봇, 가상 및 증강 현실, Cobotics",,relevant,"해당 기사는 영국의 차세대 전투기 생산 공장에서 적용되고 있는 다양한 디지털 기술을 다루고 있으나, 구체적인 배치 시점은 나와 있지 않습니다."
"신원식 의원, 남북 군사합의에 따른 한미 감시정찰 자산 정보수집 제한 문제",2020-07,http://www.defensetoday.kr/news/articleView.html?idxno=1531,"모두 발언
문재인 정부가 출범한 지 3년이 지났습니다.  모든 분야에서 가장 무능, 무책     임, 위선적인 정부로 역사에 기록될 것입니다.
특히 9.19 남북군사합의, 임기 내 전작권 전환 추진,  유명무실한 연합훈련은 망국적인 3대 안보대못입니다. 이 대못들을 빨리 뽑아내지 않는다면 우리 국민은 죽음의 골짜기에서 방황하게 될 것입니다.  
국방부 장관
국1 장관은 지난해 국회 답변에서 우리도 미사일 발사를 하기 때문에 北 미사일 발사를 군사합의 위반이 아니라는 뜻으로 답변했습니다. 아직도 그렇게 생각합니까?
  ★ 핵을 개발하지 않는 우리는 탄도미사일 발사가 합법이지만, 불법적으로 핵을 개발하는 북은 핵 운반수단인 모든 탄도미사일 발사가 불법입니다.
    유엔 안보리 결의안(1718, 1874, 2397호 등)에 명확하게 기록돼 있는데 장관은 이런 기초적인 사실도 모르고 있습니까?
국2 지난주 비행금지구역에도 불구하고 전방지역 감시에 지장이 없다고
    국방부에서 자료를 제출했는데 그 내용 위주로 질의하겠습니다.
    * 무인기 감시제한 구역은 연합 정찰자산으로 보완돼 9.19 이전 감시수준 유지, 향후 중·고고도 UAV와 軍 정찰위성 전력화되면 감시능력 더 보강
  ∙ 2-1 무인기는 군사분계선 5~10km이내 적정 감시 및 화력부대와 실시간 연동되는 데이터 링크시스템 통해 즉각 표적 정보 제공이 가능한 유일한 수단인데 대체 가능한 수단이 있습니까?
     * 정찰기와 군사 위성 등은 한 장소를 3시간 내 다시 방문하기는 불가능하다고 9일
         합참에서 본 의원에게 보고    
  ∙ 2-2 美軍 정찰자산으로 우리 軍 정찰능력 공백을 메울 수 있습니까?           
① PPT를 띄어 주십시오. 보시는 바와 같이 北 군사시설은 산 뒤(北)에 있습니다.
      그래서 정찰기가 비행금지구역 남쪽에서 정찰하면 산 뒤쪽 감시 사각지대가 확대됩니다. 이를 극복하려고 비행고도를 높이면 해상도가 떨어져 물체 식별이 어렵습니다. 이런 딜레마를 2018년 국정감사 시 공군 총장이 시인한 바 있습니다.
감시정찰 거리별 차폐구역 변화 (사진: 신원식 의원실
② 美전략정찰기와 정찰위성을 전선지역에 투입할 수 있다는 주장도 허구입니다. 이들은 주로 北 후방지역의 핵·미사일 동향 등 전략정보를 수집합니다. 北 전방지역 감시까지 하려면 엄청난 정찰자산을 추가로 투입해야 합니다. 미군이 중국/러시아/중동지역 등에 대한 감시는 소홀하면서 한국군이 北 눈치 보느라 안 하는 전방감시를 대신해 주겠습니까?
  ∙ 2-3 우리 정찰자산을 보강하면 된다는 것도 현실성 있습니까? 
    * 이 역시 탁상공론입니다. 무인기 수 백 대 값이 7천여억 원인데 정찰기로 대체하려면 기체 값만 7배인 5조가 들어갑니다. 조종사 확보, 비행장 건설등 유지 비용까지 포함하면 수십조가 듭니다. 있는 무인기는 놀고 있으면
      서 이런 돈을 더 달라고 하면 국민이 용납하겠습니까?
무인기 대체 정찰자산 보강 소요 예산 (사진: 신원식 의원실)
국3 비행금지구역으로 사거리 20km 이내 정밀 유도폭탄 사용이 제한되자, 국방부는 50km 이상의 미사일로 대체할 수 있다고 했습니다. 맞는 말입니까?  
∙ 3-1 50km 이상의 미사일로 대체로 하려면 예산이 얼마나 더 듭니까?
    * 수도권을 위협하는 장사정포의 예를 들어보겠습니다. 갱도를 파괴할 위력을 가진 사거리가 긴 현무나 타우루스 미사일은 1발에 20~40억 원을 호가합니다. 미사일을 탑재할 항공기 추가 소요까지 고려하면 최소 17조 원정도의 예산이 더 필요합니다. 만약 장사정포 外 전선 지휘소 등 추가 군사표적까지 포함하고 운영 유지비까지 계산하면 가히 천문학적 예산이 소요될 것으로 추정됩니다. 이미 보유한 1발당 약 7000만원 하는 근거리 정밀폭탄은 쌓아두고 불필요한 몇 십 조를 달라고 하면 국민이 뭐라 하겠습니까? 
주요 감기정찰정밀타격 자산 전력화 투입 예산 (사진: 신원식 의원실)
※ 핵을 제외하고도 북의 재래식 전력은 우리보다 2배 이상 많습니다. 우리 군은 한미동맹으로 핵 균형을, 첨단 감시정찰 및 정밀 타격전력으로 재래식 균형을 유지해 왔습니다. 비행금지구역은 재래식 균형마저 북으로 기울게 하는 이적성 합의입니다. 이밖에도 9.19 군사합의는 NLL 무실화, 전방 방어태세 약화 등 치명적인 문제점이 많으나 시간 제약으로 여기서 마무리하겠습니다.
국3 한미동맹의 제1 목적이 北 전쟁 도발 억제에 있다는 데 동의합니까?
  ∙ 3-1 억제의 요체는 반격 의지와 역량에 있습니다. 동의합니까?
    * 방어만 하면 北은 밑져야 본전 : 도발 유혹 강함
    * 반격까지 하면 : 北은 정권 붕괴 공포 → 제2 6.25 전쟁 억제, 휴전
                      후 67년 긴 평화의 배경
  ∙ 3-2 그런데 왜 한미 연합 반격훈련을 안 합니까?
국4 그나마 방어훈련마저 Computer Simulation 위주 지휘소 연습과 대대이하 소규모 훈련으로 전쟁 대비가 가능하다고 보십니까?
  ∙ 4-1 앞으로 대규모 훈련이 필요 없다는 뜻입니까? 그러면 관련 예산은 삭감해도 되겠습니까?
국5 (7.2 한미동맹포럼에서) 에이브럼스 연합사령관이 훈련장 사용 제한으로 주한미군이 충분히 훈련을 못한다고 우려를 표명했습니다.
      앞으로 주한미군 훈련과 연합훈련은 어떻게 할 생각입니까?
국6 연합훈련은 전작권 전환 위한 한국군 능력을 검증하는 실질적인 기횝니다. 연합훈련 연기하면 FOC(완전운용능력) 검증도 연기합니까?
    연기돼도 임기 내 전작권 전환은 변동 없이 추진됩니까?
  ∙ 6-1 연합훈련도 안 하고 전작권 전환 조건이 충족됐다고 하는 것은
    공부도 안 하고 시험도 안 보고 우수한 학생 뽑았다는 것 이상으로 황당한 궤변이라고 보는데 장관의 견해는 무엇입니까?
 국7 2014년 한미가 합의한 전작권 전환 3대 조건은 무엇입니까?
∙ 7-1 문재인 정권 출범 후 북 핵 문제와 美中 패권전쟁으로 안보환경은 악화일로입니다. 그럼에도 전환 조건이 충족돼 간다는 평가의 근거는 뭡니까?
 ∙ 7-2 많은 국민은 겉으로는 조건에 따른 전작권 전환으로 포장해놓고, 실제로는 무조건 ‘대통령 임기 내 전환’을 추진한다고 우려하고 있습니다. 국민의 생명을 걸고 하는 위험한 도박이라고 보는데 장관은 어떻게 생각합니까?
국8 우리 미래통합당은 전작권 전환 조건을 정치 논리가 아닌 안보 논의에 따라 평가할 수 있도록 한·미 전문가 등이 참여하는「범국가적 전작권 전환 검증단」 구성을 제안했습니다. 장관 입장은 뭡니까?
(별도) 태릉 육사·골프장 이전설 관련
  
 정말로 육사부지와 태릉골프장부지를 주택 4~5만가구 공급을 위해 제공할 계획입니까?
 
   ∙ 서울시/경기도 경계에 산재해 있는 예비군훈련장 다 포함할 겁니까?
 
   ∙ 경기도 일대에 대체훈련장 확보는 가능합니까?
   ∙ 총 45만 내외에 달하는 서울시거주 예비군들이 원거리까지 가서 훈련받게 하는 게 옳은 정책입니까?
   ∙ 정경두 장관은 코로나 관련 추경으로 총국방예산의 3.6%가 넘는 1조 8천억원이 삭감돼도, 주택공급을 위해 오랜 역사의 상징적 군교육기관과 훈련장 부지가 없어져도 오불관언입니까?
     도대체 장관의 소신은 뭡니까?
   ∙ 국민들은 ‘태릉’하면 누구의 릉인지는 몰라도, 육사는 바로 떠올립니다. 1946년 국방경비대 1연대 창설지로 출발한 태릉 육사부지는 75년의 역사를 쌓으면서 우리 국민 의식 속에 호국간성의 요람이자 호국정신의 성지로 자리매김 되어 있습니다.
     역사와 전통은 허물기는 쉬워도 쌓기는 매우 힘듭니다. 문재인 정부가 부동산 분야 실정을 만회하기 위해 국가안보 역사의 상징물과 훈련부지를 희생양으로 삼는 등 군을 경시하고 홀대한 정권, 수십만 예비군들에게 불편을 가중시킨 정권으로 기록되지 않기를 바랍니다. 
     
국무총리
총1 문재인 정부는 2018년부터 국가 차원의 전시 비상대비 연습을 재난대비 위주로 변경했습니다. 훈련 총감인 총리는 알고 있습니까?
 ∙ 1-1 재난 중 가장 위험한 것은 무엇이라 생각하십니까?
 ∙ 1-2 앞으론 이 땅에 영원히 전쟁은 없다고 확신하십니까?
 ∙ 1-3 만약 다시 전쟁이 난다면 누구의 침략으로 일어날 가능성이 가장높습니까?
 ∙ 1-4 北核에 의해 가장 직접적인 피해를 볼 나라는 어딥니까?
 ∙ 1-5 그렇다면 北은 우리의 주적이 맞죠?
총2 국민에게 가장 치명적 재난인 전쟁 대비 훈련을 민관군 통합으로 1년에 한번만이라도 제대로 하는 것은 정부의 당연한 책무입니다. 총리께선 이를 적극 추진할 의향이 있으십니까?
외교부장관
외1 작년에 종결되었어야 할 올해분 방위비 분담금 협상이 지금까지 타결되지 않고 있습니다. 협상의 최대 걸림돌은 무엇입니까?
외2 동맹은 공동의 위협 인식을 기초로 안보를 분담하는 게 우선입니다. 6‧25 전쟁 동안 흘린 피의 대가로 탄생한 한‧미 동맹의 본질도 안보분담입니다. 비용 분담은 그다음 문제입니다. 방위비 분담금 협상은 한미가 전통적인 안보 분담의 정신으로 돌아가야 본질적인 해결이 가능하다고 봅니다. 동의하십니까?
  ∙ 2-1 건강한 한미동맹 복원을 위해 중국에 약속한 3불을 철회할 의향은 없습니까?
  ∙ 2-2 동맹국인 미국과는 안보 주권 운운하며 임기 내 전작권 전환을 강행하면서, 유사시 北 편에 설 수밖에 없는 중국에겐 안보 주권을 헌납하는 3불을 고집하는 이유는 뭔가요?
외3 미 국방부가 3월에 트럼프 대통령에게 주한미군 감축안을 보고했다는데 협상용 카드인가? 아니면 실제 감축안으로 봅니까?
     * 7월 17일, 미국 월스트리트저널지, 美 국방부가 올해 3월 트럼프 대통령 압박에 따라 주한미군 감축안을 보고했다고 보도외4 정부는 “한미 간에 논의된 적 없다”고 강 건너 불 보듯이 모르쇠로 일관하고 있습니다. 상황을 분석하고 대처 방안을 강구하는 것이 정부의 올바른 자세라 보는데 장관의 입장은 뭡니까?
외5 여성, 어머니로서 박원순 시장의 성추행 사건에 대해 어떻게 생각합니까?
마무리 발언
9.19군사합의,  임기내 전작권 전환, 한미연합훈련 유명무실화... 문재인 정부의   ‘3대 안보대못’이 계속되면 대한민국은 역사의 뒤안길로 사라질 수밖에 없습니다.
문재인 정부에 강력하게 촉구합니다. 힘으로 뒷받침 되지 못하는 평화는 허망한 가짜 평화입니다.  더 늦기 전에 3대 안보 대못!, 제거하십시오. 그것만이 국가수호와 국민보호의 헌법적 책무를 다하는 길입니다.
★ 끝으로 지금 이 순간에도 조국의 하늘, 땅, 바다를 지키는 국군 장병들의 헌신에 감사하면서 한 말씀 드리고 자 합니다. 임진왜란 발발 1년 이순신 제독은 전라 좌수사로 부임했습니다. 선조는 무능하고 조정은 썩었지만, 이순신 제독은 묵묵히 다가올 전쟁에 대비했고 결국 나라와 백성을 구했습니다. 오늘날 형편이 당시 조선 조정과 크게 다르지 않습니다.
   국군 장병들께선 이순신 휘하 전라 좌수영 장졸의 심정으로 다가올 위기에 대비해 주십시오.  국민의 한 사람으로서, 군 선배의 한 사람으로서 간곡히 부탁드립니다.
Tag
#정찰자산
#대정부질문
#신원식의원
#정밀타격
저작권자 © 디펜스투데이 무단전재 및 재배포 금지
이승준 기자
다른기사 보기","{""무인체계"": [""UAV""], ""무기/방어체계"": [""유도폭탄""]}",True,무인기,,relevant,"이 보고서에서는 남북 군사합의에 따른 한국군의 감시정찰 능력 제한 문제를 다루고 있으며, 특히 무인기 감시 능력과 이를 대체할 수 있는 정찰 자산에 대해 논의하고 있습니다. 따라서 무인기 기술이 주요 쟁점 기술로 다뤄지고 있습니다."
"더쎄를라잇브루잉, 이번엔 수제맥주 캔으로 로켓 만들어 발사한다",2020-07,http://www.defensetoday.kr/news/articleView.html?idxno=1476,"수제맥주 스타트업 더쎄를라잇브루잉(대표 전동근)이 이번엔 수제맥주 캔으로 만든 로켓을 하늘로 쏘아 올린다.
더쎄를라잇브루잉은 나라스페이스테크놀로지(대표 박재필)와 함께 알루미늄 수제맥주 캔으로 사운딩 로켓을 만들어 자사의 수제맥주인 로켓필스와 9월 중 쏘아 올릴 예정이라고 13일 밝혔다.
NASA가 발사한 사운딩 로켓 (사진: 더쎄를라잇브루잉)
  사운딩 로켓은 연구를 위해 발사하는 실험용 로켓이다. 보통 인공위성(100㎞) 고도보다는 낮고 성층권(10~40㎞)보다는 높은 중간권(50~100㎞)까지 올라갔다가 지상으로 떨어진다. 비행시간은 최대 수십 분 정도다.
국내에서는 한국항공우주연구원(항우연)이 1993년 1단 고체 로켓 KSR-I를 사운딩 로켓으로 두 차례 발사한 적이 있다. 항우연은 1997, 98년 2단형 고체연료 로켓 KSR-Ⅱ를, 2002년 최초의 액체 추진 로켓 KSR-Ⅲ을 발사했다. 이때 쌓은 기술은 우주 발사체 나로호(KSLV-Ⅰ), 한국형 우주발사체(KSLV-Ⅱ) 개발의 밑바탕이 됐다.
발사 장소는 인허가 및 안전 문제 등을 고려해 해외 발사가 유력하게 검토되고 있다. 2018년 KAIST가 개발한 사운딩 로켓인 우리새 2호가 정부의 허가를 1㎞ 상공까지 받고 전북 새만금 간척지에서 발사된 적 있지만, 이외에는 선진국과 달리 수많은 규제에 막혀 정부 인허가를 받는 데 실패했다.
더쎄를라잇브루잉의 발사체는 로켓필스를 담는 알루미늄 캔으로 제작된다. 앞서 1차 프로젝트 때와 마찬가지로 로켓에 고프로를 달아 발사부터 낙하산과 함께 안전하게 추락하는 것까지 모든 과정을 영상으로 담은 뒤 나중에 공개할 예정이다.
사운딩 로켓 발사과정(사진: 더쎄를라잇브루잉)
이번 도전은 더쎄를라잇브루잉의 ‘프로젝트 BTS(Beer To Space)’ 2탄으로 지난 1탄의 성공에 힘입어 기획됐다. 더쎄를라잇브루잉은 올해 5월 나라스페이스테크놀로지와 헬륨풍선을 활용해 우주 성층권인 43.5㎞까지 수제맥주를 올려 보내는 프로젝트 BTS 1탄을 진행했다. 당시 상황은 영상으로 담겨 대중에 공개됐다.
2탄은 그보다 더 높은 고도를 목표로 해 한층 더 높은 기술적 과제를 요구한다. 이번 프로젝트의 기획과 마케팅은 더쎄를라잇브루잉이, 발사체 설계와 기술 지원은 나라스페이스테크놀로지를 비롯한 여러 로켓 발사체 스타트업 및 로켓 과학자들이 맡는다.
더쎄를라잇브루잉 전동근 대표는 “이번 로켓은 사운딩 로켓으로 나로호 같은 큰 로켓은 아니기에 한계가 분명 존재하는 게 사실이다. 그러나 이번 프로젝트를 도전한 다음 2021~22년쯤에는 반드시 발사체에 수제맥주를 담아 지구 궤도에 올라갈 수 있도록 준비할 것”이라며 “우리나라 스타트업이 개발한 발사체가 상용화되는 2021년에는 해당 로켓의 페이로드(Payload, 화물선)에 로켓필스를 실어서 지구 저궤도에 맥주를 품은 인공위성이 떠다닐 수 있도록 하겠다”고 말했다.
나라스페이스테크놀로지 박재필 대표는 “또 한번 우주를 주제로 더쎄를라잇브루잉과 프로젝트를 할 수 있어 기쁘다”며 “우주라는 주제가 기술 뿐만이 아니라 일상에 한발짝 더 나아가는 기회가 될 것이라 확신한다”며 “앞으로 계획 중 하나인 달에 맥주를 보내는 그날까지 저희의 작업들을 지켜봐달라”고 말했다.
한편 올해 설립 4년 차를 맞는 더쎄를라잇브루잉은 2019년 송도맥주축제와 신촌맥주축제에서 수제 맥주 판매량 1위를 달성해 화제가 된 바 있다. 특히 신촌맥주축제에서는 국내 로컬 브루어리들 가운데 가장 큰 규모의 양조장을 제치고 판매량 1위를 기록했다.
더쎄를라잇브루잉은 식약처 기준 단일 제조장 면허 가운데 가장 많은 레시피 수(39가지, 중복 제외)를 보유한 것으로 알려지며 대표 제품인 우주IPA는 출시와 함께 10만잔이 넘게 팔렸다. 또 다른 주력 제품 로켓필스는 2019년 대한민국 주류대상에서 라거 부문 대상을 받았다.
Tag
#더쎄를라잇브루잉
#수제맥주회사
#사운딩로켓
저작권자 © 디펜스투데이 무단전재 및 재배포 금지
이승준 기자
다른기사 보기","{""우주/위성"": [""저궤도""], ""AI/컴퓨팅"": [""AI""], ""작전/전술"": [""ACE""], ""기타/기술"": [""IP""], ""첨단기술"": [""space""], ""방산기업"": [""KAI""]}",True,수제맥주 캔 로켓,2021-00,relevant,"이 기사는 민간 수제맥주 스타트업이 수제맥주 캔을 활용하여 사운딩 로켓을 제작하고 발사하려는 계획을 다루고 있습니다. 구체적인 배치 시기는 명시되어 있지 않지만, 2021년 국내 스타트업의 발사체 상용화 계획을 언급하고 있어 관련성이 있습니다."
"현대로템의 한국형 공수장갑차 비젤2",2020-07,http://www.defensetoday.kr/news/articleView.html?idxno=1129,"전시회에 등장한 현대로템의 공수장갑차 비젤2 모형
한국형 공수장갑차의 윤곽
- 후보 차량 Wiesel2로 선행 연구 추진 -
한국형 공수장갑차 비젤 2의 모형 (사진: 디펜스 투데이)
헬기와 더불어 한국형 신속대응사단의 주요 기동 수단으로 거론중인 공수장갑차의 윤곽이 드러나고 있다.
현대 로템은 헬기를 이용한 공중기동작전을 주로 수행하게 될 신속대응사단이 운용하게 될 공수장갑차 차량으로 독일의 Wiesel 2 장갑차를 내정하고 현재 연구를 진행중이다.
  한국형 신속대응사단 개편과 공수장갑차의 필요성
1) 신속대응사단 개편 방향
항공기를 이용한 공중기동작전은 전쟁 초기 제한된 병력을 신속하게 전장에 투입하는 가장 효율적인 방법이며, 특히 한반도 산악 지형은 육로를 통한 신속한 병력 투입이 제한되는 경우가 많고 소규모 적 특작부대의 탐색·격멸을 목표로 하는 대침투작전 역시 수행해야 하므로 헬기를 활용한 공중기동작전이 매우 유용하다.
이 점을 인식한 육군 당국은 기계화보병사단 개편과 함께 신속한 종심기동을 추구하는 헬기 전력과 적진을 돌파할 기갑 전력을 조합하여 입체기동사단을 창설할 예정이었고 이는 한때 한국형 공정사단이라 알려지기도 했으나, 이후 검토 과정에서 헬기를 이용하는 공중기동사단으로 결정하고 명칭도 신속대응사단(가칭)으로 변경하였다.
육군 당국은 현재 3군단 예하 일반 보병사단 2사단을 신속대응사단으로 개편하고 있다.
알려진 방안은 기존의 예하 보병 연대는 같은 군단 예하의 12사단이나 21사단으로 통합하거나 해체하고, 사단 사령부는 양평의 예전 20기보사단 주둔지로 이전 후 현재 제2작전사령부 직할인 201·203특공여단을 예하로 편제하여 신속대응사단으로 개편하는 것이다.
개편 후에는 기동군단인 7군단 예하로 편제를 변경하고 미 육군 제101·82공정사단 등과 같이 개전 초기 항공기로 대규모 병력와 장비를 최단시간내 적지 종심지역에 침투시켜 적 주요 지점 장악과 핵심 전력 격멸 등 임무를 수행, 전쟁을 조기에 종결하는 공세적 기동부대 역할을 수행한다.
공중강습작전 수행을 위하여는 헬기를 많이 보유할수록 좋으며, 특히 병력과 장비 수송을 위한 기동헬기는 충분한 대수를 운용할 수 있어야 한다.
더불어 공중기동작전 중에는 적 대공화력의 위협이 상존하고 작전 목표에 있는 적 전력에 대한 사전 제압이 필요하므로 공격헬기를 이용한 엄호 또한 중요하다.
실제로 대표적인 공중강습부대인 미육군 101공수사단은 400여대의 헬기를 보유하고 있는데 200대 이상의 기동헬기와 최강의 공격헬기인 AH-64 아파치 70여대를 보유하여 우리 육군의 헬기 전력 전체보다 월등히 앞서고 있다.
이에 우리 군 역시 신속대응사단용으로 AH-64E 아파치 가디언 공격헬기 24대와 MH-47급의 대형 기동헬기 12대의 추가 도입과 4차양산 KUH-1 수리온 한국형 기동헬기 후속으로 130여대의 <추가 전력화>를 추진하고 있다.
2) 공수장갑차의 필요성과 요건
공중강습작전은 기본적으로 헬기를 이용하지만 병력이 헬기에서 내려 전장으로 투입한 후에는 적 정규군은 물론 기계화부대 등 어떠한 형태와 강도의 적과 마주치게 될 지 알 수 없다.
이러한 적들을 상대하기 위하여 공중강습부대는 자동화기, 박격포나 대공/대전차미사일 등 지원화기를 공중수송할 수 있어야 하며, 적의 공격으로부터 전투원을 보호할 수단 역시 필요하다.
이는 헬기를 이용한 공중수송(내부 탑재 및 슬링 수송)을 전제로 하는 경장갑차량인 공수장갑차가 탄생하는 계기가 되었다.
항공기를 이용한 공중 수송은 고속 성능을 활용하여 신속하게 전장으로 투입할 수 있으나, 적재 능력 한계로 인하여 차량의 크키와 중량이 제한되고 전장 소요에 비하여 투입 수량이 부족할 수밖에 없다.
그 뿐 아니라 공중 수송은 목표 지역의 지형, 기상과 적 상황, 강하의 위험성 등으로 인한 장비 손실율 및 분실율이 높은 약점이 있으며, 이러한 점들이 공중수송용 차량을 따로 개발·운용해야 할 필요성이라 할 수 있다.
공수장갑차의 주요 요건으로는 보유한 항공자산의 수송능력을 충족할 것과 운용 부대의 임무 특성 및 작전술 등을 고려해야 한다는 점을 들 수 있다.
일반적으로 정규사단급 공정부대용은 지상에서의 화력지원이나 기동력 강화를 고려하여 경전차나 경장갑차로, 공중강습부대용은 전장까지의 신속하고 효율적인 수송을 위하여 헬기 적재나 슬링 수송이 가능하도록, 특수부대용은 신속한 고속 침투가 용이한 경량 차량으로 개발하게 된다.
헬기를 이용한 공중강습작전을 주로 수행하게 될 한국형 신속대응사단용은 대형 기동헬기 수송을 전제로 한 다양한 종류의 계열차량이 큰 틀이 될 것이다.
  본격 대두되는 한국형 공수장갑차
1) 세계 주요국의 공수장갑차
세계에서 가장 유명한 공수장갑차로는 독일의 Wiesel을 들 수 있다.
Wiesel은 1970년대 서독군 공수부대가 운용할 목적으로 소요 제기되어 1975년에 Porsche사가 개발한 시제품이 처음 나왔으나 여러 사정으로 인하여 1984년부터 양산을 시작하였다.
초기형인 WieselⅠ은 전투중량 2.8톤에 86마력 엔진을 장착하고 최고 속도 80km/h로 300km를 주행할 수 있으며, Mk20 20mm 기관포나 TOW 대전차미사일을 탑재한 버전과 50구경/7.62mm 기관총 및 관측장비를 탑재한 정찰차량 등의 계열 차량이 있다.
작은 크기와 중량으로 항공기로 쉽게 공수할 수 있고(CH-53G 헬기로 최대 3대(적재 2대 + 슬링 1대)까지 공수 가능하나 2대 적재와 동시 슬링 공수는 수송용량 문제상 하지 않는다), 20mm 기관포/TOW 미사일 등 크기에 비해 강력한 화력을 운용할 수 있다.
물론 차체 크기와 중량의 한계로 방호력은 7.62mm 이하 철갑탄 및 고폭탄 파편을 방호할 수 있는 정도지만 포장도로 80km/h의 비교적 빠른 속도로 달릴 수 있으므로 치고 빠지는 형태의 작전에 용이하다.
1990년대에는 보기륜 1개를 추가하여 크기를 늘리고 엔진을 146마력으로 증대한 WieselⅡ를 도입하여 스팅어 미사일을 운용하는 대공차량(Ozelot)과 120mm 자주박격포, 앰뷸런스, 지휘소차량 등의 계열 차량을 운용중이다.
러시아는 BMP-Ⅲ와 동일한 2A70 100mm 저압포 + 2A72 30mm 기관포 포탑을 갖춘 BMD-Ⅳ 장갑차를 공수장갑차로 운용하고 있으며, 이 차량은 수상 도하 및 승무원이 탑승한 상태에서 공수가 가능한 차량이다.
2) 한국형 공수장갑차의 개발 방향
신속대응사단 개편 계획과 더불어 한반도에서 CH-47 헬기로 수송할 수 있는 한국형 공수장갑차 개발을 결정하고 본격적으로 연구에 들어갔다.
초기에 ADD를 중심으로 구상한 한국형 공수장갑차는 러시아의 BMD-Ⅳ와 유사한 길이 6m×폭 2.6m×높이 2.5m 정도 부피에 8~9톤 가량의 전투중량, 승무원 2명 + 부가인원 최대 4명 정도의 차체에 7.62mm 기관총부터 30mm 기관포, 40mm 유탄기관총, 대전차로켓 등의 경무장을 갖추는 형태였다.
그러나 전투중량을 8~9톤으로 설정할 경우 C-130 수송기(최대 적재량 18톤)에는 2대를 적재할 수 있지만, 공군을 거치지 않고 육군이 독자적으로 운용할 수 있는 CH-47 헬기(최대 적재량 11톤)에는 1대만 적재할 수 있는 제한사항이 있다.
그리하여 육군은 CH-47 헬기에 2대를 적재할 수 있는 방안을 물색하던 중에 <현대로템>의 독일제 Wiesel 2 장갑차를 지켜보고 있다.
현재 현대로템은 독일 Rheinmetall사와 제휴하여 Wiesel 장갑차를 기술도입 생산하려는 계획으로 엔진 등 주요 부품을 국산화하여 생산할지 원판을 직도입하여 생산할지를 고민중이며, 기본 차량은 Wiesel 2를 수리온 경우처럼 한국으로 가져오는 것을 전제로 한다.
엔진은 현대기아차의 소형 상용엔진(A엔진이 유력)을 채택하는 방안과 독일 Audi제 디젤엔진을 직도입 장착하는 방안을 모두 검토중으로 선행연구 후 2020년 타당성 검토를 거쳐 2021년부터 본격적으로 체계개발에 착수, 2026년에 초도차량을 전력화하는 로드맵을 고려중이다.
Wiesel 2 장갑차는 검증된 플랫폼을 도입하여 단기간에 효율적으로 전력화할 수 있는 특장점이 있고, 독일 육군의 운용 사례를 비추어볼 때 우리 육군에서는 수색정찰용을 기본형으로 신궁 대공미사일, 현궁 미사일 탑재형과 자주박격포, 지휘소차량, 앰뷸런스 등 계열차량을 개발, 운용할 수 있다.
  신속대응사단과 전개에 적합한 비젤2
육군 당국은 병력 감축시대에 전투력을 극대화하기 위한 방안 중 하나로 한국형 신속대응사단 계획을 추진중이다.
헬기 전력과 더불어 신속대응사단의 주요 전력으로 육군은 공수장갑차 도입을 추진하고 있고, 현대 로템은 독일의 Wiesel 2 장갑차의 기술도입 생산을 고려중에 있다.
[디펜스 투데이]
  Tag
#한국형공수장갑차
#비젤
#Wiesel 장갑차
#슬링
#적재
#현대로템
#디펜스투데이
저작권자 © 디펜스투데이 무단전재 및 재배포 금지
이치헌 기자
다른기사 보기","{""연구/프로그램"": [""ORS""], ""항공기"": [""C-130""], ""항공기/차량"": [""공격헬기"", ""AH-64""], ""무기/방어"": [""BMD""], ""지상장비"": [""K2""]}",True,Wiesel 2 장갑차,,relevant,"해당 기사는 한국형 공수장갑차 개발 과정을 다루고 있으며, 후보 차량으로 독일의 Wiesel 2 장갑차를 선정하여 연구를 진행 중이라고 언급하고 있습니다. 하지만 실제 배치 시점에 대해서는 언급이 없습니다."
"엘빗 시스템즈(Elbit Systems)의 생존장비 DIRCM 시스템",2020-07,http://www.defensetoday.kr/news/articleView.html?idxno=1388,"엘빗 시스템즈와 서울 ADEX의 인터뷰 내용
엘빗 시스템즈사의 DIRCM에 대한 인터뷰
   Q . 귀사에서 한국에 새로운 임무 장비, 그것도 DIRCM과 같은 자체방어체계를 대거 제시하였다.  이들 체계의 자체방어능력은 실제 전장환경에서 검증이 된 것인가?
 A. Mini-music과 J-music 공히 실제 전장환경과 위협을 모사하여 테스트를 거쳤으며, 이를 통과하여 작전운용가능 인증을 받은 장비들이다. 이 중, Mini-music은 소형, 중형 헬기에서 운용할 목적으로 개발된 컴팩트한 소형의 DIRCM이다. 이 시스템은 총 중량이 19Kg 정도인 경량의 시스템이며, 1kW에 미치지 못하는 비교적 낮은 전력을 소모하여 구동되는 시스템이다.
 비록 소형의 시스템이어서 사용하는 개구면의 크기가 작고, 교란 신호의 송출 출력이 낮은 것이 사실이다. 이와 같은 컴팩트한 시스템이지만   MANPADS 등의 IR 시커를 효과적으로 교란할 수 있는 강한 IR 에너지와 높은 정밀도를 필요로 한다. 이 때문에 Mini-music 에는 출력이 낮으면서 Gain이 더욱 큰 광섬유 레이져를 사용한다. 작은 개구면에서 사용되면서 Gain이 크기 때문에 각도 분해능이 매우 우수하여 위협 표적에 정밀하게 대응할 수 있다. 또한 FLIR와 IR 신호 프로세서에 신속한 신호처리를 위한 디지털 신호처리 알고리즘과 표적 접촉 상실 시 신속한 재포착을 위한 알고리즘 등이 적용되어 정확하고 정밀한 위협 탐지, 추적이 가능하다.
 Mini-music이 주로 소형 / 중형 헬기를 위한 자체 방어체계라면, J-music은 수송기와 여객기, 대통령 전용기 등 대형 항공기의 자체방어를 위한 DIRCM이다. 이 시스템은 Mini-music의 확대형으로서 기본적인 구조와 특성은 Mini-music의 그것과 같으면서 그보다 더욱 대형, 대출력의 시스템이다. 다시 말해서 Mini-music의  Gain이 크고 각도 분해능이 정밀한 광섬유 레이저를 사용하면서, 출력 또한 800W 이상 더욱 증가하였기 때문에 결과적으로 높은 출력과 높은 Gain을 갖는 고에너지 IR 기만 신호를 송출하여 대형 수송기와 같은 큰 IR 신호를 방출하는 항공기를 보호할 수 있다.
 실제 전장 환경에서 J-music이 검증을 받았냐고 물으신다면 단연코 그렇다라고 말씀드릴 수 있다. 앞서 말씀드린 Mini-music과 마찬가지로 J-music 또한 실제 전장환경과 위협을 그대로 모사한 테스트를 통과하면서 작전적합인증을 받은 체계이다. 여기에 더해서 J-music은 민항기에 사용할 수 있는 상용 인증까지 획득한 시스템이다.
   Q. 민항기에서 사용할 수 있는 상용인증을 획득했다는 것은 어떤 것을 말하는 것인가?
 A. J-music은 수송기와 여객기 등에 사용 가능한 대형의 DIRCM이다. 익히 아시는 바와 같이 우리 이스라엘은 테러리스트들의 위협이 상존하는 나라이다. 이들은 이스라엘군(IDF)만을 공격 목표로 삼는 것이 아니라 이스라엘 민간인들에 대한 테러도 서슴지 않는다. 민간인에 대한 테러 중, 충격의 전파 효과가 크고 대량의 인명 살상을 꾀할 수 있는 테러가 바로 민항기를 폭발물이나 MANPADS로 공격하는 유형의 테러이다.
 따라서 이스라엘에서는 모든 상용기들이 의무적으로 자체방어체계를 통합, 운용할 것을 법으로 규정하고 있다. 또한 상용기들을 위한 자체방어체계 성능요구기준이 매우 높을 수 밖에 없다. J-MUSIC은 이러한 까다로운 요구 성능을 충족시켜, 이스라엘의 민항기뿐만 아니라 이스라엘 공군의 수송기, 특수전 항공기, 그리고 다양한 민수용, 군수용 대형 항공기에 통합되었다.  따라서 이미 다양한 플랫폼에 통합하여 검증된 체계라고 할 수 있다.
 또한 많은 수의 J-music이 널리 운용되고 있기 때문에 프로그램 코스트와 장기적인 운용유지측면에서도 합리적인 장비라고 할 수 있다.
   Q. Mini-music과 J-music은 각각 한국군의 어떠한 플랫폼에 통합을 제안하고 있는가?
 A. 먼저, Mini-music의 경우 한국군이 보유한 헬기 중, 주로 한국 공군의 탐색구조전대에서 운용하는 헬기들(HH-60P, HH-47, Ka-32I)에 통합을 제안하고 있다.
SAR(Search & Rescue) 임무라는 것이 적대 세력이 장악하고 있는 위험한 지역에 낙오된 조종사를 구출하러 가야하는 임무인지라 적대 세력의 휴대용 대공 미사일 위협으로부터 SAR 헬기를 보호할 수 있는 능력을 갖추어야 한다.
   Q. 설명을 듣다보니 궁금한 점이 하나 생겼다. 자체방어체계의 추세는 LWS, MAWS, ESM, ECM, DIRCM, Chaff/Flare 카트리지 등 자체방어장비 일체를 단일 코어 프로세서, 특히 센서통합엔진을 보유한 코어 컴퓨터에 통합하여 운용하는 추세이다. 그런데 J-music 이나 Mini-music의 경우에는 DIRCM 단일 시스템이다.
 A. J-music과 Mini-music 모두 인터페이스가 개방되어 있는 오픈 아키텍쳐 시스템이기 때문에 외부의 다른 자체방어임무장비와 연동이 가능하다. 특히 장비 특성상, J-music과 Mini-music은 주로 MWS(미사일 경보 시스템)와 연동하여 운영하는 것이 효과적이다. 실제로 Mini-music이나 J-music을 탑재한 플랫폼은 MWS 또한 통합하여 함께 연동 운용하는 경우가 많다.
그리고 우리 엘빗 시스템즈(Elbit Systems)의 Music 계열 자체방어체계는 J-music과  Mini-music과 같은 DIRCM만 있는 것이 아니다. 언급하신 것과 같은 통합자체방어징비도 있다. 이는 C-music 이라고 하는 장비이다.
   Q. C-MUSIC은 어떤 장비인가? 
 A. C-MUSIC은 그야말로 ""All-in-one"" 시스템이라고 할 수 있다. 이 시스템은 포드형 통합자체방어체계로서, ECM과 RWR, LWS, PAWS(Passive IR MAWS), DIRCM, 그리고 채프/플레어 디스펜서 등이 각각 LRU로서 이 시스템에 통합되어 있다.
 이와 같이 다수의 자체방어임무장비들을 개별적인 LRU로 통합하여 운용하는 C-music의 포드는 컴팩트한 포드로서, 다수의 LRU를 여기에 통합시킨다는 것은 해당 LRU들 또한 컴팩트한 체계로 만들어졌다는 것을 의미한다. 제한된 공간에 다수의 LRU를 집어 넣으려면 각각의 LRU가 작아야 한다는 것은 당연하다. 또한 해당 포드는 탑재 시 항력 증가가 크지 않은 형상으로 설계되었다.
   Q. 한국에서 진행되는 프로그램은 엘빗 본사에서 많은 관심을 갖고 있는가? 그렇다면 어떤 프로그램이 주목을 받고 있는가?
 A. 현재 KFX 프로그램이 주목을 받고 있다. 엘빗 시스템즈는 KFX의 LAD(Large Area Display)를 포함한 인터페이스와 자체방어체계 등을 제공하고자 한다. KFX뿐만 아니라 LAH, 그리고 KMOH 프로그램에도 관심을 갖고 있다.
엘빗 시스템즈(Elbit Systems)의 생존장비 DIRCM 시스템 (사진: 디펜스 투데이)
  Tag
#엘빗 시스템즈(Elbit Systems)의 생존장비 DIRCM 시스템
#엘빗 시스템즈
#Elbit Systems
#Mini-music
#J-music
저작권자 © 디펜스투데이 무단전재 및 재배포 금지
신선규 기자
다른기사 보기","{""AI/컴퓨팅"": [""AI"", ""AR""], ""센서/통신"": [""FLIR"", ""IR""], ""무기/방어체계"": [""DE""], ""재료/제조"": [""TEM"", ""PLA""], ""기타/기술"": [""EMS""], ""항공기"": [""HH-60""], ""센서/통신/레이더"": [""SAR""], ""무기/방어"": [""ECM""]}",True,DIRCM (Directional Infrared Countermeasures),2020-07,high,"이 뉴스는 엘빗 시스템즈사의 DIRCM 시스템에 대한 상세한 내용을 다루고 있습니다. 특히 Mini-Music과 J-Music 모델의 기술적 특성, 실전 검증, 상용 인증 획득 등을 다루고 있어 상용화/전력화와 관련된 내용이 잘 정리되어 있습니다."
"영국 해병대, 전술적 이점을 강화하기 위해 신형 헬멧카메라를 시험",2020-06,http://www.defensetoday.kr/news/articleView.html?idxno=1106,"영국 해병대는 새로운 헬멧 카메라 덕분에 전술적인 결정을 내릴 때 더 많은 정보를 얻을 수 있을 것이다.
특수제작된 카메라는 특공대가 운용하는 극한 조건에도 견딜수 있고, 내구성이 뛰어날 뿐만 아니라 실시간 데이터를 신속하게 분석하고 이용할 수 있는 새로운 네트워크 시스템과 연결된다.
네트워크와 카메라는 모두 영국 해군의 정보전 기술 전문가인 멜웍스에 의해 조달되었다.
영국 해병대가 현재 테스트 중인 전술 헬멧캠 (사진: 영국국방부)
새로운 장비의 도입은 미래 코만도 개념의 일부를 구성하며, 왕립 해병대는 소규모지만 치명적인 해병대로 복귀하는 것이다.
멜웍스는  비주얼 엔지니어링사와 협력하여 범용 카메라를 가져와서 해병대가 필요로 하는 요구 사항을 충족하도록 강하고 쉽게 장착할 수 있으며, 개방형 소프트웨어로 작업하고, 데이터를 스트리밍할 수 있다.
신체 착용형 장치는 많지만, 블루투스, 와이파이에 의존하거나 클라우드 기반 시스템에 업로드하지만, 왕립 해병대가 종종 원격 및 극한 환경에서 운용하는 것들이 항상 접근할 수 있는 것은 아니다.
이 카메라는 멀웍스가 40명의 특공대 및 혁신임무부대와 시험하고 있는 최근 조달된 이동 통신망 무전기와 함께 작동한다.
신형 헬멧캠이 극한의 임무에서도 작동이되게 하는것이 목표다. (사진: 영국 국방부)
상황에 대한 인식을 높이고 의사 결정에 도움을주기 위해 지상에서 해상으로 네트워크를 통해 피드를 실시간 스트리밍 할 수 있다. 또한 팀의 다른 구성원에게 스마트 장치를 보거나 필요한 경우 외부에서 작업하는 모든 사람에게 표시 할 수 있다.
멀웍스 프로그램 매니저인 데이브 멀너니는 ""멀웍스 같은 기술 액셀러레이터가 설립된 이유가 바로 이런 종류의 도전이다. 라고 하였다.
“우리는 사용자 커뮤니티에서 문제를 겪고 합리적인 기술 솔루션을 찾고 시도한다. 상용 제품이라면 좋지만, 아직 존재하지 않을 때는 크고 작은 산업계와 협력하여 솔루션을 개발할 수 있다 사용자의 요구를 충족시킨다. ""
미래 코만도 실험의 일환으로, 멀워스는 전술 IP 네트워크 구축을 도왔으며, 지상에서 활동 중인 영국 해병대에 새로운 장비와 기술이 도입될 수 있게 하였다.
FCF 프로그램 감독인 마크 토튼 대령은 이 카메라를 환상적이라고 불렀다. 그는 ""모든 영국 해병대는 이 카메라를 가져야 한다""고 덧붙였다.
Tag
#영국국방부
#영국해병대
#신형헬멧캠
#멀웍스
저작권자 © 디펜스투데이 무단전재 및 재배포 금지
이치헌 기자
다른기사 보기","{""기타/기술"": [""IP""]}",True,신형 헬멧 카메라,2020-06,relevant,이 기사는 영국 해병대가 새로운 전술 헬멧 카메라를 시험 중이라고 다루고 있습니다. 이는 군사 기술의 개발 및 도입 과정을 다루고 있는 것으로 보입니다. 다만 정확한 전력화 시점은 명시되어 있지 않습니다.
"정부세종컨벤션센터에서 대한민국 군수산업발전 컨퍼런스 및 전시회가 열려",2020-06,http://www.defensetoday.kr/news/articleView.html?idxno=1082,"6월 2일부터 4일까지 정부세종컨벤션센터에서 대한민국 군수산업발전 컨퍼런스 및 전시회가 개최되었다.
군수산업발전연합회 추진단과 국방MICE연구원이 주최하고 국방부 및 육·해·공군과 한국과학기술연구원(KIST)이 후원한 이번 행사에는 군 전력지원체계와 관련된 국가출연기관 및 연구소, 각종 산업분야 협회 및 학회 관계자, 업체 및 군 관계자들이 한자리에 모였다.
‘군수품상용화 확대 활성화를 위한 우수상용품 시범사용 발전’을 주제로 박주경 육군 군수사령관(육군중장)이 기조연설을 하고 있다. (사진: 이승준)
군 전력지원체계란 무기체계 이외의 장비, 물자, 부품, 시설, 소프트웨어 등 제반요소를 통칭하는 용어로서 전투수행의 주체인 장병의 사기와 전투능력 향상에 영향을 미치는 군수품의 96%를 차지한다.
그동안 우리 군은 신기술을 적용한 전력지원체계 획득을 위해 정부주도개발과 민군기술협력, 군수품 상용화 등 다양한 정책적 노력을 경주해 왔다. 그러나 군납비리의 개연성에 대한 부담과 기존 군납업체들의 보이지 않는 장벽, 전문기관·인력 사이의 네트워크 부족 등의 어려움을 극복하기 어려웠다.
프랑스 방산 업체 샤프란이 공대지 유도미사일 햄머모형을 전시하였다. (사진: 이승준)
이러한 상황을 인지하고 있던 민ㆍ관ㆍ군ㆍ산ㆍ학ㆍ연의 군수산업 관련 기관들이 군 전력지원체계 분야가 직면한 어려운 문제들을 개선하고 더 나은 발전을 모색하기 위해 민ㆍ군 상생 협의체인 군수산업발전연합회 창립을 추진하게 되었다.
이를 위해 군수산업발전연합회 추진단은 지난해 12월에 군수산업과 관련된 각 기관들의 의견을 수렴한 후, 올해 두 차례의 포럼을 진행하면서 군은 물론 국가 출연기관, 연구소, 강소 기업들의 큰 호응을 얻어 이번에 군수산업발전 컨퍼런스 및 전시회와 병행하여 발족식을 갖게 됐다.
6월 2일  ‘4차 산업혁명과 연계한 전력지원체계 발전방안’을 주제로 강태원 국방과학연구소(ADD) 부소장이 기조발표를 했다.
6월 3일에는 ‘군수품상용화 확대 활성화를 위한 우수상용품 시범사용 발전’을 주제로 박주경 육군 군수사령관(육군중장)이, 4일에는 ‘전력지원체계 효과적 운영지원을 위한 제도 개선’을 주제로 김성도 육군 군수참모부장(육군소장)이 기조발표를 하였다.
컨퍼런스 기간 중 부대 행사로 3일 동안 신기술 및 신제품 설명회와 상담회, 첨단제품 시연, 전력지원체계 관련 장비·물자·식음료·첨단산업 분야 전시회가 열렸다.
이번 전시회에는 프랑스 방산업체 샤프란이 참여하여 공대지 유도미사일인 햄머와 자이로스코프 모형을 전시했다.
향후 군수산업발전연합회는 무기체계 분야의 한국방위산업진흥회처럼 전력지원체계 분야에서 민·군 교량 역할을 수행하며 민·관·군·산·학·연과 협회 및 단체들이 참여하는 전문 협력 플랫폼으로서 다양한 활동을 펼칠 예정이다.
이번 행사에 참석한 육군 관계자는 “전력지원체계 분야는 지금까지 민·군 연결조직이 없었다”면서 “군수산업발전연합회가 전력지원체계의 전문 협력 플랫폼으로 자리 잡으면 군 전력 증강은 물론 군수산업 발전과 군수품 수출에도 크게 기여할 것”이라고 말했다.
Tag
#군수산업발전 컨퍼런스
#전시회
#군수산업발전협회
#정부세종컨벤션
#샤프란
저작권자 © 디펜스투데이 무단전재 및 재배포 금지
이승준 기자
다른기사 보기",{},True,공대지 유도미사일 햄머,,relevant,"이 뉴스에서는 프랑스 방산 업체 샤프란이 공대지 유도미사일 햄머 모형을 전시했다고 언급하고 있습니다. 이는 군사 기술의 상용화와 관련된 내용이지만, 실제 상용화 또는 배치 시기는 언급되지 않았습니다."
"삼성전자, 갤럭시 S20 미군용 택티컬 에디션 공개",2020-05,http://www.defensetoday.kr/news/articleView.html?idxno=1001,"삼성전자 미국법인은 5월 20일(현지시각) 미연방정부와 미국방부(DoD)의 운영자 고유의 요구에 맞춘 임무용 스마트폰 솔루션인 삼성 갤럭시 S20 Tactical Edition(TE)을 선보였다. 고도로 맞춤화된 소프트웨어와 기능 세트로 갤럭시 S20 TE는 다양한 기존 주변장치와 완벽하게 작동하며, 특히 운용자가 복잡한 지형, 넓은 거리, 지휘부와의 통신 끊김 가능성을 탐색할 수 있도록 설계된 응용 프로그램, 전술 및 분류 응용 프로그램의 요건을 지원한다.s. 갤럭시S20 TE는 NSA 표준에 기반한 데이터 암호화 2개 레이어를 전달해 기밀 임무에 필요한 최고 수준의 데이터를 확보하는 듀얼DAR 아키텍처도 선보인다.
타헤르 베베하니 삼성전자 미주사업부 모바일 B2B사업부장 겸 총괄책임자는 ""이 솔루션의 개발은 국방부의 고객과 파트너로부터 받은 조정과 피드백의 결과""라고 말했다. 갤럭시S20 Tactical Edition은 워파이터에게 현장에서 우위를 점할 수 있는 기술을 제공하는 한편 IT 팀에게는 규제 환경의 요구에 부합하는 구축이 쉽고 보안성이 높은 솔루션을 제공한다.
제품 사양은 극한의 작전에서 사용하는 전술케이스와 함께 군사용 소프트웨어 기능과 이중 암호화로 구성된 보안 기능을 넣었다. 6.2인치 OLED 디스플레이, 스냅드래곤 865, 12GB 램, 128GB 저장공간, 5G 지원, 후면 트리플 카메라 등의 사양을 갖췄다.
삼성전자 미국 모바일 사이트에 공개한 택티컬 갤럭시 S20 (사진: 삼성전자USA)
갤럭시S20 TE는 연방 프로그램 매니저와 임원들에게 다양한 기술과 연동되며 방어급 삼성 녹스 모빌리티 플랫폼의 보증으로 모바일 솔루션을 쉽게 관리하고 배치할 수 있는 기능을 제공한다. 삼성 프리미엄 갤럭시 기기에서 가장 많이 찾는 도구를 독특하고 사용하기 쉬운 구성으로 활용한다.
운영자가 다중 도메인 운영에서 연결 상태를 유지할 수 있도록 지원 갤럭시S20 TE는 전술 라디오와 미션시스템에 쉽게 연결돼 박스에서 벗어나 매끄러운 운용을 보장된다. 멀티 이더넷 기능은 미션 시스템에 대한 전용 연결을 제공하는 한편, 프라이빗 SIM, 5G, Wi-Fi 6 및 CBRS에 대한 네트워크 지원은 멀티 도메인 환경 전반에 걸쳐 연결이 유지되도록 한다.
완전하고 정확한 실시간 상황 인식 제공 갤럭시 S20 TE는 수많은 기기 특징의 맞춤화를 통해 군 운영자의 고유한 요구에 부응한다. 야간투시모드는 야간투시 아이웨어를 착용할 때 디스플레이를 켜거나 끌 수 있고, 스텔스모드는 LTE를 비활성화하고 모든 RF방송을 음소거해 완전한 오프 그리드 통신을 할 수 있다. 조작자는 장치 화면이 가슴에 장착된 상태에서 가로 모드로 쉽게 잠금해제를 할 수 있으며, 버튼만 누르면 가장 많이 사용하는 앱을 빠르게 실행할 수 있다.
삼성전자 미국 모바일 사이트에 공개한 택티컬 갤럭시 S20 (사진: 삼성전자USA)
모든 미션 요구사항을 충족하는 하나의 장치. 현장에 있을 때, 운영자들은 무게를 줄이지 않으면서도 임무를 완수하는 데 필요한 힘을 제공하는 가볍고 운반하기 쉬운 장치가 필요하다. 갤럭시S20은 강력한 64비트 옥타코어 프로세서를 탑재해 현장에서 복수의 미션 애플리케이션(ATAK, APASS, 킬스위치, BATDOK) 실행을 지원, 운영자가 필요한 인텔리전스에 접근할 수 있도록 했다.
갤럭시S20 TE에는 강력한 삼성 DEX 소프트웨어도 탑재돼 있어 모니터와 키보드, 마우스에 연결하면 PC와 같은 경험을 할 수 있다. DeX를 사용하면 운전자는 차량 내 또는 기지에 있을 때 보고서, 교육 또는 임무 계획을 완료하는 데 이 장치를 사용할 수 있다.
특수 운영을 위한 인증 및 보안. 갤럭시S20 TE는 하드웨어로부터 소프트웨어 레이어를 통해 기기를 보호하는 방어급 모바일 보안 플랫폼인 삼성 녹스를 기반으로 구축됐다. 듀얼DAR 아키텍처는 장치의 전원이 꺼지거나 인증되지 않은 상태에서도 두 개의 암호화 계층으로 장치를 더욱 안전하게 보호한다. 이 다층 임베디드 방어시스템은 NSA의 국가정보화동반자협정(NIAP)에서 정한 분류용 상용솔루션(CSFC) 목록과 모바일 기기 기본보호프로파일(MDF PP) 등 가장 엄격한 규제 요건을 충족하도록 돕는다. 국방정보시스템국(DISA)이 정한 안드로이드 10 보안기술이행가이드(STIG)를 이용해 국방부(DoD) 내에서 사용이 승인된 상자에서 갤럭시S20 TE가 나온다.
Tag
#삼성전자USA
#택티컬버전
#미군규격
#미연방정부규격
#스텔스모드
#NSA규격
저작권자 © 디펜스투데이 무단전재 및 재배포 금지
이승준 기자
다른기사 보기","{""AI/컴퓨팅"": [""AR""], ""센서/통신"": [""LTE"", ""RF""], ""무기/방어체계"": [""DE""], ""기타/기술"": [""LED""], ""프로젝트/시스템"": [""ATAK""]}",True,"['갤럭시 S20 Tactical Edition', '5G', '데이터 암호화']",2020-05,high,"이 기사는 삼성전자가 개발하고 미국 국방부에 공개한 갤럭시 S20 Tactical Edition 스마트폰에 대해 다루고 있습니다. 이 제품은 2020년 5월에 공개되었으며, 군사용 기능과 보안 기능을 갖추고 있어 상용화가 완료된 것으로 볼 수 있습니다."
"앱 사고사진 찍으면 車 수리견적이 한화시스템, AI ‘언택트’ 기술",2020-05,http://www.defensetoday.kr/news/articleView.html?idxno=889,"한화시스템(대표이사 김연철)이 보험개발원의 AI 기반 자동차 수리비 자동견적 시스템 ‘AOS 알파(Automobile Repair Cost On-line Service-α)’ 구축을 마치고, 서비스를 본격 시행한다고 5월 6일 밝혔다.
'AOS 알파'는 AI로 사고차량의 사진을 판독해 손상 부품과 손상 심도를 정확히 인식한 뒤 자동으로 차량 추정수리비를 산정하는 서비스로, 모바일 앱이 메인 시스템이다. 'AOS 알파'를 실행하면 사고차량에 대해 차량번호와 차대번호를 인식하고, 차량 사고부위 촬영을 통해 순차적으로 ▲견적대상 사진 분류 ▲부품·손상 인식 ▲손상심도 판단 등을 진행한다.
  한화시스템의 AI 기술력으로 개발·구축한 보험개발원 'AOS 알파' (사진: 한화시스템)
차량사고 현장에서 고객에게 수십 여 초만에 추정수리비 견적 서비스가 가능해지며, 사고 접수부터 보상까지의 과정도 기존 처리 대비 많은 시간을 단축할 것으로 나타났다. 삼성화재·현대해상·DB손해보험·KB손해보험·메리츠화재·한화손해보험·악사(AXA)손해보험 등 국내 12개 손해보험사와 6개 공제조합이 'AOS 알파'를 도입, 자동차보험 사고접수·청구·손해사정 등 보상업무 지원이 보다 신속하고 간편해질 전망이다. 
55억원 규모의 자금이 투입된 'AOS 알파'는 인슈어테크(InsurTech·보험과 기술의 합성어) 강화의 일환으로 추진됐다. 보험회사와 정비소는 기존 사고차량 온라인 전산견적시스템(AOS)을 업그레이드 하는 것만으로도 'AOS 알파' 이용이 가능하다. 한화시스템과 보험개발원은 코로나 19 영향으로 언택트(비대면) 서비스가 활성화 되면서 'AOS 알파' 수요가 애초 예측보다 늘어날 것으로 기대하고 있다.
  한화시스템이 개발한 'AOS 알파' 모바일 앱의 경량AI로 실시간 사고 부위를 인식하는 모습 (사진: 한화시스템)
한화시스템 김연철 대표이사는“한화시스템은 금융 및 보험산업에 특화된 AI 시스템 개발을 지속하며, 포스트 코로나 시대에 소비자 접점 확대를 위한 언택트 서비스 제공 역량을 강화해 나가겠다”라고 밝혔다. 
'AOS 알파' AI 모델링을 통한 차량 부품과 손상 인식 모습 (사진: 한화시스템)
한화시스템은 지난해 10월 ICT 부문에서 AI 전담 조직을 출범시켰다. 한화시스템의 AI 기술력으로 지난 2018년 한화손해보험의 '알파 클레임 시스템'을 구축한 데 이어, 올 1월 한화생명에서 '클레임 AI 자동 심사 시스템'을 선보인 바 있다. AI 클레임 시스템은 보험금 지급 요청 관련 서류 및 요건을 자동 분류·분석하여 지급 여부를 심사하는 것으로, 한화시스템은 이번 보험개발원의 차량 손상 AI 자동견적 시스템인 'AOS알파'까지 상용화 하면서 보험업계에서 이미지와 데이터 기반 AI 서비스 두 부문을 모두 구축하며 독보적 입지를 세우게 됐다.
Tag
#한화시스템
#AOS알파
#AI모델링
#인슈어테크
저작권자 © 디펜스투데이 무단전재 및 재배포 금지
이승준 기자
다른기사 보기","{""AI/컴퓨팅"": [""AI"", ""ICT""], ""센서/통신"": [""IR""]}",True,AOS 알파(AI 기반 자동차 수리비 자동견적 시스템),2020-05,high,"기사는 한화시스템이 개발한 AOS 알파 시스템의 상용화를 다루고 있으며, 2020년 5월부터 본격 시행된다고 언급하고 있어 상용화 시점이 명확하게 제시되어 있음."
"2020년 전력화 되어 있는 자위대 핵심 전력",2020-04,http://www.defensetoday.kr/news/articleView.html?idxno=801,"2015년 예산으로 획득한 일본의 최신 전력
일본의 평성27년(2015년)도 예산으로 획득한 내용들
(사진 방위성)
1.평성26년(2014년)도이후의 계속되는 방위계획의 큰내용(평성25년(2013)12월17일 각의결정)및 [중기방위력정비계획(평성26년(2014년)~평성30년도(2018년)](평성25년(2013년)12월17일각의결정)에 의거해서 새롭게 도입되는 장비품의 취득도 포함시켜서 종합기동방위력의 구체적인 방향을 이어서 방위력정비를 착실하게 실시한다.
2.각종사태에 있어서 실효적인 억지 및 대처를 나란히 해서 이사아태평양지역의 안정화 및 글러벌한 안전보장환경의 개선과 일단의 방위력의 역할을 시뮬레이션하는 동시에 신속하게 대응해서 얻어지는 통합기능을 다시 현실에 유의해서, 특히 정찰감시능력,정보기능,수송기능및 지휘통제.정보통신기능의 범위외에 도서부에 대한 공격에 대응,탄도미사일공격에 대응, 우주공간 및 사이버공간에 대한 대응,대자연재해등에 대응과 국제평화협력활동등에 대응을 중중시해서 방위력을 정비
3. 각단계로 힘들게 증가되는 재정상황을 감안해서 일본이 다른 나라에 대한 제시책과 조화를 이루어서, 이단의 효율화.합리화를 지향한다.
1.각종사태에 있어서 실효적인 억지 및 대처
각종사태에 있어서 실효적인 억지 및 대처에 주변근해공역에 있어서 안전확보,도서부에 대한 공격에 대응,탄도미사일에 대응, 우주공간에 있어서 대응, 사이버공간에 있어서 대응, 대규모재해등에 대응, 정보기능의 가화책들에 필요한 방위력정비를 실시한다.
(1)주변해공역이 있어서 안전확보
광역에 대해서 상시감시를 할수있는 각종조짐을 조기에 감지해서 태세를 강화하고, 새로운장비를 취득을 포함하여, 주변해공역의 정보수집.정찰감시상태를 강화한다.
○대잠초계기(P-1)의획득(20기:3,781억엔).
.현재의 대잠초계기(P-3C)의 후계로 해서 잠수함탐지강화,비행성능,정보처리능력,공격능력 등을 향상시킨 P-1을 획득
.일괄조달이 좀더 조달코스트를 감축할수있어서 20기의 P-1을 확실하게 조달
○대잠초계기(P-3C)의 성능향상(10억엔)
대잠초계기(P-3C)의탐지식별능력향상을 위해서 레이더와 적외선탐지장치의 성능향상에 필요한 기재의 정비 및 개량을 실시
○대잠초계기(P-3C)의 수명연장(3기:11억엔)
대잠초계기의 체제를 유지하기위해서 P-3C에 기체수명연장을 실시
○해상작전헬기(SH-60K)의 획득(5기:289억엔)
현재의 해상작전헬기(SH-60J)의 후계로 대잠탐지능력과 공격능력이 향산된 해상작전헬기(SH-60K)획득
○해상작전헬기(SH-60J)의 수명연장(2기:10억엔)
해상작전헬기의 체제를 유지하기 위해서 SH-60J의 수명연장사업을 실시
○새로운 해상작전헬기를 개발(70억엔)
천해역을 포함한 우리나라(일본) 해역에서 대잠전의 당위성을 확보기 위해서 복수의 해상작전헬기와
연계해서  적잠수함을 탐지하는 능력등을 부여해서 해상작전헬기를 개발
○새로운 조기경계(관제)기의 획득(기종선정중)
남서지역을 처음하고 주역공역의 경계감시능력의 강화를 위해서 새로운 조기경계관제기와 조기경계기를 취득
○조기경계관제기(E-767)의 능력향상(137억엔)
현재의 E-767의 경계감시능력의 강화를 위해서 중앙계산장치의 교체및 전자지시장비의 탑재 등을 실시
○고고도무인장찰기의 취득(기종선정 중)  
공역에 있어서 상시지속감시능력의 강화를 위해서 무인정찰기를 획득
2.각종사태에에 대비해서 실효적인 억지 및 대처
○이지스 시스템탑재호위함(DDG) 건조
(1척 건조와 2척분 이지스 시스템 등의 조달:2,274억엔)
. 우리나라(일본)의 탄도미사일 대처능력의 종합적인 향상을 위해서 우리나라(일본)를 다층적인과동시에 지속적인 방위 체제를 강화하기 위해서 이지스 시스템 탑재호위함을 건조
. 2척의 이지스 시스템 등을 합해서 조달할 경우 실질적인 이지스 시스템 탑재호위함의 2척건조에 착수에도 조달 코스트를 낮출수 있음
○호위함의 수명연장과(함정수명연장공사 3척및 부품조달 7척분:65억엔)
호위함의 체제를 유지하기위해서 하쯔유키급 1척, 아사기리급 3척, 아부구마급 4척, 하다카제급 1척, 공고급 1척의 수명연장공사 조치를 실시
○다양한 임무에 대응능력 향상과 함체의 컴팩트화를 양립시키는 새로운 호위함건조에 대한 조사연구(3억엔)
새로운 호위함에 대해서, 성능 등을 확정을 위한 필요한 조사연구를 실시
○새로운 호위함용 레이더시스템의 연구(59억엔)
대공,대수상 레이더 등의 공중선(안테나)를 공용화할시 소형화를 위해서도 각종센서를 융합해서 성능을 향상시킨 새로운호위함용 레이더시스템 연구를 실시
○함상형무인항공기의 운용요령 등의 조사(백만엔)
항상형무인항공기에 대해서 탐배셈서 등의 성능정보와 도입 후의 운용 요령에 대해서 검수를 실시
○잠수함의 건조(1척:66억엔)
.잠수함을 16척에서 22척체제로 증가를 위해서, 소류급 11번함(2,900톤)을 건조
.리튬이온전지를 새로운 타입으로 탑재하기 위해서, 이제까지 소류급 잠수함과 비교해서 수중지속능력을 향상
○잠수함의 수명연장
(수명연장공사 2척 및 부품조잘 3척분:34억엔)
잠수함을 16척에서 22척 체제로 증가를 위해서 오야시오급 잠수함 수명연장조치를 실시
(2) 도서부에 대해서 공격적인 대응
도서부에에서 공세적인 대응을 위해서 상시감시체제의 정비, 항공우세의 획득, 유지, 해상우세의 획득,
유지,수송능력과 수륙양용기능을 처음부터 급속한 전개.대처기능의 향상, 지휘통제.정보통신체제의 정비를
실시한다.
①상시감시체제의 정비
○제303연안감시대(가칭)의 신편
평소부터의 상시감시에 필요한 체제를 정비시, 부근을 항행.비행하는 함선 및 항공기의 연안감시를 전담
부대를 요나쿠니섬에 신편.배치
.숙박정비 등(2억엔)
○새로운 조기경계(관제) 기의 획득(기종선정중)(재게)
○고고도무인정찰기의 획득(기종선정중)(재게)
②항공우세의 획득.유지
○전투기(F-35A)의 취득(6기:959억엔※)
※1. 국내기업참여의 범위를 확대함으로서 수반하는 초도비율에서, 별도 180억엔을 계상
※2. 다른 관련경비(교육용기재등)에서, 별도 176억엔을 계상
○전투기 성능향상개량(109억엔)
주변국의 항공력의 근대화에 댇응하기 위해서도, 방공 등의 임무에 적합하기 위해서 현재보유전투기의
성능향상개량을 실시
. 전투기(F-15) 근대화개량(8대:101억엔)
. 전투기(F-2) 공대공전투능력향상※ (9식:2억엔)
※ 개체개수의 필요한 개량키트 9식분의 경비를 계상
. 전투기(F-2)JDCS(F) ※탑재개량(2대:7억엔)
※ JDCS(Japan self defense force Digitl Communication System (Fighter)):자위대데이터통신시스템
(전투기 탑재용)
1 각종사태에 대한 실효적인 억지 및 대처
○전투기부대 2개비행대의 배치에 따른 9항공단(가칭)의 신편
남서지역에 대해서 방공태세의 충실위해서 나하기지에 1개비행대(F-15부대)를 이동시켰을때 제83항공대를 폐지후, 제 9항공단(가칭)을 신편
○구난헬리콥터(UH-60J)의 획득(2대:82억엔)
○수송기(C-130H)에 공중급유기능추가(1식:14억엔)
도서부에 대하여 공세에 대응 들을 위해서 충분한 수색구난활동의 범위 및 시간을 확보하기 위해서 구난
헬리콥터(UH-60J)에 대해서 공중급유기능기능의 추가개수에 필요한 개수부품을 획득
○기지방공용지대공유도탄 획득(2식:105억엔)
○11식단거리지대공유도탄 획득(1식:45억엔)
○03식중거리공대공유도탄 획득(1식:192억엔)
○대공전투지휘통제시스템의 획득(28억엔)
도서부에 대한 제공위협에 대처하기 위해서, 대공전투지휘통제시스템을 정비
③해상우세의 획득.유지
○대잠초계기(P-1)의 획득(재게)
○대잠초계기의(P-3C)의 성능향상(재게)
○대잠초계기의(P-3)의 수명연장(재게)
○해상작전헬기(SH-60K)의 획득(재게)
○해상작전헬기(SH-60J)의 획득(재게)
○신형 해상작전헬기의 개발(재게)
○이지스 시스템탑재호위함(DDG)의 건조
(1척 건조및 2척째의 이지스 시스템 등의 조달)(재게)
○호위함의 수명연장(함정수명연장공사 3척 및 부품조달 7척분)
○다양한 임무에 대처능력의 향상과 선체의 컴팩트화를 양립시킨 신형호위함의 건조에 대한 조사연구(재게)
○새로운호위함용 레이더 시스템의 연구(재게)
○함정탑재무인기의 운용요령 등의 보사(재게)
○잠수함의 건조(소류급) (1척) (재게)
○잠수함의 수명연장(수명연장공사 2척 및 부품조달 3척분) (재게)
○해상작전센터의 신설(자위대사령부 등의 신청사) (10억엔)
육상자위대,항공자위대,주일미군,관계부처와 긴밀한 연계시 각종의 사태에 제대로 효과적인 대응태세를
확립하기 위해서, 요코스카 기지에 해상작전센터를 정비(정비 제1번공사할 때, 부지조성을 실시)
④신속한 전개.대처능력의 향상
○틸트로터기의 획득(기종선정중)
수송헬리콥터의(CH-47JA)의 수송능력을 순항속도와 항속거리 등의 관점부터 보완.강화한 틸트로터기를
장비시, 수륙양용작전에 대해서 부대의 전개능력을 강화
○수송헬리콥터(CH-47J)세력유지개량(3대:140억엔)
수송헬리콥터(CH-47J)의 총비행시간을 신형헬기와 동등하게 연장해서 항속거리를 연장
○수륙양용차의 획득(차종선정중)
해상에서부터도서등에 부대를 상륙기키기 위해서, 해상기동성 및 방호선니 월등한 수륙양용차량을 장비
○오오스미급 수송함의 개량(10억엔)
수륙양용전에 관련해서 수송능력강화를 위해서 해상자위대의 오오스미급 수송함을 개량해서 수륙양용차가 통과하는 함미문고의 개방기구를 강화
○수륙양용작전 등에 대한 지휘통제.대규모수송.항공운용능력을 함께 갖춘 다기능 함정의 원래의 모습으로 검토위해서 해외조사(5백만엔)
○수륙양용작전관련부대등의 창설(190억엔)
새로 편성되는 수륙기동단(해병대) 및 작전관련부대의 전개기함에 관련한 용지획득경비를 계상
.틸트로터기의 거점확보
.수륙양용차부대의 거점확보
.수륙기동단(해병대)관련창설 거점확보
[※주일미해병대에 사가공항의 이용에 대해서는, 훈련이동 때문에 사용을 상정하지만, 말할 필요없이
나하에서의 부담경감을 위해서 사가공항의 유효활용에 대해서 미국측과 회의]
○서남경비부대의 배치(34억엔)
도서방위에 대해서 초동대처태세를 정비하기 위해서 경비대 등의 배치에 관련해서 아미미오시마의 용지
획득경비 등을 계상
○육상자위대의 신편제에 대한 준비
육상자위대에 있어서 전국적운용태세강화에 도움이 되도록 통일사령부를 신편성때문에 이것과 연결한
관련산업을 계상
.육상총대사령부(가칭) 청사 등의 정비에 필요한 조사 등(3억엔)
.육상총대의 신편제에 향해서 준비태세의 확립(준비실의 설치)
○미국에서의 통합훈련(돈 블릿츠)(통합막료)
도서부에 대한 공격에 대응에 연계하여 자위대의 통합운용요강 및 미군과 공동대처요령의 향상때문에 미국이 주관하는 실전훈련에 참가
○미국에서의 미해병대와 실전훈련(아이언 피스트)
미국 캘리포니아주 캠프 팬들턴 주변해역에 육상자위대부대를 판견해서, 도서부에서의 작전에 필요한 전술.전투 및 미해병대와의 상호연락요령을 연습
○자위대통합연습(실전연습) (통합막료)
무력공격사태에 당했을때 3자위대의 운용에 대해서 연습.검증시에 자위대 통합운용능력을 유지.향상
○민간선박수송력의 활용을 연계한 PFI 사업(354억엔)      
자위대의 수송능력과 연계해서 대규모수송을 효율적으로인 실시를 위해서 민간자금 등을 활용하여 민간선박(페리 2척)의 장기안정적인 확보및 활용
⑤지휘통제.정보통신체제의 정비
○지휘.통제.통신기능의 정비
. 육상자위대에서의 링크기능도입에 연계해서 조사.연구(0.4억엔)
육.해.공자위대의 리얼타임에 목표정보 등의 공유를 실현하기 위해서 주로 육상자위대지대한유도탄시스템으로의 링크기능도입에 연계하여 조사.연구비를 계상
.미군위탁교육으로 인재육성(0.8억엔)
링크기능을 운용하는 대원육성을 위해서 인재육성을 계상
.야외지휘.통신시스텐일체화(20억엔)
육상자위대의 지휘통제스시템을을 소프웨어화시에 야외통신시스템에 탐재시켜서, 제1선부대에서 전투에 필요한 데이터 공유를 가능하게 할수할수 있게되고, 미일간에서 비밀데이터의 교환을 가능하게 연구를 실시
(3)탄도미사일공격에 대응
탄도미사일 공격에 대응시 우리나라(일본)전체를 다층적이고, 지속적인 방위체제를 강화한다.탄도미사일
공격에 병행해서, 동시병행으로 게릴라.특수부대에 공격에 대응하는 태세를 정비한다.
①탄도미사일 공격에 대응
○이지스 슷템 탑재호위함(DDG)의 건조
(1척과 2척째의 이지스 시스템 등의 조달) (재게)
○이지스 시스템탑재호위함의 성능향상(2척:156억엔)
2012년도에 착수한 아타고급 호위함 2척의 BMD함 개량을 지속적으로 실시
○BMD용 능력향상요격미사일(SM-3BlockIIA)의 미일공동개발(92억엔)
탄도미사일 대응능력을 향상시키기 위해서 이지스 시스템 탐재호위함에 탑재할 BMD용 능력향상형
요격미사일(SM-3BlockIIA)의 미일공동개발을 지속
○PAC-3 미사일의 재보증(100억엔)
교체수명을 해야하는부품(시커부)를 교환하더라도, 미사일 전체의 점검을 실시해서 소요되는 PAC-3
미사일을 확보
○PAC-3부대의 도시안에 배치함있어서 전개기반 등을 확보(30억엔)
과거의 PAC-3부대 전개상황을 근거로, 시내기지에 전개기반의 확보를 지속적으로 실시
②게릴라.특수부대로 공격시에 대처
○BNC병기의 공격에 대한 대처
.NBC탐지차량의 획득(1대:7억엔)
.신형오염감지센서의 획득(8대:5억엔)
핵.생물.화학(NBC)공격에 대해서 대량의 인원과 장비품의 오염등에 신속하게 대처해서 피해의 확산과
2차 피해 등을 최소화하기 위해서 각종 오염탐지능력을 강화
.화학제감지기(개)의 획득(76식:3억엔)
○개인용장비의 획득
.89식 소총의 획득(4,217정:11억엔)
.대인저격총의 획득(19정:0.2억엔)
.근거리조준용암시장비의 획득(19개:0.7억엔)
.방탄복의 획득(200세트:2억엔)
○새로운 다목적 헬리콥터의 공동개발(10억엔)
.현재장비(UH-1J)의 후속으로서 각종사태에 대해서 공중기동,대규모화재에 대해서 인명구조 등에
사용되는 새로운다목적 헬리콥터를 개발
.효율적인 개발을 준비하는 관점부터 국내기업과 해외기업이 공동으로 민간기의 개발을 병행해서 실시
(4)우주공간에서의 대응
각종인공위성을 활용한 정보수집능력과 지휘통제.정보통신능력을 강화하고, 우주공간의 안정적인 이용을
확보하기위해서 취조를 실시
우주관련경비:420억엔※
※탄도미사일방위관련경비의 우주관련부분
우주관련대책의 추진
○우주를 이용해서 C4ISR※기능을 강화하기 위해서 조사.연구등(52억엔)
.X밴드 통신위선(슈퍼버드C 2호)의 후속기 획득을 위해서 준비지급용역(2억엔)
.위성통신시스템의 통신방해대책에 관한 연구(0.3억엔)
.우주감시시스템의 능력구체화에 관한 조사연구(1억엔)
※C4ISR:Command(지휘).Control(통제).Communication(통신).Computer(퍼스컴)
Intelligence(정보).Suveillance(감시).Reconnaissance(정찰)
○위성통신의 이용(219억엔)
○X밴드 총신위성(슈퍼버드 B 2호기, D호기)후속기의 발사보험의 비용(67억엔)
○상용화상위성의 이용(81억엔)
○기상위성정보의 이용(0.1억엔)
○미공군우주업무과정에로의 파견(9백만엔)
JAXA와의 협력추진
정부전체의 우주개발이용을 기술적으로 지원하는 중핵적인 실시기관에 있어서 독립행정법인
우주항공개발기구(JAXA)와 협력하여 효율적인 우주개발이용을 추진
○우주공간에 2파장적외선센서의 실증연구(48억엔)
중적외선 및 우너적외선의 2가지 영역의 파장을 용해서 탐지.시별성능이 향상되서 방위선의 2파장
적외선센서를 문부과학성.JAXA계획붕 선진광학위성에 공동으로 이용해서 우주공간에서 실증연구를
실시
○ALOS-2의 화상이용(4억엔)
JAXA 지상관측기술위성 2호[다이치 2호] (ALOS-2)의 화상을 이용
※탄도미사일방위관련경비(우주관련부분)(2,653억엔)
[디펜스투데이]
Tag
#디펜스투데이
#밀리터리
#국방
#군사
#이슈분석
#현대병기
#획득무기
#무기백과
#디펜스TV
저작권자 © 디펜스투데이 무단전재 및 재배포 금지
이승준 기자
다른기사 보기","{""무인체계"": [""Reconnaissance"", ""무인항공기""], ""우주/위성"": [""ISS"", ""SSA"", ""위성통신""], ""AI/컴퓨팅"": [""AI"", ""LAN""], ""센서/통신"": [""지휘통제"", ""적외선"", ""C4I"", ""UV"", ""ISR""], ""무기/방어체계"": [""DE""], ""재료/제조"": [""TEM""], ""항공기"": [""F-35"", ""공중급유기"", ""전투기"", ""틸트로터기"", ""C-130"", ""F-15""], ""항공기/차량"": [""UH-60""], ""함정/항공기"": [""DDG"", ""공중급유기"", ""P-3"", ""대잠초계기""], ""무기/방어"": [""BMD"", ""대잠전""], ""미사일/방공"": [""SM-3""], ""항공기/전투기"": [""E-7"", ""fighter""]}",True,"'대잠초계기(P-1)', '대잠초계기(P-3C) 성능향상', '대잠초계기(P-3C) 수명연장', '해상작전헬기(SH-60K)', '해상작전헬기(SH-60J) 수명연장', '새로운 해상작전헬기 개발', '새로운 조기경계(관제)기 획득'",2020-04,high,"해당 기사는 일본 자위대의 2015년 예산으로 획득한 주요 전력들을 다루고 있으며, 이들 장비들의 상용화/전력화 시점이 명시되어 있음."
"중형전술트럭 기아자동차와 계약체결",2020-04,http://www.defensetoday.kr/news/articleView.html?idxno=789,"기아자동차의 중형전술트럭 컨셉 (사진:디펜스 투데이)
강력한 화력과 신속한 기동력이 중요시되고 있는 21세기의 전장에서 기동차량이 없이는 전쟁을 수행할 수 없다.
더불어 4차 산업혁명과 저출산으로 인해 육군은 지속적으로 병력을 감축하고 있으며, 인명을 중시하는 현대전의 추세를 반영하여 기존 도보 위주의 보병을 기동화하는 방안을 진행중이다.
따라서 군 당국은 노후화된 표준차량을 대체하고 전투원을 신속, 안전하게 전장으로 이동시킬 전술차량을 개발·도입할 계획이 있지만, 당국은 물론 군사 전문가들 사이에서도 기동차량은 전차나 미사일·함정·전투기 등에 비해 관심이 없었던 것이 현실이다.
매우 다행히도 군 당국은 2017년 소형전술차량을 전력화하여 군 표준차량 세대교체의 기반을 마련하였고, 곧 1만여대의 군용트럭을 대체하기 위한 중형표준차량 사업에 착수하여 2020년 3월 31일 육군과 기아가 계약을 체결 했다.
표준차량의 특징
표준차량은 상용차량과 대비하여 쓰는 개념으로 군용차량 중 상용차량을 군에서 사용하는 것이 아닌 오로지 ‘군용’ 목적으로만 만들어진 표준화된 규격의 차량을 말한다.
따라서 군 전용의 표준 사양으로 만들어진, 궤도차량이 아닌 자동차만을 표준차량이라 하며 야전에서 운용할 목적으로 만드는 차량이므로 군 작전 요구 성능(ROC)을 충족해야 한다.
상용차량과 대비되는 표준차량의 가장 중요한 조건은 ‘야지 기동성’으로, ¼톤/1¼톤/2½톤/5톤/15톤급 등의 체급별 분류는 포장도로 적재량이 아닌 ‘야지’ 적재량이 기준이며, 이 야지 적재량은 전진·후진으로 종경사 60%(약 31˚)를 등판할 수 있는 적재 중량을 뜻한다.
표준차량은 기본적으로 상용차량(0.8mm 이하)보다 두꺼운 철판(1.4mm 이상)을 사용한 견고한 프레임 바디 설계에 종경사 60%(약 31˚)의 전/후진 등판능력과 일정 깊이의 도섭 능력(약 1m)을 갖추어야 한다.
이를 위하여 전륜(全輪)구동 방식, 도섭 라인에 걸친 부분(차축, 엔진, 변속기 등)과 전장품의 방수 설계, 상용차량보다 높은 최저지상고(약 300mm)와 큰 접근각/이탈각이 필수적이다.
또한 험로 탈출에 용이하도록 후차축에 차동제한장치나 차동잠금장치를 적용해야 하며, 현 시점에 생산되는 차량은 전자제어식 엔진 및 자동변속기를 사용하므로 차량 전장품에 반드시 EMI 차단 설계를 적용해야 한다.
그리고 혹한/혹서기(-32℃~43℃)에도 엔진의 일발 시동이 가능해야 하고, 등화관제용 등화류를 반드시 장착해야 하며 트레일러 등 피견인차량을 야지에서도 견인할 수 있어야 한다.
아울러 수명 주기가 상용차량에 비해 길게 설정되고 유사시를 대비해야 하는 군 운용 특성상 정비를 처음 배우는 장병도 정비가 가능하도록 구조를 간단하게 하고 다른 표준차량과 주요 부품이 호환되도록 설계하여 후속 군수지원에 문제가 없어야 한다.
2019년부터 중형표준차량 사업이 착수 예산 승인을 시작으로 2020년 3월말 부터 본격 착수에 이르게 되었다.
기아자동차의 중형전술트럭 컨셉 (사진: 디펜스 투데이)
중형전술차량 사업
우리 군의 차기 중형전술차량 사업은 2006년 3월 육군본부의 긴급 소요제기로 시작되어 서울 국제항공우주방위산업전(ADEX)와 대한민국 방위산업전(DX Korea) 등 방위산업 전시회에 수 차례 시제차를 선보였으나 타당성 검토 등의 문제로 그동안 선행 연구와 사업 지연을 반복하고 있었다.
초기에 육군 당국은 방탄 차체를 적용한 전술차량과 차기 2½톤/5톤급 표준차량의 연구를 별도로 진행하다가 예산 및 부품 호환 등의 문제를 들어 지난 2015년 8월 양자를 통합 개발하기로 결정하고 한국국방연구원(KIDA) 소요분석, 국방부 소요검증과 선행 연구 등 절차를 거쳤으나 연구개발 예산이 반영되지 않아 사업이 무산될 위기에 처해 있었다.
그러다가 최근 육군이 도보부대를 기동화하는 것을 목표로 백두산 호랑이 4.0 사업을 추진하면서 중형표준차량 사업 역시 급물살을 타게 되었고, 군 당국은 2019년도 국방 예산에 14억 6천만원의 개발 착수비를 증액 편성하여 본격 연구개발에 착수하기로 결정하였다.
중형표준차량 연구개발 사업은 차기 2½톤/5톤급 표준차량과 5톤급 방탄 표준차량의 기본 플랫폼을 개발하는 데 중점을 둘 예정이다.
현재 우리 군이 운용중인 2½톤/5톤급 표준차량은 성능 개량형조차 1950년대까지 거슬러 올라가는 설계에 약간의 개량 사양만을 추가한 정도이며, 차기 표준차량 사업이 표류하는 동안 선진국의 군용차량 발전 속도를 따라가지 못하여 격차가 크게 벌어졌다.
단적인 예로 우리 군과 유사한 보닛형 플랫폼의 차량을 운용하던 미군은 1996년부터 상용 트럭과 유사한 캡오버형 플랫폼의 FMTV(Family of Medium Tactical Vehicles) 시리즈를 전력화하여 현대 전장 요구 사항에 부응함과 동시에 차량 운용에 효율성을 기하였다.
뿐만 아니라 현재 운용중인 표준차량의 30%가 노후화되어 조속한 교체가 요구되고 있고, 육군의 계획대로 도보부대를 차량화하려면 기존 차량의 대체 수요 대비 더 많은 대수의 표준차량이 필요하다.
이에 육군 당국은 약 177억원의 예산을 투입하여 표준 플랫폼을 개발하고 2024년부터 약 1조 7천억원을 투입, 1만 1천여대의 중형 표준차량을 일선 부대에 배치할 계획이다.
차기 중형표준차량 개발의 요점은 야지 기동성과 안전성, 운용 편의성, 계열화를 들 수 있다. 야지 기동성 측면에서는 상용차량에서 검증된 엔진 및 파워트레인 성능과 CTIS, DL 등 현대 상용차량 기술을 적용한 사양을 이용하여 현용 표준차량에 비해 향상된 성능을 보일 것으로 확신하며, ABS 적용 풀 에어 브레이크와 전술 타이어, 적재함 좌석 안전벨트 등은 탑승 병력의 안전을 보장하게 될 것이다.
또한 캡오버형 플랫폼과 상용차량 기반의 운전 계기, 에어컨, 상당수의 상용차량과 호환되는 부품 등은 전근대적인 설계의 기존 표준차량에 비하여 개선된 운용 편의성을 제공할 요소로 꼽히며, 기본 플랫폼을 바탕으로 한 모듈화 설계로 다양한 계열차량을 만들 수 있게 될 것이다.
차기 중형전술차량 사업은 기존에 표준차량을 제작한 기아자동차가 사업 참여를 했다.
이제까지 기아자동차는 250~300마력 G엔진을 적용한 차기 2½톤/5톤급 표준차량과 420마력 H엔진을 적용한 5톤급 방탄 전술차량의 시제차를 공개해왔다.
그러나 상용차량 기술은 하루가 멀다 하고 발달하고 있으며, 기아자동차의 모기업인 현대자동차는 2019년 8월 신형 준대형트럭인 파비스(PAVISE)를 발표하고 시판에 들어갔다.
파비스는 325마력 G엔진을 적용한 5.5~13.3톤급 트럭으로, 형태를 보면 차기 중형표준차량의 기본 차대로 유력한 모델이 된다.
선진 상용차량 기술 적용이 용이하여 개발 기간 단축과 비용 절감에 유리함은 물론 부품의 상당부분을 상용 모델과 공유하게 되어 유사시 부품 수급에도 큰 이점이 있을 것이다.
군용차량 전용 연구소와 생산라인을 수십년간 운영해온 점은 군용차량 업체로서 기아자동차의 강점이다.
계열차량에 따라 시험평가 및 규격화를 별도로 거쳐야 하는 등의 문제가 있으므로 모든 계열차량을 기본 차량과 동시에 전력화하는 일은 어렵겠지만, 최대한 많은 종류의 계열차량을 기본 차량과 동시에 개발하여 전력화하는 것이 구형 차량 병행생산으로 인한 군수지원간 비효율을 줄이는 길일 것이다.
결어
우리 군이 현재 추진중인 백두산 호랑이 4.0 사업 등에 따른 전술차량 수요가 급증할 것으로 예상되며  전근대적이고 노후화한 기존 표준차량의 대체는 매우 시급한 사안이 되었다.
과거에도 우리는 군 표준차량을 자체 개발 및 생산하여 왔고, 최근에 전력화중인 소형전술차량은 현대 상용차량 기술을 적용하여 군용차량의 일대 변혁을 시도하였다.
앞으로 추진할 중형표준차량 사업 역시 선진 상용차량 기술을 접목하여 개발될 것이며, 세계적 자동차 강국으로 꼽히는 대한민국에게 군 기동차량은 자동차 기술의 결정체로 만들어야 할 것이다.
[디펜스투데이]
Tag
#디펜스투데이
#밀리터리
#국방
#군사
#이슈분석
#현대병기
#획득무기
#무기백과
#디펜스TV
저작권자 © 디펜스투데이 무단전재 및 재배포 금지
이치헌 기자
다른기사 보기","{""센서/통신"": [""EMI""], ""무기/방어체계"": [""DE""], ""재료/제조"": [""ICL"", ""AM""], ""항공기"": [""전투기""]}",True,"['센서/통신', '무기/방어체계', '재료/제조', '항공기']",2020-03,high,"이 뉴스는 기아자동차와 군이 중형전술트럭 개발 및 계약 체결에 대해 다루고 있습니다. 이는 군사 기술의 상용화 및 전력화에 관한 내용으로, 기술명과 상용화 시점이 모두 명시되어 있습니다."
"GA-ASI, 美 캘리포니아서 NASA 시연 스카이가디언 UAV 비행 실시",2020-04,http://www.defensetoday.kr/news/articleView.html?idxno=761,"제너럴 아토믹스 에어로노티컬 시스템스(General Atomics Aeronautical Systems, Inc., 이하 GA-ASI)는 지난 3일 미항공우주국(NASA)와의 공동 비행 시연의 일환으로 원격조종항공기(Remotely Piloted Aircraft, RPA)인 스카이가디언(SkyGuardian)의 비행을 미국 남부 캘리포니아 상공에서 진행했다.
GA-ASI는 다양한 유형의 무인항공기시스템(UAS)과 각각의 비행 환경에 초점을 맞춘 다수의 비행 시연을 포함하는 NASA의 시스템 통합 및 운영화(SIO) 프로그램에 참여하도록 선택된 바 있다. GA-ASI와 NASA는 2014년부터 美국립공역시스템(NAS)에서 대형 무인항공기 비행의 안전성을 입증하기 위해 협력해왔다.
GA-ASI 스카이가디언 NASA 시연 (사진: GA-ASI)
GA-ASI는 스카이가디언의 탑재 센서를 활용해 다양한 상용 및 공공 서비스를 위한 방안을 시연했다. 이번 시연에는 수백 마일의 철도 및 송전선, 통신 및 운하 인프라, 농업 모니터링 및 위상 조사를 비롯해 산불 및 홍수 모니터링 등이 포함됐다.
린덴 블루(Linden Blue) GA-ASI CEO는 ""NASA와의 협력은 감독기관에 공공 및 상업적 이득을 위한 임무 수행에 있어 무인항공기의 안전과 효용에 대한 새로운 가능성을 제시한다""면서 ""GA-ASI의 항공기는 산불 진압 등 위기 관리에 있어 이미 핵심적인 역할을 해왔다. 무인항공기에 탑재된 센서는 짙은 연기를 뚫고 가시성을 확보할 수 있어 지상 인력들이 효율적으로 자원을 배치할 수 있도록 방화선의 위치를 제공할 수 있다. NASA의 SIO 시연은 무인항공기가 이외 추가적인 민간 및 상용 임무에 어떻게 사용될 수 있는지 보여줬다”고 말했다.
GA-ASI 스카이가디언 NASA 시연 (사진: GA-ASI)
캘리포니아주 팜데일 인근 GA-ASI의 그레이 부트 비행운영시설에서 이륙한 스카이가디언은 남부 캘리포니아의 국립공역을 비행해 애리조나주 유마로 향했다. 그레이 부트에서 스카이가디언을 원격 조정한 조종사는 GA-ASI가 개발한 탐지 및 회피 시스템(DAAS)을 활용해 스카이가디언 인근 항공 교통에 대한 상황 인식을 확보했다. DAAS에는 민간 상공을 비행하는 유인 항공기에 사용되는 항공 관제 충돌 경고 회피 시스템(TCAS II)이 포함돼 있다. 또한 듀리가드(Due Regard) 공대공 레이더를 통해 활성 트랜스폰더가 없을 수도 있는 인근 항공기의 탐지 및 추적 능력을 제공한다. 원격 조종사는 DAAS를 이용해 상공의 교통 정보를 확인하고 마치 직접 비행하는 것처럼 항공기를 조종할 수 있다.
마우리시오 리바스(Mauricio Rivas) NASA 암스트롱 비행연구센터 무인항공기시스템 및 국립공역시스템 통합 프로젝트 매니저는 “이번 성공적인 비행 시연은 영공에서 일상적인 무인항공기시스템 운영을 앞당기려는 NASA의 목표에 한 걸음 더 다가서게 만들었다”며 “NASA는 GA-ASI 및 여러 SIO 파트너사와 협력해 보다 빠르게 상용 무인항공기시스템 인증을 획득할 수 있도록 노력할 것”이라고 말했다.
허니웰 (DAAS용 TCAS II 제공), 콜린스 에어로스페이스 (지휘통제 데이터링크 시스템의 일부인 CNPC 데이터링크 라디오 제공) 등이 이번 시연의 GA-ASI 기술 파트너로 참여했다.
Tag
#GA-ASI
#제네럴아토믹스
#스카이가디언
#NASA
저작권자 © 디펜스투데이 무단전재 및 재배포 금지
이승준 기자
다른기사 보기","{""무인체계"": [""UAV"", ""UAS"", ""Remotely Piloted Aircraft"", ""원격조종항공기"", ""무인항공기"", ""RPA""], ""AI/컴퓨팅"": [""AI"", ""AR""], ""센서/통신"": [""지휘통제"", ""IR""], ""무기/방어체계"": [""DE""], ""재료/제조"": [""TEM""], ""기타/기술"": [""EMS""], ""프로젝트/시스템"": [""IVAS""], ""해양/기상"": [""TC""], ""항공기/전투기"": [""aircraft""]}",True,"무인항공기시스템(UAS), 스카이가디언(SkyGuardian)",,relevant,"이 기사는 GA-ASI사의 스카이가디언 무인항공기 시스템이 NASA와의 협력 하에 공중 시연을 실시했다는 내용입니다. 무인항공기 기술의 상용화 및 활용 방안에 대해 다루고 있으나, 구체적인 배치 시점은 언급되어 있지 않습니다."
"K 시리즈 총기들",2020-04,http://www.defensetoday.kr/news/articleView.html?idxno=719,"S&T 모티브에서 만든 K시리즈 총기들
K-15 차기 경기관총 (사진: 디펜스 투데이)
글로벌 소구경 화기 제조업체 S&T 모티브
글로벌 소구경 화기 제조업체 S&T모티브는 1973년 국방부 ‘조병창(造兵廠)’으로 출발해 2006년 S&T그룹으로 편입됐다. 대한민국 자주국방의 효시(嚆矢)로서 국산 소총을 개발하며 완전 국산화된 방산물자로 만들어왔다.
과거, 월남전을 계기로 우리 군(軍)에 보급된 미국의 M16, M16A1 등 소총들은 우리 체형과 맞지 않아 사격에 어려움이 있었다.
K시리즈는 우리 체형에 맞고 성능도 더 뛰어난 우리만의 화기들을 개발하자는 취지에서 만들어졌다. 이후 S&T모티브는 지금까지 K1A 기관단총부터 K-15 경기관총까지 개발 및 생산을 진행하고 있다.
육군의 ‘워리어 플랫폼’사업에서는 기존의 K1A 기관단총에 각종 특수장비를 장착하여 사격 명중률등 개인 전투력 발휘를 증가시키는데 주안점을 두고 있다.
이에 따라 S&T모티브는 특수장비 장착을 위해 기존 총열덮개를 피카티니 레일 일체형 총열덮개로 변경하고, K2C1 소총에서 채택됐던 전방 손잡이와 조절식 개머리를 적용했다.
개머리 변경을 위해 붙는 컨버터도 함께 장착했다. S&T모티브 관계자는 “전방손잡이 부착을 통한 이동 성 및 전투력을 증가시키고, 조절식 개머리를 통한 견착 편의성을 확보해 사격충격을 흡수함에 따라 명중률을 높일 수 있다”고 밝혔다.
2018년 DX코리아 전시회에서는 ‘워리어 플랫폼’ 사업을 통해 새롭게 개선된 K1A 워리어 플랫폼 버전을 전시했다.
  신형 K2C1 소총
신형 5.56mm K2C1 소총은 K2를 개선한 화기다. 기존 K2 소총의 개머리 뭉치와 총열덮개 부분을 개량한 것이 특징이다.
개머리 부분을 접철 및 5단계 조절식으로 개선해 펼쳤을 때 전장이 1,014mm로 기존 K2 소총 대비 34mm를 늘일 수 있게 만들었다.
K2 소총 생산을 시작한지 30년이 흐르는 동안 신세대 병사들의 키가 커졌다는 점을 반영해 개량형에는 병사의 신장에 따라 개머리 길이를 늘이거나 줄일 수 있는 신축형 개머리 뭉치를 부착했다. K2C1 소총의 규격과 내부구조는 기존 소총과 동일하다.
  KSPW 코너건
S&T모티브는 정보통신기술의 발달에 맞춰 독자개발한 KSPW(Korea Special Purpose Weapon, 이하 KSPW)도 개발했다.
KSPW는 기존의 총기 개념에서 탈피해 전방에 장착된 카메라와 K5 권총을 이용, 총구를 꺾어서 벽이나 참호에 숨어 적을 공격할 수 있다.
사수는 총몸에 장착된 모니터를 통해 카메라에서 촬영되는 영상을 볼 수 있으며, 이는 통신망으로 전송돼 원거리에서 작전지휘를 할 수 있다.
KSPW는 총구를 좌우로 최대 60도까지 꺾어서 전기식 스위치를 통해 사격을 할 수 있고, 총기전방에는 플래쉬를 장착해 야간에도 사격이 가능하다.
  비살상용 권총
특히 적정 물리력을 갖춘 비살상용 권총의 개발되고 있다. 국내 최초로 개발되는 리볼버 타입의 권총으로써 현재 경찰에서 사용하고 있는 권총을 대신해 살상력을 낮추며 상대를 제압할 수 있다.
비살상용 권총은 스마트기술의 총집합체다. 총기 블랙박스라 불리는 스마트 모듈을 통해 발사된 시점의 위치, 사격정보가 모두 저장돼 확인 가능하다. 공포탄, 비살상탄, 9mm 실탄 등 세 종류의 탄을 사용자가 상황에 맞게 선택해 쓸 수 있으며, 비살상탄으로는 총기 사용의 위험도 최소화시켰다.
대한민국 성인 표준 손크기에 맞도록 손잡이를 설계한 한국형 권총으로 재빠른 조준과 사격이 가능하도록 했다.
비살상용 권총은 민군협력사업으로 민군센터에서 지원해 2016년부터 S&T모티브, 경찰청, 풍산, 베라시스 등과 한양대학교가 함께 개발을 진행하고 있으며, 2020년 개발 완료를 목표로 하고 있다.
  한국형 12.7mm 대물 저격총
한국형 12.7mm 대물 저격용 소총은 더욱 파괴력 있는 장거리 저격을 위해 개발되고 있다.
대물 저격용 소총은 장거리 저격뿐만 아니라 원거리에서 적진지 파괴, 전차 및 장갑차의 핵심부품을 공격한다.
12.7mm 대구경탄을 이용해 최대 사거리 1,800m까지 철갑을 뚫고 피해를 입힐 수 있다.
원거리 교전을 위해 23배율 이상의 조준경을 채택할 예정이며, 총구에 반동을 줄이기 위한 제퇴기 도입과 총열 냉각이 빠른 헤비배럴(heavy barrel)도 적용했다.
또한 길이 조절, 접철이 가능한 개머리 뭉치로 사용자의 견착성과 휴대성을 도모했다.
이와 함께 군의 요구에 따라 플라스틱 신소재를 대량 도입해 강도는 유지하면서도 무게는 줄여 나갈 계획이다.
  7.62mm K12 기관총
7.62mm K12 기관총은 한국형 기동헬기 ‘수리온’ 장착용으로 개발됐다.
 K12 기관총은 총열교환이 신속하게 이뤄진다.
200발 사격 후 교체되며 기본적으로 예비 총열을 보유해야 한다. 또한 분당 발사속도는 750∼850발이며, 10초 이내 총열 교체가 가능하다.
‘수리온’ 헬기 양쪽에 장착하는데 무엇보다 육지 혼용이 가능해 보병용으로도 전환 가능한 것이 큰 장점이다.
전차나 장갑차 등 탑재용과 보병용이 같이 개발되고 있어 보병 전투력 증강의 시너지 효과도 기대된다.
이와 함께 특수부대의 저격수가 아닌 일반 보병 전투력 향상을 위한 반자동 저격용 소총도 있다.
  7.62mm 반자동 저격용 소총
기존 K-14 저격용 소총의 볼트액션방식(한발 사격 후 재장전방식)을 자동장전방식으로 개량하여 일발 장전사격 후 별도 장전을 하지 않아도 될 수 있도록 만들었다.
7.62mm 반자동 저격용 소총은 반동을 억제하는 방식의 소염기를 채택하고 K2C1의 조절식 개머리에 완충 스프링을 넣어서 사수에게 가해지는 충격량을 줄인 것이 특징이다.
  해외수출용  K-2C 
S&T모티브가 K2 소총을 기반으로 독자 개발한 K2C(Carbine)는 해외시장에서 반응이 좋다.
K2C는 K2를 카빈 형태, 즉 짧은 소총으로 개량하며 성능을 더욱 업그레이드했다.
K2C는 K2가 가진 작동상의 장점과 K1A가 가진 높은 휴대성을 동시에 구현했다.
현대 돌격소총에 요구되는 확장성과 사용자 적응성까지 모두 만족, 근거리에서 강한 화력을 필요로 하는 특수부대에서 주로 사용되고 있다.
도트사이트나 전방손잡이 등 다양한 부수기재를 자유자재로 탈부착할 수 있는 피카티니 레일도 장착돼있어 다양한 기능을 발휘할 수 있다.
[디펜스투데이]
Tag
#S&T모티브
#K-15차기경기관총
#K-3기관총
#K-2C
#K-127.62mm기관총
#K-14저격소총
#디펜스투데이
저작권자 © 디펜스투데이 무단전재 및 재배포 금지
이승준 기자
다른기사 보기","{""AI/컴퓨팅"": [""정보통신기술"", ""AR""], ""항공기/차량"": [""M1""], ""지상장비"": [""K2""]}",True,"['K1A 기관단총', 'K-15 경기관총', 'K2C1 소총', 'KSPW (Korea Special Purpose Weapon)', '비살상용 권총']","['2018', None]",high,이 기사는 한국 국방 분야의 새로운 무기 시스템인 K 시리즈 총기들을 상세히 다루고 있습니다. 구체적인 기술 명칭과 상용화 시기(2018년)가 언급되어 있어 관련성과 정보의 질이 높습니다.
"차기 ¼톤 표준차량의 조건",2020-03,http://www.defensetoday.kr/news/articleView.html?idxno=634,"차기 ¼톤 표준차량이 개발되어야 하는 방향
차기 ¼톤 표준차량, 이렇게 개발되어야 한다
2017년부터 전력화하는 소형 전술차(LTV)가 K131의 후속 차량으로 알려져 있는데, 소형 전술차는 엄연히 새로운 차급으로 기존의 표준차량과는 구별되며 굳이 대입하자면 1¼톤급(K311(A1))에 가깝다.
야전 지휘차량과 무장 탑재차량은 소형 전술차를 쓰고 지휘관 이동용 및 부대 행정용 차량은 상용차량을 쓴다 하지만, 전술했듯이 군에서는 지휘관용이나 행정용 차량이라 해도 전장에서 직접 운용해야 하는 만큼 상용차량이 전면적인 대안이 되기는 어렵다.
차기 ¼톤 표준차량은 현대 전장에서 운용하게 될 차량인 만큼 기존 표준차량의 성능에 현대 전장에서 요구되는 성능을 더하여 개발되어야 할 것이며 지금부터 이에 대해 논의해 보기로 한다.
기아자동차에서 전시한 모하비 컨셉 (사진: 디펜스 투데이)
  기존 표준차량의 작전 요구 성능(ROC)
표준차량은 야전에서 운용하는 차량인 만큼 내구성과 야지 기동성이 매우 중요하므로 기본적으로 상용차량(0.8mm 이하)보다 두꺼운 철판(1.4mm 이상)을 사용한 프레임 바디 설계에 종경사 60%(31˚) 이상의 전/후진 등판능력과 일정 깊이의 도섭 능력(K131 기준 510mm)을 갖추어야 하며, 이를 위해 전륜(全輪)구동 방식, 도섭 라인에 걸친 부분(차축, 엔진, 변속기 등)과 전장품의 방수 설계, 상용차량보다 높은 최저지상고(K131 기준 220mm 이상)와 큰 접근각/이탈각(각각 약 40˚/30˚~40˚)이 필수적이다.
또한 험로 탈출에 용이하도록 후차축에 차동제한장치나 차동 잠금장치를 적용해야 하며, 현대에 생산되는 차량은 전자제어식 엔진 및 자동변속기를 사용하므로 차량 전장품에 반드시 전자전 방호가 가능한 EMI 차단 설계를 적용해야 한다. 혹한/혹서기(-32℃~43℃)에도 엔진 시동이 가능해야 하고, 등화관제용 등화류를 반드시 장착해야 한다.
그리고 트레일러 등 피견인차량을 야지에서도 견인할 수 있어야 하며, 수명 주기가 상용차량에 비해 길게 설정되고 유사시를 대비해야 하는 군 운용 특성상 정비를 처음 배우는 병사도 정비가 가능하도록 구조를 간단하게 하고 다른 표준차량과 주요 부품이 호환되도록 설계하여 후속 군수지원에 문제가 없어야 한다.
  현대 전장 환경에 요구되는 성능
기 운용중인 표준차량은 내구성 및 야지 기동성은 뛰어나지만 현대전에 적합하지 않은 오래된 설계이므로 차기 ¼톤 표준차량은 현대 전장에서 요구되는 성능 및 사양을 적용할 필요가 있다.
일단 전장에서 주로 운용할 군 전술차량이므로 각종 전자장비와 편의장치는 최소화하는 것이 바람직하나, 자동변속기, 냉난방장치, 내비게이션, 후방 카메라는 반드시 적용하여 탑승 인원의 전투 피로도 증가로 인한 불필요한 전투력 손실을 예방할 수 있어야 한다.
특히 에어컨은 혹서기 전투 피로도 감소에도 유용하지만 양압을 형성하여 화생방 상황시 외부로부터의 작용제 침투를 어느 정도 막아주는 역할을 하므로 반드시 적용되어야 하며, 탑승자의 안전과 험지 기동성 향상을 위한 사양으로 타이어 공기압 자동조절장치(CTIS)와 ABS 브레이크 역시 적용해야 한다.
더불어 행정 업무용이 주된 용도라 하더라도 지휘관이 탑승하고 실제 전장을 누벼야 하므로 무전기와 화생방 경보기를 기본 탑재할 수 있어야 하고, 첨단화되는 지휘통제 시스템에 대응하기 위하여 차내에서 노트북 등을 사용할 수 있도록 AC 220V용 인버터도 적용해야 할 것이다.
  기아자동차의 ¼톤 표준차량 컨셉카
우리 군 표준차량을 개발, 생산하는 기아자동차는 ADEX 방산전시에 기 개발된 소형 전술차와 함께 ¼톤 표준차량 컨셉카를 공개하였다.
이 차량은 상용 SUV인 모하비의 프레임을 기반으로 제작되었고 아직까지는 구상 단계인 차종이라 모하비의 바디를 거의 그대로 쓴 외형이지만 차후 군 당국에는 ROC를 반영한 설계를 적용하여 제안될 예정이다.
  군 ROC에 상용차 플랫폼이 적절하게 조합이 필요 
국방부는 2005년부터 표준차량을 상용차량으로 대체 보급하는 정책을 시행해왔으며 2020년까지 현 표준차량의 60%를 상용차량으로 대체한다는 정책을 시행중이다.
하지만 전시 및 북한 지역에서의 기동까지 고려해야 하는 군 작전차량의 특성상 무분별한 상용차량 도입은 분명 문제가 있으며, 이는 항상 유사시 상황을 대비해야 하는 군 당국부터 비용 절감만을 고려한 안이한 인식을 가지고 있다는 의문을 지울 수 없게 한다.
물론 군이 국민의 세금으로 운영되는 조직인 만큼 비용을 절감하는 일도 중요하겠지만 군 ROC를 적극 반영한 기동성, 신뢰성이 높은 전술차량을 도입하는 것은 세금을 아끼면 안되는 사업이라 할 수 있으며, 그것이 지휘관 이동용 중심의 행정용 차량이라 할 지라도 실제 전투 현장을 누비는 전술차량이라면 엄연히 상용차량과 구별되어야 한다.
아울러 현대의 자동차 기술은 상용차량을 중심으로 발달하고 있으며 처음부터 군 전용 사양으로만 개발하게 되면 비용이 많이 소요됨은 물론 시장성 역시 한정되므로, 상용차 기술 플랫폼을 바탕으로 군용 사양을 적용하는 ‘상용 군용화’ 방식으로 개발되어야 최신 기술 적용과 함께 개발, 획득 및 운용유지비용 절감은 물론 수출 등 판로 확대에도 용이할 것이다.
ADEX에 공개된 컨셉카 단계에서 군 ROC를 적극 반영한, 세금이 아깝지 않은 결과물이 나오기를 기대해본다.
기아자동차에서 전시한 모하비 컨셉 (사진: 디펜스 투데이)
[디펜스투데이]
  Tag
#차기 ¼톤 표준차량
#기아자동차
#표준차량의 작전 요구 성능
#디펜스투데이
저작권자 © 디펜스투데이 무단전재 및 재배포 금지
이치헌 기자
다른기사 보기","{""센서/통신"": [""지휘통제"", ""UV"", ""EMI"", ""전자전""], ""무기/방어체계"": [""DE""]}",True,차기 ¼톤 표준차량,,relevant,이 기사는 차기 ¼톤 표준차량의 개발 방향과 요구 사양을 다루고 있어 관련성이 있습니다. 하지만 실제 상용화 시점은 언급되지 않았습니다.
"미군의 오산전투",2020-03,http://www.defensetoday.kr/news/articleView.html?idxno=637,"오산 죽미령에서 첫 참전한 미군의 패배
한강 방어선의 붕괴와 오산 전투
한편 동부전선에서는 이정일 대령의 제8 보병사단 “오뚜기 부대”가 김창덕 소장의 북한군 제5 보병사단이 감행한 맹공에도 불구하고 질서정연하게 퇴각하여 30일, 제6 보병사단의 엄호 속에 충주 방면으로 철수했다.
이로써 한국군은 개전 초기 중동부 전선에서는 나름대로 성과를 거뒀지만 서부전선에서 승세를 타고 있던 제105 전차여단의 T-34/85들은 진격을 멈추지 않았다.
서울을 장악한 북한군 제1 군단은 28일 야간부터 곧바로 한강 도하준비에 착수했다.
제1 보병사단이 군단 예비로 돌려진 상태에서 리영호 소장의 제3 보병사단은 용산에서, 리권무 소장의 제4 보병사단은 폭파된 한강 인도교 인근에 집결했고 방호산 소장의 제6 보병사단은 수색에서 적절한 도하지점을 물색했다.
문제는 당시 북한군이 보유한 도하장비의 부족으로 제 시간에 도하 작전을 감행하기가 어려웠다는 점!
그러나 한강 철교가 일부 구간만 파손되어 수리만 하면 언제든지 이용이 가능했다는 점이었다.
이에 따라 북한군 제1 군단은 3일 간에 걸쳐 전차의 하중을 견딜 수 있는 강도를 지닌 목재들을 준비해 은밀하게 한강 철교를 수리하기 시작했다.
마침내 7월 1일 새벽 4시, 한강 철교가 복구되자 제105 전차여단의 T-34/85 1개 중대(4대로 편성)가 신속하게 교량을 통과했다.
선봉 1개 중대가 무사히 교량을 통과했음을 확인한 제105 전차여단은 곧바로 화차에 T-34/85 1개 대대분(13대)과 엄호할 보병들을 태워 보냈다.
이렇게 무사히 한강을 도하한 제105 전차여단의 T-34/85 17대를 앞세운 북한군 제1 군단은 7월 3일까지 치열한 시가전 끝에 영등포까지 진출하는데 성공했다.
한강을 도하하기 전 대부분의 중장비를 유기하고 몸만 간신히 빠져나온 한국군으로서는 더 이상 T-34/85를 저지하기가 어려웠다.
한강 방어선의 붕괴로 7월 초를 기해 북한군 제1 군단은 본격적인 남진(南進)에 착수했다.
그러나 북한군에게도 슬슬 어두운 그림자가 드리우고 있었으니 바로 6월 27일, UN 안전보장이사회 결의안을 통해 UN군의 한국 파병이 만장일치로 가결(可決)되었기 때문이다.
북한군 T34/85 전차 (사진: 디펜스 투데이)
UN사령부의 탄생
7월 7일에는 UN군 사령부가 설치돼 미 극동군 사령관 맥아더 원수가 초대 UN군 사령관으로 부임했다.
그러나 이러한 분위기 속에서도 아직 한국군의 위기는 끝나지 않았으니 바로 7월 4일, 북한군 제1 군단이 영등포를 완전히 장악함에 따라 더 이상 수도권 방어가 어려워지게 되었다는 점이다.
이 때문에 한국군의 주요 사단 잔존병력들은 수원을 거쳐 평택 이남으로 퇴각하거나 안양을 지나 대전(大田)으로 퇴각했다.
수도권을 완전히 장악하는데 성공한 북한군 제1 군단장 김 웅 중장은 얼굴에 미소가 가득했고 곧 제3, 4 보병사단에게 수원, 오산 방면으로 진격할 것을 명령했다.
이에 맞서는 UN군 사령관 맥아더 원수의 정보부는 그 실태가 대단히 한심한 수준이었는데 당시 미 극동군 사령부는 초기 북한군의 전투력을 4개 보병사단과 3개 경비여단으로 이뤄진 7만명 정도의 병력에 전차 70여대가 고작이라고 과소평가해버리는 과오를 범했다.
그러한 판단이 6월 29일 맥아더 원수의 한강 방어선 시찰 후 다시금 6개 보병사단, 3개 경비여단 및 전차 200여대로 바뀌기는 했지만 북한군을 우습게 보는 시선이 사라진 것은 아니었다.
  오산 죽미령 전투에서 미군의 패배
미군의 북한군 비하 시선이 완전히 사라지게 된 것은 바로 오산 죽미령 전투였다.
당시 맥아더 원수는 북한군의 남진을 저지할 목적으로 큐슈에 주둔하고 있던 윌리엄 딘 소장의 미 제24 보병사단에 출동명령을 하달했고 이에 따라 딘 소장은 예하부대 중 구마모토현에 주둔하고 있던 제21 보병연대 1대대장 찰스 브래들리 스미스 중령( 1916~2004, 웨스트포인트 졸업, 준장 전역 )을 선발했다.
하지만 당시 스미스 중령의 1대대는 병력이 완전 편제되지 않은 상태였기 때문에( 개전 시점에서 제24 보병사단은 편제 정원의 65%만 충원된 상태였다 ) 제21 보병연대장 스티븐스 대령은 모자라는 장교 및 부사관과 병사들을 3대대에서 차출(差出)하여 충원해주었다.
이에 따라 스미스 중령은 M30 4.2인치 박격포 2개 소대와 B,C 중대가 주축이 된 1개 대대 406명의 병력을 인솔해 우천에도 불구하고 7월 1일 오전 3시에 주둔지를 출발했다.
오전 8시 5분, 이다쓰케 공군기지(현재 후쿠오카 공항)에서 C-54 “창공지주(蒼空之主, Sky Master)” 수송기 6대에 분승한 스미스 중령의 부대는 13시를 기해 부산 수영비행장(지금은 벡스코 지역)에 가까스로 착륙할 수 있었다.
전황이 워낙 다급했기에 스미스 중령은 열차를 잡아타고 북상, 7월 2일 오전 8시에 대전역(大田驛)에서 하차했다.
7월 2일에는 밀러 페리 중령이 인솔한 제52 포병대대 A포대( 장교 9명, 부사관 및 병사 125명/M101 105mm 곡사포 6문 )가 LST(전차상륙함)를 타고 부산항에 상륙해 스미스 중령의 1대대와 합류하기 위한 북상을 개시했다.
7월 3일 오후에 대전에 도착한 제52 포병대대 A포대는 다음날 평택에서 스미스 중령의 1대대와 합류해 총 540명의 스미스 특수임무부대( Task Force “Smith” )로 완전 편성되었다.
7월 4일 오후, 오산 북방 3.5km 지점의 죽미령(竹美嶺)에 방어선을 구축한 스미스 특수임무부대는 7월 5일, 북한군 제4 보병사단 및 제105 전차여단 107 전차연대와 격돌했다.
이것이 바로 오늘날 미군의 참담한 패전 중 하나로 꼽히는 “오산 전투( Battle Of Osan )”다.
오산 전투 직전까지 스미스 특수임무부대원들은 퇴각하는 한국군 병사들을 바라보며 “이제 우리가 왔으니 북한군은 오줌을 지릴 것이다!”라며 북한군을 몹시 깔보았다.
 또한 뉴욕 헤럴드 트리뷴이 “미 지상군이 나타나기만 하면 한국군은 사기가 오르고, 북한군은 철수할 것이다”라는 내용으로 보도할 정도로 당시 미군의 정보부재와 오만함은 하늘을 찌르고 있었다.
이러한 분위기 속에 7월 5일 새벽을 기해 요란한 굉음과 무한궤도 마찰음에 선잠을 깬 스미스 특수임무부대는 황급히 전투배치에 돌입했지만 그들의 눈 앞(목전, 目前)에 나타난 것은 단순히 1~2대의 전차가 아닌 T-34/85의 대군이었다.
개전 초의 손실을 어느 정도 보충한 제107 전차연대의 T-34/85들은 신속하게 남진할 목적으로 죽미령을 향해 돌진했다.
당시 제107 전차연대는 총 36대의 T-34/85를 2개 제대로 나눠 주력 33대는 선발대 8대와 본대 25대로 편제하는 한편 잔여 3대는 제4 보병사단을 엄호하며 남하했다.
 오전 8시, 스미스 특수임무부대는 전날까지 이어진 우천으로 인해 짙게 껴있던 안개가 걷히면서 모습을 드러낸 북한군 제4 보병사단과 T-34/85를 저지하기 위해 전방에 대전차용으로 방열해 둔 M101 105mm 곡사포에 포탄을 장전하였다.
“아직 기다려! 좀더, 좀더, 좀더! 지금이다! 사격!!”
마침내 최선두의 T-34/85가 방어선 전방 1,800m까지 근접하자 105mm 곡사포탄이 불을 뿜었다.
“펑~!”
“투-콰아앙~!”
“크르르르르르르~!” “끼리리릭! 끼기기기기긱~!!”
요란한 굉음과 함께 선두의 T-34/85에 105mm 포탄이 작렬했지만 놀랍게도 전차는 꿈쩍도 하지 않은 채 계속 접근해왔다.
이는 포병들이 대전차 고폭탄이 아닌 일반 인마 살상용 고폭탄( High Explosive, HE탄 )을 사격하는 바람에 벌어진 일로 당황한 페리 중령은 나머지 5문의 포들도 일제 포격을 감행하도록 지시했다.
죽미령 좌/우측 고지에 포진한 B, C 중대 역시 보유한 중화기인 75mm 무반동총 2정을 사격했지만 T-34/85들은 그대로 전진했다.
“도대체 뭐야?! 저 괴물은~!!”
스미스 중령은 포탄 세례에도 아랑곳 하지 않고 유유히 죽미령으로 올라서는 T-34/85들을 바라보며 아연실색했지만 이미 기울어진 전세를 되돌릴 수 없었다.
마침내 최선두의 T-34/85 2대가 죽미령 고갯마루에 올라서자 A포대는 부랴부랴 일본에서 겨우 6발만을 가져온 대전차 고폭탄을 장전해 발사했다.
“펑~!”
그러자 위풍당당하게 돌진해오던 T-34/85 2대가 그 자리에서 멈춰서며 침묵했다.
“휴~ 격파야!!”
A포대의 포병들은 안도의 한숨을 쉬었지만 후속해온 T-34/85들은 이를 간단히 무시한 채 곧바로 반격을 가해 대전차용으로 방열해둔 105mm 곡사포가 피격돼 포병들이 그 자리에서 즉사하거나 중상을 입었다.
이제 죽미령 주변의 미군 진지를 완전히 파악한 전차병들은 가차없이 85mm 포탄을 난사하며 격파된 2대의 잔해를 도로 좌우로 밀어버린 후 죽미령을 통과했다.
31대의 T-34/85가 죽미령 고개를 넘어서자 A포대는 후방이 드러난 전차들에 105mm 고폭탄을 사격해 이 중 2대를 격파했다.
그러나 그것이 전부였다.
[디펜스투데이]
Tag
#미군
#오산전투
#참담한패배
#죽미령전투
#스미스특수임무부대
#디펜스투데이
저작권자 © 디펜스투데이 무단전재 및 재배포 금지
이승준 기자
다른기사 보기","{""항공기"": [""C-5""], ""항공기/차량"": [""M1""]}",True,T-34/85 전차,1950-07-01,high,문서에서 북한군 제1군단이 1950년 7월 1일 새벽 한강 철교 복구를 통해 T-34/85 전차 1개 중대(4대)를 한강을 도하시켰음을 구체적으로 언급하고 있어 전력화 시점과 기술명이 명확히 제시되어 있다.
"KAI, 차세대중형위성 3기 독자개발사업 착수",2020-01,http://www.defensetoday.kr/news/articleView.html?idxno=441,"한국항공우주산업㈜(이하 KAI)은 30일 한국연구재단과 1,800억 원 규모로 차세대중형위성 2단계 개발 협약을 체결했다. 사업기간은 2025년 12월까지다.
 KAI는 이번 협약을 통해 우주과학 연구, 재해재난 대응, 산림 관측이 가능한 500kg급 중형위성 3기를 위성 시스템 설계부터 본체 개발, 제작, 조립 및 시험 등을 독자적으로 수행한다.
차세대중형위성 이미지 (사진: KAI)
 한국항공우주연구원(이하 항우연)은 이에 대한 기술감리·지원을 맡는다.
 차세대중형위성 3·4호기는 2023년에, 5호기는 2025년에 발사될 예정이다. 특히, 3호기는 한국형발사체(누리호)로 발사 된다.
차세대중형위성 사업은 1, 2호기를 개발하는 1단계와 3~5호를 개발하는 2단계로 구성된다.
 차세대중형위성 1단계는 공공분야 수요가 높은 500kg급의 중형위성 표준플랫폼을 개발해 고해상도(해상도 50cm급) 위성 2기를 국내 개발하는 사업이다.
 KAI는 항우연과 공동설계팀을 구성해 1호기 개발에 참여했고 2호기는 1호기 개발 경험을 바탕으로 KAI가 체계종합업체로 주관하여 종합적인 개발을 맡고 있다.
 이를 통해 KAI는 항우연으로부터 위성 시스템과 본체 개발을 위한 시스템 엔지니어링, 열제어계, 전력계 개발, 궤도/임무 우주환경 분석 등 분야별 기술을 이전받았다.
차세대중형위성 3호, 4호, 5호 위성 제원과 형상 (사진: KAI)
 1호기는 현재 위성체 총조립 및 궤도환경시험, 발사환경시험 등 기능시험 중이며, 2호기는 본체 조립 중이다. 1호기는 2020년, 2호기는 2021년에 발사 예정이다.
한편, KAI는 내년 완공을 목표로 우주센터를 건립 중에 있으며, R&D인력을 수용하고 중대형 위성 6기를 동시 조립할 수 있는 국내 최대 규모의 최첨단 위성시험장을 갖추게 될 전망이다.
 KAI 관계자는 “국내외 중·대형 위성, 수출형 위성모델 개발 등 상용위성의 해외시장 진출을 계획하고 있다”며“앞으로도 우주산업 생태계 조성 구축과 국가 우주기술력 향상에 기여할 수 있도록 최선을 다하겠다.”고 말했다.
저작권자 © 디펜스투데이 무단전재 및 재배포 금지
이치헌 기자
다른기사 보기","{""AI/컴퓨팅"": [""AI""], ""방산기업"": [""KAI""]}",True,차세대중형위성 시스템 개발,"2020-01, 2021-01, 2023-01, 2025-01",high,"이 기사는 KAI가 차세대중형위성 3기를 독자 개발하는 사업 착수에 대해 다루고 있습니다. 1단계와 2단계에 걸쳐 총 5기의 중형위성을 2020년부터 2025년까지 순차적으로 개발 및 발사할 계획이라고 명시되어 있어, 군사 기술의 상용화/전력화/배치/개발완료에 해당합니다."
"공군 군수사령부 종합보급창,영상감시장치 설치 통한 무인 원격감시체계 구축",2020-01,http://www.defensetoday.kr/news/articleView.html?idxno=439," 공군 군수사령부 종합보급창(이하 보급창)은 12월 27일(금) 대구기지 중앙물자창고에 4차 산업혁명 기술을 활용한 영상감시장치(CCTV)를 설치하여 무인 원격감시체계를 구축하고 화재·도난 등 사고에 대한 안전관리능력을 강화했다.
 중앙물자창고 지역은 피복류와 같은 일반보급품을 저장하는 일반물자창고, 항공기 수리부속품을 저장하는 수리부속창고, 보급품에 대한 검수를 담당하는 물자검수팀과 보급품의 포장을 담당하는 포장발송팀이 함께 임무 수행을 하는 지역이다.
보급창 장병들이 무인 원격감시체계를 통해 중앙물자창고 지역을 살펴보고 있다. (사진: 공군군수사령부)
 국방부는 공군 보급의 핵심적인 역할을 책임지는 중앙물자창고 지역에 대한 적극적 사고 예방과 체계적인 안전관리를 위해 보급창을 ’19년 후반기 국방부 선정 우수 상용품 시범운영 부대 로 선정하고 무인 원격감시체계를 구축하기 위한 예산을 지원했다.
 보급창은 중앙물자창고 주요 출입지역에 PTZ카메라를 설치하여 무인 원격감시체계를 구축했다. 이번에 신규도입된 PTZ카메라는 국방부에서 선정한 ’19년 후반기 우수 상용품 중 하나로서 방향전환과 대상의 확대·축소를 원격으로 제어할 수 있으며 파노라마 기능을 통해 180도 감시가 가능하다. 또한 감시구역에 들어온 물체를 추적하고 녹화하여 네트워크 체계를 이용해 통제소에 알람 신호를 전달하는 등 무인 원격감시체계의 핵심적인 역할을 수행한다.
보급창 중앙물자창고 지역 사각지대에 영상감시장치를 설치하고 있다. (사진: 공군군수사령부)
 PTZ카메라의 도입으로 보급창은 이전보다 과학적이고 효과적인 경계·감시가 가능해졌으며 경계작전에 투입되던 병력의 효율적 운영이 가능하게 됐다.
 이와 함께 적외선 영상감시장치를 중앙물자창고 지역 사각지대에 설치하여 안전관리능력을 강화했다. 사각지대를 감시하도록 설치된 적외선 영상감시장치는 야간 적외선 감시기능으로 24시간 안전취약구역을 감시하고 실시간으로 통제소에 녹화영상을 제공하는 등 각종 사고 예방과 신속한 대응이 가능하도록 했다.
보급창 중앙물자창고 지역 사각지대에 영상감시장치를 설치하고 있다. (사진: 공군군수사령부)
 정종근 종합보급창장(3급)은 “주요 출입지역 PTZ카메라 설치 및 안전취약구역 적외선 영상감시장치 설치를 통한 무인 원격감시체계 구축은 4차 산업혁명 기술을 활용한 스마트 물류창고 프로젝트의 일환으로 진행됐다”며 “향후 무인 원격감시체계를 대구지역뿐만 아니라 타 지역 예하부대 창고로 확대해 4차 산업혁명 시대에 걸맞은 효과적이고 효율적인 경계·감시체계를 구축해 나갈 것”이라고 말했다.
 보급창은 향후 김해지역 제402중앙물자관리대대와 서산지역 제403중앙물자관리대대 등 타 지역 예하부대에도 무인 원격감시체계를 구축하여 적극적 사고 예방 및 체계적인 안전관리능력을 강화해나갈 계획이다.
저작권자 © 디펜스투데이 무단전재 및 재배포 금지
이승준 기자
다른기사 보기","{""센서/통신"": [""적외선""]}",True,"영상감시장치(CCTV), 원격감시체계",2020-01,relevant,이 기사는 공군 군수사령부 종합보급창이 무인 원격감시체계를 구축하기 위해 영상감시장치(CCTV)를 설치한 내용을 다루고 있습니다. 기술의 전력화와 배치 시점이 명확히 제시되어 있어 질 높은 정보를 제공합니다.
"군의 민수용 차량 도입과 문제점",2019-11,http://www.defensetoday.kr/news/articleView.html?idxno=650,"군에서 도입을 하는 민수차량의 문제점은 비표준차량
흔히 보병 하면 걷는 부대라는 인식이 일반적이고, 전투임무는 물론 전장까지의 이동까지도 도보로 수행하는 것이 이제까지의 보병의 특징이었다.
그러나 4차 산업혁명과 저출산 인구 절벽 시대를 맞아 육군은 가장 중요한 핵심 전력인 병력을 감축하는 상황이 되었고, 인명을 중요시하는 현대전의 추세와 맞물려 장병의 생명과 안전을 우선적으로 고려하게 되었다.
2022년까지 11만 8천여명을 감축해야 하는 육군 당국은 체질을 개선하고 실전력을 강화할 방안을 강구해야 하는 기로에 놓여 있으며, 워리어 플랫폼(개인 전투체계), 드론봇 전투체계와 함께 보병을 기동화하는 방안을 추진중으로 노후 표준차량을 대체하고 장병을 신속, 안전하게 전장으로 이동시킬 전술차량을 개발, 도입할 계획을 세우고 있다.
TPS-880K 국지방공레이더 탑재차량. 타타대우상용차의 노부스SE 트럭을 베이스로 한 차량으로 AWD(전륜구동)와 런플랫타이어 등을 적용하여 군 ROC를 충족하였지만 표준화된 차량이 아니므로 유사시 군수지원에 제한을 받을 수 있다. (사진: 디펜스 투데이)
민수용 차량 도입과 문제점
국방부는 2005년부터 기존 표준차량 중 일정수를 도로 환경이 양호한 지역을 위주로 전투임무 수행에 직접적인 영향을 미치지 않는 범위 내에서 민수용 차량으로 대체 보급하는 정책을 내놓았다.
이에 표준차량의 90%를 운용하는 육군은 이를 적극 추진하여 2012년까지 약 4,300여대의 민수차량을 후방 부대와 교육기관 등을 위주로 보급하였으며 2½톤 트럭(포장도로 적재량 약 4.5톤)은 민수용 5톤 트럭으로, 5톤 트럭(포장도로 적재량 약 9톤)은 민수용 9.5톤 트럭으로 일부 차량을 대체하기 시작했다.
도로가 발달된 후방지역 부대나 직접적인 전투 임무를 수행할 일이 많지 않은 기행사령부, 교육기관 등에서는 민수차량이 운행 속도나 운전 편의성 등 면에서 더 나은 선택이며 표준차량의 ⅔수준인 도입가와 저렴한 연비로 예산 절감 요소가 될 수는 있다.
실제로 민수용 차량은 자동변속기 및 에어컨 등 향상된 편의 사양으로 운전자와 탑승자 모두 편의성과 쾌적함이 증대될 수 있고, 상용 차량의 정비 인프라를 이용할 수 있는 등의 이점을 기대할 수 있다.
그러나 민수용 차량이 과연 표준차량의 자리를 대체할 수 있느냐에 대한 질문에 대한 답은 ‘아니오’라 할 수 있다.
물론 직접 작전 임무에 투입하는 차량이라도 수도방위사령부의 작전지역과 같은 도로가 발달한 지역에서의 병력이나 물자수송용 등으로는 민수용 차량을 운용하는 것이 편리할 수 있다.
하지만 민수용 차량은 표준차량과 개발 및 설계 목적이 아예 다르고, 야지 기동력과 도섭력, 저온(-32℃) 시동성, 내구성 등, 정비성 등이 모두
표준차량에 미치지 못하므로 야지 기동이 많은 전방 부대나 실제 전장에서는 운용이 제한된다.
특히 야지에서 포를 견인해야 하는 포병 부대나 험로 기동이 많은 야전공병 부대 등의 경우는 반드시 표준차량을 운용해야 한다.
실제로 표준차량은 사용된 철판의 두께부터 민수용 차량과 다르며(표준차량 1.4mm 이상/민수차량 0.8mm 이하) 210mm 이상의 최저지상고와 일정 깊이의 도섭 능력, 혹한(-32℃ 기준)상황에서 일발시동 가능, EMI(전자파) 차폐 능력 등을 갖추므로 민수용 차량에 비해 견고하고, 구조가 비교적 간단하여 정비성도 뛰어나다.
또다른 이유는 군수지원 문제로, 표준차량은 종합군수지원이 가능하고 일선 부대까지 부품 보급이 지연되는 문제는 종종 있지만 아예 불가능한 것까지는 아니며 여차하면 동류전용도 가능하므로 되레 운용유지비용이 민수용 차량보다 저렴하다.
민수차량은 차량 도입비용이 표준차량보다 저렴하므로 수리부품 가격도 저렴할 것으로 많이들 생각할 수 있지만 실제로 군에서는 민수차량에 대한 군수지원체계가 완비되어 있지 못하므로 정비소요가 발생할 경우 대부분 외주정비를 하고 있는 실정이며, 이 경우 상대적으로 고가인 A/S 부품 가격을 적용받고 정비 공임도 추가되므로 되레 운용유지비용 상승의 요인이 된다.
이마저도 전방이나 격오지 부대에서는 외주정비를 이용하기 어렵고 전시 상황에서도 민간 정비망을 이용할 수 있다는 보장이 없으므로 결국 별도의 정비 교육 및 수리부품 조달 등이 필요하게 되어 후속 군수지원 면에서 비효율적이다.
또한 민수용 차량은 표준차량에 비해 수명이 절반 정도이며 모델 교체 주기가 빠르므로 차량이 단종될 경우 부품 수급 등 유지관리가 곤란하게 되며(법정 수리 부품 의무보유기간(제품 단종 후 8년)이 있지만 단종 차량의 부품은 적기에 조달하기 어려우며 이 때문에 정액 감가상각 후 신차를 구매하도록 유도하는 것이 완성차 업체의 관행이다), 이는 결국 차량 수명 단축으로 이어져 구매 비용 상승과 가동율 저하를 유발한다.
또한 군용차 전용 생산라인을 갖추지 않은 업체의 차량을 도입할 경우 전시 차량 적기 조달에 차질이 발생한다.
이러한 유지관리상 애로사항으로 차량 운용이 제한되면 곧 가동률 저하로 이어져 군 전력 유지에 차질이 발생하는 것은 물론이다.
따라서 민수용 차량은 표준차량의 일부를 대체할 수는 있지만 완전한 대안은 될 수 없으며 야전에서 실제 전투 임무를 수행하는 데 필요한 차량은 처음부터 전투용으로 개발된 표준차량이어야 한다는 것은 변함이 없다.
  차기 표준차량 사업 지연 - 비표준차량 도입의 문제
차기 2½톤/5톤 표준차량 사업이 지연되면서 발생하는 또다른 문제로 장비 탑재차량 등 전투용 차량의 비표준화를 들 수 있다.
일반 수송용 차량은 민수용 차량을 활용할 수 있다 치더라도 무기체계나 전투지원용 장비를 탑재하는 차량은 표준차량으로 운용해야 하는데, 차기 표준차량 사업 지연으로 인하여 민수용 차량 차대를 활용한 비표준차량을 이러한 용도로 활용하는 경우가 발생하고 있는 점은 문제라 할 수 있다.
최근 군의 장비 탑재용 비표준차량 도입 사례로는 2018년 본격 전력화를 시작한 TPS-880K 국지방공레이더 탑재차량을 들 수 있다.
현무 미사일용 차량이나 천무 다연장 로켓용 차량은 방탄 차체가 필요한 상황에서 급한대로 새로운 표준차량을 개발하여 적용한 사례라 할 수 있고 표준차량의 ROC와 등화류 등 표준화 요소를 그대로 적용하여 효율적인 운용유지가 가능하다.
그러나 TPS-880K 차기 국지방공레이더 탑재차량의 경우 민수용 차량을 전륜(全輪)구동화하고 최저지상고 상향 및 전술타이어 장착 등의 개조
를 거쳐 전력화한 차량으로 군 작전 요구 성능(ROC)는 충족하였지만 등화류를 비롯한 표준화 요소가 적용되지 않았으므로 별도의 군수지원체계를 구축해야 하고, 유사시 차량간 부품 호환이 제한되는 등 운용유지상의 문제점이 발생할 수 있다.
따라서 중형전술차량을 위시한 차기 표준차량 사업을 조속히 진행하는 것만이 이러한 비표준차량의 도입으로 인한 문제를 해결할 방법이 될 것이다.
[디펜스투데이]
  Tag
#군의민수용차량도입
#문제점
#표준차량
#민수용차량
#운용유지비상승요인
#전투용
#차기 2½톤/5톤표준차량사업지연
저작권자 © 디펜스투데이 무단전재 및 재배포 금지
이치헌 기자
다른기사 보기","{""센서/통신"": [""EMI""]}",True,민수용 차량,2012-01,relevant,"군에서 2005년부터 기존 표준차량의 일부를 민수용 차량으로 대체 보급한 것으로 나와 있으며, 실제로 2012년까지 약 4,300여대의 민수차량을 후방 부대와 교육기관 등에 보급한 것으로 확인됩니다. 이는 상용화 및 전력화 사례에 해당합니다."
"펭귄 대함미사일",2019-11,http://www.defensetoday.kr/news/articleView.html?idxno=324,"노르웨이 방산을 대표하는 콩스버그의 미사일
 노르웨이 콩스버그사의 펭귄 대함미사일
   개 발
 노르웨이의 해군력 건설은 전통적으로 연안 방어 지향적이었다. 노르웨이가 NATO 회원국으로 냉전 시기를 보내던 시절에도 마찬가지였다. 노르웨이 남부 해안과 덴마크 북부 사이에는 협소한 스카게락(Skagerrak) 해협이 위치하고 있으며 북서쪽의 길고 복잡한 해안선은 북극해와 맞닿아 있다.
노르웨이와 같은 약소국이 폴란드, 스웨덴, 러시아 등 무시할 수 없는 강력한 군사 세력들이 빙 둘러싸고 있는 발트해 내해로 해군력을 투사한다는 것은 한계가 있을 수밖에 없기 때문에 냉전 시절 노르웨이 해군과 공군은 발트해에서 수세적인 입장일 수밖에 없었다.
즉, 발트해에서 대서양으로 진출하는 입구라 할 수 있는 스케가락 해협을 덴마크와 함께 차단함으로써 소련 해군의 발틱 함대가 대서양으로 접근하는 것을 원천 봉쇄하는 것이 NATO 회원국으로서의 노르웨이의 역할이었다.
또한 북서쪽의 노르웨이해에서 좀 더 올라가면 소련의 북해 함대가 활동하는 바렌츠(Barents)해와 소련 북해함대의 중요 거점 중 하나인 무르만스크(Murmansk)항이 위치하고 있기 때문에 유사시에는 북서쪽 해안이 그대로 소련 해군의 위협에 노출될 수 밖에 없었다.
이 때문에 길고 복잡하며 도서 지역이 산개해 있는 북서쪽 해안에서 소련 해군을 거부하는 능력에 초점을 맞추어 군사력 건설이 이루어졌으며 이에 맞는 무기체계의 확보를 시도하게 된다.
 펭귄 대함 미사일도 이러한 노르웨이 해군의 연안 방어 전략에 맞추어 개발된 무기체계로 첫 개발은 1960년대까지 거슬러 올라간다.
당시 노르웨이의 콩스버그(Kongsberg)사를 중심으로 해군의 고속정에 탑재할 단거리 대함 미사일의 개발이 시작되었으며 1972년부터 노르웨이 해군에 배치가 시작되었다.
  SH-60B 대잠헬기에서 발사되는 펭귄 대함미사일 (사진: 미해군)
  펭귄 1 공대함 미사일
 펭귄 대함 미사일은 최대 사거리가 30Km에 채 못 미치는 단거리 대함 미사일이다.
 해안선이 길긴 하지만 전체적으로 협소한 영해에서 적 함대의 접근을 차단해야 하는 작전을 수행해야 하며 자체 탐지능력이 부족한 고속정에서의 운용을 염두에 두고 설정된 작전 요구 성능에 맞추어 개발되었기 때문이다.
비슷한 시기에 개발되었던 대함 미사일들이 대부분 종말 유도를 레이더 유도에 의존하는 것과 달리 펭귄 대함 미사일은 적외선(IR) 유도 방식에 의존하고 있는데 이는 노르웨이의 복잡한 해안 인근으로 접근하는 표적에 미사일을 유도해야 하기 때문이다.
레이더로 표적을 유도해야 할 경우 노르웨이 해안의 복잡한 지형에서 발생하는 대량의 클러터로 인해 시커가 표적의 반사 신호를 인식하기 어렵게 되기 때문이다.
한국 공군 하푼(Harpoon) 블락 2(Block 2)의 경우 표적이 위치한 해안에서 발생하는 클러터 맵과 대조하는 방식을 이용하여 표적 신호 외의 잡음들은 필터링하는 기능을 갖추고 있어서 연안에 위치한 지상 표적까지 공격 가능하지만 70년대 당시에는 넓은 해안 곳곳의 방대한 노이즈 맵을 확보해서 이를 이용한 이동 표적 지시/추적을 할 방법이 거의 없었다(펭귄 미사일이 개발되던 시기에 베트남에서는 미군의 F-4 전투기의 레이더가 지상에서 발생하는 노이즈를 처리할 방법이 거의 없어서 AIM-7 공대공 미사일의 하방 공격이 불가능했다는 점을 상기한다면 이해가 쉬울 듯).
이 때문에 미사일의 중간 유도는 관성항법시스템(INS)을 이용하지만 종말유도는 적 함정의 적외선 신호를 미사일의 IR 시커가 컨택하는 방식으로 이루어지도록 설계되었다.
이러한 적외선 시커를 이용한 종말유도방식은 크기가 작아서 레이더에 대한 우수한 저피탐성능을 갖는 펭귄의 장점에 종말유도단계에서도 적함의 ESM등에 노출된 신호를 방출하지 않는다는 장점을 더하기 때문에 표적이 된 적 전투함이 적기에 미사일에 대응하기 어렵게 하는 전술적 이점을 제공하게 된다.
물론 최근에는 전투함에 광범위하게 스텔스 설계가 적용되어 IR 신호 방출량이 높은 연돌에도 열 전달을 방해하거나 혹은 주변 대기와 배출 가스를 혼합하는 장치의 통합 등의 방법으로 전투함에도 IR 센서에 대한 스텔스 성능이 도입되고 있지만 펭귄 대함 미사일이 개발되던 시기에는 함정의 연돌 등에서 발생하는 높은 적외선 신호의 억제를 염두에 두지 않았던 시기였기 때문에 협소한 지역에서 충분히 적외선 시커로 적 함정을 찾아내 공격할 수 있었다.
침식이 심해 복잡한 해안 지형을 이용한 적절한 지형 매스킹(Terrain Masking)이 가능할 경우 적 함정의 레이더 등을 피해 표적에 돌입할 수 있기 때문에 펭귄 대함 미사일에는 레이저 고도계 등을 이용하여 시 스키밍(Sea skimming) 기능과 함께 제한적인 지형추적기능(Terrain Follow)이 통합되어 있다.
펭귄 Mk.2 Mod7 개량형 미사일 (사진: 미해군)
  펭귄 MK. 2 공대함 미사일
 고속정에 탑재할 목적으로 개발된 펭귄 대함 미사일을 바탕으로 NATO 주요국의 해상 작전용 헬기에 탑재할 목적으로 개발된 공대함 미사일이 펭귄 MK.2 대함 미사일이다(초기에 개발된 미사일은 이에 따라 펭귄 1, 혹은 펭귄 MK.1으로 분류된다).
펭귄 MK.2 미사일은   고속정보다 더욱 원거리 해상 표적 탐지/추적이 용이한 해상 작전 헬기에서 운용할 목적으로 개발되었기 때문에 보다 긴 사거리를 갖도록 개발되어 펭귄 MK.1보다 약 10Km 가량 사거리가 더욱 확장되어 최대 사거리는 30Km다.
펭귄 MK.2 대함 미사일은 1980년부터 노르웨이 해군에 배치되었으며, 미 해군에 채택된 후에 AGM-119로 분류되었으며 미 해군의 주력 대잠 헬기인 SH-60B등에 탑재되었다.
이 시스템은 LAMPS III에 해당하는 대잠 헬기에 탑재를 염두에 두고 개발되었기 때문에 SH-60B뿐만 아니라 UH-60 헬기의 상용 버전인 S-70의 해상작전용 헬기와 SH-2G 시 스프라이트(Sea Sprite) 등에도 탑재가 가능하다.
해상 작전용 헬기에 탑재를 염두에 두고 개발되었기 때문에 MK.1과 달리 미사일의 날개를 접은 상태로 헬기에 탑재될 수 있도록 설계되었다.
펭귄 MK.2 대함 미사일 시스템은 유도탄과 MLA(Missile Launcher Assembly), MCS(Missile Control System) 등으로 구성되어 있다.
펭귄 MK.2의 MLA는 탑재 헬기의 파일런에 결합되며 MLA에 연결되어 있는 MCS는 MLA가 발사 모기에 결합될 때에 발사 모기의 화력통제시스템 등과 링크되어 미사일과 발사 모기의 화력통제시스템을 연결하는 역할을 하게 된다.
즉, 발사 모기는 MCS를 통해 미사일에 발사 전 관성유도시스템 등에 데이터를 전송하게 되며(통상적인 관성항법시스템은 초기 위치 데이터만을 입력하고 그 후에는 자체 연산에 의해 위치를 파악하며, 펭귄 MK.2의 시스템은 비행경로 등에 대한 사전 프로그래밍이 가능하다) 발사 명령 역시 발사 모기에서 MCS를 통해 미사일에 전송된다.
펭귄 MK.1의 관성항법시스템은 25Km당 약 200m의 오차가 발생했으나 펭귄 MK.2의 관성항법시스템은 오차 누적도가 보다 낮아져서 정밀도가 더욱 향상되었다.
발사 전에 비행경로와 웨이 포인트(Way point)등에 대한 데이터 입력이 가능해짐에 따라 펭귄 MK.2는 프로그래밍된 데이터에 따라 좌/우 비행경로 변경과 기만 비행 등의 복잡한 비행이 가능하게 되어 적이 보다 대응하기 어렵게 되었다.
 1990년대 이후로 등장한 전투함에는 스텔스 설계가 하나의 트렌드로 자리 잡았다.
RCS(Radar Cross Section)을 함정의 복원성 등과 절충하여 최소화하는 것뿐만 아니라 IRST와 같은 적외선 센서에 대한 노출도 피하기 위해 적외선 신호를 억제하는 기술도 적용되기 시작한 것이다.
이 때문에 펭귄 MK.2의 적외선 시커는 펭귄 MK.1의 것보다 더욱 정밀해져야 할 필요가 있었으며 이에 따라 새로운 시커가 통합된 펭귄 MK.2 mod 5가 등장하게 된다.
 펭귄 MK.3가 등장한 후에도 펭귄 MK.2의 또 다른 개량형인 펭귄 MK.2 mod 7이 개발되었다. 이 미사일은 펭귄 MK.2 mod3에 통합된 것과 같은 시커를 사용하지만 아날로그 신호 처리 프로세서를 갖는 펭귄 MK.2 mod 3와 달리 디지털화된 프로세서를 탑재하고 있다.
또한 MK.2 초기형인 mod 3와 mod 5는 AGM-12 불펍(Bullpup) 공대지 미사일에 탑재된 것과 같은 WDU-32 탄두를 탑재하고 있지만 mod 7에는 WDU-39/B SAP 탄두가 탑재되었다. 펭귄 MK.2 mod 7은 미 해군에 채택된 후 AGM-119B로 분류되어 1994년부터 초기 운용단계에 들어가 SH-60B 대잠 헬기의 주력 공대함 미사일로 탑재되었다.
펭귄은 얼마전까지 미해군의 공대함 미사일 이었다. (사진: 미해군)
   펭귄 MK.3 공대함 미사일
 펭귄 MK.3는 노르웨이 공군의 요구에 의해 개발되었다.
노르웨이는 1970년대에 덴마크, 벨기에, 네덜란드와 함께 F-16A를 공용 전투기로 채택한 나라이다.
당시 F-16A 전투기는 근접 공대공 전투 임무 등에 한정되어 제한적인 능력을 갖는 전투기였으며 이에 따라 F-16을 최초로 채택한 유럽 4개국은 일찍부터 미국과 함께 F-16A의 성능 향상에 대한 연구를 진행하게 된다.
노르웨이 공군의 경우 F-16A에 상륙 거부와 방어적인 해상 차단 능력 등을 부여하고자 하였으며 이 때문에 이미 70년대부터 펭귄 대함 미사일을 F-16 전투기에 탑재하기 위한 연구를 진행하였다.
F-16 전투기에 탑재 가능한 펭귄 대함 미사일은 펭귄 MK.3로 분류되며 미군에서는 이 미사일을 AGM-119A로 분류하고 있다. 70년대에 이루어진 개념 연구를 바탕으로 1982년 콩스버그사가 펭귄 MK.3 개발의 주 계약자로 선정되어 프로토타입의 제작이 이루어졌다.
개발은 빠른 속도로 진행되어 1984년에 5기의 펭귄 대함 미사일 시제품의 시험 발사가 이루어졌으며 1987년 하반기부터 본격적인 양산을 시작, 노르웨이 공군에 납품되기 시작하여 1993년부터 초기 운용단계에 돌입하였다.
미군에서도 AGM-119A라는 이름으로 채택하기 위해 시험 평가를 실시하여 1994년에는 미 해군의 스프루언스(Spruance)급 구축함 휴잇(Hewitt. DD-966)에서 이륙한 SH-60B 대잠 헬기에서 성공적으로 시험 발사하였으며 림팩 94에서도 SH-60B에서 발사된 펭귄 MK.3가 표적을 파괴하는데 성공하였다.
 펭귄 MK.3는 펭귄 MK.2보다 더욱 긴 사거리를 위해 미사일의 탄체가 더욱 길어졌다. 또한 비행제어시스템이 디지털화되었다.
이에 따라 사거리는 최대 40Km로 MK.2보다 10Km 가량 더욱 향상되었으며 발사 전에 비행고도와 웨이 포인트, 공격 가능 표적 등에 대한 데이터를 입력하여 적함이 대응하기 힘든 보다 복잡한 비행과 표적 변경 등이 가능해졌다.
펭귄 MK.3의 레이더 고도계는 디지털 비행제어 시스템과 연동되어 있기 때문에, 고도계를 통해 획득한 고도 데이터가 사전에 프로그래밍된 비행고도와 다를 경우 자동적으로 비행제어시스템이 미사일의 비행고도를 입력된 비행고도와 일치하도록 미사일의 비행을 제어하여 시 스키밍(Sea-skimming) 비행이 가능하게 한다.
[디펜스투데이]
Tag
#디펜스투데이
#밀리터리
#국방
#군사
#이슈분석
#현대병기
#획득무기
#무기백과
#디펜스TV
저작권자 © 디펜스투데이 무단전재 및 재배포 금지
신선규 기자
다른기사 보기","{""우주/위성"": [""NTS"", ""ISS""], ""AI/컴퓨팅"": [""AI"", ""AR"", ""ML""], ""센서/통신"": [""적외선"", ""EW"", ""IR""], ""재료/제조"": [""TEM"", ""SEM"", ""AM""], ""항공기"": [""F-16"", ""전투기""], ""항공기/차량"": [""UH-60""], ""미사일/방공"": [""missile""], ""첨단기술"": [""radar""]}",True,펭귄 대함미사일,1972-01,high,"문서에서 펭귄 대함미사일이 1972년부터 노르웨이 해군에 배치되기 시작했다고 명시되어 있으므로 상용화/전력화 시점이 제시되어 있고, 주요 기술명도 명확히 나와 있어 기준을 충족합니다."
"보잉, 한국에 기술연구센터 개소",2019-11,http://www.defensetoday.kr/news/articleView.html?idxno=301,"보잉의 새로운 연구·기술센터가 한국에 문을 열었다. 신설된 보잉한국기술연구소(BKETC)는 자율비행, 인공지능, 항공전자, 모빌리티 플랫폼, 스마트 캐빈, 스마트 팩토리 등 전략적 기술 연구를 앞당기는 일에 중점을 둔다.
보잉은 또 이번 개소를 기념해 산업통상자원부 산하 한국산업기술평가관리원(KEIT)과 양해각서(MOU)를 체결하고, 한국의 항공우주 공급 기반과 보잉의 미래 항공기에 대한 글로벌 경쟁력을 강화하는 데 이해를 같이했다. 보잉과 KEIT는 이를 위해 공공과 민간 부문에서 협력 기회를 공동으로 모색할 계획이다.
보잉한국기술연구소(BKETC) 개소 (사진: 보잉코리아)
보잉 연구·기술(Boeing Research & Technology) 부문을 이끌고 있는 나비드 후세인(Naveed Hussain) 보잉 부사장은 “한국은 세계에서 가장 혁신적인 기술의 일부가 집약된 곳”이라면서 “서울에 연구 센터를 개설해 핵심 인재를 확보하고 주요 산업 파트너와의 관계를 더욱 발전시킬 수 있게 됐다. 또한 한국은 연구 기회를 강화하는 데 있어 보잉이 제공하는 모든 혜택을 누릴 수 있다”고 말했다.
BKETC는 강남구 아셈타워에 들어섰으며 직원은 국내에서 고용된 기술 전문가들로 구성돼 있다. 보잉의 글로벌 연구 센터로는 이번이 12번째다. 각 센터는 보잉이 글로벌 인재를 양성하고 유지하는 동시에, 경쟁이 치열한 오늘날의 시장에 대응해 기술 솔루션을 효과적으로 제공하는 보잉의 능력을 높이는 역할을 한다.
보잉한국기술연구소(BKETC) 개소 (사진: 보잉코리아)
에릭 존 (Eric John) 보잉코리아 사장은 “새로운 센터는 한국의 미래 기술 목표에 걸맞게 엔지니어링 분야에서 고급 일자리를 제공할 것”이라면서 “보잉과 한국은 1950년대부터 파트너십 관계를 지속해 왔다. BKETC 개소는 한국 정부와 항공우주 산업 파트너십에 대한 우리의 신념을 강화하는 것”이라고 말했다.
보잉은 2018년 3월 한국에 연구 센터를 설립하겠다는 계획을 발표한바 있다. 보잉은 상용기와 군용기 시장에서 한국과 파트너십을 맺고 국내 항공우주산업의 성장을 뒷받침하는 데 도움을 주고 있다.
보잉은 2018년 50여 국내 협력사들로부터 미화 4억 달러 이상의 부품 및 서비스를 구매했다. 보잉은 한국의 산업과 기술 발전 수요를 충족시키기 위한 파트너십을 지속하고 있으며, 지난 15년 동안 미화 50억 달러 이상을 한국에 투자했다.
저작권자 © 디펜스투데이 무단전재 및 재배포 금지
이치헌 기자
다른기사 보기","{""우주/위성"": [""SSA""], ""AI/컴퓨팅"": [""AI"", ""인공지능"", ""AR""], ""해양/기상"": [""TC""], ""함정/항공기"": [""USS""], ""방산기업"": [""Boeing""]}",True,"자율비행, 인공지능, 항공전자, 모빌리티 플랫폼, 스마트 캐빈, 스마트 팩토리",,relevant,"이 기사는 보잉이 한국에 새로운 기술연구센터를 개소했다는 내용으로, 자율비행, AI, 항공전자 등 다양한 항공 관련 기술에 대한 연구개발 계획을 다루고 있습니다. 하지만 구체적인 상용화나 전력화 시점은 언급되지 않았습니다."
"현대자동차, 고속형 ‘경찰 수소전기버스’ 최초 공개",2019-11,http://www.defensetoday.kr/news/articleView.html?idxno=299,"  현대자동차가 앞으로 대한민국 경찰 수송을 담당할 고속형 경찰 수소전기버스를 공개했다.
현대차가 시내버스 기반의 저상형 경찰 수소전기버스를 선보인 적은 있지만 승차인원과 화물(경찰장비)실 공간 등 경찰버스의 특성에 맞춘 고속버스급 경찰 수소전기버스를 공개한 것은 처음이다.
버스 내 냉난방 장치 사용으로 도심 속 공회전이 불가피한 경찰버스가 진동이 덜하고 배기가스가 전혀 없는 무공해 수소전기버스로 대체 될 경우 탑승자 피로도 절감은 물론 대기질 개선에도 도움이 될 전망이다.
현대차는 31일 서울 광화문 인근 대한민국역사박물관 앞에서 이낙연 국무총리, 정승일 산업통상자원부 차관, 민갑룡 경찰청장, 정복영 수도권대기환경청장, 공영운 현대차 사장 등이 참석한 가운데 고속형 경찰 수소전기버스 1대를 공개하고 경찰수소버스 개발 보급 확대를 위한 협약(MOU)을 체결했다.
현대차가 이날 첫 선을 보인 고속형 경찰 수소전기버스는 기존 유니버스 기반 경찰버스에 수소연료전지시스템을 탑재하는 방식으로 개발됐다. 운전자 포함 29인이 탑승 가능하며 국내 도로여건과 고속주행에 적합하도록 차체 바닥이 높은 고상형이 특징이다.
넥쏘 수소전기차에 들어가는 95kW 스택 2개를 적용했고 상용 전용 수소탱크를 차량 지붕에 장착해 충분한 화물실 용량을 확보하는 등 기존 경유 경찰버스와 동등 수준의 편의성을 확보했다.
현대차는 2019년 말까지 고속형 경찰 수소전기버스 2대를 경찰청에 제공 2020년 말까지 경찰청과 공동으로 실증 사업을 진행한 뒤 2021년부터 양산에 돌입할 계획이다.
현대자동차는 실증 사업을 통해 확보할 차량 데이터를 바탕으로 양산 이전까지 성능 개선 작업을 지속할 예정이라며 도심 속 대기시간이 많은 경찰버스의 다양한 특성을 모두 고려해 최고의 경찰버스를 개발하는데 역량을 집중할 것이라고 밝혔다.
산업통상자원부, 환경부, 경찰청과 현대차는 ‘경찰 수소버스 확산을 위한 상호 협력에 관한 업무협약(MOU)’도 맺었다.
MOU에 따르면 △경찰청은 2020년까지 경찰 수소버스 실증사업을 원활히 추진하고 2021년 이후 모든 경찰버스의 수소버스 전환을 위해 노력하며 △산업통상자원부는 경찰 수소버스의 확산을 위한 개발 및 실증, 생산을 지원하고 협력할 방침이다.
또한 △환경부는 경찰 수소버스가 원활히 운행될 수 있도록 수소충전소 보급과 연계 지원을 담당하고 △현대차는 경찰 수소버스의 개발 및 실증, 생산 등을 차질 없이 추진하기로 했다.
정부는 2028년까지 경찰버스 802대를 수소전기버스로 교체할 계획이다. 2021년부터 경유 경찰버스가 순차적으로 무공해 수소전기버스로 대체되는 것이다.
이날 행사에는 현대차가 경찰청에 공급한 저상형 경찰 수소전기버스와 기존 경유 경찰버스도 함께 전시돼 참석자들의 주목을 받았다. 저상형 경찰 수소전기버스는 31일부터 광화문과 여의도에 각각 배치된다.
9월 21일 경찰의 날에 처음 공개된 바 있는 저상형 경찰 수소전기버스는 기존 시내버스 차량에 수소연료전지시스템을 탑재했으며 운전자 포함 21인승으로 개발됐다. 화물함, 캐비닛, 각종 선반 등을 비치해 탑승자의 활용도를 높였고 넥쏘 수소전기차에 들어가는 95kW 스택 2개를 적용했다.
현대자동차는 서울 광화문 인근 대한민국역사박물관 앞에서 고속형 경찰 수소전기버스 공개했다. (사진: 현대자동차)
경찰버스는 냉난방 등의 이유로 정차 중 공회전을 하는 경우가 많아 친환경 버스로 교체해야 한다는 목소리가 그 동안 많았다. 수소전기버스는 유해가스를 전혀 배출하지 않으며 부가적으로 공기정화 효과까지 있어 친환경에 가장 부합하는 이동수단이라는 평가를 받는다.
일반적으로 수소전기버스 1대가 1km를 달리면 4863kg의 공기 정화가 가능하다. 수소전기버스가 연간 8만6000km를 주행한다고 가정하면 총 41만8218kg의 공기 정화가 가능하며 이는 성인(64kg 기준) 약 76명이 1년 동안 깨끗한 공기를 마실 수 있는 양에 해당된다.
특히 경찰버스는 도심 도로변 대기 시간이 많아 공기 정화효과가 더 클 수 있다. 미국 환경보호청(EPA)에 따르면 같은 도심이더라도 도로에 가까울수록 미세먼지 입자 수가 최대 2배가량 높은 것으로 조사됐다.
현대자동차는 수소전기버스는 배출가스가 전혀 없고 미세먼지 저감도 가능하며 차량 진동이 적어 장시간 탑승 시 탑승자의 피로도가 내연기관 차량에 비해 상대적으로 덜하다고 강조했다.
최근 정부가 시민들의 이용이 많고 운행이 잦은 시내버스, 고속버스 등을 수소전기버스로 대체 보급하기 위해 노력하는 것도 같은 이유에서다.
정부가 2040년까지 수소전기차 290만대 보급을 추진 중인 가운데 수소전기버스는 2022년까지 2000대, 2030년까지 2만대, 2040년까지 4만대를 보급할 예정이다.
수소전기버스 중점 보급 지역을 위주로 수소전기버스 차고지에 2022년까지 최소 60기의 버스전용 수소충전소를 구축하는 것을 포함해 2022년까지 총 310기의 수소충전소도 구축할 계획이다.
아울러 정부는 수소전기버스 도입 확대를 위해 버스운송사업 면허기준 완화를 검토하고 수소전기버스 등 사업용 친환경차 확대를 위한 연료보조금 체계 개편에 대한 연구를 진행할 예정이다.
현대차도 승용 부문에서 구축한 수소전기차 글로벌 리더십을 상용 부문으로 확대하기 위해 국내외에서 다양한 수소 모빌리티 사업을 전개하고 있다.
2025년까지 스위스에 단계적으로 수소전기 대형트럭 1600대를 공급하는 등 유럽 친환경 상용차 시장 공략을 강화하고 있으며 북미에선 미국 커민스와 손잡고 수소연료전지시스템 기반 친환경 파워트레인을 공동 개발해 현지 판매를 확대할 계획이다.
28일에는 ‘2019 북미 상용 전시회(North American Commercial Vehicle Show)’에 참가해 미래 상용차 비전을 담은 수소전용 대형트럭 콘셉트카 ‘HDC-6 넵튠(Neptune)’을 최초로 공개하며 미국 시장 진출 의지를 표명하기도 했다.
저작권자 © 디펜스투데이 무단전재 및 재배포 금지
이치헌 기자
다른기사 보기","{""재료/제조"": [""ICL"", ""AM""]}",True,수소전기버스,2021-00,relevant,기사에서 현대자동차가 고속형 경찰 수소전기버스를 개발하고 2021년부터 양산에 돌입할 계획이라고 언급하고 있어 상용화 관련 내용이 포함되어 있습니다.
"중형표준트럭 우선협상대상자 11월 8일 기아자동차 선정",2019-10,http://www.defensetoday.kr/news/articleView.html?idxno=286,"한국군의 차기 중형표준트럭의 탄생
한국군
- 중형표준차량 우선 협상대상자 결정 -
 이치헌 기자
한국군의 K511A1 중형표준차량(사진 이치헌)
  강력한 화력과 신속한 기동력이 중요시되고 있는 21세기의 전장에서 기동차량이 없이는 전쟁을 수행할 수 없다. 더불어 4차 산업혁명과 저출산으로 인한 인구 절벽 시대를 맞아 육군은 지속적으로 병력을 감축해야만 하는 상황이며, 인명을 중요시하는 현대전의 추세를 반영하여 기존 도보 위주의 보병을 기동화하는 방안을 추진중이다.
따라서 군 당국은 노후화된 표준차량을 대체하고 전투원을 신속, 안전하게 전장으로 이동시킬 전술차량을 개발·도입할 계획이 있지만, 당국은 물론 여러 군사 전문가 및 밀리터리 마니아들 사이에서도 기동차량은 전차나 미사일·함정·전투기 등에 비해 무지하거나 관심이 없었던 것이 작금의 현실이다. 매우 다행히도 군 당국은 2017년 소형전술차량을 전력화하여 군 표준차량 세대교체의 기반을 마련하였고, 곧 1만여대의 군용트럭을 대체하기 위한 중형표준차량 사업에 착수하여 다가오는 11월 8일 우선 협상대상자를 선정했다.
 우리 군 표준차량의 특징과 변천 과정, 앞으로 추진하게 될 중형표준차량의 나아가야 할 방향 등에 대하여 다루어 본다.
  표준차량의 특징
표준차량은 상용차량과 대비하여 쓰는 개념으로 군용차량 중 상용차량을 군에서 사용하는 것이 아닌 오로지 ‘군용’ 목적으로만 만들어진 표준화된 규격의 차량을 말한다. 따라서 군 전용의 표준 사양으로 만들어진, 궤도차량이 아닌 자동차만을 표준차량이라 하며 야전에서 운용할 목적으로 만드는 차량이므로 군 작전 요구 성능(ROC)을 충족해야 한다.
상용차량과 대비되는 표준차량의 가장 중요한 조건은 ‘야지 기동성’으로, ¼톤/1¼톤/2½톤/5톤/15톤급 등의 체급별 분류는 포장도로 적재량이 아닌 ‘야지’ 적재량이 기준이며, 이 야지 적재량은 전진·후진으로 종경사 60%(약 31˚)를 등판할 수 있는 적재 중량을 뜻한다. 표준차량은 기본적으로 상용차량(0.8mm 이하)보다 두꺼운 철판(1.4mm 이상)을 사용한 견고한 프레임 바디 설계에 종경사 60%(약 31˚)의 전/후진 등판능력과 일정 깊이의 도섭 능력(약 1m)을 갖추어야 한다.
이를 위하여 전륜(全輪)구동 방식, 도섭 라인에 걸친 부분(차축, 엔진, 변속기 등)과 전장품의 방수 설계, 상용차량보다 높은 최저지상고(약 300mm)와 큰 접근각/이탈각이 필수적이다. 또한 험로 탈출에 용이하도록 후차축에 차동제한장치나 차동잠금장치를 적용해야 하며, 현 시점에 생산되는 차량은 전자제어식 엔진 및 자동변속기를 사용하므로 차량 전장품에 반드시 EMI 차단 설계를 적용해야 한다. 그리고 혹한/혹서기(-32℃~43℃)에도 엔진의 일발 시동이 가능해야 하고, 등화관제용 등화류를 반드시 장착해야 하며 트레일러 등 피견인차량을 야지에서도 견인할 수 있어야 한다.
아울러 수명 주기가 상용차량에 비해 길게 설정되고 유사시를 대비해야 하는 군 운용 특성상 정비를 처음 배우는 장병도 정비가 가능하도록 구조를 간단하게 하고 다른 표준차량과 주요 부품이 호환되도록 설계하여 후속 군수지원에 문제가 없어야 한다.
우리 군 표준차량의 변천
우리 군 기동차량의 역사는 창군기에 미군 기동차량(G계열)을 직접 도입, 운용한 것으로부터 시작되었고 6·25전쟁을 거치면서 1960년대까지는 일본에서 생산한 미군 원조 차량(J계열)들을 쓰다가 베트남 파병기부터 다시 미국제 차량(M계열)을 도입, 운용하였다. 그러다가 이들 차량이 노후되기 시작함에 따라 1970년대 중반부터는 국내 자체 개발을 추진하게 되어 1978년부터 본격적으로 K계열 기동차량들을 양산, 보급하기 시작하였고, 이 시기부터 규격과 부품 등의 표준화가 이루어져 ‘표준차량’이라는 개념이 정립되었다.
그 후 1997년 신형 ¼톤 차량(K131)을 전력화한 것을 시작으로 2003년부터 그 외 표준차량들의 성능을 개량하기 시작하였고, 2017년에는 소형전술차량을 전력화하기 시작하여 우리 군 기동차량의 일대 혁신에 본격적으로 착수하였다. 2019년부터는 중형표준차량 사업이 착수 예산 승인을 시작으로 본격 착수 예정이며 11월 8일에 우선 협상대상자 선정을 했다 아래부터는 우리 군의 표준차량의 변천사를 기술한다.
1) 2½톤 차량
우리 군의 2½톤급 차량은 창군기부터 미국 GMC G508 트럭을 도입, 운용하다가 6·25전쟁 후 1960년부터 토요타 J603 트럭을 미군 원조물자로 도입하여 1966년까지 전량 교체하였다. 이후 주한미군 일부 철수 및 주월사 철수 등으로 AMG제 M602 트럭 등 미국제 트럭을 도입, 운용하다가 1978년부터 아시아자동차에서 미국 M35 트럭을 기반으로 개발, 생산한 K511을 2½톤 표준차량으로 채택하여 본격적으로 미국제 트럭들을 대체하기 시작하였다. 1982년부터는 K512 정비샵밴, K513 유조차, K515 급수차 등 여러 계열차량들도 생산하기 시작하였으며 1994년에 들어 기존 미국제 트럭의 완전 대체를 완료하였다.
K511은 군은 물론 민간에서도 군용 트럭 하면 대부분 떠올릴 정도로 많이 알려져 있는 차량이며, 이 차량을 전력화하기 전에 미국에서 도입, 운용하던 M602 트럭의 영향으로 ‘육공(60)트럭’으로 많이 알려져 있다. 통상적으로 부대 및 운전병들 사이에서는 두돈반으로도 많이 불리며, AMG M35 트럭을 기반으로 개발되었으나 세세한 부분이 많이 다르다. 최초로 국내에서 생산, 전력화한 중형 군용 트럭이라는 의의가 있는 모델이지만 1950년대까지 거슬러 올라가는 구시대적인 설계와 노후화로 인하여 운용상의 애로점이 증가하게 되어 2003년 말부터 성능 개량형인 K511A1이 현재까지 생산, 보급중이고 차후 중형표준차량으로 점차 대체할 예정이다.
한국군의 K711A1 중형표준차량(사진 이치헌)
  2) 5톤 차량
5톤급 차량은 1950년 미국에서 GMC G509, G510, G116 트럭을 도입, 운용하다가 1966년까지 Mack M54 5톤 트럭과 M계열 특장차량들을 도입하여 대체하였고 이들 M계열 차량들은 90년대 중반까지 운용되었다. 1978년부터 아시아자동차에서 M54 트럭을 기반으로 개발, 생산한 K711을 5톤 표준차량으로 채택하여 본격 양산을 시작하였고 1982년부터는 동일 계열 특장차량들도 K71x 계열로 대체하기 시작했다.
K711은 흔히 M809 5톤 트럭을 기반으로 개발한 것으로 알려져 있지만 실상은 그보다 더 구형인 M54 5톤 트럭과 더 유사한 외관이며 M35 vs K511과 마찬가지로 세부적인 부분이 많이 다르다. 2½톤 트럭과 혼동하는 사람도 많지만 엄연히 급이 다른 차량이며, 2½톤 트럭을 가리키는 ‘육공트럭’과 구별하는 의미에서 초기에 쓰이던 GMC 차량의 영향으로 ‘GMC 트럭’으로 흔히 불린다. 일반적으로 보병 부대에서는 보기 어렵고 155mm 곡사포 견인용으로 포병 부대에서 많이 쓰인다.
K711 역시 구시대적인 설계와 노후화로 인하여 부품 수급 문제와 잔고장이 늘어나는 중으로, 2003년 말부터 성능 개량형인 K711A1이 현재까지 생산, 보급중이며 사령부급 이상 상급부대나 군수지원사령부 예하 수송부대 등에서는 민수용 9.5톤 트럭으로 대체하는 경우가 늘어나고 있다. 이 차량 역시 차후에 중형표준차량으로 대체할 예정이다.
전환기를 맞는 표준차량 - 소형전술차량과 중형표준차량 사업
앞에서 보았듯이 우리 군의 기동차량은 창군기 미군용 차량에서부터 무상원조로 도입된 일본제 J계열 차량과 70년대 미국제 M계열 차량을 거쳐 현재는 70년대 말부터 개발, 배치된 국산 차량들로 거의 대체되었고 21세기에 들어서는 성능 개량과 신차량 개발이 이루어지고 있다. 성능 개량 차량이 늘어나기는 했지만 아직까지도 야전에서는 구형 차량을 더 많이 운용중인 것이 현실이나, 신개념 표준차량의 개발이 진행되고 그 첫 번째 결실인 소형전술차량의 전력화가 진행중인 현 시점은 가히 표준차량의 전환기라 할 수 있다.
중형전술차량 사업
우리 군의 차기 중형전술차량 사업은 2006년 3월 육군본부의 긴급 소요제기로 시작되어 서울 국제항공우주방위산업전(ADEX)와 대한민국 방위산업전(DX Korea) 등 방위산업 전시회에 수 차례 시제차를 선보였으나 타당성 검토 등의 문제로 그동안 선행 연구와 사업 지연을 반복하고 있었다. 초기에 육군 당국은 방탄 차체를 적용한 전술차량과 차기 2½톤/5톤급 표준차량의 연구를 별도로 진행하다가 예산 및 부품 호환 등의 문제를 들어 지난 2015년 8월 양자를 통합 개발하기로 결정하고 한국국방연구원(KIDA) 소요분석, 국방부 소요검증과 선행 연구 등 절차를 거쳤으나 연구개발 예산이 반영되지 않아 사업이 무산될 위기에 처해 있었다. 그러다가 최근 육군이 도보부대를 기동화하는 것을 목표로 백두산 호랑이 4.0 사업을 추진하면서 중형표준차량 사업 역시 급물살을 타게 되었고, 군 당국은 2019년도 국방 예산에 14억 6천만원의 개발 착수비를 증액 편성하여 본격 연구개발에 착수하기로 결정하였다.
주한미군의 중형전술차량(사진 이치헌)
  중형표준차량 연구개발 사업은 차기 2½톤/5톤급 표준차량과 5톤급 방탄 표준차량의 기본 플랫폼을 개발하는 데 중점을 둘 예정이다. 현재 우리 군이 운용중인 2½톤/5톤급 표준차량은 성능 개량형조차 1950년대까지 거슬러 올라가는 설계에 약간의 개량 사양만을 추가한 정도이며, 차기 표준차량 사업이 표류하는 동안 선진국의 군용차량 발전 속도를 따라가지 못하여 격차가 크게 벌어졌다. 단적인 예로 우리 군과 유사한 보닛형 플랫폼의 차량을 운용하던 미군은 1996년부터 상용 트럭과 유사한 캡오버형 플랫폼의 FMTV(Family of Medium Tactical Vehicles) 시리즈를 전력화하여 현대 전장 요구 사항에 부응함과 동시에 차량 운용에 효율성을 기하였다.
뿐만 아니라 현재 운용중인 표준차량의 30%가 노후화되어 조속한 교체가 요구되고 있고, 육군의 계획대로 도보부대를 차량화하려면 기존 차량의 대체 수요 대비 더 많은 대수의 표준차량이 필요하다. 이에 육군 당국은 약 177억원의 예산을 투입하여 표준 플랫폼을 개발하고 2024년부터 약 1조 7천억원을 투입, 1만 1천여대의 중형 표준차량을 일선 부대에 배치할 계획이다.
차기 중형표준차량 개발의 요점은 야지 기동성과 안전성, 운용 편의성, 계열화를 들 수 있다. 야지 기동성 측면에서는 상용차량에서 검증된 엔진 및 파워트레인 성능과 CTIS, DL 등 현대 상용차량 기술을 적용한 사양을 이용하여 현용 표준차량에 비해 향상된 성능을 보일 것으로 확신하며, ABS 적용 풀 에어 브레이크와 전술 타이어, 적재함 좌석 안전벨트 등은 탑승 병력의 안전을 보장하게 될 것이다. 또한 캡오버형 플랫폼과 상용차량 기반의 운전 계기, 에어컨, 상당수의 상용차량과 호환되는 부품 등은 전근대적인 설계의 기존 표준차량에 비하여 개선된 운용 편의성을 제공할 요소로 꼽히며, 기본 플랫폼을 바탕으로 한 모듈화 설계로 다양한 계열차량을 만들 수 있게 될 것이다.
이제까지 기아자동차는 250~300마력 G엔진을 적용한 차기 2½톤/5톤급 표준차량과 420마력 H엔진을 적용한 5톤급 방탄 전술차량의 시제차를 공개해왔다. 그러나 상용차량 기술은 하루가 멀다 하고 발달하고 있으며, 기아자동차의 모기업인 현대자동차는 2019년 8월 신형 준대형트럭인 파비스(PAVISE)를 발표하고 시판에 들어갔다.
기아자동차는 현대의 파비스를 개조개량한 중형표준차량을 제안하고 있다(사진 이치헌)
파비스는 325마력 G엔진을 적용한 5.5~13.3톤급 트럭으로, 형태를 보면 차기 중형표준차량의 기본 차대로 유력한 모델이 될 것으로 예상된다. 선진 상용차량 기술 적용이 용이하여 개발 기간 단축과 비용 절감에 유리함은 물론 부품의 상당부분을 상용 모델과 공유하게 되어 유사시 부품 수급에도 큰 이점이 있을 것이다. 이 뿐 아니라 군용차량 전용 연구소와 생산라인을 수십년간 운영해온 점은 군용차량 업체로서 기아자동차의 최강점이라 할 수 있다.
다만 기본 차량 전력화 이후 계열차량의 전력화가 지연되는 일이 발생할 가능성이 있는데, 현용 표준차량의 경우도 개선형인 K511A1/K711A1의 계열차량들의 전력화 지연으로 인하여 계열차량의 베이스 차량으로 구형 차량을 한동안 병행생산해야 했던 문제가 있었다. 계열차량에 따라 시험평가 및 규격화를 별도로 거쳐야 하는 등의 문제가 있으므로 모든 계열차량을 기본 차량과 동시에 전력화하는 일은 어렵겠지만, 최대한 많은 종류의 계열차량을 기본 차량과 동시에 개발하여 전력화하는 것이 구형 차량 병행생산으로 인한 군수지원간 비효율을 줄이는 길일 것이다.
우리 군이 현재 추진중인 백두산 호랑이 4.0 사업 등에 따른 전술차량 수요가 급증할 것으로 예상되며  전근대적이고 노후화한 기존 표준차량의 대체는 매우 시급한 사안이 되었다. 과거에도 우리는 군 표준차량을 자체 개발 및 생산하여 왔고, 최근에 전력화중인 소형전술차량은 현대 상용차량 기술을 적용하여 군용차량의 일대 변혁을 시도하였다. 앞으로 추진할 중형표준차량 사업 역시 선진 상용차량 기술을 접목하여 개발될 것이며, 세계적 자동차 강국으로 꼽히는 대한민국에게 군 기동차량은 자동차 기술의 결정체가 될 것이라 믿어 의심치 않는다.
우리는 전투용으로 최적인 표준차량을 만들 능력을 분명 가지고 있고, 이를 야전에서 볼 수 있도록 하느냐의 여부는 군 당국의 의지에 달려있다.
[디펜스투데이]
Tag
#디펜스투데이
#밀리터리
#국방
#군사
#이슈분석
#현대병기
#획득무기
#무기백과
#디펜스TV
저작권자 © 디펜스투데이 무단전재 및 재배포 금지
이치헌 기자
다른기사 보기","{""센서/통신"": [""EMI""], ""무기/방어체계"": [""DE""], ""재료/제조"": [""ICL"", ""AM""], ""항공기"": [""전투기""]}",True,중형표준차량,2019-11,relevant,"이 기사는 한국군의 중형표준차량 사업 진행 현황을 다룹니다. 중형표준차량은 군 차량 전력화 계획의 일환으로, 11월 8일에 우선 협상대상자가 선정되었습니다. 따라서 이는 군사 기술의 전력화 단계로 볼 수 있습니다."
"한화시스템, 다출처 영상융합체계 체계개발 사업 수주",2019-10,http://www.defensetoday.kr/news/articleView.html?idxno=263,"한화시스템(대표이사 김연철)이 국방과학연구소 주관으로 2022년까지 진행되는 600억 원 규모 다출처 영상융합체계 체계개발 사업을 수주하며, 자주국방 강화의 핵심이 될 우리 군의 감시정찰 역량 확보에 힘을 보탠다.
다출처 영상융합체계는 상용/군사 위성, 유/무인 정찰기 등 주요 정찰 자산에 탑재된 센서를 통해 확보한 다양한 영상을 실시간 전천후로 수집하고 통합 분석 및 공유하는 시스템이다. 급변하는 안보환경 하에 우리 군이 검증된 정보 기반으로 자주적 작전 능력을 갖추도록 구축 필요성이 대두되어 왔다.
한화시스템 CI (사진: 한화시스템)
한화시스템은 작년 12월 800억 원 규모의 군사정보통합처리체계(MIMS) 성능개량 사업에 이어 다시 한 번 대형 국방 SI 프로젝트 수주에 성공하며, ICT부문의 시스템 통합 역량과 시스템부문의 센서 및 지휘통제통신 기술력을 결합하는 합병 시너지 성과를 계속 이어가게 됐다.
우리 군은 다출처 영상융합체계가 구축되면 센서 별 영상 데이터를 개별 분석하던 기존에 비해 동일 지역에 대한 각기 다른 영상 정보도 자동으로 융합, 비교할 수 있어 보다 정확하고 효율적인 위협지역 및 표적 탐지, 상황 파악이 가능해진다. 또한 신속한 정보 분석과 공유, 활용을 통해 독자적인 감시 정찰 및 작전 수행 능력이 크게 향상될 것으로 예상된다.
국방과학연구소와 한화시스템은 이번 사업을 위해 영상 데이터 융합 및 분석에 필요한 모든 기술을 개발한다. 이를 위해 국내외 영상 처리 분야 선도 기업들과 협력하는 것은 물론이고 해외에서 운용 중인 영상처리 선진 기술도 활용함으로써, 우리 군의 요구사항에 부응하는 핵심 기술을 제공해나간다는 계획이다.
한화시스템 김연철 대표이사는 “한화시스템은 이번 사업 수주로 미래전장에 대비한 국방SI 사업에 최적화된 기술력과 사업경험을 다시 한번 입증했다”라며, “글로벌 방산전자 역량과 ICT 분야 일류 기술력을 십분 활용해 사업을 성공적으로 완료함으로써, 우리 군의 감시정찰 역량 강화에 기여해나가겠다”고 밝혔다.
저작권자 © 디펜스투데이 무단전재 및 재배포 금지
이승준 기자
다른기사 보기","{""AI/컴퓨팅"": [""ICT""], ""센서/통신"": [""지휘통제""]}",True,다출처 영상융합체계,2022,relevant,"이 기사는 다출처 영상융합체계의 체계개발 사업 수주에 대해 다루고 있습니다. 해당 시스템은 2022년까지 개발될 예정이지만, 아직 실제 배치 시점은 언급되지 않았습니다."
"한화시스템, 항공 SW 분야 글로벌 경쟁력 입증",2019-10,http://www.defensetoday.kr/news/articleView.html?idxno=259,"한화시스템(대표이사 김연철)이 국내 업체 중 최초로 항공전자용 소프트웨어 개발 툴 부문 국제표준인증인 *RTCA/DO-330에서 최고의 안정성을 의미하는 *TQL-1 레벨을 획득했다.
*RTCA(Radio Technical Commission for Aeronautics): 항공 규격을 생성하는 비영리법인으로 항공기와 항공기 전자시스템 관련 기술을 발전시켜 공익을 증진시키기 위한 목적으로 설립
*TQL(Tool Qualification Level): 도구 자격 수준으로 1 ~ 5단계 중 1 단계가 최고
한화시스템 항공SW 개발도구 국제표준인증 최고레벨 획득 (사진: 한화시스템)
RTCA/DO-330은 항공기용 소프트웨어/하드웨어 개발을 위한 소프트웨어 도구의 안정성을 평가하는 전 세계 표준 지침으로 사용되고 있다. 이번에 본 인증에서 최고 레벨 인증을 획득한 도구는 한화시스템이 자체 개발한 HS-A661UAGEN으로, 항공기 탑재 디스플레이용 HMI(Human Machine Interface) 개발 툴이다. 국내 최초로 항공기 업계 HMI 표준인 *ARINC 661을 적용해 첨단 전투기용 계기판을 위한 고사양의 그래픽 애플리케이션 구현을 가능하게 한다.
*ARINC 661: 항공기 디스플레이 시스템의 HMI 정의와 통신 프로토콜을 정의한 국제 표준
항공기 소프트웨어/하드웨어 개발 및 검증용 소프트웨어 도구는 오류가 있으면 항공기 소프트웨어/하드웨어의 자체 결함을 초래할 수 있고, 심각한 경우 추락의 위험으로 이어질 수도 있다. 이에 해외에서는 RTCA/DO-330 인증이 필수로 인식되고 있으며, 특히 미연방항공국(FAA)은 상용 목적으로 미 영공을 운항하는 민항기는 본 지침을 반드시 준수해야 한다고 규정하고 있다.
한화시스템은 이번 인증 획득을 통해 한국형전투기 KF-X 및 소형무장헬기(LAH)용 첨단 임무 센서와 항전 시스템의 국내 개발에 참여하며 강화해온 항공전자분야 기술력을 소프트웨어 분야까지 확대할 수 있게 됐다.
또한 현재 ARINC 661 표준에 기반한 자체 그래픽 소프트웨어인 HS-A661CDS 역시 RTCA/DO-178C *DAL-A 인증을 진행 중으로, 연내 최종 감사가 완료되면 소프트웨어와 개발 툴을 통합한 솔루션을 통해 우리 군이 운용 중인 전투기를 위한 대체 수요 분야 및 해외 시장 공략을 본격화할 계획이다.
*DAL(Design Assurance Level): 소프트웨어 인증수준으로 A ~ E단계 중 A가 최고 수준
한화시스템 이용욱 연구개발본부장은 “이번 인증 획득은 한화시스템의 항공전자분야 글로벌 기술 경쟁력을 입증하는 좋은 사례이다”라며, “한화시스템이 자체 개발한 항공기 디스플레이용 시스템 소프트웨어와 개발 도구는 핵심 항공 SW의 해외 제품 대체는 물론, 국내 항전 장비의 성능 향상에도 기여할 것으로 기대된다”라고 말했다.
저작권자 © 디펜스투데이 무단전재 및 재배포 금지
신선규 기자
다른기사 보기","{""우주/위성"": [""ISS""], ""AI/컴퓨팅"": [""AR""], ""센서/통신"": [""RF""], ""무기/방어체계"": [""DE""], ""작전/전술"": [""ACE""], ""항공기"": [""전투기""], ""해양/기상"": [""TC""]}",True,항공 소프트웨어 개발 도구,2019-10,relevant,이 기사는 한화시스템이 항공기 탑재 소프트웨어 개발 도구인 HS-A661UAGEN을 개발하고 국제 표준 인증인 RTCA/DO-330의 최고 등급인 TQL-1 레벨을 획득했다는 내용입니다. 이를 통해 항공전자 분야의 기술 경쟁력을 입증했다고 합니다. 이는 상용화 및 전력화와 관련된 기술 개발 및 품질 향상 내용을 다루고 있습니다.
"록히드마틴, C-130J 슈퍼 허큘리스 수송기 200만 누적 비행 시간 달성",2019-10,http://www.defensetoday.kr/news/articleView.html?idxno=255,"록히드마틴은 10월 17일, C-130J 슈퍼 허큘리스 수송기의 누적 비행 시간이 200만 시간에 도달했다고 밝혔다. 이는 1996년 4월 5일 초도 비행을 시작으로 2019년 7월까지의 비행 시간을 추산한 결과다.
한국에서 운용 중인 록히드마틴 C-130J 슈퍼 허큘리스 수송기 (사진: 록히드마틴)
18개 국가의 22개 군이 C-130J 슈퍼 허큘리스를 전투, 공수, 공중 급유, 특수 작전 수행, 의무후송, 인도적 구호, 탐색 구조, 기상 정찰, 공중 소방, 상용 화물 수송 등 다양한 임무에 활용하며 200만 비행 시간을 달성하는데 기여했다.
록히드마틴 공중 기동 및 해상 임무 사업부문 부사장 및 총괄 매니저 로드 맥린(Rod McLean)이 매년 미국 조지아주 애틀란타시에서 C-130 운용 군 및 업계 관계자들을 위해 열리는 허큘리스 운용 컨퍼런스(Hercules Operators Conference)의 금년 행사에서 이번 성과에 대해 발표했다.
한국에서 운용 중인 록히드마틴 C-130J 슈퍼 허큘리스 수송기 (사진: 록히드마틴)
맥린 부사장 및 총괄 매니저는 “C-130J는 전 세계 항공 업계의 역군으로서 긍정적인 명성을 얻어왔으며, 이번 성과로 C-130J 슈퍼 허큘리스는 전 세계에서 필적할 수 없는 서비스 영역을 다시금 입증할 수 있게 되었다”고 말했다. 이어서 “이번 기록은 그들이 비행하는 매 임무와 함께 C-130J의 입증된 성능과 다양성을 계속 증명해내는 조종사들 덕분에 이루어낼 수 있었다. 록히드마틴은 모기지 인근과 전 세계에서 C-130J에 의존하여 주요 임무를 완수하는 슈퍼 허큘리스 조종사들을 매우 자랑스럽게 생각한다”며 감사를 표했다.
C-130J 및 군용 파생 기종들을 운용하며 이번 비행 시간 기록 달성에 기여한 국가는 다음과 같다 (항공기 인도 순): 영국, 미국(미 공군, 해병대 및 연안 경비대), 오스트레일리아, 이탈리아, 덴마크, 노르웨이, 캐나다, 인도, 카타르, 이라크, 오만, 튀니지, 이스라엘, 쿠웨이트, 대한민국, 사우디아라비아, 프랑스, 바레인 등이 있다. 이 결과는 또한 매 C-130J 생산 후 초도 비행을 담당하는 록히드마틴 비행운영 부서 조종사들의 누적 비행 시간도 포함한 수치이다.
록히드마틴 로고 (사진: 록히드마틴)
미 공군이 현재 가장 많은 C-130J 슈퍼 허큘리스를 보유하고 있다. 미 공군의 슈퍼 허큘리스는 공중기동사령부, 공중전투사령부, 교육훈련사령부, 특수작전사령부, 주 방위공군, 공군 예비군 등 다양한 부서에서 운용되고 있다. 이 밖에도, 국방계약관리국(DCMA) 조종사들이 C-130의 생산지인 조지아주 마리에타 록히드마틴 항공 생산공장에서 C-130J의 시험 비행을 지원한다.
C-130J 슈퍼 허큘리스는 유구한 역사를 자랑하는 C-130 허큘리스 모델의 현재 생산 모델이다. C-130J 슈퍼 허큘리스에 대한 더 자세한 정보는 관련 홈페이지에서 확인할 수 있다.
저작권자 © 디펜스투데이 무단전재 및 재배포 금지
이승준 기자
다른기사 보기","{""연구/프로그램"": [""ORS""], ""항공기"": [""Hercules"", ""C-130""], ""함정/항공기"": [""Hercules""]}",True,C-130J 수송기,,relevant,"이 기사는 록히드마틴이 개발한 C-130J 수송기의 누적 비행 시간 200만 시간 달성을 다루고 있습니다. 다양한 국가들이 C-130J를 운용하며 이 기록 달성에 기여했다고 언급되어 있어, 상용화 및 전력화 현황을 간접적으로 확인할 수 있습니다. 다만 구체적인 배치 시점은 제공되지 않습니다."
"2함대 영주함, 만다라트 계획표로 장병 자기계발 독려",2019-10,http://www.defensetoday.kr/news/articleView.html?idxno=230,"해군 제2함대사령부(이하 ‘2함대’) 영주함이 승조원 총원을 대상으로 만다라트 계획표를 만들어 장병들의 자기계발을 독려하고 있다.
  2함대 영주함, 2019년 초 전 승조원이 참여한 만다라트 계획표 만들어 자기계발 적극 독려하고 있다. (사진: 해군 2함대)
“연꽃 기법”이라고도 불리는 만다라트는 하나의 주제에 대해 하위 주제를 설정한 뒤 이를 다시 세분화해 가시화하는 기법으로, 주로 특정 목표를 달성하기 위한 계획표를 만들 때 적용된다. 영주함은 올 1월 새 해를 맞아 승조원 모두가 한 해를 더욱 보람차게 보내자는 취지에서 만다라트 계획표에 개인 별 연간 목표를 작성토록 한 뒤 함정 내부에 전시했다.
장병들은 매일 자신의 계획표를 보며 바쁜 일과 중에도 시간을 내어 자기계발을 게을리 하지 않았다. 그 결과 현재까지 영주함 승조원이 취득한 자격증이 무려 40여 개에 이른다. 국가기술 자격증부터 한자, 회계실무, 심리상담사, 소믈리에 자격증까지 그 종류도 다양하다. 
뿐만 아니라 영주함은 「만다라트 성과측정 위원회」를 주기적으로 개최해 개인이 달성한 목표가 부대발전에 기여한 정도와 목표달성에 소요되는 시간·노력의 정도에 따라 포상을 하고 있어 장병들은 더욱 성취감을 느끼며 하루하루를 알차게 보내고 있다.
 
“만다라트 계획표”를 고안한 영주함장 강상용 중령은 “그저 말로만 자기계발을 독려하는 것 보다 가시적인 계획표를 작성해 승조원 모두가 참여하게 하니 효과가 크다”면서 “우리 영주함은 승조원 한명 한명의 역량 강화가 부대 전비태세 향상으로 이어질 수 있도록 앞으로도 만다라트 계획표를 적극 실시하겠다”고 밝혔다.
저작권자 © 디펜스투데이 무단전재 및 재배포 금지
이승준 기자
다른기사 보기",{},True,,,relevant,"이 기사는 해군 2함대 영주함에서 실시하고 있는 만다라트 계획표를 통한 장병 자기계발 활성화 사례를 다루고 있습니다. 군 내부의 인력 관리 및 교육 정책에 대한 내용이지만, 구체적인 군사기술 개발이나 상용화와는 관련이 없습니다."
"기아자동차, 軍 차세대 중형표준차량 개발 사업 참여",2019-10,http://www.defensetoday.kr/news/articleView.html?idxno=221,"기아차가 지난 40여년 간 축적해 온 차별화 된 기술력을 바탕으로 차세대 군용차량 개발 사업에 참여한다.
현재 개발 중인 차세대 중형표준차량 (사진: 기아자동차)
기아자동차㈜는 우리 군의 차세대 군용차량 개발 사업인 ‘중형표준차량 및 5톤 방탄킷 차량 통합 개발용역’ 사업에 참여 제안서를 제출했다고 9월 27일(금) 밝혔다. 이와 함께 현재 개발 중인 차세대 중형표준차량 및 5톤 방탄킷 차량 이미지도 공개했다.
이번 ‘중형표준차량 및 5톤 방탄킷 차량 통합 개발용역’ 사업은 군이 2024년 양산을 목표로 올해부터 5년간 약 177억원을 투자, 현재 운용 중인 2½톤과 5톤 군용 표준차량을 대체하고 5톤 방탄차량을 신규 개발하는 대규모 사업이다.
현재 개발 중인 차세대 중형표준차량 이미지 (사진: 기아자동차)
그동안 국내 유일의 군용차량 전문업체로서 군용차량의 현대화에 기여해 온 기아차는 장기간에 걸쳐 이번 사업을 준비해 왔다.
2008년 중형표준차량 콘셉트 차량 제작을 시작으로 자체 연구 개발을 진행해왔으며, 특히 이번 사업 참여를 위해 현대차와 긴밀하게 협업, 준대형 신형 트럭 ‘파비스(PAVISE)’를 기반으로 한 중형표준차량 개발에 힘써왔다.
최근 공개된 ‘파비스’는 경제성, 실용성은 물론 넓은 적재공간, 첨단 안전사양 등을 갖춘 신차로, 기아차가 개발 중인 차세대 중형표준차량은 ▲7리터급 디젤 엔진 및 자동변속기 ▲ABS 및 ASR ▲후방주차보조 ▲첨단 운전자 보조 시스템 등 ‘파비스’에 적용된 사양들을 대거 탑재하게 된다.
현재 개발 중인 차세대 5톤 방탄킷 차량 이미지 (사진: 기아자동차)
이 같은 우수한 상품성을 바탕으로 ▲기동성 향상을 위한 컴팩트 설계 ▲4×4, 6×6 구동 적용 ▲전술도로 운영에 최적화 된 회전반경 구현 ▲영하 32℃ 시동성 확보 ▲하천 도섭(渡涉) 능력 강화 ▲야지 전용 차축 및 최신 전자파 차폐기술 적용 ▲프레임 강도 보강 등 기아차만의 차별화 된 군 운용 특수사양과 기술을 대거 적용할 계획이다.
중형표준차량과 마찬가지로 ‘파비스’를 기반으로 신규 개발되는 기아차의 5톤 방탄차량은 ▲강인한 디자인의 방탄 캐빈 및 적재함 ▲손쉬운 무기장착이 가능한 구조를 적용해 실전에서 높은 생존성 확보에 크게 도움을 줄 것으로 기대된다.
기아차는 차량 개발과 함께 국내외 방산전시회 출품, 군 부대 소개 등을 진행해왔으며, 특히 군의 전투실험에도 여러 차례 참가하는 등 군의 니즈를 차량 개발에 적극 반영하기 위해 선제적인 노력을 기울여 왔다.
기아차는 이번 중형표준차량 및 5톤 방탄킷 차량 통합 개발용역 사업 참여를 통해 군의 기동성, 생존성 및 야전 운용능력 향상에 기여하는 한편, 장기 공급 운영체계를 구축해 안정적인 공급과 각종 설계 변경, 성능 개량 등 사업의 연속성 확보에도 주력한다는 방침이다.
특히 국내에서 유일하게 상용 및 군용차량 분야의 연구 인력 및 시설을 모두 갖추고 있어, 향후 계열차 및 후속차 개발 등에 있어 최적의 대응이 가능할 것으로 기대된다.
기아차 관계자는 “이번 사업제안서 제출을 계기로 그동안 축적해 온 군용차량 연구개발 노하우와 경험, 최신 상용차량 기술을 결집하여 군의 기대에 부합하는 차별화된 중형표준차량을 선보일 것”이라고 말했다.
한편, 기아차는 그동안 다양한 군용차량 제작을 통해 기동장비 분야의 한 축을 담당해 왔으며, 최근에는 대한민국 육군에 최적화 된 소형전술차량을 개발해 2016년부터 실전에 배치해 왔다.
뿐만 아니라 해외 20여 개국에 23,000대가 넘는 군용차량을 수출하는 등 우수한 상품성을 바탕으로 대한민국을 대표하는 군용차량 생산업체로서 자리매김해왔다.
향후에도 기아차는 지속적인 연구 개발을 통해 차별화 된 기술력을 확보하고 이를 통해 국내는 물론 글로벌 시장을 겨냥한 다양한 차량을 선보이는 등 국내외에서 군용차량 전문 생산업체로서의 기반을 공고히 한다는 방침이다.
이와 별도로 자율주행, 전기차, 수소전기차 등 미래차 기술을 군용차량에 접목하기 위한 선행 연구를 군과 협업하는 등 우리 군의 미래 지상 전투체계 발전을 위해 군과 다각적인 협의를 지속적으로 이어나갈 계획이다.
저작권자 © 디펜스투데이 무단전재 및 재배포 금지
이승준 기자
다른기사 보기",{},True,차세대 중형표준차량 및 5톤 방탄킷 차량,2024-01,high,기사에서 군이 2024년 양산을 목표로 중형표준차량 및 5톤 방탄킷 차량 통합 개발 사업을 진행 중이라고 언급하고 있습니다. 차량의 구체적인 기술 사양도 제시되어 있어 관련성이 높고 신뢰할 수 있는 정보라고 판단됩니다.
"국토교통부, 드론 전용비행시험장 시범운영",2019-10,http://www.defensetoday.kr/news/articleView.html?idxno=219,"국토교통부(장관 김현미)는 드론 제작·활용기술의 개발을 종합적으로 지원하는 드론 전용비행시험장을 강원영월, 충북보은, 경남고성 3개소에서 시범운영한다고 밝혔다.
시범운영 기간은 2019년 9월 30일부터 2020년 4월 30일(7개월간)까지이며 2020년 5월에 본격 운영할 예정이다.
강원,영월 원거리･비가시권에 특화된 비행시험 가능 (사진: 국토교통부)
드론의 연구개발과 상용화를 위해서는 시제기의 비행성능, 안전성 등 다양한 시험·검증이 필요하나 그간 이를 전문적으로 지원하는 시설은 없었다.
이에 국토부는 2017년 기획연구를 통해 드론 전용비행시험장 구축 계획을 마련하고 2018년 영월·보은·고성 3개소 착공, 2019년 인천·화성 2개소 설계용역 등 권역별 드론전용비행시험장 구축을 추진해 왔다.
충북보은 산악수색‧산림방재 등 산악지형에 특화된 비행시험 가능 (사진: 국토교통부)
이달 영월 등 3개소에 이착륙장, 비행통제센터, 정비고, 데이터분석시스템 구축이 완료됨에 따라 드론 제작업체 등은 전문장비를 지원받아 비행시험, 안전성 실험 등을 실시할 수 있게 되었다.
비행시험장은 이번 시범운영기간 동안 드론 업계, 연구기관 등이 쉽게 이용할 수 있도록 무료 개방하고 업체의 기술개발이 편리하도록 사무공간, 회의실, 휴게실 등 지원시설도 제공할 예정이다.
비행시험장 사용을 희망하는 업체나 대학교 등에서는 운영기관인 항공안전기술원 홈페이지 ‘비행공역 예약사이트(메인화면>드론안전>공역예약)’를 통해 신청이 가능하다.
경남고성 활주로 구축으로 고정익 드론 등의 비행시험 가능 (사진: 국토교통부)
  신청 시 시험일자, 기체, 조종자, 비행경로 등의 정보 확인을 위해 ① 비행계획서, ② 제원표, ③ 성능검사표를 제출하고 운영센터 내 설치된 ‘시뮬레이션’을 통해 주변지형을 확인하여 실제 비행 시 ‘표준운영절차(비행절차 등)’에 따라 실시하면 된다.
레이더 등을 통해 수집된 시험결과의 확인서 발급이 가능하며 정지추력시험 등 지상시험시설을 통해 기체가 다양한 기상조건에서도 성능을 발휘할 수 있는지 확인할 수 있다.
앞으로 시범운영 결과를 반영하여 비행시험 절차 등 운영매뉴얼을 수정·보완하고 2020년 5월‘드론법’ 시행에 맞춰 본격 운영할 예정이다.
국토교통부 첨단항공과 오원만 과장은 “드론 전용비행시험장 운영을 통해 드론 제작업체 등이 개발한 기술을 현장에서 직접 실험하고 성능검증을 확인할 수 있게 됨에 따라 드론분야 기술개발 및 활용에 상당한 도움이 될 것”이라며 “앞으로 항공안전기술원, 지자체 등과 협력하여 다양한 실험이 이뤄질 수 있도록 적극 지원할 계획”이라고 말했다.
저작권자 © 디펜스투데이 무단전재 및 재배포 금지
이치헌 기자
다른기사 보기",{},True,드론 전용 비행시험장,2020-05,relevant,"이 기사는 드론 개발 및 시험을 위한 전용 비행시험장의 시범운영 및 향후 본격 운영 계획을 다루고 있습니다. 이는 군사 기술의 상용화와 관련되며, 2020년 5월부터 본격 운영될 예정입니다. 기사에서는 드론 전용 비행시험장의 핵심 기능과 활용 계획이 구체적으로 설명되어 있으므로 관련성과 품질이 모두 높습니다."
"KAI, 민수 무인헬기 초도비행 성공…무인화 기술 입증",2019-10,http://www.defensetoday.kr/news/articleView.html?idxno=208,"한국항공우주산업㈜(KAI)은 자체 R&D 투자로 개발 중인 수직이착륙 무인헬기 NI-600VT (Night Intruder-600 Vertical Take off & Landing) 초도비행에 성공했다고 밝혔다.
 9월 24일 전남 고흥항공센터에서 진행된 초도비행에서 NI-600VT는 제자리비행(Hovering)과 좌우 방향 전환을 수행하며 비행조종성능과 안정성을 확인했다.
엔진런 중인 민수 무인헬기 (사진: KAI)
 이번 초도비행에 성공한 NI-600VT는 2인승 상용 유인헬기를 개조해 무인화한 600kg급 수직이착륙 무인헬기로 자동비행제어, 항공전자 등 핵심 시스템은 모두 KAI의 독자기술로 개발됐다.
 비행조종컴퓨터와 각종 센서, 데이터링크와 같은 비행필수장비를 다중화하여 운용안전성을 높였고 비상상황에서도 자동으로 위치를 파악하여 기지로 복귀가 가능하다.
KAI는 2015년부터 고객 요구도 분석을 통해 수직이착륙 무인기에 대한 미래 수요에 대비하여 2016년 무인화 후보기종 선정, 2017년 기술시범기 개발에 착수해 2년 만에 무인비행에 성공했다.
 
 NI-600VT는 총중량 600kg급으로 민간 무인헬기로는 국내 최초 항공안전법에 따라 국토교통부로부터 올해 7월에 특별감항증명을 획득하고, 8월에 부산지방항공청으로부터 비행허가 승인을 받았다.
초도비행 중인 민수 무인헬기 (사진: KAI)
 NI-600VT는 올해 1단계 개발을 마무리 짓고 내년부터 2단계 후속개발을 통해 함상 자동이착륙 능력 등을 확보하여 운용능력을 고도화 할 계획이다.
 수직이착륙 무인헬기는 활주로 없이 자유롭게 이착륙할 수 있어 산악/해상 감시정찰, 실종자 수색, 화물운송 등 고객 요구에 따라 다양한 활용이 가능하다.
KAI는 훈련기, 경공격기, 헬기 및 무인기 등 다양한 항공기 개발 경험과 이번 유인헬기 무인화 개발성공을 통해 향후 고정익 및 회전익 항공기 무인화 개조가 가능한 독자적인 원천기술을 보유함으로서 국내 무인기 기술과 산업을 선도해 나갈 계획이다.
 ‣ 또한, 국과연 주관의 장기체공이 가능한 고정익무인기 체계개발사업에 참여하고 있으며 자폭형무인기, 무인전투기 등 차세대무인기 개발을 위한 지속적인 대규모 자체투자 선행연구를 통해 점차 제품군을 확장하여 미래시장의 다양한 수요를 대비할 계획이다.
저작권자 © 디펜스투데이 무단전재 및 재배포 금지
이치헌 기자
다른기사 보기","{""무인체계"": [""수직이착륙""], ""AI/컴퓨팅"": [""AI"", ""LAN""], ""무기/방어체계"": [""DE""], ""항공기"": [""전투기"", ""무인전투기""], ""방산기업"": [""KAI""]}",True,수직이착륙 무인헬기,2019-07,relevant,해당 기사는 KAI에서 개발 중인 수직이착륙 무인헬기 NI-600VT의 초도 비행 성공을 다루고 있습니다. 해당 무인헬기는 2019년 7월 특별감항증명을 획득하고 8월에 비행허가를 받아 전력화가 진행되고 있는 것으로 확인됩니다.
"대한항공, ‘하이브리드 드론’ 중소기업과 협력 생산",2019-08,http://www.defensetoday.kr/news/articleView.html?idxno=147," 대한항공은 부산시와 2018년 12월 체결한 드론산업 육성 상호협력 일환으로 ‘하이브리드 드론’ 생산체계 구축을 위해 중소기업 협력업체들과 손을 맞잡는다.
 대한항공은 8월 22일 부산 강서구 테크센터에서 김인화 대한항공 항공우주사업본부장, 김용수 연합정밀 대표이사, 강범수 피앤유드론 대표이사 등이 참석한 가운데 하이브리드 드론 생산체계 구축을 위한 양해각서(MOU)를 체결했다.
왼쪽부터 연합정밀 김용수 대표, 대한항공 김인화 항공우주사업본부장, 피앤유드론 강범수 대표가 MOU 체결 후 기념 촬영을 하고 있다. (사진: 대한항공)
 이번 양해각서는 대한항공이 2017년 6월부터 자체 개발한 하이브리드 드론을 주문자 상표 부착생산(OEM) 방식으로 생산하기 위해 협력업체의 기술 수준 및 품질/생산관리 체계를 진단하고 제품 상용화에 필요한 각종 기술을 지원하는 것이 주요내용이다.
 대한항공이 개발한 하이브리드 드론은 내연기관과 배터리를 결합한 하이브리드 엔진을 장착해 2시간 이상 체공할 수 있으며, 동력원 이중화로 생존성을 향상하였다. 또한 주통신채널인 LTE대역과 보조채널 ISM(Industrial Scientific Medical, 2.4Ghz)대역 주파수를 사용하여 가시권의 수동조종 기능 뿐 아니라 비가시권의 자동항법도 가능하여 다양한 영역에서 임무 수행이 가능하며 통신 두절이나 엔진정지 등 비상상황시 미리 선정한 안전지대로 자동으로 이동, 착륙도 가능하다. 이 드론은 군용으로도 사용 가능하다.
하이브리드 드론 이미지 (사진: 대한항공)
 2시간 이상 비행이 가능한 민간용 드론은 늘어난 운영시간을 바탕으로 광범위한 지역에서 수원지 및 환경감시, 시설물 안전진단, 긴급수송, 항만관리 등의 임무를 수행하게 된다.
 대한항공은 금년 5월 하이브리드 드론 비행체 2대를 부산시에 납품하였다. 이후  하이브리드 드론의 제품 상용화 기반 구축과 병행하여 설계최적화를 통한 운영능력 및 원가 경쟁력을 향상시키고, 다양한 공정검증과 테스트로 신뢰성 강화 노력들을 이어갈 예정이다.  드론 구성품은 국가통합인증 및 국토부의 안전성 인증을 추진중에 있다.
 대한항공은 이번 협약식을 계기로 드론 전문업체 육성, 기술개발 지원, 관련 일자리 창출등 4차 산업혁명의 주요 분야로 부각되고 있는 드론 관련 산업생태계를 구축하고 궁극적으로는 대기업과 중소기업이 동반성장하고 상생하는데 큰 기여를 할 것으로 전망하고 있다.
 대한항공은 1990년대 후반부터 무인기개발에 집중투자한 결과 사단정찰용 무인기, 중고도 정찰용 무인기, 수직이착륙 무인기 및 500MD 무인헬기, 저피탐 축소형 무인기 등 무인기 개발업체로 위상을 높여 가고 있다.
저작권자 © 디펜스투데이 무단전재 및 재배포 금지
이승준 기자
다른기사 보기","{""무인체계"": [""수직이착륙""], ""센서/통신"": [""LTE""]}",True,하이브리드 드론,2019-08,high,"이 기사는 대한항공이 중소기업과 협력하여 하이브리드 드론을 생산할 계획을 다루고 있습니다. 하이브리드 드론의 기술적 특징과 용도, 상용화 계획 등이 구체적으로 언급되어 있어 군사 기술의 상용화와 관련이 높습니다."
"국내 총기 출발점 S&T 모티브",2019-08,http://www.defensetoday.kr/news/articleView.html?idxno=131,"글로벌 소구경 화기 제조업체 S&T모티브는 1973년 국방부 ‘조병창(造兵廠)’으로 출발해 2006년 S&T그룹으로 편입됐다. 대한민국 자주국방의 효시(嚆矢)로서 국산 소총을 개발하며 완전 국산화된 방산물자로 만들어왔다. 과거, 월남전을 계기로 우리 군(軍)에 보급된 미국의 M16, M16A1 등 소총들은 우리 체형과 맞지 않아 사격에 어려움이 있었다.
K시리즈는 우리 체형에 맞고 성능도 더 뛰어난 우리만의 화기들을 개발하자는 취지에서 만들어졌다. 이후 S&T모티브는 지금까지 K1A 기관단총부터 K-15 경기관총까지 개발 및 생산을 진행하고 있다.
육군의 ‘워리어 플랫폼’사업에서는 기존의 K1A 기관단총에 각종 특수장비를 장착하여 사격 명중률등 개인 전투력 발휘를 증가시키는데 주안점을 두고 있다. 이에 따라 S&T모티브는 특수장비 장착을 위해 기존 총열덮개를 피카티니 레일 일체형 총열덮개로 변경하고, K2C1 소총에서 채택됐던 전방 손잡이와 조절식 개머리를 적용했다.
S&T모티브에서 개발해서 2020년부터 일선부대에 배치될 K-15 경기관총이다. (사진 : 디펜스투데이)
개머리 변경을 위해 붙는 컨버터도 함께 장착했다. S&T모티브 관계자는 “전방손잡이 부착을 통한 이동 성 및 전투력을 증가시키고, 조절식 개머리를 통한 견착 편의성을 확보해 사격충격을 흡수함에 따라 명중률을 높일 수 있다”고 밝혔다. 2018년 DX코리아 전시회에서는 ‘워리어 플랫폼’ 사업을 통해 새롭게 개선된 K1A 워리어 플랫폼 버전을 전시했다. 신형 5.56mm K2C1 소총은 K2를 개선한 화기다. 기존 K2 소총의 개머리 뭉치와 총열덮개 부분을 개량한 것이 특징이다. 개머리 부분을 접철 및 5단계 조절식으로 개선해 펼쳤을 때 전장이 1,014mm로 기존 K2 소총 대비 34mm를 늘일 수 있게 만들었다.
K2 소총 생산을 시작한지 30년이 흐르는 동안 신세대 병사들의 키가 커졌다는 점을 반영해 개량형에는 병사의 신장에 따라 개머리 길이를 늘이거나 줄일 수 있는 신축형 개머리 뭉치를 부착했다. K2C1 소총의 규격과 내부구조는 기존 소총과 동일하다.
S&T모티브는 정보통신기술의 발달에 맞춰 독자개발한 KSPW(Korea Special Purpose Weapon, 이하 KSPW)도 개발했다. KSPW는 기존의 총기 개념에서 탈피해 전방에 장착된 카메라와 K5 권총을 이용, 총구를 꺾어서 벽이나 참호에 숨어 적을 공격할 수 있다. 사수는 총몸에 장착된 모니터를 통해 카메라에서 촬영되는 영상을 볼 수 있으며, 이는 통신망으로 전송돼 원거리에서 작전지휘를 할 수 있다. KSPW는 총구를 좌우로 최대 60도까지 꺾어서 전기식 스위치를 통해 사격을 할 수 있고, 총기전방에는 플래쉬를 장착해 야간에도 사격이 가능하다.
특히 적정 물리력을 갖춘 비살상용 권총의 개발되고 있다. 국내 최초로 개발되는 리볼버 타입의 권총으로써 현재 경찰에서 사용하고 있는 권총을 대신해 살상력을 낮추며 상대를 제압할 수 있다. 비살상용 권총은 스마트기술의 총집합체다. 총기 블랙박스라 불리는 스마트 모듈을 통해 발사된 시점의 위치, 사격정보가 모두 저장돼 확인 가능하다. 공포탄, 비살상탄, 9mm 실탄 등 세 종류의 탄을 사용자가 상황에 맞게 선택해 쓸 수 있으며, 비살상탄으로는 총기 사용의 위험도 최소화시켰다. 대한민국 성인 표준 손크기에 맞도록 손잡이를 설계한 한국형 권총으로 재빠른 조준과 사격이 가능하도록 했다.
비살상용 권총은 민군협력사업으로 민군센터에서 지원해 2016년부터 S&T모티브, 경찰청, 풍산, 베라시스 등과 한양대학교가 함께 개발을 진행하고 있으며, 2020년 개발 완료를 목표로 하고 있다.
한국형 12.7mm 대물 저격용 소총은 더욱 파괴력 있는 장거리 저격을 위해 개발되고 있다. 대물 저격용 소총은 장거리 저격뿐만 아니라 원거리에서 적진지 파괴, 전차 및 장갑차의 핵심부품을 공격한다. 12.7mm 대구경탄을 이용해 최대 사거리 1,800m까지 철갑을 뚫고 피해를 입힐 수 있다. 원거리 교전을 위해 23배율 이상의 조준경을 채택할 예정이며, 총구에 반동을 줄이기 위한 제퇴기 도입과 총열 냉각이 빠른 헤비배럴(heavy barrel)도 적용했다. 또한 길이 조절, 접철이 가능한 개머리 뭉치로 사용자의 견착성과 휴대성을 도모했다. 이와 함께 군의 요구에 따라 플라스틱 신소재를 대량 도입해 강도는 유지하면서도 무게는 줄여 나갈 계획이다.
7.62mm K12 기관총은 한국형 기동헬기 ‘수리온’ 장착용으로 개발됐다. K12 기관총은 총열교환이 신속하게 이뤄진다. 200발 사격 후 교체되며 기본적으로 예비 총열을 보유해야 한다. 또한 분당 발사속도는 750∼850발이며, 10초 이내 총열 교체가 가능하다. ‘수리온’ 헬기 양쪽에 장착하는데 무엇보다 육지 혼용이 가능해 보병용으로도 전환 가능한 것이 큰 장점이다. 전차나 장갑차 등 탑재용과 보병용이 같이 개발되고 있어 보병 전투력 증강의 시너지 효과도 기대된다.
이와 함께 특수부대의 저격수가 아닌 일반 보병 전투력 향상을 위한 반자동 저격용 소총도 있다. 기존 K-14 저격용 소총의 볼트액션방식(한발 사격 후 재장전방식)을 자동장전방식으로 개량하여 일발 장전사격 후 별도 장전을 하지 않아도 될 수 있도록 만들었다. 7.62mm 반자동 저격용 소총은 반동을 억제하는 방식의 소염기를 채택하고 K2C1의 조절식 개머리에 완충 스프링을 넣어서 사수에게 가해지는 충격량을 줄인 것이 특징이다.
S&T모티브가 K2 소총을 기반으로 독자 개발한 K2C(Carbine)는 해외시장에서 반응이 좋다. K2C는 K2를 카빈 형태, 즉 짧은 소총으로 개량하며 성능을 더욱 업그레이드했다. K2C는 K2가 가진 작동상의 장점과 K1A가 가진 높은 휴대성을 동시에 구현했다. 현대 돌격소총에 요구되는 확장성과 사용자 적응성까지 모두 만족, 근거리에서 강한 화력을 필요로 하는 특수부대에서 주로 사용되고 있다. 도트사이트나 전방손잡이 등 다양한 부수기재를 자유자재로 탈부착할 수 있는 피카티니 레일도 장착돼있어 다양한 기능을 발휘할 수 있다.
[디펜스투데이]
Tag
#K15경기관총
#S&T모티브
#k2C
#디펜스투데이
저작권자 © 디펜스투데이 무단전재 및 재배포 금지
이치헌 기자
다른기사 보기","{""AI/컴퓨팅"": [""정보통신기술"", ""AR""], ""항공기/차량"": [""M1""], ""지상장비"": [""K2""]}",True,"K1A 기관단총, K-15 경기관총, K2C1 소총",2020-,relevant,"이 기사는 국내 총기 개발 및 육군의 '워리어 플랫폼' 사업과 관련된 내용을 다루고 있습니다. K1A 기관단총, K-15 경기관총, K2C1 소총 등이 새롭게 개발되어 2020년부터 일선 부대에 배치될 예정이라고 나와 있습니다."
"S&T 모티브 - 개량형 9mm SMART 권총",2019-08,http://www.defensetoday.kr/news/articleView.html?idxno=132,"S&T 모티브는 S&T모티브는 적정 물리력을 갖춘 비살상용 9mm 리볼버 권총을 개발하고 있다. (위) 기존 공개 스마트 권총을 (아래) 그립을 개량한 모델. (사진: 디펜스 투데이)
경찰용 신형 권총으로 개발중인 9mm SMART 권총이다. (사진: 디펜스 투데이)
총기 블랙박스라 불리는 스마트 모듈을 통해 발사된 시점의 위치, 사격정보가 모두 저장돼 확인 가능하다. 공포탄, 비살상탄, 9mm 실탄 등 세 종류의 탄을 사용자가 상황에 맞게 선택해 쓸 수 있으며, 비살상탄으로는 총기 사용의 위험도 최소화시켰다. (사진: 디펜스 투데이)
풍산에서 만든 9mm 권총탄과 박스다. (사진: 디펜스 투데이)
9mm 리벌버용 권총탄이 장전이 편하게 리볼버 형태로 셋팅되어 있다. (사진: 디펜스 투데이)
사격후 남은 9mm 권총탄 탄피다. (사진: 디펜스 투데이)
S&T모티브는
특히 적정 물리력을 갖춘 비살상용 권총을 개발하고 있다.
국내 최초로 개발되는 리볼버 타입의 권총으로써
현재 경찰에서 사용하고 있는 권총을 대신해 살상력을 낮추며 상대를 제압할 수 있다.
비살상용 권총은 스마트기술의 총집합체다.
총기 블랙박스라 불리는 스마트 모듈을 통해 발사된 시점의 위치, 사격정보가 모두 저장돼 확인 가능하다.
공포탄, 비살상탄, 9mm 실탄 등 세 종류의 탄을 사용자가 상황에 맞게 선택해 쓸 수 있으며,
비살상탄으로는 총기 사용의 위험도 최소화시켰다.
대한민국 성인 표준 손크기에 맞도록 손잡이를 설계한 한국형 권총으로 재빠른 조준과 사격이 가능하도록 했다.
비살상용 권총은 민군협력사업으로 민군센터에서 지원해 2016년부터 S&T모티브, 경찰청, 풍산, 베라시스 등과 한양대학교가 함께 개발을 진행하고 있으며, 2020년 개발 완료를 목표로 하고 있다.
저작권자 © 디펜스투데이 무단전재 및 재배포 금지
이치헌 기자
다른기사 보기","{""AI/컴퓨팅"": [""AR""]}",True,9mm SMART 권총,2020-,relevant,"기사는 S&T 모티브가 개발 중인 9mm SMART 권총에 대해 설명하고 있습니다. 이는 경찰용 비살상 권총으로, 2020년 개발 완료를 목표로 하고 있습니다. 따라서 군사 기술의 상용화/전력화와 관련이 있습니다."
"육군 중대급 LAW , PZF-3 대전차 무기 교체해야",2019-08,http://www.defensetoday.kr/news/articleView.html?idxno=114,"교체가 시급한 육군 중대급 보병용 대전차 화기들
6.25 전쟁에서 전무했던 보병용 대전차화기
6·25 전쟁 초기, 단 1대의 전차도 없이 밀려오는 북한군을 맞닥뜨려야 했던 우리 군은 보병용 대전차화기 역시 변변치 못하여 적 전차에 속수무책으로 당해야 했다. 4차 중동전 이후 휴대용 대전차미사일이 진가를 발휘한 역사가 있고 현재 북한군은 RPG-7 휴대용 대전차로켓을 분대당 2기씩 배치하고 있어서 우리 군에게 큰 위협이지만 정작 우리 군의 보병용 대전차 전력은 양적/질적인 면 모두 적을 압도하지 못하고 있는 것이 현실이다.
  우리 군의 보병용 대전차화기 변천사
1970년대 중반부터 우리 군도 다양한 보병용 대전차화기를 도입하기 시작했다.
M72 66mm LAW를 조준하고 있다. (사진: 디펜스투데이)
중대급 대전차화기로는 M72 66mm LAW(Light Anti-tank Weapon), 대대급용으로 M67 90mm 무반동총, 연대급용으로 M40A1 106mm 무반동총을 도입하였고 1990년대 중반부터는 독일제 팬저파우스트3를 중대급에 운용중이다. 사단급에는 1970년대 중반부터 미국에서 도입한 토우미사일을 , 1990년대 말에 러시아 경협차관 상환용 현물로 메티스M을 연대급에 배치하고 현재 90mm/106mm 무반동총 및 메티스M 대체용으로 국내 개발한 미사일 <현궁>을 2016년부터 배치하고 있다.
  중대급 대전차화기 운용 실태와 운용상의 문제점
방호력이 450mm~700mm인 T-54 적 전차를 상대할 수 없고 공용화기 진지나 벙커 제압용 정도로 용도가 제한된다. (사진: 디펜스 투데이)
전술했듯이 육군은 중대급 대전차화기로 70년대부터 도입한 <M72 66mm LAW>와 90년대 중반부터 팬저파우스트3를 운용하고 있다. M72 LAW는 90년대 중반까지 도입되었는데 부피가 작아 휴대가 용이하고 조작법이 간단하여 좋은 평가를 받았지만 21세기 현대 전장에서는 대전차화기로 부적합한 무기라 할 수 있다.
우선 장갑관통력이 305mm로 이 무기체계가 주로 쓰였던 베트남전 말기에 본격적인 대전차용으로 쓰기 어려웠던 정도라 방호력이 450mm~700mm인 T-54 적 전차를 상대할 수 없고 공용화기 진지나 벙커 제압용 정도로 용도가 제한된다.
M72 66mm LAW의 엎드려쏴 자세. 후폭풍을 고려하여 발사기는 사수의 몸과 45°이상 각도로 유지해야 한다. (사진: 디펜스 투데이)
유효사거리도 고정 표적 250m/이동 표적 200m로 북한군이 분대마다 장비한 RPG-7의 고정 표적 500~700m/이동 표적 300~500m에 비하면 턱없이 짧은 편이라 사수의 생존성을 보장하기 어렵고 조준 장치도 스타디아 곡선(Stadia Line)을 이용한 가늠자만 있을 뿐 광학장비를 장착할 수 없어서 정밀한 조준 및 야간 사격이 거의 불가능하다.
러시아 경협차관 상환용 현물로 90년대에 우리 군에 도입된 메티스M 대전차미사일. 13.8kg으로 도수 운반이 가능하고 850mm의 관통력에 야간 운용이 가능하여 우리 군에서는 연대급 대전차화기로 운용하지만 러시아군에서는 중대급 대전차화기로 분류된다. (사진: 디펜스 투데이)
격발 장치도 흔한 방아쇠 방식이 아닌 위에서 아래로 누르는 방식이라 격발시 조준이 흔들릴 우려가 있어서 명중률 저하의 원인이 되며 발사기가 1회용이라는 점은 개당 휴대성은 좋을 지 모르나 발사기 자체를 여러 개 휴대해야 하므로 결국 휴대성이 좋은 것만도 아니다.
발사기가 1회용이라는 점은 개당 휴대성은 좋을 지 모르나 발사기 자체를 여러 개 휴대해야 하므로 결국 휴대성이 좋은 것만도 아니다. (사진: 디펜스 투데이)
따라서 M72 LAW는 현대전에서는 진지나 벙커를 공격하거나 시가전에서 활용하는 것 외에 대전차 임무에는 적합하지 않은 무기로 현재 육군에서도 후방이나 예비군용 치장물자로 돌려져 있으며 이들 물량마저도 노후화로 인하여 제 성능을 발휘할지가 미지수 이다.
M72 LAW는 육군에서도 후방이나 예비군용 치장물자로 돌려져 있으며 이들 물량마저도 노후화로 인하여 제 성능을 발휘할지가 미지수 이다. (사진: 디펜스 투데이)
M72 LAW의 노후화에 따라 90년대 중반부터 상비사단의 중대급 대전차화기로 팬저파우스트3가 도입되었다. 팬저파우스트3는 독일에서 개발된 휴대용 대전차화기로 발사기 전방에는 탄두를, 후방에는 일종의 무게추인 카운터매스를 장전하는 방식으로 후폭풍을 감쇄한 무기체계로 10m의 후방 안전지역을 확보하면 진지나 실내에서도 사격이 가능하다. 고정 표적 500m/이동 표적 300m의 유효사거리를 가지며 장갑 관통력은 기본 탄두 기준 700mm로 탄두 끝부분의 탠덤 탄두를 이용하여 대인용과 대전차용을 선택하여 발사할 수 있다.
이렇듯 기본 사양 면에서는 나름 뛰어난 무기체계지만 단점도 존재하는데 교범상 3발을 사격하면 발사기의 영점이 틀어져서 발사기 제작사(독일 H&K사)로 보내어 조정하거나 교보재로 전환해야 하는 것이 흔히 알려져 있는 문제점이다. 이 3발은 제작사에서 보증하는 사격발수로 교범에 나와있는 수치이며 실제로는 수십발을 사격해도 문제는 없다지만 무기류는 언제든 실전에서 최적의 성능을 발휘할 수 있는 상태를 유지해야 한다는 점에서 문제가 있다.
뿐만 아니라 탄두 1발당 가격도 비싼 편이며 야시장비 가격이 비싼 탓에 많은 수량을 장비하지 못하여 야간 운용이 제한되는데 이는 평시 훈련량의 부족으로 이어져 대전차 전력에 차질을 빚는 요인이 될 수 있다. 이것이 현용 중대급 보병용 대전차화기의 현실이다.
  차기 중대급 대전차화기의 요구 조건과 대안
21세기 우리의 국방 환경은 병역자원 감소로 단위부대 병력이 약 30% 가량 감축되고 부대별 전술 책임지역도 확장됨에 따라 단위부대별로 강화된 화력이 요구되고 있다. 이를 바탕으로 현대전에 요구되는 중대급 보병용 대전차화기의 성능은 도수 운반이 수월한 가벼운 무게와 부피, 다양한 표적을 제압할 수 있는 탄종과 반응장갑에 대응할 수 있는 대전차탄, 500m~1.5km의 유효사거리, 야간 사격이 가능한 광학장비, 1회용이 아닌 다회용 발사기일 것을 들 수 있겠다.
그리고 이러한 성능을 갖춘 대안은 그렇게 멀리 있지도 않다. 육군의 차기 중대급 대전차화기로 가장 적당하다고 판단되는 제품은 스웨덴 사브(SAAB)사제 칼 구스타프(Carl Gustaf)라 할 수 있는데 이것은 84mm 구경에 1991년 출시된 M3 버전 기준 1,065mm의 길이와 10.5kg의 무게로 도수 운반이 용이하고
(차후 개량되는 M4 버전은 8.5kg로 중량 감소 예정) 현재 미육군 레인저부대와 일본 자위대 등 50여개국에서 운용중이며 이라크 및 아프가니스탄 등 현대전에서 그 성능이 검증된 무기체계라 하겠다.
광학 조준경을 장착한 칼 구스타프 M3. 뒤에 보이듯이 다양한 탄종을 운용할 수 있다. (사진: 디펜스 투데이)
24조 우선의 강선 포신은 1,000발 이상의 수명을 지니며 강선탄과 로켓탄을 모두 발사할 수 있는데 일반 고폭탄(HE) 뿐 아니라 수백개의 볼 자탄이 내장된 대인특화 고폭탄(유효사거리 1,25km), 진지나 벙커, 시가지 대응용의 구조물 파괴탄, 조명탄, 연막탄과 대전차RAP탄(유효사거리 700m/관통력 400mm 이상), 반응장갑 대응이 가능한 탠덤 탄두 대전차RAP탄(유효사거리 600m/관통력 500mm 이상) 등 다양한 탄종을 운용할 수 있다.
기본 가늠자 외에도 광학 조준경과 야간 조준경을 장착할 수 있어서 정밀한 조준 및 야간 사격이 가능하며 공중 강하나 수중 침투, 시가지 등 다양한 작전 상황에서 운용이 가능하다. 본래 의도한 용도인 대전차용 뿐 아니라 인마살상용, 진지/벙커 등 공격 및 시가지 전투는 물론 필요시 조명 또는 연막용으로도 사용 가능하므로 일반 보병 중대급은 물론 특전사 팀단위 부대에도 편제, 운용할 수 있다.
우리 군은 6·25 전쟁 당시 유효한 보병용 대전차화기의 미비로 적 전차에 속수무책으로 당했던 아픈 역사가 있다. 육군 전력의 근간이 되는, 말 그대로 창끝 전투력은 누가 뭐라 해도 보병이고 현대전은 보병에게 다양한 형태의 적을 상대해야 한다. 중대급 보병용 대전차화기는 현대전에 있어서 매우 중요한 요소라 할 수 있으며 이에 우리는 노후화된 중대급 대전차화기들을 조속히 현대전에 맞는 무기체계로 대체하여 창끝 전투력을 강화해야 할 필요가 있다.
이야말로 육군의 기초를 튼튼히 하는일 중 하나이다.
[디펜스투데이]
Tag
#육군
#한국전쟁
#보병용대전차화기
#교체필요
#디펜스투데이
저작권자 © 디펜스투데이 무단전재 및 재배포 금지
이치헌 기자
다른기사 보기","{""AI/컴퓨팅"": [""AR"", ""RL""], ""지상장비"": [""tank""], ""방산기업"": [""Saab""]}",True,"['M72 66mm LAW', 'Panzerfaust 3']","['1970s', '1990s']",high,이 기사는 한국 육군의 보병용 대전차 무기 현황과 문제점을 다루고 있습니다. M72 LAW와 Panzerfaust 3가 각각 70년대와 90년대에 도입된 것으로 언급되어 있습니다.
"중형 전술트럭 양산,배치 시급하다",2019-08,http://www.defensetoday.kr/news/articleView.html?idxno=109,"중형 전술트럭 사업을 서둘러서 노후화된 트럭을 서둘러 교체해야
중형전술차량 사업 서둘러야
1) 행군 도보 부대 기동화 추진
2018년 10월 18일, 국회 국방위원회의 육군본부 국정감사에서 김용우 전 육군참모총장은 AI(인공지능) 기반의 초연결 지상전투체계를 구축하여 첨단과학기술군을 육성하는 데 주력하겠다고 밝혔다. 이를 위하여 육군은 기 추진중인 5대 게임 체인저와 더불어 여단 중심의 모듈형 부대 구조로의 개편과 백두산 호랑이 4.0 체계 사업 추진을 언급하였다.
이 백두산 호랑이 4.0 체계는 ‘AI 기반 초연결 지상전투체계가 정식 명칭이며, 여기서 타이거(TIGER)는 ‘4차 산업혁명 기술을 바탕으로 한 육군의 혁신을 의미한다. 백두산 호랑이 4.0은 기존 도보 위주의 보병부대를 차량으로 이동하도록 하여 기동력을 향상하고 작전 가능 영역을 확대하는 기동화, 드론봇·무인기 등 감시정찰 자산이 파악한 적 정보를 통합 지휘망을 통하여 각급 부대가 공유, 통합 전투력을 발휘하도록 하는 네트워크화, AI를 이용하여 적 정보를 분석하고 최적의 대응 방안을 도출, 지휘결심에 활용하도록 하는 지능화 등 3가지 요소로 구성되는데 이 중 실제 전투력 향상에 가장 밀접한 요소는 기동화이다.
 전투원의 생명을 중요시하는 현대전은 수많은 전투/비전투손실을 야기하는 행군 도보 부대는 현대전에 적합하지 않다. 실제로 병력이 차량으로 이동하면 속도는 50㎞/h 이상으로 행군 도보로 이동할 때에 비해 10배 이상 빨라지며, 단위시간당 작전가능 영역도 100배 이상 증가하게 될 뿐 아니라 30㎏ 정도인 전투원 전투하중의 한계 역시 극복할 수 있다.
백두산 호랑이 4.0 추진에 따라 육군 당국은 장차 모든 도보부대의 차량화를 추진하고 있으며, 장시간 도보 행군 대신 병력이 차량에 탑승하여 이동할 수 있도록 소형전술차량과 차륜형 장갑차의 도입 대수를 늘리고 기계화부대 개편으로 남는 일부 K200 장갑차 역시 보병용으로 재배치를 추진하고 있다.
백두산 호랑이 4.0 사업은 전방지역 12개 사단을 주요 대상으로 2030년까지 4단계에 걸쳐 추진하며 2021년까지 부대 유형별로 1개 대대를 기동화하는 1단계 시범 적용을 시작으로 2단계는 2023년까지 부대 유형별 1개 여단, 3단계는 2025년까지 축선별 1개 사단, 마지막 4단계는 모든 부대로 확대할 계획이다.
DX Korea 2018에 전시된 차기 5톤급 방탄 버전의 시제차량. 이전의 선행 시제차량에 비해 전장이 줄어들었고 캐빈 형상 변경과 캡 상단 기관총석과 하부 방탄판 추가 등의 달라진 점을 확인할 수 있다.(사진: 이치헌 기자)
2) 중형전술차량 사업 - 차기 표준차량과 동시 개발 추진
중형전술차량 사업은 2006년 3월 육군본부의 긴급 소요제기로 시작되었고 이후  타당성 검토 로 그동안 선행 연구와 사업 지연을 반복하고 있다.
초기에 방탄 차체를 적용한 전술차량과 차기 표준차량을 별도로 진행하던 육군 당국은 예산 및 부품 호환 등의 문제를 들어 지난 2015년 8월 중형전술차와 차기 표준차량(2½톤/5톤급)을 통합 개발하기로 결정하고 한국국방연구원(KIDA) 소요분석, 국방부 소요검증과 선행 연구 등 절차를 거쳤으나 연구개발 예산이 반영되지 않아 사업이 무산될 위기에 처해 있었다. 그러다가 최근 육군이 행군 도보부대를 기동화 목표로 백두산 호랑이 4.0 사업을 추진하면서 중형전술차량 사업 역시 급물살을 타게 되었고, 군 당국은 2019년도 국방 예산에 14억 6천만원의 개발 착수비를 증액 편성하여 6월부터 본격적으로 착수한다.
 중형전술차량 사업은 차기 표준차량 사업과 통합하여 중형 표준차량 연구개발 사업으로 추진하게 되며, 차기 2½톤/5톤급 표준차량과 초기 제안된 중형전술차를 계승하는 5톤급 방탄 표준차량의 기본 플랫폼을 개발하는 데 중점을 둔다. 현재 군이 운용중인 2½톤/5톤급 표준차량은 성능 개량형조차 1950년대까지 거슬러 올라가는 설계에 약간의 개량 사양만을 추가한 정도이며, 차기 표준차량 사업이 표류하는 동안 선진국의 군용차량 발전 속도를 따라가지 못해 격차가 크게 벌어졌다.
 예로 우리 군과 유사한 보닛형 플랫폼의 차량을 운용하던 미군은 1996년부터 상용 트럭과 유사한 캡오버형 플랫폼의 FMTV(Family of Medium Tactical Vehicles) 시리즈를 전력화하여 현대 전장 요구 사항에 부응함과 동시에 차량 운용에 효율성을 기하였다. 뿐만 아니라 현재 운용중인 표준차량의 30%가 노후화되어 조속한 교체가 요구되고 있고, 육군의 계획대로 도보부대를 차량화하려면 기존 차량의 대체 수요 대비 더 많은 대수의 표준차량이 필요하다. 이에 육군 당국은 약 177억원의 예산을 투입하여 표준 플랫폼을 개발하고 2024년부터 약 1조 7천억원을 투입, 1만 1천여대의 중형 표준차량을 일선 부대에 배치할 계획이다.
차기 5톤급 방탄 버전 시제차량의 적재함 내부. 방탄 설계된 적재함에 사격 포트와 병력의 안전을 위한 좌석 안전벨트를 적용하였다. 이 시제차량은 1개 소대 병력이 탑승하도록 개발되었지만 1개 분대 탑승용으로 군 ROC가 변경될 가능성도 있다.(사진: 이치헌 기자)
  중형 표준차량의 과제
1) 표준차량의 작전 요구 성능(ROC)
표준차량은 야전에서 운용하는 만큼 내구성과 야지 기동성능이 매우 중요하므로 기본적으로 상용차량(0.8mm 이하)보다 두꺼운 철판(1.4mm 이상)을 사용한 프레임 바디 설계에 종경사 60%(31˚)의 전/후진 등판능력과 일정 깊이의 도섭 능력(차기 5톤 시제차량 기준 1m)을 갖추어야 하며, 이를 위해 전륜(全輪)구동 방식, 도섭 라인에 걸친 부분(차축, 엔진, 변속기 등)과 전장품의 방수 설계, 상용차량보다 높은 최저지상고(차기 5톤 시제차량 기준 300mm)와 큰 접근각/이탈각이 필수적이다.
또한 험로 탈출에 용이하도록 후차축에 차동제한장치나 차동잠금장치를 적용해야 하며, 현 시점에 생산되는 차량은 전자제어식 엔진 및 자동변속기를 사용하므로 차량 전장품에 반드시 전자전 방호가 가능한 EMI 차단 설계를 적용해야 한다.
그리고 혹한/혹서기(-32℃~43℃)에도 엔진의 일발 시동이 가능해야 하고, 등화관제용 등화류를 반드시 장착해야 하며 트레일러 등 피견인차량을 야지에서도 견인할 수 있어야 한다. 아울러 수명 주기가 상용차량에 비해 길게 설정되고 유사시를 대비해야 하는 군 운용 특성상 정비를 처음 배우는 장병도 정비가 가능하도록 구조를 간단하게 하고 다른 표준차량과 주요 부품이 호환되도록 설계하여 후속 군수지원에 문제가 없어야 한다.
2) 중형 표준차량의 주요 특징
중형 표준차량 즉, 차기 2½톤/5톤/5톤 방탄 버전은 이러한 기본적인 군용차량의 작전 요구 성능에 발전된 차량 기술과 현대 전장 요구사항에 부합하는 요소들을 적용하여 개발중에 있다. 차기 2½톤/5톤급 표준차량은 현대차에서 독자개발하여 상용으로 널리 쓰이는 G엔진(직렬 6기통 CRDi 터보 인터쿨러 디젤)을 군 요구사양에 맞게 튜닝한 엔진을 적용하여 5톤급 차량을 기준으로 현용 K711A1 5톤 트럭 대비 절반 정도의 배기량으로 출력이 10% 향상되었고 유로Ⅴ 배기가스 기준을 충족하였다.
전자식 6단 자동변속기와 풀타임 전륜(全輪)구동 시스템을 갖추었으며 ABS를 적용한 풀 에어 브레이크와 전기식 압축공기제어 차동 잠금장치(DL), 미끄럼 방지장치(Anti Spin Regulator ; ASR), 에어컨, 후방 카메라 등 상용 트럭에 일반화된 사양들을 대거 적용하여 기존 표준차량에 대한 소요군의 여러 불만 사항들을 해소하기 위해 노력하였다. 이 외에도 타이어 공기압 자동 조절장치(Central Tire Inflation System ; CTIS)를 장착하여 연약지반이나 험로에서의 주행 능력을 향상하였고 기존 표준차량과 마찬가지로 등화관제등, 피견인차량 견인을 위한 후방 견인 고리와 브레이크용 에어밸브, 리셉터클 단자를 적용하였다.
차기 5톤급 방탄 버전 시제차량의 적재함 램프도어. 전동 유압식으로 작동하며 운전석과 적재함 후방에서 모두 조작할 수 있다.(사진: 이치헌 기자)
초기에 중형전술차량으로 선행 개발된 5톤급 방탄 표준차량은 캡과 적재함을 방탄으로 설계하여 소총탄과 대인지뢰를 방호할 수 있으며, 방탄화로 중량이 증가된 차체를 고려하여 차기 표준차량보다 출력이 큰 H엔진을 베이스 엔진으로 채택, 선행 시제차량 기준 현용 K711A1 5톤 트럭의 약 1.6배 출력을 낼 수 있다. 기본적인 사양은 차기 5톤 표준차량과 동일하게 개발중이고 타이어가 파손되어도 48km/h 속도로 일정 거리를 주행할 수 있는 런플랫(Run Flat) 전술 타이어를 장착하게 된다. 초기 선행 시제차량은 1개 소대 병력이 탑승할 목적으로 설계되었으나 육군이 백두산 호랑이 4.0을 추진하면서 분대급 탑승으로의 ROC 변경도 거론되고 있다.
3) 차기 중형 표준차량의 과제
 표준차량의 전근대적인 설계와 노후화에 대응하여 국방부는 2005년부터 표준차량을 상용차량으로 대체 보급하였고, 2020년까지 현 표준차량의 60%를 민수용 차량으로 대체하는 정책을 시행해왔다.
하지만 전시 및 북한 지역에서의 기동까지 고려해야 하는 군 전술차량의 특성상 군 ROC를 적용하지 않은 민수용 차량의 무분별한 도입은 분명 문제가 있으며, 이는 항상 유사시 상황을 대비해야 하는 군 당국이 획득비용 절감만을 고려한 인상을 주고 있었다.
하지만 현대의 자동차 기술은 상용차량을 중심으로 발달하고 있고 군 전용 사양으로만 개발하게 되면 비용이 많이 소요됨은 물론 시장성 역시 한정되므로, 상용차량 기술 플랫폼을 바탕으로 군용 사양을 적용하는 ‘상용 군용화’ 방식으로 개발하여야 최신 상용차량 기술을 적용하면서 개발, 획득 및 운용유지비용 절감은 물론 수출 등 판로 확대도 용이할 것이다. 따라서 차기 표준차량은 엔진과 파워트레인 등 기본 플랫폼부터 상용차량을 기반으로 개발하면서도 군 ROC를 적극 반영한 현대 전장에 투입할 수 있는 결과물을 추구하고 있다.
차기 표준차량 개발의 요점은 야지 기동성과 안전성, 운용 편의성, 계열화를 들 수 있다.
야지 기동성 측면에서는 상용차량에서 검증된 엔진 및 파워트레인 성능과 CTIS, DL 등 현대 자동차 기술을 활용한 사양을 이용하여 현용 표준차량에 비해 향상된 성능을 낼 것으로 확신하며, ABS 적용 풀 에어 브레이크와 전술 타이어, 적재함 좌석 안전벨트 등은 탑승 병력의 기본적인 안전을 보장하게 될 것이다.
또한 캡오버형 플랫폼과 상용차량 기반의 운전 계기, 에어컨, 상당수의 상용차량과 호환되는 부품 등은 전근대적인 설계의 기존 표준차량에 비하여 개선된 운용 편의성을 제공할 요소로 꼽히며, 기본 플랫폼을 바탕으로 한 모듈화 설계로 다양한 계열차량을 만들 수 있게 될 것이다.
다만 기본 차량 전력화 이후 계열차량의 전력화가 지연되는 일이 발생할 가능성이 있는데, 현용 표준차량의 경우도 개선형인 K511A1/K711A1의 계열차량들의 전력화 지연으로 인하여 계열차량의 베이스 차량으로 구형 차량을 한동안 병행생산해야 했던 문제가 있었다.
계열차량에 따라 시험평가 및 규격화를 별도로 거쳐야 하는 등의 문제가 있으므로 모든 계열차량을 기본 차량과 동시에 전력화하는 일은 어렵겠지만, 최대한 많은 종류의 계열차량을 기본 차량과 동시에 개발하여 전력화하는 것이 구형 차량 병행생산으로 인한 군수지원간 비효율을 줄이는 길이다.
육군은 현대 전장 요구에 부응하고 장병의 인명을 보호하기 위하여 장차 도보부대를 모두 기동화하는 백두산 호랑이 4.0 사업을 추진하고 있고 이에 따른 전술차량 수요가 급증할 것으로 예상된다. 따라서 전근대적이고 노후화한 기존 표준차량의 대체는 매우 시급한 사안이 되었고, 군 당국은 초기에 제안된 중형전술차량 사업과 차기 표준차량 사업을 통합한 중형 표준차량을 획득하기 위하여 본격적인 연구개발에 착수하였다.
[디펜스투데이]
Tag
#디펜스투데이
#밀리터리
#국방
#군사
#이슈분석
#현대병기
#획득무기
#무기백과
#디펜스TV
저작권자 © 디펜스투데이 무단전재 및 재배포 금지
안승범 기자
다른기사 보기","{""AI/컴퓨팅"": [""AI"", ""인공지능""], ""센서/통신"": [""EMI"", ""전자전"", ""IR""], ""재료/제조"": [""TEM"", ""ICL"", ""AM""], ""지상장비"": [""K2""]}",True,"['중형전술차량', '차기 표준차량(2.5톤/5톤급)']",2021년 - 2030년,relevant,"문서에서 중형전술차량 사업을 2006년부터 지속적으로 추진하고 있으며, 이를 백두산 호랑이 4.0 사업의 일환으로 2021년부터 단계적으로 전방 부대에 배치할 계획임을 언급하고 있습니다. 따라서 중형전술차량과 차기 표준차량의 개발 및 배치가 진행 중인 것으로 판단됩니다."
"군용 민수차량은 계속 늘어나나?",2019-08,http://www.defensetoday.kr/news/articleView.html?idxno=108,"군용 민수차량의 도입의 문제점
군병력 인명중시로 넘어가는 과도기
흔히 보병 하면 걷는 부대라는 인식이 일반적이고, 전투임무는 물론 전장까지의 이동까지도 도보로 수행하는 것이 이제까지의 보병의 특징이었다. 그러나 4차 산업혁명과 저출산 인구 절벽 시대를 맞아 육군은 가장 중요한 핵심 전력인 병력을 감축하는 상황이 되었고, 인명을 중요시하는 현대전의 추세와 맞물려 장병의 생명과 안전을 우선적으로 고려하게 되었다.
2022년까지 11만 8천여명을 감축해야 하는 육군 당국은 체질을 개선하고 실전력을 강화할 방안을 강구해야 하는 기로에 놓여 있으며, 워리어 플랫폼(개인 전투체계), 드론봇 전투체계와 함께 보병을 기동화하는 방안을 추진중으로 노후 표준차량을 대체하고 장병을 신속, 안전하게 전장으로 이동시킬 전술차량을 개발, 도입할 계획을 세우고 있다.
각 군에서 도입중인 민수용 차량.(사진:이치헌 기자)
   민수용차량 도입과 문제점
국방부는 2005년부터 기존 표준차량 중 일정수를 도로 환경이 양호한 지역을 위주로 전투임무 수행에 직접적인 영향을 미치지 않는 범위 내에서 민수용 차량으로 대체 보급하는 정책을 내놓았다. 이에 표준차량의 90%를 운용하는 육군은 이를 적극 추진하여 2012년까지 약 4,300여대의 민수차량을 후방 부대와 교육기관 등을 위주로 보급하였으며 2½톤 트럭(포장도로 적재량 약 4.5톤)은 민수용 5톤 트럭으로, 5톤 트럭(포장도로 적재량 약 9톤)은 민수용 9.5톤 트럭으로 일부 차량을 대체하기 시작했다.
도로가 발달된 후방지역 부대나 직접적인 전투 임무를 수행할 일이 많지 않은 기행사령부, 교육기관 등에서는 민수차량이 운행 속도나 운전 편의성 등 면에서 더 나은 선택이며 표준차량의 ⅔수준인 도입가와 저렴한 연비로 예산 절감 요소가 될 수는 있다. 실제로 민수용 차량은 자동변속기 및 에어컨 등 향상된 편의 사양으로 운전자와 탑승자 모두 편의성과 쾌적함이 증대될 수 있고, 상용 차량의 정비 인프라를 이용할 수 있는 등의 이점을 기대할 수 있다.
그러나 민수용 차량이 과연 표준차량의 자리를 대체할 수 있느냐에 대한 질문에 대한 답은 ‘아니오’라 할 수 있다. 물론 직접 작전 임무에 투입하는 차량이라도 수도방위사령부의 작전지역과 같은 도로가 발달한 지역에서의 병력이나 물자수송용 등으로는 민수용 차량을 운용하는 것이 편리할 수 있다.
하지만 민수용 차량은 표준차량과 개발 및 설계 목적이 아예 다르고, 야지 기동력과 도섭력, 저온(-32℃) 시동성, 내구성 등, 정비성 등이 모두 표준차량에 미치지 못하므로 야지 기동이 많은 전방 부대나 실제 전장에서는 운용이 제한된다. 특히 야지에서 포를 견인해야 하는 포병 부대나 험로 기동이 많은 야전공병 부대 등의 경우는 반드시 표준차량을 운용해야 한다.
실제로 표준차량은 사용된 철판의 두께부터 민수용 차량과 다르며(표준차량 1.4mm 이상/민수차량 0.8mm 이하) 210mm 이상의 최저지상고와 일정 깊이의 도섭 능력, 혹한(-32℃ 기준)상황에서 일발시동 가능, EMI(전자파) 차폐 능력 등을 갖추므로 민수용 차량에 비해 견고하고, 구조가 비교적 간단하여 정비성도 뛰어나다.
또다른 이유는 군수지원 문제로, 표준차량은 종합군수지원이 가능하고 일선 부대까지 부품 보급이 지연되는 문제는 종종 있지만 아예 불가능한 것까지는 아니며 여차하면 동류전용도 가능하므로 되레 운용유지비용이 민수용 차량보다 저렴하다.
민수차량은 차량 도입비용이 표준차량보다 저렴하므로 수리부품 가격도 저렴할 것으로 많이들 생각할 수 있지만 실제로 군에서는 민수차량에 대한 군수지원체계가 완비되어 있지 못하므로 정비소요가 발생할 경우 대부분 외주정비를 하고 있는 실정이며, 이 경우 상대적으로 고가인 A/S 부품 가격을 적용받고 정비 공임도 추가되므로 되레 운용유지비용 상승의 요인이 된다.
이마저도 전방이나 격오지 부대에서는 외주정비를 이용하기 어렵고 전시 상황에서도 민간 정비망을 이용할 수 있다는 보장이 없으므로 결국 별도의 정비 교육 및 수리부품 조달 등이 필요하게 되어 후속 군수지원 면에서 비효율적이다.
또한 민수용 차량은 표준차량에 비해 수명이 절반 정도이며 모델 교체 주기가 빠르므로 차량이 단종될 경우 부품 수급 등 유지관리가 곤란하게 되며(법정 수리 부품 의무보유기간(제품 단종 후 8년)이 있지만 단종 차량의 부품은 적기에 조달하기 어려우며 이 때문에 정액 감가상각 후 신차를 구매하도록 유도하는 것이 완성차 업체의 관행이다), 이는 결국 차량 수명 단축으로 이어져 구매 비용 상승과 가동율 저하를 유발한다.
또한 군용차 전용 생산라인을 갖추지 않은 업체의 차량을 도입할 경우 전시 차량 적기 조달에 차질이 발생한다. 이러한 유지관리상 애로사항으로 차량 운용이 제한되면 곧 가동률 저하로 이어져 군 전력 유지에 차질이 발생하는 것은 물론이다. 따라서 민수용 차량은 표준차량의 일부를 대체할 수는 있지만 완전한 대안은 될 수 없으며 야전에서 실제 전투 임무를 수행하는 데 필요한 차량은 처음부터 전투용으로 개발된 표준차량이어야 한다는 것은 변함이 없다.
차기 표준차량 사업 지연 - 비표준차량 도입의 문제
차기 2½톤/5톤 표준차량 사업이 지연되면서 발생하는 또다른 문제로 장비 탑재차량 등 전투용 차량의 비표준화를 들 수 있다. 일반 수송용 차량은 민수용 차량을 활용할 수 있다 치더라도 무기체계나 전투지원용 장비를 탑재하는 차량은 표준차량으로 운용해야 하는데, 차기 표준차량 사업 지연으로 인하여 민수용 차량 차대를 활용한 비표준차량을 이러한 용도로 활용하는 경우가 발생하고 있는 점은 문제라 할 수 있다.
최근 군의 장비 탑재용 비표준차량 도입 사례로는 2018년 본격 전력화를 시작한 TPS-880K 국지방공레이더 탑재차량을 들 수 있다. 현무 미사일용 차량이나 천무 다연장 로켓용 차량은 방탄 차체가 필요한 상황에서 급한대로 새로운 표준차량을 개발하여 적용한 사례라 할 수 있고 표준차량의 ROC와 등화류 등 표준화 요소를 그대로 적용하여 효율적인 운용유지가 가능하다.
그러나 TPS-880K 차기 국지방공레이더 탑재차량의 경우 민수용 차량을 전륜(全輪)구동화하고 최저지상고 상향 및 전술타이어 장착 등의 개조를 거쳐 전력화한 차량으로 군 작전 요구 성능(ROC)는 충족하였지만 등화류를 비롯한 표준화 요소가 적용되지 않았으므로 별도의 군수지원체계를 구축해야 하고, 유사시 차량간 부품 호환이 제한되는 등 운용유지상의 문제점이 발생할 수 있다.
따라서 중형전술차량을 위시한 차기 표준차량 사업을 조속히 진행하는 것만이 이러한 비표준차량의 도입으로 인한 문제를 해결할 방법이 될 것이다.
[디펜스투데이]
Tag
#디펜스투데이
#밀리터리
#국방
#군사
#이슈분석
#현대병기
#획득무기
#무기백과
#디펜스TV
저작권자 © 디펜스투데이 무단전재 및 재배포 금지
안승범 기자
다른기사 보기","{""센서/통신"": [""EMI""]}",True,민수용 차량 도입,2012-12,relevant,"해당 기사는 군에서 민수용 차량 도입의 문제점과 실제 운용 상황을 다루고 있음. 2012년까지 약 4,300대의 민수용 차량이 도입된 것으로 나와 있어 상용화/전력화 시점이 명확하게 제시되어 있음."
"대한민국 국군 총기 제작사 S&T 모티브의 K시리즈 총기들",2019-08,http://www.defensetoday.kr/news/articleView.html?idxno=107,"국방부 조병창으로 시작해서 대한민국 국군에 각종 초기를 공급한 S&T 모티브
S&T모티브의 K 총기 시리즈
 글로벌 소구경 화기 제조업체 S&T모티브는 1973년 국방부 ‘조병창(造兵廠)’으로 출발해 2006년 S&T그룹으로 편입됐다. 대한민국 자주국방의 효시(嚆矢)로서 국산 소총을 개발하며 완전 국산화된 방산물자로 만들어왔다.
 과거, 월남전을 계기로 우리 군(軍)에 보급된 미국의 M16, M16A1 등 소총들은 우리 체형과 맞지 않아 사격에 어려움이 있었다.
K1A 기관단총.(사진: 이치헌 기자)
K시리즈는 우리 체형에 맞고 성능도 더 뛰어난 우리만의 화기들을 개발하자는 취지에서 만들어졌다. 이후 S&T모티브는 지금까지 K1A 기관단총부터 K-15 경기관총까지 개발 및 생산을 진행하고 있다.
 육군의 ‘워리어 플랫폼’사업에서는 기존의 K1A 기관단총에 각종 특수장비를 장착하여 사격 명중률등 개인 전투력 발휘를 증가시키는데 주안점을 두고 있다.
이에 따라 S&T모티브는 특수장비 장착을 위해 기존 총열덮개를 피카티니 레일 일체형 총열덮개로 변경하고, K2C1 소총에서 채택됐던 전방 손잡이와 조절식 개머리를 적용했다.
개머리 변경을 위해 붙는 컨버터도 함께 장착했다. S&T모티브 관계자는 “전방손잡이 부착을 통한 이동 성 및 전투력을 증가시키고, 조절식 개머리를 통한 견착 편의성을 확보해 사격충격을 흡수함에 따라 명중률을 높일 수 있다”고 밝혔다.
2018년 DX코리아 전시회에서는 ‘워리어 플랫폼’ 사업을 통해 새롭게 개선된 K1A 워리어 플랫폼 버전을 전시했다.
2019년 현재 보급중인 K2C1 자동소총.(사진:이치헌 기자)
  K2C1 소총
신형 5.56mm K2C1 소총은 K2를 개선한 화기다. 기존 K2 소총의 개머리 뭉치와 총열덮개 부분을 개량한 것이 특징이다. 개머리 부분을 접철 및 5단계 조절식으로 개선해 펼쳤을 때 전장이 1,014mm로 기존 K2 소총 대비 34mm를 늘일 수 있게 만들었다.
K2 소총 생산을 시작한지 30년이 흐르는 동안 신세대 병사들의 키가 커졌다는 점을 반영해 개량형에는 병사의 신장에 따라 개머리 길이를 늘이거나 줄일 수 있는 신축형 개머리 뭉치를 부착했다. K2C1 소총의 규격과 내부구조는 기존 소총과 동일하다.
 S&T모티브는 정보통신기술의 발달에 맞춰 독자개발한 KSPW(Korea Special Purpose Weapon, 이하 KSPW)도 개발했다. KSPW는 기존의 총기 개념에서 탈피해 전방에 장착된 카메라와 K5 권총을 이용, 총구를 꺾어서 벽이나 참호에 숨어 적을 공격할 수 있다.
사수는 총몸에 장착된 모니터를 통해 카메라에서 촬영되는 영상을 볼 수 있으며, 이는 통신망으로 전송돼 원거리에서 작전지휘를 할 수 있다. KSPW는 총구를 좌우로 최대 60도까지 꺾어서 전기식 스위치를 통해 사격을 할 수 있고, 총기전방에는 플래쉬를 장착해 야간에도 사격이 가능하다.
경찰청 총기로 개발중인 비살상용 권총.(사진:이치헌 기자)
  비살상용 권총
특히 적정 물리력을 갖춘 비살상용 권총의 개발되고 있다. 국내 최초로 개발되는 리볼버 타입의 권총으로써 현재 경찰에서 사용하고 있는 권총을 대신해 살상력을 낮추며 상대를 제압할 수 있다.
비살상용 권총은 스마트기술의 총집합체다. 총기 블랙박스라 불리는 스마트 모듈을 통해 발사된 시점의 위치, 사격정보가 모두 저장돼 확인 가능하다. 공포탄, 비살상탄, 9mm 실탄 등 세 종류의 탄을 사용자가 상황에 맞게 선택해 쓸 수 있으며, 비살상탄으로는 총기 사용의 위험도 최소화시켰다.
대한민국 성인 표준 손크기에 맞도록 손잡이를 설계한 한국형 권총으로 재빠른 조준과 사격이 가능하도록 했다. 비살상용 권총은 민군협력사업으로 민군센터에서 지원해 2016년부터 S&T모티브, 경찰청, 풍산, 베라시스 등과 한양대학교가 함께 개발을 진행하고 있으며, 2020년 개발 완료를 목표로 하고 있다.
 한국형 12.7mm 대물 저격용 소총은 더욱 파괴력 있는 장거리 저격을 위해 개발되고 있다. 대물 저격용 소총은 장거리 저격뿐만 아니라 원거리에서 적진지 파괴, 전차 및 장갑차의 핵심부품을 공격한다.
12.7mm 대구경탄을 이용해 최대 사거리 1,800m까지 철갑을 뚫고 피해를 입힐 수 있다. 원거리 교전을 위해 23배율 이상의 조준경을 채택할 예정이며, 총구에 반동을 줄이기 위한 제퇴기 도입과 총열 냉각이 빠른 헤비배럴(heavy barrel)도 적용했다. 또한 길이 조절, 접철이 가능한 개머리 뭉치로 사용자의 견착성과 휴대성을 도모했다. 이와 함께 군의 요구에 따라 플라스틱 신소재를 대량 도입해 강도는 유지하면서도 무게는 줄여 나갈 계획이다.
KUH-1 수리온 기동헬기에 장착된 K-12 기관총.(사진:이치헌 기자)
신형 K-12 기관총
7.62mm K12 기관총은 한국형 기동헬기 ‘수리온’ 장착용으로 개발됐다. K12 기관총은 총열교환이 신속하게 이뤄진다. 200발 사격 후 교체되며 기본적으로 예비 총열을 보유해야 한다. 또한 분당 발사속도는 750∼850발이며, 10초 이내 총열 교체가 가능하다. ‘수리온’ 헬기 양쪽에 장착하는데 무엇보다 육지 혼용이 가능해 보병용으로도 전환 가능한 것이 큰 장점이다. 전차나 장갑차 등 탑재용과 보병용이 같이 개발되고 있어 보병 전투력 증강의 시너지 효과도 기대된다.
 이와 함께 특수부대의 저격수가 아닌 일반 보병 전투력 향상을 위한 반자동 저격용 소총도 있다. 기존 K-14 저격용 소총의 볼트액션방식(한발 사격 후 재장전방식)을 자동장전방식으로 개량하여 일발 장전사격 후 별도 장전을 하지 않아도 될 수 있도록 만들었다. 7.62mm 반자동 저격용 소총은 반동을 억제하는 방식의 소염기를 채택하고 K2C1의 조절식 개머리에 완충 스프링을 넣어서 사수에게 가해지는 충격량을 줄인 것이 특징이다.
 S&T모티브가 K2 소총을 기반으로 독자 개발한 K2C(Carbine)는 해외시장에서 반응이 좋다.
K2C는 K2를 카빈 형태, 즉 짧은 소총으로 개량하며 성능을 더욱 업그레이드했다. K2C는 K2가 가진 작동상의 장점과 K1A가 가진 높은 휴대성을 동시에 구현했다. 현대 돌격소총에 요구되는 확장성과 사용자 적응성까지 모두 만족, 근거리에서 강한 화력을 필요로 하는 특수부대에서 주로 사용되고 있다.
도트사이트나 전방손잡이 등 다양한 부수기재를 자유자재로 탈부착할 수 있는 피카티니 레일도 장착돼있어 다양한 기능을 발휘할 수 있다.
[디펜스투데이]
Tag
#디펜스투데이
#밀리터리
#국방
#군사
#이슈분석
#현대병기
#획득무기
#무기백과
#디펜스TV
저작권자 © 디펜스투데이 무단전재 및 재배포 금지
이치헌 기자
다른기사 보기","{""AI/컴퓨팅"": [""정보통신기술"", ""AR""], ""항공기/차량"": [""M1""], ""지상장비"": [""K2""]}",True,"['K1A 기관단총', 'K-15 경기관총', 'K2C1 자동소총', 'KSPW(Korea Special Purpose Weapon)', '비살상용 권총']","['2019-08', None, '2019', None, None]",high,이 기사는 대한민국 국군의 국내 개발 총기 시리즈인 K 시리즈와 KSPW 등의 기술 및 개발 현황을 자세히 다루고 있습니다. 특히 2019년에 보급 중인 K2C1 자동소총과 비살상용 권총의 개발 등 구체적인 정보를 제공하고 있습니다.
"2019년, 더 '강한 육군, 자랑스러운 육군'으로 도약",2019-08,http://www.defensetoday.kr/news/articleView.html?idxno=65,"  계룡대에서 육군 전투준비안전단 창설식을 하였다.(사진:육군)
2019년 육군이 더 ‘강한 육군’, 더 ‘자랑스러운 육군’으로 도약하고 있다. 육군은 장병들의 생명과 인권을 보호하고, 전투준비태세를 보다 강화하기 위해 창군 이래 최초로 육군의 안전을 총괄하는 안전전담부대, ‘전투준비안전단’을 본격 가동한다. 또 빅데이터 기반의 인공지능(AI) 기술을 전투발전 전 분야 적용하고 전력화할 방안을 전담 연구하고, 유관기관과의 교류협력을 통합수행하게 될 ‘인공지능(AI)연구발전처’를 창설하였다. 
최근 잇따라 사회에서 발생한 대형사고로 인해 국민들의 안전에 대한 요구는 급격히 상승했으며, 정부 및 각 기관들도 이에 부응하기 위해 발 빠르게 움직이고 있다. 육군 역시 이러한 시대정신을 반영해 2017년 12월부터 ‘안전육군만들기’에 총력을 기울여 왔다. 지난 12월 27일에 육군의 안전을 총괄하는 컨트롤타워가 될 전투준비안전단의 창설식을 계룡대에서 가졌고 본격적인 임무수행에 들어갔다. 
<전투준비안전단>은 안전정책/교육과, 예방/평가과, 안전관리과, 생명존중문화과, 양성평등센터 등 5개 부서 50여 명으로 구성되며, 전투병과뿐만 아니라 헌병, 수송, 화학, 간호, 군종, 법무 등 다양한 병과인원과 전문성을 갖춘 군무원을 포함시켰다.
이제 작전사 및 군단급에 전투준비안전 현장지원TF가, 각 병과학교에는 전투준비안전실이 편성되었다. 연‧대대급에는 안전관리병이 편제되었다. 정부의 일자리 창출 정책과 연계해 민간 근무원 채용도 관련기관과 협력해 단계적으로 추진하고 있다. 
전투준비안전단은 안전관리, 사고 발생 시 대응 및 후속조치, 자살예방 및 양성평등문화 정착 활동 등을 통해 장병들의 생명과 인권을 보호하고 비전투손실을 방지함으로써, 육군의 전투준비태세를 고도화하고 최상의 전투력 발휘를 보장하는 임무를 수행하고 있다. 이를 위해 안전정책 수립, 안전교육 시행, 안전사고 예방활동과 안전진단, 안전훈련의 날 시행, 스마트 안전관리 체계 개발, 자살예방과 양성평등 정책 수립 및 시행 등 안전 육군을 만드는 핵심기능을 담당하게 된다.
2019년부터 ""병 복무단계별 안전교육""을 시행하는 등 이등병부터 장군까지 전 신분에 걸쳐 안전교육을 대폭 확대하고, 안전전문가 양성을 위해 외부전문기관과 협업하여 e-러닝 과정 및 위탁교육을 실시하고 있다. 또 안전인력 관리를 위해 안전관리 일반전문자격을 신설했다. 
행정안전부‧안전보건공단 등과 함께 군단 및 육직부대에 대한 안전진단도 시행한다. 특히, 빅데이터 및 인공지능을 활용한 ‘육군 스마트 안전관리 체계’를 개발해 지휘관 및 참모에게 맞춤형 정보를 제공하고, 야전부대에서 이를 기초로 부대활동 전 위험성 평가를 하며 현장에서는 중‧소대장이 스마트폰에 탑재된 안전관리 체크리스트를 통해 안전 위해요소를 진단할 수 있도록 시스템을 구축했다.
초대 전투준비안전단장은 허수연 준장(여군 33기)이 임명됐다. 허 준장은 부임 전 육군본부 안전육군만들기 추진단장 및 안전관리차장으로 임무수행하면서 안전육군만들기 프로젝트와 전투준비안전단 창설을 총지휘해왔다.
허 준장은 “의무복무를 하는 병사들은 국가와 군이 반드시 책임져야 한다는 측면에서 단 1%라도 소홀히 할 수 없다”면서 “전투준비안전단 창설은 장병들의 생명과 인권을 그 무엇보다 중요하게 여기겠다는 육군의 다짐으로, 향후 안전한 군을 만들어 더 자랑스러운 육군을 육성하는 기폭제 역할을 하게 될 것”이라고 말했다. 
2019년 1월 1일 육군은 ‘인공지능(AI)연구발전처’를 교육사령부에 창설하였다. 육군은 인공지능 기술을 활용하여 초연결·초지능으로 상징되는 <4차 산업혁명 시대>의 군사혁신을 선도하기 위해 군 최초로 인공지능 연구 부서를 만들게 됐다. 
김용우 전육군참모총장은 지난 9월에 열린 ‘제4회 미래 지상군발전 국제심포지엄’에서 “육군에 인공지능 협업센터를 창설해 제반 소요를 창출하고 관리하면서 인공지능 기반의 육군으로 도약하겠다”고 천명한 바 있다.
인공지능연구발전처를 이미지로 형상화하였다.(사진:육군)
인공지능(AI)연구발전처는 AI개념발전과, AI구조․소요과, AI협업센터, 빅데이터 분석센터 등 4개 부서로 50여 명으로 구성된다. 편성은 육군 내 현역․군무원 중 빅데이터 및 인공지능 등 IT분야 전공 및 유경험자와 군사 전문성을 갖춘 우수 인재로 선발했다. 특기가 신설된 군사과학기술병도 다수 포함시켰다.
인공지능 기술은 육군이 표방하는 초연결·초지능화된 첨단과학기술군 구현을 위한 선행 핵심기술이다.
현재 육군이 유·무인 복합전투체계 일환으로 추진하고 있는 <워리어 플랫폼, 드론봇 전투체계, 아미타이거4.0>도 빅데이터 기반의 인공지능 기술이 필수조건으로서 이를 위한 요구되는 인공지능 응용기술 소요의 도출과 연구·개발 추진이 필요한 실정이다.
따라서 육군의 인공지능 연구 및 협업 전담 기관으로서 역할을 담당하게 될 인공지능연구발전처의 주요 임무는 ▴인공지능의 군사분야 적용을 위한 미래작전 개념 연구·발전 ▴인공지능을 미래전장의 게임체인저로 활용하기 위한 전력발전계획 수립 및 소요창출 ▴인공지능의 군사적 활용을 위한 전투실험 소요기획 ▴빅데이터 구조 기획과 데이터 획득·저장·관리·유통을 위한 아키텍처 설계 ▴민·관·군 및 산·학·연과 인공지능 기술발전 생태계 구축 등이다.
단기적으로 2019년에 군사용 인공지능 능력발전 비전·운영 개념을 조기 완성하고, 시범사업 계획 및 전력화 등 마스터 플랜을 마련한다. 중·장기적으로는 인공지능 기술생태계를 본격적으로 구축해 가면서 시범사업 및 전투실험 추진과 단위 전력소요를 창출하고, 이를 토대로 본격적으로 인공지능 핵심기술 및 플랫폼 기반의 무기체계 전력화를 추진할 방침이다.
향후 육군은 산·학·연의 인공지능 기술을 군사적으로 활용하기 위해 육군사관학교와 한국과학기술원(KAIST)에 인공지능 협업센터를 각각 개설하고 국방과학연구소(ADD), 국방기술품질원, 한국과학기술원(KIST), 한국전자통신연구원(ETRI) 등 국내 연구기관·대학, IT 및 방위산업체, 외국군 연구소와 인공지능 협업 커뮤니티를 구축해 다양한 교류활동을 적극 추진해 나갈 계획이다.
초대 인공지능연구발전처장은 김용삼 준장(육사 45기)이 임명됐다.
김용삼 준장은 부임 전 육군교육사령부의 전력발전과장 및 초대 드론봇군사연구센터장으로 임무수행하면서 육군의 미래 전력발전을 주도해왔다.
김 준장은 “육군이 보유한 인적 역량을 토대로 빅데이터 기반의 인공 지능 역량을 확충할 경우, 우리 군이 미래전장의 퍼스트 무버(first mover)로 도약함과 동시에 국가이익을 창출하는데도 생산적으로 기여할 수 있을 것으로 확신한다”고 말했다.
초대 육군 전투준비안전단장 허수연 준장이다.(사진:육군)
허수연(준장) 전투준비안전단장 인터뷰
Q1. 창군 이래 처음으로 육군의 안전을 총괄하는 부대가 창설되었다. 어떤 의미를 갖는가?
최근 잇따라 대한민국 사회에서 발생한 대형사고로 인해 국민들의 안전의식과 기대수준이 매우 높아졌고 정부 및 각 기관들도 발 빠르게 움직이고 있다. 육군은 구성원이 많고 수행해야 할 임무도 복잡하고 다양해  안전사고가 발생할 개연성이 상대적으로 높은 편이다. 육군은 2017년 12월부터 ‘안전육군만들기’에 총력을 기울여 왔고 그 연장선에서 육군의 안전 컨트롤타워 ‘전투준비안전단’을 창설했다. 전투준비안전단은 장병들의 생명과 인권중시하는 ‘안전육군’ 건설에 핵심적 역할을 하게 될 것이다.
Q2. 일각에서는 안전을 강조하면 부대활동이 위축되어 전투력이 저하될 것이라는 우려도 있는데 어떻게 생각하는지?
안전은 ‘전투준비’이다. 비전투손실을 예방해 유형전투력을 최상의 상태로 유지시킴은 물론, 장병들에게 생명존중의 가치를 인식시켜 무형전투력을 증진시킨다. 즉, 체계적인 안전관리 활동은 전투준비태세를 고도화하고 최상의 전투력 발휘를 보장하는 ‘전투준비’가 되는 것이다.
Q3. 병 복무기간 단축 등으로 숙련도 저하에 따른 안전사고 발생 가능성이 높아지는 가운데, 관련한 구체적인 대책을 수립중인지?
병 복무기간 단축이 안전사고 발생률 증가와 직접적인 관련이 있다는 연구결과는 아직 없지만 그런 우려가 존재하는 것도 사실이다. 육군은 병사들의 안전사고 발생을 최소화하기 위해 맞춤형 교육인 「병 복무단계별 안전교육」을 추진하고 있다. 병 복무기간을 훈련병-전입신병-자대복무-분대장 4단계로 구분하여, 각 단계에 맞는 안전교육과 훈련을 실시하고, 특히 분대장은 개인의 안전은 물론 분대원의 안전까지 확인․지도해줄 수 있는 능력을 배양할 수 있도록 할 것이다.
Q4. 안전사고 예방활동은 과거에도 늘 해왔던 것인데 어떤 차별점이 있는지?
최근까지 육군은 안전사고가 장병의 불완전한 행동에서 기인한 것으로 판단하고, 사고 유발 행위자 처벌과 이를 차단하기 위한 안전교육에 노력을 집중해왔었다. 그러다 보니 안전사고를 유발한 배경적 문제인 감독, 조직, 환경의 문제를 해결하지 못해 동일한 안전사고가 반복됐다.  전투준비안전단은 이러한 배경적인 문제를 해결하기 위해 안전교육과 캠페인, 규정 정비, 훈련장 개선 등 안전문화 정착, 안전관리 시스템 구축, 안전환경 조성에 중점을 두고 활동할 것이다.
Q5. 내년도부터 전개할 사업 중 대표적인 것을 소개주신다면?
먼저, 행정안전부 재난안전관리본부․안전보건공단과 협업하여 군단 및 육직부대를 대상으로 안전진단을 시행하고, 작전사 및 군단「전투준비안전 현장지원TF」는 사․여단급 부대를 대상으로 자살사고 및 안전사고 예방활동, 생명존중 및 안전리더십 코칭에 대해 현장지원을 한다. 또 빅데이터 및 인공지능을 활용한『육군 스마트 안전관리 체계』를 개발해 지휘관 및 참모에게 맞춤형 정보를 제공하여, 현장에서는 스마트폰에 탑재된 ‘안전관리 체크리스트’를 통해 안전 위해요소를 진단할 수 있는 시스템을 구축할 예정이다.
각 정부기관 및 지자체에서는 권역별로 안전체험관을 건립하여 현재 155개의 안전체험관이 운영 중이다. 육군은 2019년부터 안전체험관과 연계한 장병 안전훈련을 추진하고, 장기적으로는 육군훈련소 내 안전훈련장을 건립할 수 있도록 관련기관과 협의 중에 있다.
Q6. 안전 육군이 사회적으로는 어떤 영향을 미칠 것이라고 생각하나?
개인은 물론, 타인의 안전까지 지킬 수 있도록 훈련받은 병사들이 전역하면 대한민국 안전지킴이로 탈바꿈하게 된다. 육군은 안전한 대한민국을 만드는 안전지킴이를 매년 20만 명씩 배출하는 ‘안전 대한민국 플랫폼’의 역할을 하게 될 것이다.
초대 인공지능연구발전처장인 김용삼 준장이다.(사진:육군)
김용삼(준장) 인공지능연구발전처장 인터뷰
Q1. 인공지능연구발전처 창설 과정은?
육군은 올해 1월, 4차 산업혁명 시대의 첨단전력 구축의 필요성을 인식해 교육사령부에 드론봇군사연구센터를 창설했다. 이후 4월에 시행된 드론봇전투발전 컨퍼런스 간에 4차 산업혁명 시대의 범용기술로 진화하게 될 인공지능을 미래 군사혁신의 동력으로 함께 활용할 필요성을 인식하게 되었다. 9월 일산 킨텍스에서 실시한 DX-KOREA에서 인공지능 능력발전 비전/운영개념을 발표하면서 전담조직 창설 필요성에 대해 대내·외의 공감대를 형성하게 되었다.
이후, 육군 교육사령부에서는 인공지능연구발전처 창설 추진단을 편성, 국방부의 조직승인 과정을 거쳐, 개념 발전, 구조 및 소요, 대외협력과 빅데이터 분석을 담당하는 4개 기능을 갖춘 조직을 신설하게 됐다.
Q2. 인공지능연구발전처의 창설 목적은?
육군이 인공지능연구발전처를 창설한 목적은 우선, 인공지능 컨트롤 타워 구축의 필요성이다. 단편적인 분야별 인공지능 연구개발 소요 발굴에서 벗어나 전력발전 마스터플랜을 토대로 운영개념에 부합되는 체계적이고, 입체적인 인공지능 능력 발전이 필요하다. 둘째, 국가 R&D역량을 활용하기 위해서다. 범정부 차원에서 전략적으로 추진하고 있는 인공지능 역량을 군의 미래전 개념과 능력으로 수렴하여 초연결 ․초지능 중심전 개념(테크노 작전개념)에 활용할 필요가 있다. 셋째, 빅데이터 구축이다. 미래 전장 주도권 확보의 핵심은 '정보'가 아니라 ‘데이터’이므로 인공지능의 기계학습을 위한 데이터를 지속적으로 생성하고 관리할 수 있는 기반을 조기에 구축하고자 한다. 넷째, 군사혁신을 위한 동력(Driver)을 만드는 것이다. 4차 산업혁명 시대에 범용기술로 진화하게 될 인공지능을 육군의 전력발전에 신속하게 적용하고, 전력 소요창출과 핵심기술 개발을 촉진시키는 미래 군사혁신의 동력으로 활용하고자 한다. 마지막으로 주변국의 지능정보전 역량 강화 위협에 대응하기 위한 우리 군의 인공지능 역량을 확보하기 위해서다.
Q3. 인공지능연구발전처의 특성은?
인공지능연구발전처는 인공지능 기술을 활용하여 초연결·초지능으로 상징되는 4차 산업혁명 시대의 군사혁신을 선도하기 위한 목적으로 군내 창설되는 최초의 인공지능 연구 부서다. 특히, 인공지능 역량을 군의 미래전 개념 및 능력으로 수렴하기 위해 육군사관학교와 한국과학기술원(KAIST)에도 인공지능 협업센터를 설치하여 교류․협력 커뮤니티를 촉진하고자 한다.
    초대 인공지능연구발전처장인 김용삼 준장이다.(사진:육군)
Q4. 인공지능 기술이 육군에 필요한 이유는?
인공지능 기술은 육군이 표방하는 초연결․초지능화된 첨단과학 기술군 구현을 위한 선행 핵심기술이다. 즉, 현재 육군이 유․무인  복합전투체계 일환으로 추진하고 있는 워리어 플랫폼, 드론봇 전투체계, 아미타이거 4.0도 빅데이터 기반의 인공지능 기술이 필수조건이므로 이를 위한 인공지능 응용기술 소요창출과 연구개발 추진이 필요한 실정이다.
   
Q5. 인공지능의 군사적 유용성은?
인공지능의 군사적 활용분야는 무기체계, 전력지원체계, 운영유지 등 전 분야에서 활용 가능하다. 무기체계의 경우 C4I 분야에서는 지능형 지휘결심지원체계, 초연결․초지능 네트워크, 정보 분야에서는 지능형 군사정보관리체계, 화력 분야에서는 지능형 사격지휘통제체계, 방호 분야에서는 지능형 사이버방호시스템, 전력지원체계 분야는 지능형 합성전장훈련체계(LVCG), 지능형 물자 보충․재고관리체계, 군사운영 분야에서는 인공지능(AI) 기반의 인력획득 및 인사관리시스템, 인공지능 기반의 환자진료체계 등에 활용하는 것을 고려해 볼 수 있다.
Q6. 인공지능연구발전처의 연구방향은?
이미 주변국에서도 군사용 AI의 중요성을 인식하고 개발을 추진하고 있듯이 변국의 잠재적 위협에 대응하기 위한 국방 AI 역량 확보는 필수적이다.
미국은 빅데이터를 활용해 미래의 상황을 예측 및 평가하고, 신속한 의사결정 수단을 제공할 수 있는 AI 개발을 추진하고 있다. 미국이 개발 중인 AI 알고리즘은 수많은 비디오 및 사진으로부터 사물을 식별하는 ""Project maven""과 영상에서 물체의 행위를 언어로 변환하는 ""Mind's eyes"" 등이 있다.
러시아는 美 실리콘벨리에 버금가는 첨단기술 혁신 단지를 조성함과 더불어 AI를 적용한 무기체계를 개발하고 있고, 중국도 AI의 군사적 활용을 위해 AI와 기존 전력의 상호작용으로 전장의 시너지 효과를 극대화하는 “평행군사체계”를 개발하고 이를 적용하고 있다.
인공지능연구발전처는 내년 3~4월경에 개최 예정인 인공지능 컨퍼런스를 통해 인공지능 능력발전 비전 및 운용개념을 공유해 공감대를 형성하고, 산·학·연이 개발한 첨단 상용 인공지능 기술의 군사적 활용 방안을 모색할 것이다.
과학화전투훈련체계를 활용한 AI기반 지휘결심지원 시스템 구축 등 시범사업 및 전투실험을 추진하며, 관·군 중심의 AI 능력발전 포럼결성, 과학기술 역량강화 프로그램 개설 등 AI 능력발전 생태계를 내년 전반기 중에 구축할 예정이다.
   
Q7. 초대 처장으로서 각오 한마디?
육군의 인적·물적자원은 인공지능 능력발전의 보고(寶庫)다. 인공지능 능력발전을 통해 특정 전문분야 및 기계적·단순 반복되는 과업들은 최대한 인공지능에게 맡기고, 인간(군인)은 인간적인 ‘일’에만 매진할 수 있는 환경을 만들고자 한다. 인공지능은 직접적인 실체를 체감하기 어렵고, 다양한 활용 가능성으로 인해 중복투자, 개발지연 등 많은 도전요소들이 산재되어 있으므로 전력․운용․기술 관점에서 통합된 아키텍쳐 설계가 무엇보다 중요하다. 인공지능연구발전처가 이를 선도해 나갈 것이다. 앞으로 육군에 많은 성원과 관심을 부탁드린다.
저작권자 © 디펜스투데이 무단전재 및 재배포 금지
이승준 기자
다른기사 보기","{""AI/컴퓨팅"": [""LVC"", ""AI"", ""인공지능""], ""센서/통신"": [""지휘통제"", ""C4I"", ""IR""], ""작전/전술"": [""작전개념""], ""방산기업"": [""KAI""]}",True,"인공지능(AI), 스마트 안전관리 체계",2019-08,relevant,본문에서 육군이 빅데이터 및 인공지능 기술을 활용한 '육군 스마트 안전관리 체계'를 개발하여 배치했다고 언급됨. 이는 상용화/전력화에 해당함.
